#
# A fatal error has been detected by the Java Runtime Environment:
#
#  SIGSEGV (0xb) at pc=0x00007c738a09fff4, pid=73836, tid=73864
#
# JRE version: OpenJDK Runtime Environment Temurin-17.0.19+10 (17.0.19+10) (build 17.0.19+10)
# Java VM: OpenJDK 64-Bit Server VM Temurin-17.0.19+10 (17.0.19+10, mixed mode, sharing, tiered, compressed oops, compressed class ptrs, g1 gc, linux-amd64)
# Problematic frame:
# C  [libc.so.6+0x9fff4]  pthread_mutex_lock+0x4
#
# Core dump will be written. Default location: Core dumps may be processed with "/usr/share/apport/apport -p%p -s%s -c%c -d%d -P%P -u%u -g%g -F%F -- %E" (or dumping to /home/grishberg/projects/java/opengl_kbd_render/cad3d/core.73836)
#
# If you would like to submit a bug report, please visit:
#   https://github.com/adoptium/adoptium-support/issues
# The crash happened outside the Java Virtual Machine in native code.
# See problematic frame for where to report the bug.
#

---------------  S U M M A R Y ------------

Command Line: -Djava.library.path=/home/grishberg/projects/java/opengl_kbd_render/cad3d/build/manifold-natives/manifold3d/natives/linux-x86_64 -Dfile.encoding=UTF-8 -Duser.country=US -Duser.language=en -Duser.variant com.github.grishberg.cad3d.cli.CliRunnerKt --model matrix_right

Host: AMD Ryzen 7 5800X3D 8-Core Processor, 16 cores, 121G, Ubuntu 24.04.4 LTS
Time: Wed Jul 15 14:01:11 2026 MSK elapsed time: 0.246362 seconds (0d 0h 0m 0s)

---------------  T H R E A D  ---------------

Current thread (0x00007c728406ebf0):  JavaThread "DefaultDispatcher-worker-3" daemon [_thread_in_native, id=73864, stack(0x00007c7314c00000,0x00007c7314d00000)]

Stack: [0x00007c7314c00000,0x00007c7314d00000],  sp=0x00007c7314cfd968,  free space=1014k
Native frames: (J=compiled Java code, j=interpreted, Vv=VM code, C=native code)
C  [libc.so.6+0x9fff4]  pthread_mutex_lock+0x4
C  0x00007c728406eea0
C  0x00007c7314cfdb00

Java frames: (J=compiled Java code, j=interpreted, Vv=VM code)
J 771  com.cadoodlecad.manifold.ManifoldBindings.jniUnion(JJJ)J (0 bytes) @ 0x00007c7374dd5cef [0x00007c7374dd5ca0+0x000000000000004f]
J 839 c1 com.cadoodlecad.manifold.ManifoldBindings.union(JJ)J (13 bytes) @ 0x00007c736d3772e4 [0x00007c736d377240+0x00000000000000a4]
J 788 c1 eu.printingin3d.javascad.manifold.Manifold3dEngine.operateNative(JJI)J (113 bytes) @ 0x00007c736d360b5c [0x00007c736d360940+0x000000000000021c]
J 789 c1 eu.printingin3d.javascad.manifold.Manifold3dEngine.unionNative(JJ)J (8 bytes) @ 0x00007c736d3614bc [0x00007c736d361440+0x000000000000007c]
j  eu.printingin3d.javascad.tranzitions.Union.toInnerNativeMesh(Leu/printingin3d/javascad/vrl/FacetGenerationContext;)J+61
J 760 c1 eu.printingin3d.javascad.models.Abstract3dModel.toNativeMesh(Leu/printingin3d/javascad/vrl/FacetGenerationContext;)J (128 bytes) @ 0x00007c736d353304 [0x00007c736d352c80+0x0000000000000684]
j  eu.printingin3d.javascad.tranzitions.Difference.toInnerNativeMesh(Leu/printingin3d/javascad/vrl/FacetGenerationContext;)J+5
J 760 c1 eu.printingin3d.javascad.models.Abstract3dModel.toNativeMesh(Leu/printingin3d/javascad/vrl/FacetGenerationContext;)J (128 bytes) @ 0x00007c736d353304 [0x00007c736d352c80+0x0000000000000684]
j  com.github.grishberg.cad3d.util.VertexHolderUtilsKt.fromModelNative(Leu/printingin3d/javascad/models/Abstract3dModel;I)Lcom/github/grishberg/cad3d/plugin/VertexHolder;+28
j  com.github.grishberg.cad3d.util.VertexHolderUtilsKt.fromModel(Leu/printingin3d/javascad/models/Abstract3dModel;I)Lcom/github/grishberg/cad3d/plugin/VertexHolder;+8
j  com.github.grishberg.cad3d.keyboard.ModelHolder$Companion.createVertexHolders(Lcom/github/grishberg/cad3d/keyboard/cfg/KeyboardConfig;Leu/printingin3d/javascad/models/Abstract3dModel;Ljava/util/List;)Ljava/util/List;+101
j  com.github.grishberg.cad3d.keyboard.ModelHolder.<init>(Lcom/github/grishberg/cad3d/keyboard/cfg/KeyboardConfig;Leu/printingin3d/javascad/models/Abstract3dModel;[Leu/printingin3d/javascad/models/Abstract3dModel;)V+29
j  com.github.grishberg.cad3d.KeyboardBuilder.createCaseModel(Lcom/github/grishberg/cad3d/keyboard/cfg/KeyboardConfig;Lcom/github/grishberg/cad3d/keyboard/KeyPlace;Lcom/github/grishberg/cad3d/keyboard/ThumbKeyPlace;Lcom/github/grishberg/cad3d/keyboard/screws/ScrewWallPlaces;Lcom/github/grishberg/cad3d/keyboard/casebody/Walls;Lcom/github/grishberg/cad3d/keyboard/casebody/controllers/ControllerPlace;Lcom/github/grishberg/cad3d/keyboard/casebody/controllers/SwitcherPlace;Lcom/github/grishberg/cad3d/keyboard/casebody/controllers/ControllerFactory;Lcom/github/grishberg/cad3d/keyboard/casebody/controllers/switcher/SwitcherFactory;Lcom/github/grishberg/cad3d/keyboard/casebody/controllers/Controller;Lcom/github/grishberg/cad3d/trackball/Trackball;Lcom/github/grishberg/cad3d/keyboard/casebody/thumb/ThumbBorders;Lcom/github/grishberg/cad3d/keyboard/casebody/thumb/ThumbWalls;)Lcom/github/grishberg/cad3d/keyboard/ModelHolder;+665
j  com.github.grishberg.cad3d.KeyboardBuilder.createCase(Lcom/github/grishberg/cad3d/keyboard/cfg/KeyboardConfig;Lcom/github/grishberg/cad3d/keyboard/KeyPlace;Lcom/github/grishberg/cad3d/keyboard/ThumbKeyPlace;Lcom/github/grishberg/cad3d/keyboard/screws/ScrewWallPlaces;Lcom/github/grishberg/cad3d/keyboard/casebody/Walls;Lcom/github/grishberg/cad3d/keyboard/casebody/controllers/ControllerPlace;Lcom/github/grishberg/cad3d/keyboard/casebody/controllers/SwitcherPlace;Lcom/github/grishberg/cad3d/keyboard/casebody/controllers/ControllerFactory;Lcom/github/grishberg/cad3d/keyboard/casebody/controllers/switcher/SwitcherFactory;Lcom/github/grishberg/cad3d/keyboard/casebody/controllers/Controller;Lcom/github/grishberg/cad3d/trackball/Trackball;Lcom/github/grishberg/cad3d/keyboard/casebody/thumb/ThumbBorders;Lcom/github/grishberg/cad3d/keyboard/casebody/thumb/ThumbWalls;)Ljava/util/List;+44
j  com.github.grishberg.cad3d.KeyboardBuilder.access$createCase(Lcom/github/grishberg/cad3d/KeyboardBuilder;Lcom/github/grishberg/cad3d/keyboard/cfg/KeyboardConfig;Lcom/github/grishberg/cad3d/keyboard/KeyPlace;Lcom/github/grishberg/cad3d/keyboard/ThumbKeyPlace;Lcom/github/grishberg/cad3d/keyboard/screws/ScrewWallPlaces;Lcom/github/grishberg/cad3d/keyboard/casebody/Walls;Lcom/github/grishberg/cad3d/keyboard/casebody/controllers/ControllerPlace;Lcom/github/grishberg/cad3d/keyboard/casebody/controllers/SwitcherPlace;Lcom/github/grishberg/cad3d/keyboard/casebody/controllers/ControllerFactory;Lcom/github/grishberg/cad3d/keyboard/casebody/controllers/switcher/SwitcherFactory;Lcom/github/grishberg/cad3d/keyboard/casebody/controllers/Controller;Lcom/github/grishberg/cad3d/trackball/Trackball;Lcom/github/grishberg/cad3d/keyboard/casebody/thumb/ThumbBorders;Lcom/github/grishberg/cad3d/keyboard/casebody/thumb/ThumbWalls;)Ljava/util/List;+24
j  com.github.grishberg.cad3d.KeyboardBuilder$exportStl$1$2.invokeSuspend(Ljava/lang/Object;)Ljava/lang/Object;+104
j  kotlin.coroutines.jvm.internal.BaseContinuationImpl.resumeWith(Ljava/lang/Object;)V+44
j  kotlinx.coroutines.DispatchedTask.run()V+317
j  kotlinx.coroutines.scheduling.CoroutineScheduler.runSafely(Lkotlinx/coroutines/scheduling/Task;)V+2
j  kotlinx.coroutines.scheduling.CoroutineScheduler$Worker.executeTask(Lkotlinx/coroutines/scheduling/Task;)V+30
j  kotlinx.coroutines.scheduling.CoroutineScheduler$Worker.runWorker()V+44
j  kotlinx.coroutines.scheduling.CoroutineScheduler$Worker.run()V+1
v  ~StubRoutines::call_stub

siginfo: si_signo: 11 (SIGSEGV), si_code: 1 (SEGV_MAPERR), si_addr: 0x00007c75bb24f7f7

Registers:
RAX=0x00007c73153fc398, RBX=0x00007c727c0c7bb0, RCX=0x0000000000000000, RDX=0x0000000000000000
RSP=0x00007c7314cfd968, RBP=0x00007c7314cfd9a0, RSI=0x00007c727c0c7bb0, RDI=0x00007c75bb24f7e7
R8 =0x00007c727c0c7bb0, R9 =0x0000000000000000, R10=0x00007c7374dd5cef, R11=0x00007c736d361460
R12=0x00007c75bb24f7e7, R13=0x00007c727c0e6b70, R14=0x00007c7314cfd9a0, R15=0x00007c7315310b30
RIP=0x00007c738a09fff4, EFLAGS=0x0000000000010246, CSGSFS=0x002b000000000033, ERR=0x0000000000000004
  TRAPNO=0x000000000000000e

XMM[0]=0x00007c727c0e6b60 0x00007c727c0e6b70
XMM[1]=0x0000000000000000 0x0000000000000000
XMM[2]=0x0000000000000000 0x3f1a36e2eb1c432d
XMM[3]=0x0000000000000000 0x3ff0000000000000
XMM[4]=0x0000000000000000 0x0000000000000000
XMM[5]=0xc021334a2aee9cea 0x3ff0000000000000
XMM[6]=0x3ff0000000000000 0x40477c23087a6128
XMM[7]=0x3ff0000000000000 0x40477c23087a6128
XMM[8]=0x0000000000000000 0x0000000000000000
XMM[9]=0x0000000000000000 0x0000000000000000
XMM[10]=0x40477c23087a6128 0xc021334a2aee9cea
XMM[11]=0x3ff0000000000000 0x0000000000000000
XMM[12]=0x3ff0000000000000 0x0000000000000000
XMM[13]=0x0000000000000000 0x0000000000000000
XMM[14]=0x0000000000000000 0x0000000000000000
XMM[15]=0x0000000000000000 0x3ff0000000000000
  MXCSR=0x00001fa4


Register to memory mapping:

RAX=0x00007c73153fc398: _ZTVN8manifold9CsgOpNodeE+0x0000000000000010 in /tmp/manifold3d6120376762773261202/libmanifold.so.3 at 0x00007c731529a000
RBX=0x00007c727c0c7bb0 points into unknown readable memory: 0x00007c75bb24f7e7 | e7 f7 24 bb 75 7c 00 00
RCX=0x0 is NULL
RDX=0x0 is NULL
RSP=0x00007c7314cfd968 is pointing into the stack for thread: 0x00007c728406ebf0
RBP=0x00007c7314cfd9a0 is pointing into the stack for thread: 0x00007c728406ebf0
RSI=0x00007c727c0c7bb0 points into unknown readable memory: 0x00007c75bb24f7e7 | e7 f7 24 bb 75 7c 00 00
RDI=0x00007c75bb24f7e7 is an unknown value
R8 =0x00007c727c0c7bb0 points into unknown readable memory: 0x00007c75bb24f7e7 | e7 f7 24 bb 75 7c 00 00
R9 =0x0 is NULL
R10=0x00007c7374dd5cef is at entry_point+79 in (nmethod*)0x00007c7374dd5b10
Compiled method (n/a) 246  771     n 0       com.cadoodlecad.manifold.ManifoldBindings::jniUnion (native)
 total in heap  [0x00007c7374dd5b10,0x00007c7374dd5e90] = 896
 relocation     [0x00007c7374dd5c70,0x00007c7374dd5ca0] = 48
 main code      [0x00007c7374dd5ca0,0x00007c7374dd5e88] = 488
 oops           [0x00007c7374dd5e88,0x00007c7374dd5e90] = 8
0x00007c7374dd5ccf:   4c 8b c1 48 8b ca 48 8b d6 49 be d0 81 01 f5 00
0x00007c7374dd5cdf:   00 00 00 4c 89 74 24 30 4c 8d 74 24 30 49 8b f6
0x00007c7374dd5cef:   c5 f8 77 
R11=0x00007c736d361460 is at entry_point+32 in (nmethod*)0x00007c736d361290
Compiled method (c1) 247  789       3       eu.printingin3d.javascad.manifold.Manifold3dEngine::unionNative (8 bytes)
 total in heap  [0x00007c736d361290,0x00007c736d361600] = 880
 relocation     [0x00007c736d3613f0,0x00007c736d361428] = 56
 main code      [0x00007c736d361440,0x00007c736d361540] = 256
 stub code      [0x00007c736d361540,0x00007c736d361580] = 64
 oops           [0x00007c736d361580,0x00007c736d361588] = 8
 metadata       [0x00007c736d361588,0x00007c736d361590] = 8
 scopes data    [0x00007c736d361590,0x00007c736d3615b8] = 40
 scopes pcs     [0x00007c736d3615b8,0x00007c736d3615f8] = 64
 dependencies   [0x00007c736d3615f8,0x00007c736d361600] = 8
0x00007c736d361460:   89 84 24 00 c0 fe ff 55 48 83 ec 40 
R12=0x00007c75bb24f7e7 is an unknown value
R13=0x00007c727c0e6b70 points into unknown readable memory: 0x00007c73153fc398 | 98 c3 3f 15 73 7c 00 00
R14=0x00007c7314cfd9a0 is pointing into the stack for thread: 0x00007c728406ebf0
R15=0x00007c7315310b30: _ZN8manifold9CsgOpNode7BooleanERKSt10shared_ptrINS_7CsgNodeEENS_6OpTypeE+0x0000000000000000 in /tmp/manifold3d6120376762773261202/libmanifold.so.3 at 0x00007c731529a000


Top of Stack: (sp=0x00007c7314cfd968)
0x00007c7314cfd968:   00007c7315353899 00007c7314cfda30
0x00007c7314cfd978:   0000000000000000 00007c727c0c7bb0
0x00007c7314cfd988:   00007c7315356c5e 00007c727c0e6b70
0x00007c7314cfd998:   00007c727c0e6b60 00007c7314cfd9f0
0x00007c7314cfd9a8:   00007c728406eea0 00007c7314cfda00
0x00007c7314cfd9b8:   00007c7374dd3a5c 00007c7314cfd9a8
0x00007c7314cfd9c8:   57624ab88d7bdf00 0000000000000000
0x00007c7314cfd9d8:   00007c7314cfda30 00007c7314cfda30
0x00007c7314cfd9e8:   00007c727c0c7bb0 00007c7314cfdc58
0x00007c7314cfd9f8:   00007c7314cfdb00 00007c728406ebf0
0x00007c7314cfda08:   00007c7315356eb3 00007c7314cfda80
0x00007c7314cfda18:   57624ab88d7bdf00 00007c727c0c7bb0
0x00007c7314cfda28:   00007c73240242f6 00000000fa453d80
0x00007c7314cfda38:   00007c7314cfda38 00007c72c3409e73
0x00007c7314cfda48:   00007c727c0c7bb0 0000000000000009
0x00007c7314cfda58:   0000000000000030 0000000000000000
0x00007c7314cfda68:   57624ab88d7bdf00 0000000000000154
0x00007c7314cfda78:   00007c7314cfdac0 0000000000000000
0x00007c7314cfda88:   00007c7383e41fbf 00007c7314cfdac0
0x00007c7314cfda98:   00007c727c0c7bb0 00007c727c025520
0x00007c7314cfdaa8:   00007c727c0c7bb0 00007c7314cfdb00
0x00007c7314cfdab8:   00007c728406eea0 00007c7314cfdb10
0x00007c7314cfdac8:   00007c7374dd5d68 00000000f505e680
0x00007c7314cfdad8:   00007c72c35df558 0000000000000000
0x00007c7314cfdae8:   00007c7314cfdb40 00007c7314cfdcc8
0x00007c7314cfdaf8:   00007c736d353304 00000000f50181d0
0x00007c7314cfdb08:   00007c727c0c7bb0 00007c7314cfdcc8
0x00007c7314cfdb18:   00007c736d3772e4 00000000fa453d80
0x00007c7314cfdb28:   00000000fa4538b8 00000000f50df028
0x00007c7314cfdb38:   00007c736d353304 0000000000000000
0x00007c7314cfdb48:   0000000000000138 0000000000000000
0x00007c7314cfdb58:   00007c727c025520 00007c727c0c7bb0 

Instructions: (pc=0x00007c738a09fff4)
0x00007c738a09fef4:   ff ff ff 83 f8 92 0f 84 68 ff ff ff 8d 50 26 83
0x00007c738a09ff04:   f8 da 72 14 48 b8 09 00 00 08 2c 00 00 00 48 0f
0x00007c738a09ff14:   a3 d0 0f 82 4c ff ff ff 48 8d 3d d5 10 13 00 e8
0x00007c738a09ff24:   18 0b ff ff 83 f8 f5 0f 84 a9 fd ff ff 83 f8 fc
0x00007c738a09ff34:   0f 84 a0 fd ff ff eb e0 0f 1f 40 00 be 80 00 00
0x00007c738a09ff44:   00 48 89 df e8 73 90 ff ff e9 16 ff ff ff 64 48
0x00007c738a09ff54:   c7 04 25 f0 02 00 00 00 00 00 00 b8 23 00 00 00
0x00007c738a09ff64:   e9 97 fa ff ff b8 0b 00 00 00 e9 8d fa ff ff 41
0x00007c738a09ff74:   8b 04 24 83 e0 7f 83 f8 12 74 d3 83 f8 11 0f 85
0x00007c738a09ff84:   2f fd ff ff e9 06 ff ff ff e8 2e 7f 09 00 48 8d
0x00007c738a09ff94:   0d e7 4d 13 00 ba bd 01 00 00 48 8d 35 c0 c4 12
0x00007c738a09ffa4:   00 48 8d 3d 74 11 13 00 e8 3f b3 f9 ff 48 8d 0d
0x00007c738a09ffb4:   c8 4d 13 00 ba c2 01 00 00 48 8d 35 a1 c4 12 00
0x00007c738a09ffc4:   48 8d 3d af c4 12 00 e8 20 b3 f9 ff 48 8d 0d a9
0x00007c738a09ffd4:   4d 13 00 ba 5f 02 00 00 48 8d 35 82 c4 12 00 48
0x00007c738a09ffe4:   8d 3d a6 c4 12 00 e8 01 b3 f9 ff 90 f3 0f 1e fa
0x00007c738a09fff4:   8b 47 10 89 c2 81 e2 7f 01 00 00 90 83 e0 7c 0f
0x00007c738a0a0004:   85 a7 00 00 00 55 48 89 e5 53 48 83 ec 18 85 d2
0x00007c738a0a0014:   0f 85 9e 00 00 00 44 8b 0d 0f 57 16 00 45 85 c9
0x00007c738a0a0024:   75 5a 8b 77 10 81 e6 80 00 00 00 75 09 80 3d 08
0x00007c738a0a0034:   b0 16 00 00 75 36 31 c0 ba 01 00 00 00 f0 0f b1
0x00007c738a0a0044:   17 0f 85 ad 00 00 00 8b 4f 08 85 c9 0f 85 54 01
0x00007c738a0a0054:   00 00 64 8b 04 25 d0 02 00 00 89 47 08 83 47 0c
0x00007c738a0a0064:   01 90 31 c0 48 8b 5d f8 c9 c3 66 90 44 8b 07 45
0x00007c738a0a0074:   85 c0 75 c2 c7 07 01 00 00 00 eb cb 8b 47 10 f6
0x00007c738a0a0084:   c4 03 74 08 f6 c4 01 74 99 eb 07 90 80 cc 01 89
0x00007c738a0a0094:   47 10 8b 57 10 48 8b 5d f8 48 8d 77 16 c9 81 e2
0x00007c738a0a00a4:   80 00 00 00 e9 a3 88 ff ff 0f 1f 00 e9 5b f8 ff
0x00007c738a0a00b4:   ff 0f 1f 00 81 fa 00 01 00 00 74 d6 8b 57 10 83
0x00007c738a0a00c4:   e2 7f 83 fa 01 0f 85 8e 00 00 00 64 8b 04 25 d0
0x00007c738a0a00d4:   02 00 00 39 47 08 75 2e 8b 47 04 83 f8 ff 0f 84
0x00007c738a0a00e4:   b8 00 00 00 83 c0 01 89 47 04 e9 73 ff ff ff 0f 


Stack slot to memory mapping:
stack at sp + 0 slots: 0x00007c7315353899: _ZNK8manifold8Manifold9LoadPNodeEv+0x0000000000000019 in /tmp/manifold3d6120376762773261202/libmanifold.so.3 at 0x00007c731529a000
stack at sp + 1 slots: 0x00007c7314cfda30 is pointing into the stack for thread: 0x00007c728406ebf0
stack at sp + 2 slots: 0x0 is NULL
stack at sp + 3 slots: 0x00007c727c0c7bb0 points into unknown readable memory: 0x00007c75bb24f7e7 | e7 f7 24 bb 75 7c 00 00
stack at sp + 4 slots: 0x00007c7315356c5e: _ZNK8manifold8Manifold7BooleanERKS0_NS_6OpTypeE+0x000000000000004e in /tmp/manifold3d6120376762773261202/libmanifold.so.3 at 0x00007c731529a000
stack at sp + 5 slots: 0x00007c727c0e6b70 points into unknown readable memory: 0x00007c73153fc398 | 98 c3 3f 15 73 7c 00 00
stack at sp + 6 slots: 0x00007c727c0e6b60 points into unknown readable memory: 0x00007c73153fc3d0 | d0 c3 3f 15 73 7c 00 00
stack at sp + 7 slots: 0x00007c7314cfd9f0 is pointing into the stack for thread: 0x00007c728406ebf0


Compiled method (n/a) 249  771     n 0       com.cadoodlecad.manifold.ManifoldBindings::jniUnion (native)
 total in heap  [0x00007c7374dd5b10,0x00007c7374dd5e90] = 896
 relocation     [0x00007c7374dd5c70,0x00007c7374dd5ca0] = 48
 main code      [0x00007c7374dd5ca0,0x00007c7374dd5e88] = 488
 oops           [0x00007c7374dd5e88,0x00007c7374dd5e90] = 8

[Constant Pool (empty)]

[MachCode]
[Entry Point]
  # {method} {0x00007c72c3413880} 'jniUnion' '(JJJ)J' in 'com/cadoodlecad/manifold/ManifoldBindings'
  # parm0:    rsi:rsi   = long
  # parm1:    rdx:rdx   = long
  # parm2:    rcx:rcx   = long
  #           [sp+0x50]  (sp of caller)
  0x00007c7374dd5ca0: 448b 5608 | 49bb 0000 | 00c7 727c | 0000 4d03 | d349 3bc2 | 0f84 0600 

  0x00007c7374dd5cb8: ;   {runtime_call ic_miss_stub}
  0x00007c7374dd5cb8: 0000 e9c1 | a08d ff90 
[Verified Entry Point]
  0x00007c7374dd5cc0: 8984 2400 | c0fe ff55 | 488b ec48 | 83ec 404c | 8bc1 488b | ca48 8bd6 

  0x00007c7374dd5cd8: ;   {oop(a 'java/lang/Class'{0x00000000f50181d0} = 'com/cadoodlecad/manifold/ManifoldBindings')}
  0x00007c7374dd5cd8: 49be d081 | 01f5 0000 | 0000 4c89 | 7424 304c | 8d74 2430 | 498b f6c5 

  0x00007c7374dd5cf0: ;   {internal_word}
  0x00007c7374dd5cf0: f877 49ba | ef5c dd74 | 737c 0000 | 4d89 9798 | 0200 0049 | 89a7 9002 

  0x00007c7374dd5d08: ;   {external_word}
  0x00007c7374dd5d08: 0000 803d | 7474 1315 | 000f 843a | 0000 0056 | 5251 4150 

  0x00007c7374dd5d1c: ;   {metadata({method} {0x00007c72c3413880} 'jniUnion' '(JJJ)J' in 'com/cadoodlecad/manifold/ManifoldBindings')}
  0x00007c7374dd5d1c: 48be 8038 | 41c3 727c | 0000 498b | fff7 c40f | 0000 000f | 8412 0000 | 0048 83ec 

  0x00007c7374dd5d38: ;   {runtime_call SharedRuntime::dtrace_method_entry(JavaThread*, Method*)}
  0x00007c7374dd5d38: 08e8 62cd | b014 4883 | c408 e905 

  0x00007c7374dd5d44: ;   {runtime_call SharedRuntime::dtrace_method_entry(JavaThread*, Method*)}
  0x00007c7374dd5d44: 0000 00e8 | 54cd b014 | 4158 595a | 5e49 8dbf | b002 0000 | 41c7 8738 | 0300 0004 

  0x00007c7374dd5d60: ;   {runtime_call Java_com_cadoodlecad_manifold_ManifoldBindings_jniUnion}
  0x00007c7374dd5d60: 0000 00e8 | 20c2 060f | c5f8 7741 | c787 3803 | 0000 0500 | 0000 f083 | 4424 c000 | 493b af40 
  0x00007c7374dd5d80: 0300 000f | 8711 0000 | 0041 81bf | 2803 0000 | 0000 0000 | 0f84 2400 | 0000 c5f8 | 7748 8945 
  0x00007c7374dd5da0: f849 8bff | 4c8b e448 | 83ec 0048 

  0x00007c7374dd5dac: ;   {runtime_call JavaThread::check_special_condition_for_native_trans(JavaThread*)}
  0x00007c7374dd5dac: 83e4 f0e8 | 1c92 c914 | 498b e44d | 33e4 488b | 45f8 41c7 | 8738 0300 | 0008 0000 | 0041 81bf 
  0x00007c7374dd5dcc: a803 0000 | 0200 0000 | 0f84 8400 

  0x00007c7374dd5dd8: ;   {external_word}
  0x00007c7374dd5dd8: 0000 803d | a473 1315 | 000f 8438 | 0000 0048 

  0x00007c7374dd5de8: ;   {metadata({method} {0x00007c72c3413880} 'jniUnion' '(JJJ)J' in 'com/cadoodlecad/manifold/ManifoldBindings')}
  0x00007c7374dd5de8: 8945 f848 | be80 3841 | c372 7c00 | 0049 8bff | f7c4 0f00 | 0000 0f84 | 1200 0000 | 4883 ec08 
  0x00007c7374dd5e08: ;   {runtime_call SharedRuntime::dtrace_method_exit(JavaThread*, Method*)}
  0x00007c7374dd5e08: e843 cdb0 | 1448 83c4 | 08e9 0500 

  0x00007c7374dd5e14: ;   {runtime_call SharedRuntime::dtrace_method_exit(JavaThread*, Method*)}
  0x00007c7374dd5e14: 0000 e835 | cdb0 1448 | 8b45 f849 | c787 9002 | 0000 0000 | 0000 49c7 | 8798 0200 | 0000 0000 
  0x00007c7374dd5e34: 00c5 f877 | 498b 8fd8 | 0000 00c7 | 8100 0100 | 0000 0000 | 00c9 4981 | 7f08 0000 | 0000 0f85 
  0x00007c7374dd5e54: 0100 0000 

  0x00007c7374dd5e58: ;   {runtime_call StubRoutines (1)}
  0x00007c7374dd5e58: c3e9 a29d | 88ff c5f8 | 7748 8945 | f84c 8be4 | 4883 ec00 | 4883 e4f0 

  0x00007c7374dd5e70: ;   {runtime_call SharedRuntime::reguard_yellow_pages()}
  0x00007c7374dd5e70: e84b dbb0 | 1449 8be4 | 4d33 e448 | 8b45 f8e9 | 56ff ffff | f4f4 f4f4 
[/MachCode]


Compiled method (c1) 253  839       3       com.cadoodlecad.manifold.ManifoldBindings::union (13 bytes)
 total in heap  [0x00007c736d377090,0x00007c736d377460] = 976
 relocation     [0x00007c736d3771f0,0x00007c736d377238] = 72
 main code      [0x00007c736d377240,0x00007c736d377360] = 288
 stub code      [0x00007c736d377360,0x00007c736d3773b0] = 80
 oops           [0x00007c736d3773b0,0x00007c736d3773b8] = 8
 metadata       [0x00007c736d3773b8,0x00007c736d3773c0] = 8
 scopes data    [0x00007c736d3773c0,0x00007c736d377408] = 72
 scopes pcs     [0x00007c736d377408,0x00007c736d377458] = 80
 dependencies   [0x00007c736d377458,0x00007c736d377460] = 8

[Constant Pool (empty)]

[MachCode]
[Entry Point]
  # {method} {0x00007c72c3417908} 'union' '(JJ)J' in 'com/cadoodlecad/manifold/ManifoldBindings'
  # this:     rsi:rsi   = 'com/cadoodlecad/manifold/ManifoldBindings'
  # parm0:    rdx:rdx   = long
  # parm1:    rcx:rcx   = long
  #           [sp+0x60]  (sp of caller)
  0x00007c736d377240: 448b 5608 | 49bb 0000 | 00c7 727c | 0000 4d03 | d34c 3bd0 

  0x00007c736d377254: ;   {runtime_call ic_miss_stub}
  0x00007c736d377254: 0f85 268b | 3307 660f | 1f44 0000 
[Verified Entry Point]
  0x00007c736d377260: 8984 2400 | c0fe ff55 | 4883 ec50 

  0x00007c736d37726c: ;   {metadata(method data for {method} {0x00007c72c3417908} 'union' '(JJ)J' in 'com/cadoodlecad/manifold/ManifoldBindings')}
  0x00007c736d37726c: 48bf 6095 | 6bc3 727c | 0000 8b9f | f400 0000 | 83c3 0289 | 9ff4 0000 | 0081 e3fe | 0700 0083 
  0x00007c736d37728c: fb00 0f84 | 6300 0000 | 4889 4c24 | 4048 8954 

  0x00007c736d37729c: ;   {metadata(method data for {method} {0x00007c72c3417908} 'union' '(JJ)J' in 'com/cadoodlecad/manifold/ManifoldBindings')}
  0x00007c736d37729c: 2438 48be | 6095 6bc3 | 727c 0000 | 4883 8638 | 0100 0001 | 0f1f 8000 

  0x00007c736d3772b4: ;   {static_call}
  0x00007c736d3772b4: 0000 00e8 

  0x00007c736d3772b8: ; ImmutableOopMap {}
                      ;*invokestatic jniAllocManifold {reexecute=0 rethrow=0 return_oop=0}
                      ; - com.cadoodlecad.manifold.ManifoldBindings::union@0 (line 433)
  0x00007c736d3772b8: 84c3 a507 

  0x00007c736d3772bc: ;   {metadata(method data for {method} {0x00007c72c3417908} 'union' '(JJ)J' in 'com/cadoodlecad/manifold/ManifoldBindings')}
  0x00007c736d3772bc: 48be 6095 | 6bc3 727c | 0000 4883 | 8648 0100 | 0001 488b | f048 8b54 | 2438 488b | 4c24 400f 
  0x00007c736d3772dc: ;   {static_call}
  0x00007c736d3772dc: 1f40 00e8 

  0x00007c736d3772e0: ; ImmutableOopMap {}
                      ;*invokestatic jniUnion {reexecute=0 rethrow=0 return_oop=0}
                      ; - com.cadoodlecad.manifold.ManifoldBindings::union@9 (line 434)
  0x00007c736d3772e0: dce9 a507 | 4883 c450 

  0x00007c736d3772e8: ;   {poll_return}
  0x00007c736d3772e8: 5d49 3ba7 | 4003 0000 | 0f87 2200 

  0x00007c736d3772f4: ;   {metadata({method} {0x00007c72c3417908} 'union' '(JJ)J' in 'com/cadoodlecad/manifold/ManifoldBindings')}
  0x00007c736d3772f4: 0000 c349 | ba08 7941 | c372 7c00 | 004c 8954 | 2408 48c7 | 0424 ffff 

  0x00007c736d37730c: ;   {runtime_call counter_overflow Runtime1 stub}
  0x00007c736d37730c: ffff e86d 

  0x00007c736d377310: ; ImmutableOopMap {rsi=Oop }
                      ;*synchronization entry
                      ; - com.cadoodlecad.manifold.ManifoldBindings::union@-1 (line 433)
  0x00007c736d377310: 083e 07e9 | 7cff ffff 

  0x00007c736d377318: ;   {internal_word}
  0x00007c736d377318: 49ba e972 | 376d 737c | 0000 4d89 | 9758 0300 

  0x00007c736d377328: ;   {runtime_call SafepointBlob}
  0x00007c736d377328: 00e9 d2f3 | 3307 9090 | 498b 87d0 | 0300 0049 | c787 d003 | 0000 0000 | 0000 49c7 | 87d8 0300 
  0x00007c736d377348: 0000 0000 | 0048 83c4 

  0x00007c736d377350: ;   {runtime_call unwind_exception Runtime1 stub}
  0x00007c736d377350: 505d e929 | 9f3d 07f4 | f4f4 f4f4 | f4f4 f4f4 
[Stub Code]
  0x00007c736d377360: ;   {no_reloc}
  0x00007c736d377360: 0f1f 4400 

  0x00007c736d377364: ;   {static_stub}
  0x00007c736d377364: 0048 bb00 | 0000 0000 

  0x00007c736d37736c: ;   {runtime_call}
  0x00007c736d37736c: 0000 00e9 | fbff ffff 

  0x00007c736d377374: ;   {static_stub}
  0x00007c736d377374: 9048 bb00 | 0000 0000 

  0x00007c736d37737c: ;   {runtime_call}
  0x00007c736d37737c: 0000 00e9 | fbff ffff 
[Exception Handler]
  0x00007c736d377384: ;   {runtime_call handle_exception_from_callee Runtime1 stub}
  0x00007c736d377384: e8f7 ce3d 

  0x00007c736d377388: ;   {external_word}
  0x00007c736d377388: 0748 bf52 | 57b9 8973 | 7c00 0048 

  0x00007c736d377394: ;   {runtime_call MacroAssembler::debug64(char*, long, long*)}
  0x00007c736d377394: 83e4 f0e8 | d437 391c 

  0x00007c736d37739c: ;   {section_word}
  0x00007c736d37739c: f449 ba9d | 7337 6d73 | 7c00 0041 

  0x00007c736d3773a8: ;   {runtime_call DeoptimizationBlob}
  0x00007c736d3773a8: 52e9 f2e5 | 3307 f4f4 
[/MachCode]


Compiled method (c1) 255  788   !   3       eu.printingin3d.javascad.manifold.Manifold3dEngine::operateNative (113 bytes)
 total in heap  [0x00007c736d360710,0x00007c736d361208] = 2808
 relocation     [0x00007c736d360870,0x00007c736d360928] = 184
 main code      [0x00007c736d360940,0x00007c736d360de0] = 1184
 stub code      [0x00007c736d360de0,0x00007c736d360e70] = 144
 oops           [0x00007c736d360e70,0x00007c736d360e80] = 16
 metadata       [0x00007c736d360e80,0x00007c736d360e90] = 16
 scopes data    [0x00007c736d360e90,0x00007c736d360f80] = 240
 scopes pcs     [0x00007c736d360f80,0x00007c736d3610a0] = 288
 dependencies   [0x00007c736d3610a0,0x00007c736d3610a8] = 8
 handler table  [0x00007c736d3610a8,0x00007c736d3611e0] = 312
 nul chk table  [0x00007c736d3611e0,0x00007c736d361208] = 40

[Constant Pool (empty)]

[MachCode]
[Entry Point]
  # {method} {0x00007c72c340b710} 'operateNative' '(JJI)J' in 'eu/printingin3d/javascad/manifold/Manifold3dEngine'
  # this:     rsi:rsi   = 'eu/printingin3d/javascad/manifold/Manifold3dEngine'
  # parm0:    rdx:rdx   = long
  # parm1:    rcx:rcx   = long
  # parm2:    r8        = int
  #           [sp+0x80]  (sp of caller)
  0x00007c736d360940: 448b 5608 | 49bb 0000 | 00c7 727c | 0000 4d03 | d34c 3bd0 

  0x00007c736d360954: ;   {runtime_call ic_miss_stub}
  0x00007c736d360954: 0f85 26f4 | 3407 660f | 1f44 0000 
[Verified Entry Point]
  0x00007c736d360960: 8984 2400 | c0fe ff55 | 4883 ec70 

  0x00007c736d36096c: ;   {metadata(method data for {method} {0x00007c72c340b710} 'operateNative' '(JJI)J' in 'eu/printingin3d/javascad/manifold/Manifold3dEngine')}
  0x00007c736d36096c: 48b8 2892 | 6bc3 727c | 0000 8bb8 | f400 0000 | 83c7 0289 | b8f4 0000 | 0081 e7fe | 0700 0083 
  0x00007c736d36098c: ff00 0f84 | 4d03 0000 

  0x00007c736d360994: ;   {oop(a 'java/lang/Object'{0x00000000f5025130})}
  0x00007c736d360994: 48be 3051 | 02f5 0000 | 0000 488d | 7c24 5048 | 8977 0848 | 8b06 4883 | c801 4889 | 07f0 480f 
  0x00007c736d3609b4: b13e 0f84 | 1300 0000 | 482b c448 | 81e0 07f0 | ffff 4889 | 070f 8538 | 0300 0044 | 8944 2430 
  0x00007c736d3609d4: 4889 4c24 | 4048 8954 

  0x00007c736d3609dc: ;   {oop(a 'eu/printingin3d/javascad/manifold/Manifold3dEngine'{0x00000000f5030348})}
  0x00007c736d3609dc: 2438 48be | 4803 03f5 | 0000 0000 

  0x00007c736d3609e8: ;   {metadata(method data for {method} {0x00007c72c340b710} 'operateNative' '(JJI)J' in 'eu/printingin3d/javascad/manifold/Manifold3dEngine')}
  0x00007c736d3609e8: 488b fe48 | bb28 926b | c372 7c00 | 0048 8383 | 3801 0000 

  0x00007c736d3609fc: ;   {optimized virtual_call}
  0x00007c736d3609fc: 0166 90e8 

  0x00007c736d360a00: ; ImmutableOopMap {[88]=Oop }
                      ;*invokespecial getBindings {reexecute=0 rethrow=0 return_oop=0}
                      ; - eu.printingin3d.javascad.manifold.Manifold3dEngine::operateNative@15 (line 222)
  0x00007c736d360a00: bc55 feff 

  0x00007c736d360a04: ;   {metadata(method data for {method} {0x00007c72c340b710} 'operateNative' '(JJI)J' in 'eu/printingin3d/javascad/manifold/Manifold3dEngine')}
  0x00007c736d360a04: 48ba 2892 | 6bc3 727c | 0000 48c7 | c150 0100 | 0044 8b44 | 2430 4183 | f800 488b | f148 c7c1 
  0x00007c736d360a24: 6001 0000 | 480f 45ce | 4183 f801 | 488b f148 | c7c1 7001 | 0000 480f | 45ce 4183 | f802 488b 
  0x00007c736d360a44: f148 c7c1 | 8001 0000 | 480f 45ce | 488b 340a | 49c7 c201 | 0000 0049 | 03f2 4889 | 340a 4183 
  0x00007c736d360a64: f800 0f84 | b500 0000 | 4183 f801 | 0f84 5b00 | 0000 4183 | f802 0f85 | 3f01 0000 

  0x00007c736d360a80: ; implicit exception: dispatches to 0x00007c736d360d1a
  0x00007c736d360a80: 483b 0048 

  0x00007c736d360a84: ;   {metadata(method data for {method} {0x00007c72c340b710} 'operateNative' '(JJI)J' in 'eu/printingin3d/javascad/manifold/Manifold3dEngine')}
  0x00007c736d360a84: 8bd0 48b9 | 2892 6bc3 | 727c 0000 

  0x00007c736d360a90: ;   {metadata('com/cadoodlecad/manifold/ManifoldBindings')}
  0x00007c736d360a90: 49ba 0020 | 00c8 727c | 0000 4c89 | 9148 0200 | 0048 8381 | 5002 0000 | 0148 8b54 | 2438 488b 
  0x00007c736d360ab0: 4c24 4048 

  0x00007c736d360ab4: ;   {optimized virtual_call}
  0x00007c736d360ab4: 8bf0 90e8 

  0x00007c736d360ab8: ; ImmutableOopMap {[88]=Oop }
                      ;*invokevirtual intersection {reexecute=0 rethrow=0 return_oop=0}
                      ; - eu.printingin3d.javascad.manifold.Manifold3dEngine::operateNative@72 (line 226)
  0x00007c736d360ab8: c4f5 3407 

  0x00007c736d360abc: ;   {metadata(method data for {method} {0x00007c72c340b710} 'operateNative' '(JJI)J' in 'eu/printingin3d/javascad/manifold/Manifold3dEngine')}
  0x00007c736d360abc: 48ba 2892 | 6bc3 727c | 0000 ff82 | 7002 0000 | e99b 0000 | 0048 3b00 

  0x00007c736d360ad4: ;   {metadata(method data for {method} {0x00007c72c340b710} 'operateNative' '(JJI)J' in 'eu/printingin3d/javascad/manifold/Manifold3dEngine')}
  0x00007c736d360ad4: 488b d048 | b928 926b | c372 7c00 

  0x00007c736d360ae0: ;   {metadata('com/cadoodlecad/manifold/ManifoldBindings')}
  0x00007c736d360ae0: 0049 ba00 | 2000 c872 | 7c00 004c | 8991 f801 | 0000 4883 | 8100 0200 | 0001 488b | 5424 3848 
  0x00007c736d360b00: 8b4c 2440 

  0x00007c736d360b04: ;   {optimized virtual_call}
  0x00007c736d360b04: 488b f0e8 

  0x00007c736d360b08: ; ImmutableOopMap {[88]=Oop }
                      ;*invokevirtual difference {reexecute=0 rethrow=0 return_oop=0}
                      ; - eu.printingin3d.javascad.manifold.Manifold3dEngine::operateNative@62 (line 225)
  0x00007c736d360b08: f902 0000 

  0x00007c736d360b0c: ;   {metadata(method data for {method} {0x00007c72c340b710} 'operateNative' '(JJI)J' in 'eu/printingin3d/javascad/manifold/Manifold3dEngine')}
  0x00007c736d360b0c: 48ba 2892 | 6bc3 727c | 0000 ff82 | 2002 0000 | e94b 0000 | 0048 8b4c | 2440 488b | 5424 3848 
  0x00007c736d360b2c: 3b00 488b 

  0x00007c736d360b30: ;   {metadata(method data for {method} {0x00007c72c340b710} 'operateNative' '(JJI)J' in 'eu/printingin3d/javascad/manifold/Manifold3dEngine')}
  0x00007c736d360b30: f048 bf28 | 926b c372 

  0x00007c736d360b38: ;   {metadata('com/cadoodlecad/manifold/ManifoldBindings')}
  0x00007c736d360b38: 7c00 0049 | ba00 2000 | c872 7c00 | 004c 8997 | a801 0000 | 4883 87b0 | 0100 0001 

  0x00007c736d360b54: ;   {optimized virtual_call}
  0x00007c736d360b54: 488b f0e8 

  0x00007c736d360b58: ; ImmutableOopMap {[88]=Oop }
                      ;*invokevirtual union {reexecute=0 rethrow=0 return_oop=0}
                      ; - eu.printingin3d.javascad.manifold.Manifold3dEngine::operateNative@52 (line 224)
  0x00007c736d360b58: 0467 0100 

  0x00007c736d360b5c: ;   {metadata(method data for {method} {0x00007c72c340b710} 'operateNative' '(JJI)J' in 'eu/printingin3d/javascad/manifold/Manifold3dEngine')}
  0x00007c736d360b5c: 48ba 2892 | 6bc3 727c | 0000 ff82 | d001 0000 

  0x00007c736d360b6c: ;   {oop(a 'java/lang/Object'{0x00000000f5025130})}
  0x00007c736d360b6c: 488b f048 | b830 5102 | f500 0000 | 0048 8d44 | 2450 488b | 1048 85d2 | 0f84 0f00 | 0000 488b 
  0x00007c736d360b8c: 7808 f048 | 0fb1 170f | 8590 0100 

  0x00007c736d360b98: ;   {metadata(method data for {method} {0x00007c72c340b710} 'operateNative' '(JJI)J' in 'eu/printingin3d/javascad/manifold/Manifold3dEngine')}
  0x00007c736d360b98: 0048 b828 | 926b c372 | 7c00 00ff | 80b8 0200 | 0048 8bc6 | 4883 c470 

  0x00007c736d360bb0: ;   {poll_return}
  0x00007c736d360bb0: 5d49 3ba7 | 4003 0000 | 0f87 7e01 | 0000 c390 

  0x00007c736d360bc0: ;   {no_reloc}
  0x00007c736d360bc0: e99c 0100 | 0000 0000 | 0000 498b | 8708 0100 | 0048 8d78 | 2849 3bbf | 1801 0000 | 0f87 8901 
  0x00007c736d360be0: 0000 4989 | bf08 0100 | 0048 c700 | 0100 0000 | 488b ca49 | ba00 0000 | c772 7c00 | 0049 2bca 
  0x00007c736d360c00: 8948 0848 | 33c9 8948 | 0c48 33c9 | 4889 4810 | 4889 4818 | 4889 4820 

  0x00007c736d360c18: ;   {no_reloc}
  0x00007c736d360c18: e96a 0100 | 0090 9090 | 9090 498b | f048 8944 | 2448 0f1f 

  0x00007c736d360c2c: ;   {static_call}
  0x00007c736d360c2c: 4400 00e8 

  0x00007c736d360c30: ; ImmutableOopMap {[72]=Oop [88]=Oop }
                      ;*invokedynamic {reexecute=0 rethrow=0 return_oop=0}
                      ; - eu.printingin3d.javascad.manifold.Manifold3dEngine::operateNative@84 (line 227)
  0x00007c736d360c30: 4cfa 3407 

  0x00007c736d360c34: ;   {metadata(method data for {method} {0x00007c72c340b710} 'operateNative' '(JJI)J' in 'eu/printingin3d/javascad/manifold/Manifold3dEngine')}
  0x00007c736d360c34: 48ba 2892 | 6bc3 727c | 0000 488d | 9298 0200 | 0048 85c0 | 750e 48f7 | 0201 0000 | 0075 05f0 
  0x00007c736d360c54: 4883 0a01 | 488b 5424 

  0x00007c736d360c5c: ;   {metadata(method data for {method} {0x00007c72c340b710} 'operateNative' '(JJI)J' in 'eu/printingin3d/javascad/manifold/Manifold3dEngine')}
  0x00007c736d360c5c: 4848 be28 | 926b c372 | 7c00 0048 | 8386 a802 | 0000 0148 | 8bd0 488b 

  0x00007c736d360c74: ;   {optimized virtual_call}
  0x00007c736d360c74: 7424 48e8 

  0x00007c736d360c78: ; ImmutableOopMap {[72]=Oop [88]=Oop }
                      ;*invokespecial <init> {reexecute=0 rethrow=0 return_oop=0}
                      ; - eu.printingin3d.javascad.manifold.Manifold3dEngine::operateNative@89 (line 227)
  0x00007c736d360c78: 04f4 3407 | 488b 4424 

  0x00007c736d360c80: ; ImmutableOopMap {[88]=Oop rax=Oop }
                      ;*athrow {reexecute=1 rethrow=0 return_oop=0}
                      ; - (reexecute) eu.printingin3d.javascad.manifold.Manifold3dEngine::operateNative@92 (line 227)
                      ;   {section_word}
  0x00007c736d360c80: 4848 ba81 | 0c36 6d73 

  0x00007c736d360c88: ;   {runtime_call handle_exception_nofpu Runtime1 stub}
  0x00007c736d360c88: 7c00 00e8 | f02f 3f07 | 9049 8b87 | d003 0000 | 4d33 d24d | 8997 d003 | 0000 4d33 | d24d 8997 
  0x00007c736d360ca8: d803 0000 

  0x00007c736d360cac: ;   {oop(a 'java/lang/Object'{0x00000000f5025130})}
  0x00007c736d360cac: 488b f048 | b830 5102 | f500 0000 | 0048 8d44 | 2450 488b | 3848 85ff | 0f84 0f00 | 0000 488b 
  0x00007c736d360ccc: 5808 f048 | 0fb1 3b0f | 85b8 0000 | 0048 8bc6 | e9e2 0000 

  0x00007c736d360ce0: ;   {metadata({method} {0x00007c72c340b710} 'operateNative' '(JJI)J' in 'eu/printingin3d/javascad/manifold/Manifold3dEngine')}
  0x00007c736d360ce0: 0049 ba10 | b740 c372 | 7c00 004c | 8954 2408 | 48c7 0424 | ffff ffff 

  0x00007c736d360cf8: ;   {runtime_call counter_overflow Runtime1 stub}
  0x00007c736d360cf8: e883 6e3f 

  0x00007c736d360cfc: ; ImmutableOopMap {rsi=Oop }
                      ;*synchronization entry
                      ; - eu.printingin3d.javascad.manifold.Manifold3dEngine::operateNative@-1 (line 221)
  0x00007c736d360cfc: 07e9 92fc 

  0x00007c736d360d00: ;   {runtime_call throw_null_pointer_exception Runtime1 stub}
  0x00007c736d360d00: ffff e899 

  0x00007c736d360d04: ; ImmutableOopMap {rsi=Oop }
                      ;*monitorenter {reexecute=0 rethrow=0 return_oop=0}
                      ; - eu.printingin3d.javascad.manifold.Manifold3dEngine::operateNative@7 (line 221)
  0x00007c736d360d04: 143f 0748 | 8974 2408 | 4889 3c24 

  0x00007c736d360d10: ;   {runtime_call monitorenter_nofpu Runtime1 stub}
  0x00007c736d360d10: e86b 473f 

  0x00007c736d360d14: ; ImmutableOopMap {rsi=Oop [88]=Oop }
                      ;*monitorenter {reexecute=0 rethrow=0 return_oop=0}
                      ; - eu.printingin3d.javascad.manifold.Manifold3dEngine::operateNative@7 (line 221)
  0x00007c736d360d14: 07e9 b5fc 

  0x00007c736d360d18: ;   {runtime_call throw_null_pointer_exception Runtime1 stub}
  0x00007c736d360d18: ffff e881 

  0x00007c736d360d1c: ; ImmutableOopMap {rax=Oop [88]=Oop }
                      ;*invokevirtual intersection {reexecute=0 rethrow=0 return_oop=0}
                      ; - eu.printingin3d.javascad.manifold.Manifold3dEngine::operateNative@72 (line 226)
                      ;   {runtime_call throw_null_pointer_exception Runtime1 stub}
  0x00007c736d360d1c: 143f 07e8 

  0x00007c736d360d20: ; ImmutableOopMap {rax=Oop [88]=Oop }
                      ;*invokevirtual difference {reexecute=0 rethrow=0 return_oop=0}
                      ; - eu.printingin3d.javascad.manifold.Manifold3dEngine::operateNative@62 (line 225)
  0x00007c736d360d20: 7c14 3f07 

  0x00007c736d360d24: ;   {runtime_call throw_null_pointer_exception Runtime1 stub}
  0x00007c736d360d24: e877 143f 

  0x00007c736d360d28: ; ImmutableOopMap {rax=Oop [88]=Oop }
                      ;*invokevirtual union {reexecute=0 rethrow=0 return_oop=0}
                      ; - eu.printingin3d.javascad.manifold.Manifold3dEngine::operateNative@52 (line 224)
  0x00007c736d360d28: 0748 8d44 | 2450 4889 

  0x00007c736d360d30: ;   {runtime_call monitorexit_nofpu Runtime1 stub}
  0x00007c736d360d30: 0424 e849 | 4d3f 07e9 | 5dfe ffff 

  0x00007c736d360d3c: ;   {internal_word}
  0x00007c736d360d3c: 49ba b10b | 366d 737c | 0000 4d89 | 9758 0300 

  0x00007c736d360d4c: ;   {runtime_call SafepointBlob}
  0x00007c736d360d4c: 00e9 ae59 

  0x00007c736d360d50: ;   {metadata(NULL)}
  0x00007c736d360d50: 3507 48ba | 0000 0000 | 0000 0000 | b800 0f05 

  0x00007c736d360d60: ;   {runtime_call load_klass_patching Runtime1 stub}
  0x00007c736d360d60: 0ae8 9a5d 

  0x00007c736d360d64: ; ImmutableOopMap {[88]=Oop }
                      ;*new {reexecute=1 rethrow=0 return_oop=0}
                      ; - (reexecute) eu.printingin3d.javascad.manifold.Manifold3dEngine::operateNative@78 (line 227)
  0x00007c736d360d64: 3f07 e955 | feff ff48 

  0x00007c736d360d6c: ;   {runtime_call fast_new_instance Runtime1 stub}
  0x00007c736d360d6c: 8bd2 e80d 

  0x00007c736d360d70: ; ImmutableOopMap {[88]=Oop }
                      ;*new {reexecute=0 rethrow=0 return_oop=0}
                      ; - eu.printingin3d.javascad.manifold.Manifold3dEngine::operateNative@78 (line 227)
  0x00007c736d360d70: 1d3f 07e9 | a0fe ffff | 48ba 0000 | 0000 0000 | 0000 b800 

  0x00007c736d360d84: ;   {runtime_call load_appendix_patching Runtime1 stub}
  0x00007c736d360d84: 0f05 0ae8 

  0x00007c736d360d88: ; ImmutableOopMap {rax=Oop [88]=Oop }
                      ;*invokedynamic {reexecute=1 rethrow=0 return_oop=0}
                      ; - (reexecute) eu.printingin3d.javascad.manifold.Manifold3dEngine::operateNative@84 (line 227)
  0x00007c736d360d88: 7466 3f07 | e987 feff | ff48 8d44 | 2450 4889 

  0x00007c736d360d98: ;   {runtime_call monitorexit_nofpu Runtime1 stub}
  0x00007c736d360d98: 0424 e8e1 | 4c3f 07e9 | 35ff ffff | 9090 498b | 87d0 0300 | 0049 c787 | d003 0000 | 0000 0000 
  0x00007c736d360db8: 49c7 87d8 | 0300 0000 | 0000 0048 | 83c4 705d 

  0x00007c736d360dc8: ;   {runtime_call unwind_exception Runtime1 stub}
  0x00007c736d360dc8: e9b3 043f | 07f4 f4f4 | f4f4 f4f4 | f4f4 f4f4 | f4f4 f4f4 | f4f4 f4f4 
[Stub Code]
  0x00007c736d360de0: ;   {no_reloc}
  0x00007c736d360de0: 0f1f 4400 

  0x00007c736d360de4: ;   {static_stub}
  0x00007c736d360de4: 0048 bb00 | 0000 0000 

  0x00007c736d360dec: ;   {runtime_call}
  0x00007c736d360dec: 0000 00e9 | fbff ffff 

  0x00007c736d360df4: ;   {static_stub}
  0x00007c736d360df4: 9048 bb00 | 0000 0000 

  0x00007c736d360dfc: ;   {runtime_call}
  0x00007c736d360dfc: 0000 00e9 | fbff ffff 

  0x00007c736d360e04: ;   {static_stub}
  0x00007c736d360e04: 9048 bbd8 | 7941 c372 

  0x00007c736d360e0c: ;   {runtime_call I2C/C2I adapters}
  0x00007c736d360e0c: 7c00 00e9 | cd91 3407 

  0x00007c736d360e14: ;   {static_stub}
  0x00007c736d360e14: 9048 bb08 | 7941 c372 

  0x00007c736d360e1c: ;   {runtime_call I2C/C2I adapters}
  0x00007c736d360e1c: 7c00 00e9 | bd91 3407 

  0x00007c736d360e24: ;   {static_stub}
  0x00007c736d360e24: 9048 bb00 | 0000 0000 

  0x00007c736d360e2c: ;   {runtime_call}
  0x00007c736d360e2c: 0000 00e9 | fbff ffff 

  0x00007c736d360e34: ;   {static_stub}
  0x00007c736d360e34: 9048 bb00 | 0000 0000 

  0x00007c736d360e3c: ;   {runtime_call}
  0x00007c736d360e3c: 0000 00e9 | fbff ffff 
[Exception Handler]
  0x00007c736d360e44: ;   {runtime_call handle_exception_from_callee Runtime1 stub}
  0x00007c736d360e44: e837 343f 

  0x00007c736d360e48: ;   {external_word}
  0x00007c736d360e48: 0748 bf52 | 57b9 8973 | 7c00 0048 

  0x00007c736d360e54: ;   {runtime_call MacroAssembler::debug64(char*, long, long*)}
  0x00007c736d360e54: 83e4 f0e8 | 149d 3a1c 

  0x00007c736d360e5c: ;   {section_word}
  0x00007c736d360e5c: f449 ba5d | 0e36 6d73 | 7c00 0041 

  0x00007c736d360e68: ;   {runtime_call DeoptimizationBlob}
  0x00007c736d360e68: 52e9 324b | 3507 f4f4 
[/MachCode]


---------------  P R O C E S S  ---------------

Threads class SMR info:
_java_thread_list=0x00007c72780cc7e0, length=20, elements={
0x00007c738402aac0, 0x00007c73841e9530, 0x00007c73841ea910, 0x00007c73841efea0,
0x00007c73841f1250, 0x00007c73841f2660, 0x00007c73841f4090, 0x00007c73841f55c0,
0x00007c73841f6a30, 0x00007c73841fe730, 0x00007c7384201ec0, 0x00007c72a80667b0,
0x00007c72a80fe6f0, 0x00007c7384476ee0, 0x00007c7384477b10, 0x00007c728406ebf0,
0x00007c7284061100, 0x00007c7284039c70, 0x00007c728405d720, 0x00007c72780fa7d0
}

Java Threads: ( => current thread )
  0x00007c738402aac0 JavaThread "main" [_thread_blocked, id=73840, stack(0x00007c7388b00000,0x00007c7388c00000)]
  0x00007c73841e9530 JavaThread "Reference Handler" daemon [_thread_blocked, id=73847, stack(0x00007c732453c000,0x00007c732463c000)]
  0x00007c73841ea910 JavaThread "Finalizer" daemon [_thread_blocked, id=73848, stack(0x00007c732443c000,0x00007c732453c000)]
  0x00007c73841efea0 JavaThread "Signal Dispatcher" daemon [_thread_blocked, id=73849, stack(0x00007c732433c000,0x00007c732443c000)]
  0x00007c73841f1250 JavaThread "Service Thread" daemon [_thread_blocked, id=73850, stack(0x00007c732423c000,0x00007c732433c000)]
  0x00007c73841f2660 JavaThread "Monitor Deflation Thread" daemon [_thread_blocked, id=73851, stack(0x00007c732413c000,0x00007c732423c000)]
  0x00007c73841f4090 JavaThread "C2 CompilerThread0" daemon [_thread_blocked, id=73852, stack(0x00007c732403c000,0x00007c732413c000)]
  0x00007c73841f55c0 JavaThread "C1 CompilerThread0" daemon [_thread_blocked, id=73853, stack(0x00007c7315900000,0x00007c7315a00000)]
  0x00007c73841f6a30 JavaThread "Sweeper thread" daemon [_thread_blocked, id=73854, stack(0x00007c7315800000,0x00007c7315900000)]
  0x00007c73841fe730 JavaThread "Notification Thread" daemon [_thread_blocked, id=73855, stack(0x00007c7315700000,0x00007c7315800000)]
  0x00007c7384201ec0 JavaThread "Common-Cleaner" daemon [_thread_blocked, id=73857, stack(0x00007c73154ff000,0x00007c73155ff000)]
  0x00007c72a80667b0 JavaThread "C1 CompilerThread1" daemon [_thread_blocked, id=73858, stack(0x00007c73153ff000,0x00007c73154ff000)]
  0x00007c72a80fe6f0 JavaThread "C2 CompilerThread1" daemon [_thread_in_native, id=73859, stack(0x00007c7314f00000,0x00007c7315000000)]
  0x00007c7384476ee0 JavaThread "DefaultDispatcher-worker-1" daemon [_thread_blocked, id=73862, stack(0x00007c7314e00000,0x00007c7314f00000)]
  0x00007c7384477b10 JavaThread "DefaultDispatcher-worker-2" daemon [_thread_in_Java, id=73863, stack(0x00007c7314d00000,0x00007c7314e00000)]
=>0x00007c728406ebf0 JavaThread "DefaultDispatcher-worker-3" daemon [_thread_in_native, id=73864, stack(0x00007c7314c00000,0x00007c7314d00000)]
  0x00007c7284061100 JavaThread "DefaultDispatcher-worker-4" daemon [_thread_blocked, id=73865, stack(0x00007c7314b00000,0x00007c7314c00000)]
  0x00007c7284039c70 JavaThread "DefaultDispatcher-worker-5" daemon [_thread_blocked, id=73866, stack(0x00007c7314a00000,0x00007c7314b00000)]
  0x00007c728405d720 JavaThread "DefaultDispatcher-worker-6" daemon [_thread_blocked, id=73867, stack(0x00007c7314900000,0x00007c7314a00000)]
  0x00007c72780fa7d0 JavaThread "Thread-6" daemon [_thread_in_native, id=73868, stack(0x00007c7314800000,0x00007c7314900000)]

Other Threads:
  0x00007c73841e5560 VMThread "VM Thread" [stack: 0x00007c732463d000,0x00007c732473d000] [id=73846]
  0x00007c7384200070 WatcherThread [stack: 0x00007c7315600000,0x00007c7315700000] [id=73856]
  0x00007c73840605c0 GCTaskThread "GC Thread#0" [stack: 0x00007c7325a3d000,0x00007c7325b3d000] [id=73841]
  0x00007c730c0068e0 GCTaskThread "GC Thread#1" [stack: 0x00007c7314700000,0x00007c7314800000] [id=73869]
  0x00007c730c007350 GCTaskThread "GC Thread#2" [stack: 0x00007c73145ff000,0x00007c73146ff000] [id=73870]
  0x00007c730c007dc0 GCTaskThread "GC Thread#3" [stack: 0x00007c73144fe000,0x00007c73145fe000] [id=73871]
  0x00007c730c008830 GCTaskThread "GC Thread#4" [stack: 0x00007c73143fd000,0x00007c73144fd000] [id=73872]
  0x00007c730c0092a0 GCTaskThread "GC Thread#5" [stack: 0x00007c73142fc000,0x00007c73143fc000] [id=73873]
  0x00007c730c009d40 GCTaskThread "GC Thread#6" [stack: 0x00007c73141fb000,0x00007c73142fb000] [id=73874]
  0x00007c730c00a7e0 GCTaskThread "GC Thread#7" [stack: 0x00007c73140fa000,0x00007c73141fa000] [id=73875]
  0x00007c730c00b280 GCTaskThread "GC Thread#8" [stack: 0x00007c72c2f00000,0x00007c72c3000000] [id=73876]
  0x00007c730c00bd20 GCTaskThread "GC Thread#9" [stack: 0x00007c72c2dff000,0x00007c72c2eff000] [id=73877]
  0x00007c730c00c7c0 GCTaskThread "GC Thread#10" [stack: 0x00007c72c2cfe000,0x00007c72c2dfe000] [id=73878]
  0x00007c730c00d650 GCTaskThread "GC Thread#11" [stack: 0x00007c72c2bfd000,0x00007c72c2cfd000] [id=73879]
  0x00007c730c00e4e0 GCTaskThread "GC Thread#12" [stack: 0x00007c72c2afc000,0x00007c72c2bfc000] [id=73880]
  0x00007c7384070bb0 ConcurrentGCThread "G1 Main Marker" [stack: 0x00007c732593c000,0x00007c7325a3c000] [id=73842]
  0x00007c7384071b20 ConcurrentGCThread "G1 Conc#0" [stack: 0x00007c732583b000,0x00007c732593b000] [id=73843]
  0x00007c73841b26b0 ConcurrentGCThread "G1 Refine#0" [stack: 0x00007c7324a2d000,0x00007c7324b2d000] [id=73844]
  0x00007c73841b35b0 ConcurrentGCThread "G1 Service" [stack: 0x00007c732492c000,0x00007c7324a2c000] [id=73845]

Threads with active compile tasks:
C2 CompilerThread1  262  745       4       eu.printingin3d.javascad.coords.Angles3d::rotate (392 bytes)

VM state: not at safepoint (normal execution)

VM Mutex/Monitor currently owned by a thread: None

Heap address: 0x0000000082000000, size: 30688 MB, Compressed Oops mode: Zero based, Oop shift amount: 3

CDS archive(s) mapped at: [0x00007c72c7000000-0x00007c72c7bca000-0x00007c72c7bca000), size 12361728, SharedBaseAddress: 0x00007c72c7000000, ArchiveRelocationMode: 1.
Compressed class space mapped at: 0x00007c72c8000000-0x00007c7308000000, reserved size: 1073741824
Narrow klass base: 0x00007c72c7000000, Narrow klass shift: 0, Narrow klass range: 0x100000000

GC Precious Log:
 CPUs: 16 total, 16 available
 Memory: 121G
 Large Page Support: Disabled
 NUMA Support: Disabled
 Compressed Oops: Enabled (Zero based)
 Heap Region Size: 16M
 Heap Min Capacity: 16M
 Heap Initial Capacity: 1952M
 Heap Max Capacity: 30688M
 Pre-touch: Disabled
 Parallel Workers: 13
 Concurrent Workers: 3
 Concurrent Refinement Workers: 13
 Periodic GC: Disabled

Heap:
 garbage-first heap   total 2031616K, used 50945K [0x0000000082000000, 0x0000000800000000)
  region size 16384K, 4 young (65536K), 1 survivors (16384K)
 Metaspace       used 4839K, committed 5056K, reserved 1114112K
  class space    used 404K, committed 512K, reserved 1048576K

Heap Regions: E=young(eden), S=young(survivor), O=old, HS=humongous(starts), HC=humongous(continues), CS=collection set, F=free, OA=open archive, CA=closed archive, TAMS=top-at-mark-start (previous, next)
|   0|0x0000000082000000, 0x0000000082000000, 0x0000000083000000|  0%| F|  |TAMS 0x0000000082000000, 0x0000000082000000| Untracked 
|   1|0x0000000083000000, 0x0000000083000000, 0x0000000084000000|  0%| F|  |TAMS 0x0000000083000000, 0x0000000083000000| Untracked 
|   2|0x0000000084000000, 0x0000000084000000, 0x0000000085000000|  0%| F|  |TAMS 0x0000000084000000, 0x0000000084000000| Untracked 
|   3|0x0000000085000000, 0x0000000085000000, 0x0000000086000000|  0%| F|  |TAMS 0x0000000085000000, 0x0000000085000000| Untracked 
|   4|0x0000000086000000, 0x0000000086000000, 0x0000000087000000|  0%| F|  |TAMS 0x0000000086000000, 0x0000000086000000| Untracked 
|   5|0x0000000087000000, 0x0000000087000000, 0x0000000088000000|  0%| F|  |TAMS 0x0000000087000000, 0x0000000087000000| Untracked 
|   6|0x0000000088000000, 0x0000000088000000, 0x0000000089000000|  0%| F|  |TAMS 0x0000000088000000, 0x0000000088000000| Untracked 
|   7|0x0000000089000000, 0x0000000089000000, 0x000000008a000000|  0%| F|  |TAMS 0x0000000089000000, 0x0000000089000000| Untracked 
|   8|0x000000008a000000, 0x000000008a000000, 0x000000008b000000|  0%| F|  |TAMS 0x000000008a000000, 0x000000008a000000| Untracked 
|   9|0x000000008b000000, 0x000000008b000000, 0x000000008c000000|  0%| F|  |TAMS 0x000000008b000000, 0x000000008b000000| Untracked 
|  10|0x000000008c000000, 0x000000008c000000, 0x000000008d000000|  0%| F|  |TAMS 0x000000008c000000, 0x000000008c000000| Untracked 
|  11|0x000000008d000000, 0x000000008d000000, 0x000000008e000000|  0%| F|  |TAMS 0x000000008d000000, 0x000000008d000000| Untracked 
|  12|0x000000008e000000, 0x000000008e000000, 0x000000008f000000|  0%| F|  |TAMS 0x000000008e000000, 0x000000008e000000| Untracked 
|  13|0x000000008f000000, 0x000000008f000000, 0x0000000090000000|  0%| F|  |TAMS 0x000000008f000000, 0x000000008f000000| Untracked 
|  14|0x0000000090000000, 0x0000000090000000, 0x0000000091000000|  0%| F|  |TAMS 0x0000000090000000, 0x0000000090000000| Untracked 
|  15|0x0000000091000000, 0x0000000091000000, 0x0000000092000000|  0%| F|  |TAMS 0x0000000091000000, 0x0000000091000000| Untracked 
|  16|0x0000000092000000, 0x0000000092000000, 0x0000000093000000|  0%| F|  |TAMS 0x0000000092000000, 0x0000000092000000| Untracked 
|  17|0x0000000093000000, 0x0000000093000000, 0x0000000094000000|  0%| F|  |TAMS 0x0000000093000000, 0x0000000093000000| Untracked 
|  18|0x0000000094000000, 0x0000000094000000, 0x0000000095000000|  0%| F|  |TAMS 0x0000000094000000, 0x0000000094000000| Untracked 
|  19|0x0000000095000000, 0x0000000095000000, 0x0000000096000000|  0%| F|  |TAMS 0x0000000095000000, 0x0000000095000000| Untracked 
|  20|0x0000000096000000, 0x0000000096000000, 0x0000000097000000|  0%| F|  |TAMS 0x0000000096000000, 0x0000000096000000| Untracked 
|  21|0x0000000097000000, 0x0000000097000000, 0x0000000098000000|  0%| F|  |TAMS 0x0000000097000000, 0x0000000097000000| Untracked 
|  22|0x0000000098000000, 0x0000000098000000, 0x0000000099000000|  0%| F|  |TAMS 0x0000000098000000, 0x0000000098000000| Untracked 
|  23|0x0000000099000000, 0x0000000099000000, 0x000000009a000000|  0%| F|  |TAMS 0x0000000099000000, 0x0000000099000000| Untracked 
|  24|0x000000009a000000, 0x000000009a000000, 0x000000009b000000|  0%| F|  |TAMS 0x000000009a000000, 0x000000009a000000| Untracked 
|  25|0x000000009b000000, 0x000000009b000000, 0x000000009c000000|  0%| F|  |TAMS 0x000000009b000000, 0x000000009b000000| Untracked 
|  26|0x000000009c000000, 0x000000009c000000, 0x000000009d000000|  0%| F|  |TAMS 0x000000009c000000, 0x000000009c000000| Untracked 
|  27|0x000000009d000000, 0x000000009d000000, 0x000000009e000000|  0%| F|  |TAMS 0x000000009d000000, 0x000000009d000000| Untracked 
|  28|0x000000009e000000, 0x000000009e000000, 0x000000009f000000|  0%| F|  |TAMS 0x000000009e000000, 0x000000009e000000| Untracked 
|  29|0x000000009f000000, 0x000000009f000000, 0x00000000a0000000|  0%| F|  |TAMS 0x000000009f000000, 0x000000009f000000| Untracked 
|  30|0x00000000a0000000, 0x00000000a0000000, 0x00000000a1000000|  0%| F|  |TAMS 0x00000000a0000000, 0x00000000a0000000| Untracked 
|  31|0x00000000a1000000, 0x00000000a1000000, 0x00000000a2000000|  0%| F|  |TAMS 0x00000000a1000000, 0x00000000a1000000| Untracked 
|  32|0x00000000a2000000, 0x00000000a2000000, 0x00000000a3000000|  0%| F|  |TAMS 0x00000000a2000000, 0x00000000a2000000| Untracked 
|  33|0x00000000a3000000, 0x00000000a3000000, 0x00000000a4000000|  0%| F|  |TAMS 0x00000000a3000000, 0x00000000a3000000| Untracked 
|  34|0x00000000a4000000, 0x00000000a4000000, 0x00000000a5000000|  0%| F|  |TAMS 0x00000000a4000000, 0x00000000a4000000| Untracked 
|  35|0x00000000a5000000, 0x00000000a5000000, 0x00000000a6000000|  0%| F|  |TAMS 0x00000000a5000000, 0x00000000a5000000| Untracked 
|  36|0x00000000a6000000, 0x00000000a6000000, 0x00000000a7000000|  0%| F|  |TAMS 0x00000000a6000000, 0x00000000a6000000| Untracked 
|  37|0x00000000a7000000, 0x00000000a7000000, 0x00000000a8000000|  0%| F|  |TAMS 0x00000000a7000000, 0x00000000a7000000| Untracked 
|  38|0x00000000a8000000, 0x00000000a8000000, 0x00000000a9000000|  0%| F|  |TAMS 0x00000000a8000000, 0x00000000a8000000| Untracked 
|  39|0x00000000a9000000, 0x00000000a9000000, 0x00000000aa000000|  0%| F|  |TAMS 0x00000000a9000000, 0x00000000a9000000| Untracked 
|  40|0x00000000aa000000, 0x00000000aa000000, 0x00000000ab000000|  0%| F|  |TAMS 0x00000000aa000000, 0x00000000aa000000| Untracked 
|  41|0x00000000ab000000, 0x00000000ab000000, 0x00000000ac000000|  0%| F|  |TAMS 0x00000000ab000000, 0x00000000ab000000| Untracked 
|  42|0x00000000ac000000, 0x00000000ac000000, 0x00000000ad000000|  0%| F|  |TAMS 0x00000000ac000000, 0x00000000ac000000| Untracked 
|  43|0x00000000ad000000, 0x00000000ad000000, 0x00000000ae000000|  0%| F|  |TAMS 0x00000000ad000000, 0x00000000ad000000| Untracked 
|  44|0x00000000ae000000, 0x00000000ae000000, 0x00000000af000000|  0%| F|  |TAMS 0x00000000ae000000, 0x00000000ae000000| Untracked 
|  45|0x00000000af000000, 0x00000000af000000, 0x00000000b0000000|  0%| F|  |TAMS 0x00000000af000000, 0x00000000af000000| Untracked 
|  46|0x00000000b0000000, 0x00000000b0000000, 0x00000000b1000000|  0%| F|  |TAMS 0x00000000b0000000, 0x00000000b0000000| Untracked 
|  47|0x00000000b1000000, 0x00000000b1000000, 0x00000000b2000000|  0%| F|  |TAMS 0x00000000b1000000, 0x00000000b1000000| Untracked 
|  48|0x00000000b2000000, 0x00000000b2000000, 0x00000000b3000000|  0%| F|  |TAMS 0x00000000b2000000, 0x00000000b2000000| Untracked 
|  49|0x00000000b3000000, 0x00000000b3000000, 0x00000000b4000000|  0%| F|  |TAMS 0x00000000b3000000, 0x00000000b3000000| Untracked 
|  50|0x00000000b4000000, 0x00000000b4000000, 0x00000000b5000000|  0%| F|  |TAMS 0x00000000b4000000, 0x00000000b4000000| Untracked 
|  51|0x00000000b5000000, 0x00000000b5000000, 0x00000000b6000000|  0%| F|  |TAMS 0x00000000b5000000, 0x00000000b5000000| Untracked 
|  52|0x00000000b6000000, 0x00000000b6000000, 0x00000000b7000000|  0%| F|  |TAMS 0x00000000b6000000, 0x00000000b6000000| Untracked 
|  53|0x00000000b7000000, 0x00000000b7000000, 0x00000000b8000000|  0%| F|  |TAMS 0x00000000b7000000, 0x00000000b7000000| Untracked 
|  54|0x00000000b8000000, 0x00000000b8000000, 0x00000000b9000000|  0%| F|  |TAMS 0x00000000b8000000, 0x00000000b8000000| Untracked 
|  55|0x00000000b9000000, 0x00000000b9000000, 0x00000000ba000000|  0%| F|  |TAMS 0x00000000b9000000, 0x00000000b9000000| Untracked 
|  56|0x00000000ba000000, 0x00000000ba000000, 0x00000000bb000000|  0%| F|  |TAMS 0x00000000ba000000, 0x00000000ba000000| Untracked 
|  57|0x00000000bb000000, 0x00000000bb000000, 0x00000000bc000000|  0%| F|  |TAMS 0x00000000bb000000, 0x00000000bb000000| Untracked 
|  58|0x00000000bc000000, 0x00000000bc000000, 0x00000000bd000000|  0%| F|  |TAMS 0x00000000bc000000, 0x00000000bc000000| Untracked 
|  59|0x00000000bd000000, 0x00000000bd000000, 0x00000000be000000|  0%| F|  |TAMS 0x00000000bd000000, 0x00000000bd000000| Untracked 
|  60|0x00000000be000000, 0x00000000be000000, 0x00000000bf000000|  0%| F|  |TAMS 0x00000000be000000, 0x00000000be000000| Untracked 
|  61|0x00000000bf000000, 0x00000000bf000000, 0x00000000c0000000|  0%| F|  |TAMS 0x00000000bf000000, 0x00000000bf000000| Untracked 
|  62|0x00000000c0000000, 0x00000000c0000000, 0x00000000c1000000|  0%| F|  |TAMS 0x00000000c0000000, 0x00000000c0000000| Untracked 
|  63|0x00000000c1000000, 0x00000000c1000000, 0x00000000c2000000|  0%| F|  |TAMS 0x00000000c1000000, 0x00000000c1000000| Untracked 
|  64|0x00000000c2000000, 0x00000000c2000000, 0x00000000c3000000|  0%| F|  |TAMS 0x00000000c2000000, 0x00000000c2000000| Untracked 
|  65|0x00000000c3000000, 0x00000000c3000000, 0x00000000c4000000|  0%| F|  |TAMS 0x00000000c3000000, 0x00000000c3000000| Untracked 
|  66|0x00000000c4000000, 0x00000000c4000000, 0x00000000c5000000|  0%| F|  |TAMS 0x00000000c4000000, 0x00000000c4000000| Untracked 
|  67|0x00000000c5000000, 0x00000000c5000000, 0x00000000c6000000|  0%| F|  |TAMS 0x00000000c5000000, 0x00000000c5000000| Untracked 
|  68|0x00000000c6000000, 0x00000000c6000000, 0x00000000c7000000|  0%| F|  |TAMS 0x00000000c6000000, 0x00000000c6000000| Untracked 
|  69|0x00000000c7000000, 0x00000000c7000000, 0x00000000c8000000|  0%| F|  |TAMS 0x00000000c7000000, 0x00000000c7000000| Untracked 
|  70|0x00000000c8000000, 0x00000000c8000000, 0x00000000c9000000|  0%| F|  |TAMS 0x00000000c8000000, 0x00000000c8000000| Untracked 
|  71|0x00000000c9000000, 0x00000000c9000000, 0x00000000ca000000|  0%| F|  |TAMS 0x00000000c9000000, 0x00000000c9000000| Untracked 
|  72|0x00000000ca000000, 0x00000000ca000000, 0x00000000cb000000|  0%| F|  |TAMS 0x00000000ca000000, 0x00000000ca000000| Untracked 
|  73|0x00000000cb000000, 0x00000000cb000000, 0x00000000cc000000|  0%| F|  |TAMS 0x00000000cb000000, 0x00000000cb000000| Untracked 
|  74|0x00000000cc000000, 0x00000000cc000000, 0x00000000cd000000|  0%| F|  |TAMS 0x00000000cc000000, 0x00000000cc000000| Untracked 
|  75|0x00000000cd000000, 0x00000000cd000000, 0x00000000ce000000|  0%| F|  |TAMS 0x00000000cd000000, 0x00000000cd000000| Untracked 
|  76|0x00000000ce000000, 0x00000000ce000000, 0x00000000cf000000|  0%| F|  |TAMS 0x00000000ce000000, 0x00000000ce000000| Untracked 
|  77|0x00000000cf000000, 0x00000000cf000000, 0x00000000d0000000|  0%| F|  |TAMS 0x00000000cf000000, 0x00000000cf000000| Untracked 
|  78|0x00000000d0000000, 0x00000000d0000000, 0x00000000d1000000|  0%| F|  |TAMS 0x00000000d0000000, 0x00000000d0000000| Untracked 
|  79|0x00000000d1000000, 0x00000000d1000000, 0x00000000d2000000|  0%| F|  |TAMS 0x00000000d1000000, 0x00000000d1000000| Untracked 
|  80|0x00000000d2000000, 0x00000000d2000000, 0x00000000d3000000|  0%| F|  |TAMS 0x00000000d2000000, 0x00000000d2000000| Untracked 
|  81|0x00000000d3000000, 0x00000000d3000000, 0x00000000d4000000|  0%| F|  |TAMS 0x00000000d3000000, 0x00000000d3000000| Untracked 
|  82|0x00000000d4000000, 0x00000000d4000000, 0x00000000d5000000|  0%| F|  |TAMS 0x00000000d4000000, 0x00000000d4000000| Untracked 
|  83|0x00000000d5000000, 0x00000000d5000000, 0x00000000d6000000|  0%| F|  |TAMS 0x00000000d5000000, 0x00000000d5000000| Untracked 
|  84|0x00000000d6000000, 0x00000000d6000000, 0x00000000d7000000|  0%| F|  |TAMS 0x00000000d6000000, 0x00000000d6000000| Untracked 
|  85|0x00000000d7000000, 0x00000000d7000000, 0x00000000d8000000|  0%| F|  |TAMS 0x00000000d7000000, 0x00000000d7000000| Untracked 
|  86|0x00000000d8000000, 0x00000000d8000000, 0x00000000d9000000|  0%| F|  |TAMS 0x00000000d8000000, 0x00000000d8000000| Untracked 
|  87|0x00000000d9000000, 0x00000000d9000000, 0x00000000da000000|  0%| F|  |TAMS 0x00000000d9000000, 0x00000000d9000000| Untracked 
|  88|0x00000000da000000, 0x00000000da000000, 0x00000000db000000|  0%| F|  |TAMS 0x00000000da000000, 0x00000000da000000| Untracked 
|  89|0x00000000db000000, 0x00000000db000000, 0x00000000dc000000|  0%| F|  |TAMS 0x00000000db000000, 0x00000000db000000| Untracked 
|  90|0x00000000dc000000, 0x00000000dc000000, 0x00000000dd000000|  0%| F|  |TAMS 0x00000000dc000000, 0x00000000dc000000| Untracked 
|  91|0x00000000dd000000, 0x00000000dd000000, 0x00000000de000000|  0%| F|  |TAMS 0x00000000dd000000, 0x00000000dd000000| Untracked 
|  92|0x00000000de000000, 0x00000000de000000, 0x00000000df000000|  0%| F|  |TAMS 0x00000000de000000, 0x00000000de000000| Untracked 
|  93|0x00000000df000000, 0x00000000df000000, 0x00000000e0000000|  0%| F|  |TAMS 0x00000000df000000, 0x00000000df000000| Untracked 
|  94|0x00000000e0000000, 0x00000000e0000000, 0x00000000e1000000|  0%| F|  |TAMS 0x00000000e0000000, 0x00000000e0000000| Untracked 
|  95|0x00000000e1000000, 0x00000000e1000000, 0x00000000e2000000|  0%| F|  |TAMS 0x00000000e1000000, 0x00000000e1000000| Untracked 
|  96|0x00000000e2000000, 0x00000000e2000000, 0x00000000e3000000|  0%| F|  |TAMS 0x00000000e2000000, 0x00000000e2000000| Untracked 
|  97|0x00000000e3000000, 0x00000000e3000000, 0x00000000e4000000|  0%| F|  |TAMS 0x00000000e3000000, 0x00000000e3000000| Untracked 
|  98|0x00000000e4000000, 0x00000000e4000000, 0x00000000e5000000|  0%| F|  |TAMS 0x00000000e4000000, 0x00000000e4000000| Untracked 
|  99|0x00000000e5000000, 0x00000000e5000000, 0x00000000e6000000|  0%| F|  |TAMS 0x00000000e5000000, 0x00000000e5000000| Untracked 
| 100|0x00000000e6000000, 0x00000000e6000000, 0x00000000e7000000|  0%| F|  |TAMS 0x00000000e6000000, 0x00000000e6000000| Untracked 
| 101|0x00000000e7000000, 0x00000000e7000000, 0x00000000e8000000|  0%| F|  |TAMS 0x00000000e7000000, 0x00000000e7000000| Untracked 
| 102|0x00000000e8000000, 0x00000000e8000000, 0x00000000e9000000|  0%| F|  |TAMS 0x00000000e8000000, 0x00000000e8000000| Untracked 
| 103|0x00000000e9000000, 0x00000000e9000000, 0x00000000ea000000|  0%| F|  |TAMS 0x00000000e9000000, 0x00000000e9000000| Untracked 
| 104|0x00000000ea000000, 0x00000000ea000000, 0x00000000eb000000|  0%| F|  |TAMS 0x00000000ea000000, 0x00000000ea000000| Untracked 
| 105|0x00000000eb000000, 0x00000000eb000000, 0x00000000ec000000|  0%| F|  |TAMS 0x00000000eb000000, 0x00000000eb000000| Untracked 
| 106|0x00000000ec000000, 0x00000000ec000000, 0x00000000ed000000|  0%| F|  |TAMS 0x00000000ec000000, 0x00000000ec000000| Untracked 
| 107|0x00000000ed000000, 0x00000000ed000000, 0x00000000ee000000|  0%| F|  |TAMS 0x00000000ed000000, 0x00000000ed000000| Untracked 
| 108|0x00000000ee000000, 0x00000000ee000000, 0x00000000ef000000|  0%| F|  |TAMS 0x00000000ee000000, 0x00000000ee000000| Untracked 
| 109|0x00000000ef000000, 0x00000000ef000000, 0x00000000f0000000|  0%| F|  |TAMS 0x00000000ef000000, 0x00000000ef000000| Untracked 
| 110|0x00000000f0000000, 0x00000000f0000000, 0x00000000f1000000|  0%| F|  |TAMS 0x00000000f0000000, 0x00000000f0000000| Untracked 
| 111|0x00000000f1000000, 0x00000000f1000000, 0x00000000f2000000|  0%| F|  |TAMS 0x00000000f1000000, 0x00000000f1000000| Untracked 
| 112|0x00000000f2000000, 0x00000000f2000000, 0x00000000f3000000|  0%| F|  |TAMS 0x00000000f2000000, 0x00000000f2000000| Untracked 
| 113|0x00000000f3000000, 0x00000000f3000000, 0x00000000f4000000|  0%| F|  |TAMS 0x00000000f3000000, 0x00000000f3000000| Untracked 
| 114|0x00000000f4000000, 0x00000000f4000000, 0x00000000f5000000|  0%| F|  |TAMS 0x00000000f4000000, 0x00000000f4000000| Untracked 
| 115|0x00000000f5000000, 0x00000000f51d3490, 0x00000000f6000000| 11%| S|CS|TAMS 0x00000000f5000000, 0x00000000f5000000| Complete 
| 116|0x00000000f6000000, 0x00000000f6000000, 0x00000000f7000000|  0%| F|  |TAMS 0x00000000f6000000, 0x00000000f6000000| Untracked 
| 117|0x00000000f7000000, 0x00000000f7000000, 0x00000000f8000000|  0%| F|  |TAMS 0x00000000f7000000, 0x00000000f7000000| Untracked 
| 118|0x00000000f8000000, 0x00000000f8000000, 0x00000000f9000000|  0%| F|  |TAMS 0x00000000f8000000, 0x00000000f8000000| Untracked 
| 119|0x00000000f9000000, 0x00000000f97edf20, 0x00000000fa000000| 49%| E|  |TAMS 0x00000000f9000000, 0x00000000f9000000| Complete 
| 120|0x00000000fa000000, 0x00000000fb000000, 0x00000000fb000000|100%| E|CS|TAMS 0x00000000fa000000, 0x00000000fa000000| Complete 
| 121|0x00000000fb000000, 0x00000000fc000000, 0x00000000fc000000|100%| E|CS|TAMS 0x00000000fb000000, 0x00000000fb000000| Complete 
|1916|0x00000007fe000000, 0x00000007fef75000, 0x00000007ff000000| 96%|OA|  |TAMS 0x00000007fe000000, 0x00000007fe000000| Untracked 
|1917|0x00000007ff000000, 0x00000007ff078000, 0x0000000800000000|  2%|CA|  |TAMS 0x00000007ff000000, 0x00000007ff000000| Untracked 

Card table byte_map: [0x00007c736562d000,0x00007c736921d000] _byte_map_base: 0x00007c736521d000

Marking Bits (Prev, Next): (CMBitMap*) 0x00007c7384061050, (CMBitMap*) 0x00007c7384061090
 Prev Bits: [0x00007c7343abd000, 0x00007c7361a3d000)
 Next Bits: [0x00007c7325b3d000, 0x00007c7343abd000)

Polling page: 0x00007c738a3ae000

Metaspace:

Usage:
  Non-class:      4.33 MB used.
      Class:    404.80 KB used.
       Both:      4.73 MB used.

Virtual space:
  Non-class space:       64.00 MB reserved,       4.44 MB (  7%) committed,  1 nodes.
      Class space:        1.00 GB reserved,     512.00 KB ( <1%) committed,  1 nodes.
             Both:        1.06 GB reserved,       4.94 MB ( <1%) committed. 

Chunk freelists:
   Non-Class:  9.17 MB
       Class:  15.47 MB
        Both:  24.64 MB

MaxMetaspaceSize: unlimited
CompressedClassSpaceSize: 1.00 GB
Initial GC threshold: 21.00 MB
Current GC threshold: 21.00 MB
CDS: on
MetaspaceReclaimPolicy: balanced
 - commit_granule_bytes: 65536.
 - commit_granule_words: 8192.
 - virtual_space_node_default_size: 8388608.
 - enlarge_chunks_in_place: 1.
 - new_chunks_are_fully_committed: 0.
 - uncommit_free_chunks: 1.
 - use_allocation_guard: 0.
 - handle_deallocations: 1.


Internal statistics:

num_allocs_failed_limit: 0.
num_arena_births: 52.
num_arena_deaths: 0.
num_vsnodes_births: 2.
num_vsnodes_deaths: 0.
num_space_committed: 79.
num_space_uncommitted: 0.
num_chunks_returned_to_freelist: 0.
num_chunks_taken_from_freelist: 175.
num_chunk_merges: 0.
num_chunk_splits: 137.
num_chunks_enlarged: 116.
num_inconsistent_stats: 0.

CodeHeap 'non-profiled nmethods': size=119168Kb used=260Kb max_used=260Kb free=118907Kb
 bounds [0x00007c7374da0000, 0x00007c7375010000, 0x00007c737c200000]
CodeHeap 'profiled nmethods': size=119164Kb used=1509Kb max_used=1509Kb free=117654Kb
 bounds [0x00007c736d200000, 0x00007c736d470000, 0x00007c737465f000]
CodeHeap 'non-nmethods': size=7428Kb used=1766Kb max_used=1781Kb free=5661Kb
 bounds [0x00007c737465f000, 0x00007c73748cf000, 0x00007c7374da0000]
 total_blobs=1357 nmethods=848 adapters=422
 compilation: enabled
              stopped_count=0, restarted_count=0
 full_count=0

Compilation events (20 events):
Event: 0.235 Thread 0x00007c72a80667b0  835       1       com.github.grishberg.cad3d.plugin.cfg.ThumbClusterSettings::getYOffset (5 bytes)
Event: 0.235 Thread 0x00007c73841f55c0 nmethod 834 0x00007c7374dde290 code [0x00007c7374dde420, 0x00007c7374dde4f0]
Event: 0.235 Thread 0x00007c73841f55c0  836       1       com.github.grishberg.cad3d.plugin.cfg.ThumbClusterSettings::getZOffset (5 bytes)
Event: 0.235 Thread 0x00007c72a80667b0 nmethod 835 0x00007c7374dde590 code [0x00007c7374dde720, 0x00007c7374dde7f0]
Event: 0.235 Thread 0x00007c73841f55c0 nmethod 836 0x00007c7374dde890 code [0x00007c7374ddea20, 0x00007c7374ddeaf0]
Event: 0.236 Thread 0x00007c73841f55c0  838       3       com.github.grishberg.cad3d.keyboard.Utils::hull (26 bytes)
Event: 0.236 Thread 0x00007c72a80667b0  839       3       com.cadoodlecad.manifold.ManifoldBindings::union (13 bytes)
Event: 0.236 Thread 0x00007c72a80667b0 nmethod 839 0x00007c736d377090 code [0x00007c736d377240, 0x00007c736d3773b0]
Event: 0.236 Thread 0x00007c73841f55c0 nmethod 838 0x00007c736d377490 code [0x00007c736d377720, 0x00007c736d3782c0]
Event: 0.236 Thread 0x00007c73841f4090  840       4       eu.printingin3d.javascad.coords.Basic3dFunc::add (32 bytes)
Event: 0.237 Thread 0x00007c73841f55c0  841       1       jdk.internal.loader.Resource::getManifest (2 bytes)
Event: 0.237 Thread 0x00007c73841f55c0 nmethod 841 0x00007c7374ddf310 code [0x00007c7374ddf4a0, 0x00007c7374ddf570]
Event: 0.237 Thread 0x00007c73841f55c0  843       1       jdk.internal.loader.Resource::getCodeSigners (2 bytes)
Event: 0.237 Thread 0x00007c73841f55c0 nmethod 843 0x00007c7374ddf610 code [0x00007c7374ddf7a0, 0x00007c7374ddf870]
Event: 0.237 Thread 0x00007c73841f4090 nmethod 840 0x00007c7374ddf910 code [0x00007c7374ddfaa0, 0x00007c7374ddfbf8]
Event: 0.240 Thread 0x00007c73841f55c0  844       3       java.util.Arrays::asList (9 bytes)
Event: 0.240 Thread 0x00007c72a80667b0  845       3       java.util.Arrays$ArrayList::<init> (16 bytes)
Event: 0.240 Thread 0x00007c72a80667b0 nmethod 845 0x00007c736d378710 code [0x00007c736d3788e0, 0x00007c736d378cc0]
Event: 0.240 Thread 0x00007c73841f55c0 nmethod 844 0x00007c736d378e10 code [0x00007c736d378fe0, 0x00007c736d379460]
Event: 0.246 Thread 0x00007c73841f4090  846       4       jdk.internal.misc.Unsafe::allocateUninitializedArray (55 bytes)

GC Heap History (2 events):
Event: 0.221 GC heap before
{Heap before GC invocations=0 (full 0):
 garbage-first heap   total 2031616K, used 114612K [0x0000000082000000, 0x0000000800000000)
  region size 16384K, 6 young (98304K), 0 survivors (0K)
 Metaspace       used 4772K, committed 4992K, reserved 1114112K
  class space    used 392K, committed 512K, reserved 1048576K
}
Event: 0.222 GC heap after
{Heap after GC invocations=1 (full 0):
 garbage-first heap   total 2031616K, used 18177K [0x0000000082000000, 0x0000000800000000)
  region size 16384K, 1 young (16384K), 1 survivors (16384K)
 Metaspace       used 4772K, committed 4992K, reserved 1114112K
  class space    used 392K, committed 512K, reserved 1048576K
}

Dll operation events (9 events):
Event: 0.001 Loaded shared library /home/grishberg/.gradle/jdks/eclipse_adoptium-17-amd64-linux/jdk-17.0.19+10/lib/libjava.so
Event: 0.014 Loaded shared library /home/grishberg/.gradle/jdks/eclipse_adoptium-17-amd64-linux/jdk-17.0.19+10/lib/libjsvml.so
Event: 0.022 Loaded shared library /home/grishberg/.gradle/jdks/eclipse_adoptium-17-amd64-linux/jdk-17.0.19+10/lib/libnio.so
Event: 0.023 Loaded shared library /home/grishberg/.gradle/jdks/eclipse_adoptium-17-amd64-linux/jdk-17.0.19+10/lib/libzip.so
Event: 0.056 Loaded shared library /home/grishberg/.gradle/jdks/eclipse_adoptium-17-amd64-linux/jdk-17.0.19+10/lib/libjimage.so
Event: 0.059 Loaded shared library /home/grishberg/.gradle/jdks/eclipse_adoptium-17-amd64-linux/jdk-17.0.19+10/lib/libnet.so
Event: 0.069 Loaded shared library /tmp/manifold3d6120376762773261202/libmanifold.so.3
Event: 0.071 Loaded shared library /tmp/manifold3d6120376762773261202/libmanifoldc.so.3
Event: 0.072 Loaded shared library /tmp/manifold3d6120376762773261202/libmanifold_jni.so

Deoptimization events (18 events):
Event: 0.086 Thread 0x00007c738402aac0 DEOPT PACKING pc=0x00007c736d2135b6 sp=0x00007c7388bf6890
Event: 0.086 Thread 0x00007c738402aac0 DEOPT UNPACKING pc=0x00007c73746b5e2f sp=0x00007c7388bf5cd0 mode 0
Event: 0.090 Thread 0x00007c738402aac0 DEOPT PACKING pc=0x00007c736d202342 sp=0x00007c7388bfda70
Event: 0.090 Thread 0x00007c738402aac0 DEOPT UNPACKING pc=0x00007c73746b5e2f sp=0x00007c7388bfcf08 mode 0
Event: 0.090 Thread 0x00007c738402aac0 DEOPT PACKING pc=0x00007c736d20ca3c sp=0x00007c7388bfd880
Event: 0.090 Thread 0x00007c738402aac0 DEOPT UNPACKING pc=0x00007c73746b5e2f sp=0x00007c7388bfccf0 mode 0
Event: 0.092 Thread 0x00007c738402aac0 DEOPT PACKING pc=0x00007c736d202342 sp=0x00007c7388bf46d0
Event: 0.092 Thread 0x00007c738402aac0 DEOPT UNPACKING pc=0x00007c73746b5e2f sp=0x00007c7388bf3b68 mode 0
Event: 0.093 Thread 0x00007c738402aac0 DEOPT PACKING pc=0x00007c736d20ca3c sp=0x00007c7388bfc430
Event: 0.093 Thread 0x00007c738402aac0 DEOPT UNPACKING pc=0x00007c73746b5e2f sp=0x00007c7388bfb8a0 mode 0
Event: 0.094 Thread 0x00007c738402aac0 DEOPT PACKING pc=0x00007c736d202342 sp=0x00007c7388bfc0b0
Event: 0.094 Thread 0x00007c738402aac0 DEOPT UNPACKING pc=0x00007c73746b5e2f sp=0x00007c7388bfb548 mode 0
Event: 0.094 Thread 0x00007c738402aac0 DEOPT PACKING pc=0x00007c736d20ca3c sp=0x00007c7388bfc150
Event: 0.094 Thread 0x00007c738402aac0 DEOPT UNPACKING pc=0x00007c73746b5e2f sp=0x00007c7388bfb5c0 mode 0
Event: 0.208 Thread 0x00007c728405d720 Uncommon trap: trap_request=0xffffff6e fr.pc=0x00007c7374dbeb3c relative=0x000000000000041c
Event: 0.208 Thread 0x00007c728405d720 Uncommon trap: reason=loop_limit_check action=maybe_recompile pc=0x00007c7374dbeb3c method=java.lang.StringLatin1.indexOf([BI[BII)I @ 37 c2
Event: 0.208 Thread 0x00007c728405d720 DEOPT PACKING pc=0x00007c7374dbeb3c sp=0x00007c73149fe1c0
Event: 0.208 Thread 0x00007c728405d720 DEOPT UNPACKING pc=0x00007c73746b5699 sp=0x00007c73149fe140 mode 2

Classes loaded (20 events):
Event: 0.098 Loading class java/util/concurrent/atomic/AtomicIntegerFieldUpdater$AtomicIntegerFieldUpdaterImpl
Event: 0.098 Loading class java/util/concurrent/atomic/AtomicIntegerFieldUpdater$AtomicIntegerFieldUpdaterImpl done
Event: 0.098 Loading class java/util/concurrent/atomic/AtomicIntegerFieldUpdater$AtomicIntegerFieldUpdaterImpl$1
Event: 0.098 Loading class java/util/concurrent/atomic/AtomicIntegerFieldUpdater$AtomicIntegerFieldUpdaterImpl$1 done
Event: 0.098 Loading class java/util/concurrent/atomic/AtomicReferenceFieldUpdater
Event: 0.098 Loading class java/util/concurrent/atomic/AtomicReferenceFieldUpdater done
Event: 0.098 Loading class java/util/concurrent/atomic/AtomicReferenceFieldUpdater$AtomicReferenceFieldUpdaterImpl
Event: 0.098 Loading class java/util/concurrent/atomic/AtomicReferenceFieldUpdater$AtomicReferenceFieldUpdaterImpl done
Event: 0.098 Loading class java/util/concurrent/atomic/AtomicReferenceFieldUpdater$AtomicReferenceFieldUpdaterImpl$1
Event: 0.098 Loading class java/util/concurrent/atomic/AtomicReferenceFieldUpdater$AtomicReferenceFieldUpdaterImpl$1 done
Event: 0.099 Loading class java/util/concurrent/atomic/AtomicReferenceArray
Event: 0.099 Loading class java/util/concurrent/atomic/AtomicReferenceArray done
Event: 0.110 Loading class java/lang/NoSuchFieldError
Event: 0.110 Loading class java/lang/NoSuchFieldError done
Event: 0.115 Loading class java/lang/StrictMath
Event: 0.115 Loading class java/lang/StrictMath done
Event: 0.130 Loading class java/util/concurrent/CancellationException
Event: 0.130 Loading class java/util/concurrent/CancellationException done
Event: 0.143 Loading class java/util/Collections$SingletonList
Event: 0.144 Loading class java/util/Collections$SingletonList done

Classes unloaded (0 events):
No events

Classes redefined (0 events):
No events

Internal exceptions (4 events):
Event: 0.058 Thread 0x00007c738402aac0 Exception <a 'sun/nio/fs/UnixException'{0x00000000fb188310}> (0x00000000fb188310) 
thrown [src/hotspot/share/prims/jni.cpp, line 516]
Event: 0.070 Thread 0x00007c738402aac0 Exception <a 'sun/nio/fs/UnixException'{0x00000000fb192008}> (0x00000000fb192008) 
thrown [src/hotspot/share/prims/jni.cpp, line 516]
Event: 0.071 Thread 0x00007c738402aac0 Exception <a 'sun/nio/fs/UnixException'{0x00000000fb1a4708}> (0x00000000fb1a4708) 
thrown [src/hotspot/share/prims/jni.cpp, line 516]
Event: 0.208 Thread 0x00007c728405d720 Exception <a 'java/lang/NoSuchMethodError'{0x00000000f9ef5850}: 'java.lang.Object java.lang.invoke.DirectMethodHandle$Holder.newInvokeSpecial(java.lang.Object, java.lang.Object, java.lang.Object, java.lang.Object, java.lang.Object, java.lang.Object)'> (0x00000000f9ef5850) 
thrown [src/hotspot/share/interpreter/linkResolver.cpp, line 758]

VM Operations (2 events):
Event: 0.220 Executing VM operation: G1CollectForAllocation
Event: 0.222 Executing VM operation: G1CollectForAllocation done

Memory protections (20 events):
Event: 0.001 Protecting memory [0x00007c7388b00000,0x00007c7388b04000] with protection modes 0
Event: 0.015 Protecting memory [0x00007c732453c000,0x00007c7324540000] with protection modes 0
Event: 0.016 Protecting memory [0x00007c732443c000,0x00007c7324440000] with protection modes 0
Event: 0.017 Protecting memory [0x00007c732433c000,0x00007c7324340000] with protection modes 0
Event: 0.017 Protecting memory [0x00007c732423c000,0x00007c7324240000] with protection modes 0
Event: 0.017 Protecting memory [0x00007c732413c000,0x00007c7324140000] with protection modes 0
Event: 0.017 Protecting memory [0x00007c732403c000,0x00007c7324040000] with protection modes 0
Event: 0.017 Protecting memory [0x00007c7315900000,0x00007c7315904000] with protection modes 0
Event: 0.017 Protecting memory [0x00007c7315800000,0x00007c7315804000] with protection modes 0
Event: 0.019 Protecting memory [0x00007c7315700000,0x00007c7315704000] with protection modes 0
Event: 0.020 Protecting memory [0x00007c73154ff000,0x00007c7315503000] with protection modes 0
Event: 0.042 Protecting memory [0x00007c73153ff000,0x00007c7315403000] with protection modes 0
Event: 0.086 Protecting memory [0x00007c7314f00000,0x00007c7314f04000] with protection modes 0
Event: 0.130 Protecting memory [0x00007c7314e00000,0x00007c7314e04000] with protection modes 0
Event: 0.130 Protecting memory [0x00007c7314d00000,0x00007c7314d04000] with protection modes 0
Event: 0.136 Protecting memory [0x00007c7314c00000,0x00007c7314c04000] with protection modes 0
Event: 0.137 Protecting memory [0x00007c7314b00000,0x00007c7314b04000] with protection modes 0
Event: 0.137 Protecting memory [0x00007c7314a00000,0x00007c7314a04000] with protection modes 0
Event: 0.137 Protecting memory [0x00007c7314900000,0x00007c7314904000] with protection modes 0
Event: 0.209 Protecting memory [0x00007c7314800000,0x00007c7314804000] with protection modes 0

Nmethod flushes (0 events):
No events

Events (20 events):
Event: 0.014 Thread 0x00007c738402aac0 Thread added: 0x00007c738402aac0
Event: 0.015 Thread 0x00007c738402aac0 Thread added: 0x00007c73841e9530
Event: 0.016 Thread 0x00007c738402aac0 Thread added: 0x00007c73841ea910
Event: 0.017 Thread 0x00007c738402aac0 Thread added: 0x00007c73841efea0
Event: 0.017 Thread 0x00007c738402aac0 Thread added: 0x00007c73841f1250
Event: 0.017 Thread 0x00007c738402aac0 Thread added: 0x00007c73841f2660
Event: 0.017 Thread 0x00007c738402aac0 Thread added: 0x00007c73841f4090
Event: 0.017 Thread 0x00007c738402aac0 Thread added: 0x00007c73841f55c0
Event: 0.017 Thread 0x00007c738402aac0 Thread added: 0x00007c73841f6a30
Event: 0.019 Thread 0x00007c738402aac0 Thread added: 0x00007c73841fe730
Event: 0.020 Thread 0x00007c738402aac0 Thread added: 0x00007c7384201ec0
Event: 0.042 Thread 0x00007c73841f55c0 Thread added: 0x00007c72a80667b0
Event: 0.086 Thread 0x00007c73841f55c0 Thread added: 0x00007c72a80fe6f0
Event: 0.129 Thread 0x00007c738402aac0 Thread added: 0x00007c7384476ee0
Event: 0.130 Thread 0x00007c738402aac0 Thread added: 0x00007c7384477b10
Event: 0.136 Thread 0x00007c7384476ee0 Thread added: 0x00007c728406ebf0
Event: 0.137 Thread 0x00007c7384476ee0 Thread added: 0x00007c7284061100
Event: 0.137 Thread 0x00007c7384476ee0 Thread added: 0x00007c7284039c70
Event: 0.137 Thread 0x00007c7384476ee0 Thread added: 0x00007c728405d720
Event: 0.209 Thread 0x00007c728405d720 Thread added: 0x00007c72780fa7d0


Dynamic libraries:
82000000-fc000000 rw-p 00000000 00:00 0 
fc000000-7fe000000 ---p 00000000 00:00 0 
7fe000000-7fef00000 rw-p 00000000 00:00 0 
7fef00000-7fef75000 rw-p 00c7a000 103:01 75498865                        /home/grishberg/.gradle/jdks/eclipse_adoptium-17-amd64-linux/jdk-17.0.19+10/lib/server/classes.jsa
7fef75000-7ff000000 rw-p 00000000 00:00 0 
7ff000000-7ff078000 rw-p 00c02000 103:01 75498865                        /home/grishberg/.gradle/jdks/eclipse_adoptium-17-amd64-linux/jdk-17.0.19+10/lib/server/classes.jsa
7ff078000-800000000 rw-p 00000000 00:00 0 
57d596047000-57d596048000 r--p 00000000 103:01 75498845                  /home/grishberg/.gradle/jdks/eclipse_adoptium-17-amd64-linux/jdk-17.0.19+10/bin/java
57d596048000-57d596049000 r-xp 00001000 103:01 75498845                  /home/grishberg/.gradle/jdks/eclipse_adoptium-17-amd64-linux/jdk-17.0.19+10/bin/java
57d596049000-57d59604a000 r--p 00002000 103:01 75498845                  /home/grishberg/.gradle/jdks/eclipse_adoptium-17-amd64-linux/jdk-17.0.19+10/bin/java
57d59604a000-57d59604b000 r--p 00002000 103:01 75498845                  /home/grishberg/.gradle/jdks/eclipse_adoptium-17-amd64-linux/jdk-17.0.19+10/bin/java
57d59604b000-57d59604c000 rw-p 00003000 103:01 75498845                  /home/grishberg/.gradle/jdks/eclipse_adoptium-17-amd64-linux/jdk-17.0.19+10/bin/java
57d5ae749000-57d5ae792000 rw-p 00000000 00:00 0                          [heap]
7c723c000000-7c723c021000 rw-p 00000000 00:00 0 
7c723c021000-7c7240000000 ---p 00000000 00:00 0 
7c7244000000-7c7244021000 rw-p 00000000 00:00 0 
7c7244021000-7c7248000000 ---p 00000000 00:00 0 
7c7248000000-7c7248021000 rw-p 00000000 00:00 0 
7c7248021000-7c724c000000 ---p 00000000 00:00 0 
7c724c000000-7c724c021000 rw-p 00000000 00:00 0 
7c724c021000-7c7250000000 ---p 00000000 00:00 0 
7c7250000000-7c7250021000 rw-p 00000000 00:00 0 
7c7250021000-7c7254000000 ---p 00000000 00:00 0 
7c7254000000-7c7254021000 rw-p 00000000 00:00 0 
7c7254021000-7c7258000000 ---p 00000000 00:00 0 
7c7258000000-7c7258021000 rw-p 00000000 00:00 0 
7c7258021000-7c725c000000 ---p 00000000 00:00 0 
7c725c000000-7c725c021000 rw-p 00000000 00:00 0 
7c725c021000-7c7260000000 ---p 00000000 00:00 0 
7c7260000000-7c7260021000 rw-p 00000000 00:00 0 
7c7260021000-7c7264000000 ---p 00000000 00:00 0 
7c7264000000-7c7264021000 rw-p 00000000 00:00 0 
7c7264021000-7c7268000000 ---p 00000000 00:00 0 
7c7268000000-7c7268021000 rw-p 00000000 00:00 0 
7c7268021000-7c726c000000 ---p 00000000 00:00 0 
7c726c000000-7c726ca11000 rw-p 00000000 00:00 0 
7c726ca11000-7c7270000000 ---p 00000000 00:00 0 
7c7270000000-7c7270021000 rw-p 00000000 00:00 0 
7c7270021000-7c7274000000 ---p 00000000 00:00 0 
7c7274000000-7c727402d000 rw-p 00000000 00:00 0 
7c727402d000-7c7278000000 ---p 00000000 00:00 0 
7c7278000000-7c727817e000 rw-p 00000000 00:00 0 
7c727817e000-7c727c000000 ---p 00000000 00:00 0 
7c727c000000-7c727c12c000 rw-p 00000000 00:00 0 
7c727c12c000-7c7280000000 ---p 00000000 00:00 0 
7c7280000000-7c728009c000 rw-p 00000000 00:00 0 
7c728009c000-7c7284000000 ---p 00000000 00:00 0 
7c7284000000-7c7284070000 rw-p 00000000 00:00 0 
7c7284070000-7c7288000000 ---p 00000000 00:00 0 
7c7288000000-7c728855a000 rw-p 00000000 00:00 0 
7c728855a000-7c728c000000 ---p 00000000 00:00 0 
7c728c000000-7c728c242000 rw-p 00000000 00:00 0 
7c728c242000-7c7290000000 ---p 00000000 00:00 0 
7c7290000000-7c7290740000 rw-p 00000000 00:00 0 
7c7290740000-7c7294000000 ---p 00000000 00:00 0 
7c7294000000-7c7294021000 rw-p 00000000 00:00 0 
7c7294021000-7c7298000000 ---p 00000000 00:00 0 
7c7298000000-7c7298021000 rw-p 00000000 00:00 0 
7c7298021000-7c729c000000 ---p 00000000 00:00 0 
7c729c000000-7c729c021000 rw-p 00000000 00:00 0 
7c729c021000-7c72a0000000 ---p 00000000 00:00 0 
7c72a0000000-7c72a0021000 rw-p 00000000 00:00 0 
7c72a0021000-7c72a4000000 ---p 00000000 00:00 0 
7c72a4000000-7c72a44d3000 rw-p 00000000 00:00 0 
7c72a44d3000-7c72a8000000 ---p 00000000 00:00 0 
7c72a8000000-7c72a830d000 rw-p 00000000 00:00 0 
7c72a830d000-7c72ac000000 ---p 00000000 00:00 0 
7c72ac000000-7c72ac021000 rw-p 00000000 00:00 0 
7c72ac021000-7c72b0000000 ---p 00000000 00:00 0 
7c72b0000000-7c72b0021000 rw-p 00000000 00:00 0 
7c72b0021000-7c72b4000000 ---p 00000000 00:00 0 
7c72b4000000-7c72b4021000 rw-p 00000000 00:00 0 
7c72b4021000-7c72b8000000 ---p 00000000 00:00 0 
7c72b8000000-7c72b8021000 rw-p 00000000 00:00 0 
7c72b8021000-7c72bc000000 ---p 00000000 00:00 0 
7c72bc000000-7c72bc021000 rw-p 00000000 00:00 0 
7c72bc021000-7c72c0000000 ---p 00000000 00:00 0 
7c72c2713000-7c72c2afb000 rw-p 00000000 00:00 0 
7c72c2afb000-7c72c2afc000 ---p 00000000 00:00 0 
7c72c2afc000-7c72c2bfc000 rw-p 00000000 00:00 0 
7c72c2bfc000-7c72c2bfd000 ---p 00000000 00:00 0 
7c72c2bfd000-7c72c2cfd000 rw-p 00000000 00:00 0 
7c72c2cfd000-7c72c2cfe000 ---p 00000000 00:00 0 
7c72c2cfe000-7c72c2dfe000 rw-p 00000000 00:00 0 
7c72c2dfe000-7c72c2dff000 ---p 00000000 00:00 0 
7c72c2dff000-7c72c2eff000 rw-p 00000000 00:00 0 
7c72c2eff000-7c72c2f00000 ---p 00000000 00:00 0 
7c72c2f00000-7c72c3000000 rw-p 00000000 00:00 0 
7c72c3000000-7c72c3190000 rw-p 00000000 00:00 0 
7c72c3190000-7c72c3400000 ---p 00000000 00:00 0 
7c72c3400000-7c72c36e0000 rw-p 00000000 00:00 0 
7c72c36e0000-7c72c7000000 ---p 00000000 00:00 0 
7c72c7000000-7c72c7bca000 rw-p 00001000 103:01 75498865                  /home/grishberg/.gradle/jdks/eclipse_adoptium-17-amd64-linux/jdk-17.0.19+10/lib/server/classes.jsa
7c72c7bca000-7c72c8000000 ---p 00000000 00:00 0 
7c72c8000000-7c72c8040000 rw-p 00000000 00:00 0 
7c72c8040000-7c72c8070000 rw-p 00000000 00:00 0 
7c72c8070000-7c72c8080000 ---p 00000000 00:00 0 
7c72c8080000-7c72c8090000 rw-p 00000000 00:00 0 
7c72c8090000-7c7308000000 ---p 00000000 00:00 0 
7c7308000000-7c7308021000 rw-p 00000000 00:00 0 
7c7308021000-7c730c000000 ---p 00000000 00:00 0 
7c730c000000-7c730c021000 rw-p 00000000 00:00 0 
7c730c021000-7c7310000000 ---p 00000000 00:00 0 
7c7310000000-7c7310021000 rw-p 00000000 00:00 0 
7c7310021000-7c7314000000 ---p 00000000 00:00 0 
7c73140f9000-7c73140fa000 ---p 00000000 00:00 0 
7c73140fa000-7c73141fa000 rw-p 00000000 00:00 0 
7c73141fa000-7c73141fb000 ---p 00000000 00:00 0 
7c73141fb000-7c73142fb000 rw-p 00000000 00:00 0 
7c73142fb000-7c73142fc000 ---p 00000000 00:00 0 
7c73142fc000-7c73143fc000 rw-p 00000000 00:00 0 
7c73143fc000-7c73143fd000 ---p 00000000 00:00 0 
7c73143fd000-7c73144fd000 rw-p 00000000 00:00 0 
7c73144fd000-7c73144fe000 ---p 00000000 00:00 0 
7c73144fe000-7c73145fe000 rw-p 00000000 00:00 0 
7c73145fe000-7c73145ff000 ---p 00000000 00:00 0 
7c73145ff000-7c73146ff000 rw-p 00000000 00:00 0 
7c73146ff000-7c7314700000 ---p 00000000 00:00 0 
7c7314700000-7c7314800000 rw-p 00000000 00:00 0 
7c7314800000-7c7314804000 ---p 00000000 00:00 0 
7c7314804000-7c7314900000 rw-p 00000000 00:00 0 
7c7314900000-7c7314904000 ---p 00000000 00:00 0 
7c7314904000-7c7314a00000 rw-p 00000000 00:00 0 
7c7314a00000-7c7314a04000 ---p 00000000 00:00 0 
7c7314a04000-7c7314b00000 rw-p 00000000 00:00 0 
7c7314b00000-7c7314b04000 ---p 00000000 00:00 0 
7c7314b04000-7c7314c00000 rw-p 00000000 00:00 0 
7c7314c00000-7c7314c04000 ---p 00000000 00:00 0 
7c7314c04000-7c7314d00000 rw-p 00000000 00:00 0 
7c7314d00000-7c7314d04000 ---p 00000000 00:00 0 
7c7314d04000-7c7314e00000 rw-p 00000000 00:00 0 
7c7314e00000-7c7314e04000 ---p 00000000 00:00 0 
7c7314e04000-7c7314f00000 rw-p 00000000 00:00 0 
7c7314f00000-7c7314f04000 ---p 00000000 00:00 0 
7c7314f04000-7c7315000000 rw-p 00000000 00:00 0 
7c7315000000-7c731509d000 r--p 00000000 103:01 90443236                  /usr/lib/x86_64-linux-gnu/libstdc++.so.6.0.33
7c731509d000-7c73151e5000 r-xp 0009d000 103:01 90443236                  /usr/lib/x86_64-linux-gnu/libstdc++.so.6.0.33
7c73151e5000-7c731526c000 r--p 001e5000 103:01 90443236                  /usr/lib/x86_64-linux-gnu/libstdc++.so.6.0.33
7c731526c000-7c7315277000 r--p 0026b000 103:01 90443236                  /usr/lib/x86_64-linux-gnu/libstdc++.so.6.0.33
7c7315277000-7c731527a000 rw-p 00276000 103:01 90443236                  /usr/lib/x86_64-linux-gnu/libstdc++.so.6.0.33
7c731527a000-7c731527e000 rw-p 00000000 00:00 0 
7c731529a000-7c73152c1000 r--p 00000000 103:01 51524696                  /tmp/manifold3d6120376762773261202/libmanifold.so.3
7c73152c1000-7c73153dd000 r-xp 00027000 103:01 51524696                  /tmp/manifold3d6120376762773261202/libmanifold.so.3
7c73153dd000-7c73153fc000 r--p 00143000 103:01 51524696                  /tmp/manifold3d6120376762773261202/libmanifold.so.3
7c73153fc000-7c73153fd000 r--p 00162000 103:01 51524696                  /tmp/manifold3d6120376762773261202/libmanifold.so.3
7c73153fd000-7c73153ff000 rw-p 00163000 103:01 51524696                  /tmp/manifold3d6120376762773261202/libmanifold.so.3
7c73153ff000-7c7315403000 ---p 00000000 00:00 0 
7c7315403000-7c73154ff000 rw-p 00000000 00:00 0 
7c73154ff000-7c7315503000 ---p 00000000 00:00 0 
7c7315503000-7c73155ff000 rw-p 00000000 00:00 0 
7c73155ff000-7c7315600000 ---p 00000000 00:00 0 
7c7315600000-7c7315700000 rw-p 00000000 00:00 0 
7c7315700000-7c7315704000 ---p 00000000 00:00 0 
7c7315704000-7c7315800000 rw-p 00000000 00:00 0 
7c7315800000-7c7315804000 ---p 00000000 00:00 0 
7c7315804000-7c7315900000 rw-p 00000000 00:00 0 
7c7315900000-7c7315904000 ---p 00000000 00:00 0 
7c7315904000-7c7315a00000 rw-p 00000000 00:00 0 
7c7315a00000-7c7315f75000 r--p 00000000 103:01 90475490                  /usr/lib/locale/locale-archive
7c7315fd2000-7c7315fd6000 r--p 00000000 103:01 90443244                  /usr/lib/x86_64-linux-gnu/libgcc_s.so.1
7c7315fd6000-7c7315ffa000 r-xp 00004000 103:01 90443244                  /usr/lib/x86_64-linux-gnu/libgcc_s.so.1
7c7315ffa000-7c7315ffe000 r--p 00028000 103:01 90443244                  /usr/lib/x86_64-linux-gnu/libgcc_s.so.1
7c7315ffe000-7c7315fff000 r--p 0002b000 103:01 90443244                  /usr/lib/x86_64-linux-gnu/libgcc_s.so.1
7c7315fff000-7c7316000000 rw-p 0002c000 103:01 90443244                  /usr/lib/x86_64-linux-gnu/libgcc_s.so.1
7c7316000000-7c7318021000 rw-p 00000000 00:00 0 
7c7318021000-7c731c000000 ---p 00000000 00:00 0 
7c731c000000-7c731c021000 rw-p 00000000 00:00 0 
7c731c021000-7c7320000000 ---p 00000000 00:00 0 
7c7320000000-7c7320021000 rw-p 00000000 00:00 0 
7c7320021000-7c7324000000 ---p 00000000 00:00 0 
7c7324014000-7c7324020000 r--p 00000000 103:01 51524707                  /tmp/manifold3d6120376762773261202/libmanifoldc.so.3
7c7324020000-7c7324033000 r-xp 0000c000 103:01 51524707                  /tmp/manifold3d6120376762773261202/libmanifoldc.so.3
7c7324033000-7c732403a000 r--p 0001f000 103:01 51524707                  /tmp/manifold3d6120376762773261202/libmanifoldc.so.3
7c732403a000-7c732403b000 r--p 00025000 103:01 51524707                  /tmp/manifold3d6120376762773261202/libmanifoldc.so.3
7c732403b000-7c732403c000 rw-p 00026000 103:01 51524707                  /tmp/manifold3d6120376762773261202/libmanifoldc.so.3
7c732403c000-7c7324040000 ---p 00000000 00:00 0 
7c7324040000-7c732413c000 rw-p 00000000 00:00 0 
7c732413c000-7c7324140000 ---p 00000000 00:00 0 
7c7324140000-7c732423c000 rw-p 00000000 00:00 0 
7c732423c000-7c7324240000 ---p 00000000 00:00 0 
7c7324240000-7c732433c000 rw-p 00000000 00:00 0 
7c732433c000-7c7324340000 ---p 00000000 00:00 0 
7c7324340000-7c732443c000 rw-p 00000000 00:00 0 
7c732443c000-7c7324440000 ---p 00000000 00:00 0 
7c7324440000-7c732453c000 rw-p 00000000 00:00 0 
7c732453c000-7c7324540000 ---p 00000000 00:00 0 
7c7324540000-7c732463c000 rw-p 00000000 00:00 0 
7c732463c000-7c732463d000 ---p 00000000 00:00 0 
7c732463d000-7c732473d000 rw-p 00000000 00:00 0 
7c732473d000-7c7324742000 r--p 00000000 103:01 75498881                  /home/grishberg/.gradle/jdks/eclipse_adoptium-17-amd64-linux/jdk-17.0.19+10/lib/libjsvml.so
7c7324742000-7c7324783000 r-xp 00005000 103:01 75498881                  /home/grishberg/.gradle/jdks/eclipse_adoptium-17-amd64-linux/jdk-17.0.19+10/lib/libjsvml.so
7c7324783000-7c732480c000 r--p 00046000 103:01 75498881                  /home/grishberg/.gradle/jdks/eclipse_adoptium-17-amd64-linux/jdk-17.0.19+10/lib/libjsvml.so
7c732480c000-7c732480d000 r--p 000ce000 103:01 75498881                  /home/grishberg/.gradle/jdks/eclipse_adoptium-17-amd64-linux/jdk-17.0.19+10/lib/libjsvml.so
7c732480d000-7c732480e000 rw-p 000cf000 103:01 75498881                  /home/grishberg/.gradle/jdks/eclipse_adoptium-17-amd64-linux/jdk-17.0.19+10/lib/libjsvml.so
7c732480e000-7c732492b000 rw-p 00000000 00:00 0 
7c732492b000-7c732492c000 ---p 00000000 00:00 0 
7c732492c000-7c7324a2c000 rw-p 00000000 00:00 0 
7c7324a2c000-7c7324a2d000 ---p 00000000 00:00 0 
7c7324a2d000-7c7324b2d000 rw-p 00000000 00:00 0 
7c7324b2d000-7c732583a000 rw-p 00000000 00:00 0 
7c732583a000-7c732583b000 ---p 00000000 00:00 0 
7c732583b000-7c732593b000 rw-p 00000000 00:00 0 
7c732593b000-7c732593c000 ---p 00000000 00:00 0 
7c732593c000-7c7325a3c000 rw-p 00000000 00:00 0 
7c7325a3c000-7c7325a3d000 ---p 00000000 00:00 0 
7c7325a3d000-7c7325b3d000 rw-p 00000000 00:00 0 
7c7325b3d000-7c73279bd000 rw-p 00000000 00:00 0 
7c73279bd000-7c7343a3d000 ---p 00000000 00:00 0 
7c7343a3d000-7c734593d000 rw-p 00000000 00:00 0 
7c734593d000-7c73619bd000 ---p 00000000 00:00 0 
7c73619bd000-7c7361e0d000 rw-p 00000000 00:00 0 
7c7361e0d000-7c736561d000 ---p 00000000 00:00 0 
7c736561d000-7c73659fd000 rw-p 00000000 00:00 0 
7c73659fd000-7c736920d000 ---p 00000000 00:00 0 
7c736920d000-7c73695ed000 rw-p 00000000 00:00 0 
7c73695ed000-7c736cdfd000 ---p 00000000 00:00 0 
7c736cdfd000-7c736d200000 rw-p 00000000 00:00 0 
7c736d200000-7c736d470000 rwxp 00000000 00:00 0 
7c736d470000-7c737465f000 ---p 00000000 00:00 0 
7c737465f000-7c73748cf000 rwxp 00000000 00:00 0 
7c73748cf000-7c7374da0000 ---p 00000000 00:00 0 
7c7374da0000-7c7375010000 rwxp 00000000 00:00 0 
7c7375010000-7c737c200000 ---p 00000000 00:00 0 
7c737c200000-7c7383e3b000 r--s 00000000 103:01 75498899                  /home/grishberg/.gradle/jdks/eclipse_adoptium-17-amd64-linux/jdk-17.0.19+10/lib/modules
7c7383e3c000-7c7383e41000 r--p 00000000 103:01 51524722                  /tmp/manifold3d6120376762773261202/libmanifold_jni.so
7c7383e41000-7c7383e44000 r-xp 00005000 103:01 51524722                  /tmp/manifold3d6120376762773261202/libmanifold_jni.so
7c7383e44000-7c7383e45000 r--p 00008000 103:01 51524722                  /tmp/manifold3d6120376762773261202/libmanifold_jni.so
7c7383e45000-7c7383e46000 r--p 00009000 103:01 51524722                  /tmp/manifold3d6120376762773261202/libmanifold_jni.so
7c7383e46000-7c7383e47000 rw-p 0000a000 103:01 51524722                  /tmp/manifold3d6120376762773261202/libmanifold_jni.so
7c7383e47000-7c738448a000 rw-p 00000000 00:00 0 
7c738448a000-7c7388000000 ---p 00000000 00:00 0 
7c7388006000-7c7388008000 r--p 00000000 103:01 75498880                  /home/grishberg/.gradle/jdks/eclipse_adoptium-17-amd64-linux/jdk-17.0.19+10/lib/libzip.so
7c7388008000-7c738801b000 r-xp 00002000 103:01 75498880                  /home/grishberg/.gradle/jdks/eclipse_adoptium-17-amd64-linux/jdk-17.0.19+10/lib/libzip.so
7c738801b000-7c7388022000 r--p 00015000 103:01 75498880                  /home/grishberg/.gradle/jdks/eclipse_adoptium-17-amd64-linux/jdk-17.0.19+10/lib/libzip.so
7c7388022000-7c7388023000 ---p 0001c000 103:01 75498880                  /home/grishberg/.gradle/jdks/eclipse_adoptium-17-amd64-linux/jdk-17.0.19+10/lib/libzip.so
7c7388023000-7c7388024000 r--p 0001c000 103:01 75498880                  /home/grishberg/.gradle/jdks/eclipse_adoptium-17-amd64-linux/jdk-17.0.19+10/lib/libzip.so
7c7388024000-7c7388025000 rw-p 0001d000 103:01 75498880                  /home/grishberg/.gradle/jdks/eclipse_adoptium-17-amd64-linux/jdk-17.0.19+10/lib/libzip.so
7c7388025000-7c7388933000 rw-p 00000000 00:00 0 
7c7388933000-7c7388a17000 ---p 00000000 00:00 0 
7c7388a17000-7c7388a1c000 rw-p 00000000 00:00 0 
7c7388a1c000-7c7388b00000 ---p 00000000 00:00 0 
7c7388b00000-7c7388b04000 ---p 00000000 00:00 0 
7c7388b04000-7c7388c00000 rw-p 00000000 00:00 0 
7c7388c00000-7c7388e53000 r--p 00000000 103:01 75498866                  /home/grishberg/.gradle/jdks/eclipse_adoptium-17-amd64-linux/jdk-17.0.19+10/lib/server/libjvm.so
7c7388e53000-7c7389b7b000 r-xp 00253000 103:01 75498866                  /home/grishberg/.gradle/jdks/eclipse_adoptium-17-amd64-linux/jdk-17.0.19+10/lib/server/libjvm.so
7c7389b7b000-7c7389e08000 r--p 00f7b000 103:01 75498866                  /home/grishberg/.gradle/jdks/eclipse_adoptium-17-amd64-linux/jdk-17.0.19+10/lib/server/libjvm.so
7c7389e08000-7c7389e09000 ---p 01208000 103:01 75498866                  /home/grishberg/.gradle/jdks/eclipse_adoptium-17-amd64-linux/jdk-17.0.19+10/lib/server/libjvm.so
7c7389e09000-7c7389ec2000 r--p 01208000 103:01 75498866                  /home/grishberg/.gradle/jdks/eclipse_adoptium-17-amd64-linux/jdk-17.0.19+10/lib/server/libjvm.so
7c7389ec2000-7c7389ef7000 rw-p 012c1000 103:01 75498866                  /home/grishberg/.gradle/jdks/eclipse_adoptium-17-amd64-linux/jdk-17.0.19+10/lib/server/libjvm.so
7c7389ef7000-7c7389f52000 rw-p 00000000 00:00 0 
7c7389f57000-7c738a000000 rw-p 00000000 00:00 0 
7c738a000000-7c738a028000 r--p 00000000 103:01 90442148                  /usr/lib/x86_64-linux-gnu/libc.so.6
7c738a028000-7c738a1b0000 r-xp 00028000 103:01 90442148                  /usr/lib/x86_64-linux-gnu/libc.so.6
7c738a1b0000-7c738a1ff000 r--p 001b0000 103:01 90442148                  /usr/lib/x86_64-linux-gnu/libc.so.6
7c738a1ff000-7c738a203000 r--p 001fe000 103:01 90442148                  /usr/lib/x86_64-linux-gnu/libc.so.6
7c738a203000-7c738a205000 rw-p 00202000 103:01 90442148                  /usr/lib/x86_64-linux-gnu/libc.so.6
7c738a205000-7c738a212000 rw-p 00000000 00:00 0 
7c738a21c000-7c738a220000 r--p 00000000 103:01 75498890                  /home/grishberg/.gradle/jdks/eclipse_adoptium-17-amd64-linux/jdk-17.0.19+10/lib/libnet.so
7c738a220000-7c738a22e000 r-xp 00004000 103:01 75498890                  /home/grishberg/.gradle/jdks/eclipse_adoptium-17-amd64-linux/jdk-17.0.19+10/lib/libnet.so
7c738a22e000-7c738a232000 r--p 00012000 103:01 75498890                  /home/grishberg/.gradle/jdks/eclipse_adoptium-17-amd64-linux/jdk-17.0.19+10/lib/libnet.so
7c738a232000-7c738a233000 r--p 00015000 103:01 75498890                  /home/grishberg/.gradle/jdks/eclipse_adoptium-17-amd64-linux/jdk-17.0.19+10/lib/libnet.so
7c738a233000-7c738a234000 rw-p 00016000 103:01 75498890                  /home/grishberg/.gradle/jdks/eclipse_adoptium-17-amd64-linux/jdk-17.0.19+10/lib/libnet.so
7c738a234000-7c738a23b000 r--p 00000000 103:01 75498910                  /home/grishberg/.gradle/jdks/eclipse_adoptium-17-amd64-linux/jdk-17.0.19+10/lib/libnio.so
7c738a23b000-7c738a244000 r-xp 00007000 103:01 75498910                  /home/grishberg/.gradle/jdks/eclipse_adoptium-17-amd64-linux/jdk-17.0.19+10/lib/libnio.so
7c738a244000-7c738a248000 r--p 00010000 103:01 75498910                  /home/grishberg/.gradle/jdks/eclipse_adoptium-17-amd64-linux/jdk-17.0.19+10/lib/libnio.so
7c738a248000-7c738a249000 ---p 00014000 103:01 75498910                  /home/grishberg/.gradle/jdks/eclipse_adoptium-17-amd64-linux/jdk-17.0.19+10/lib/libnio.so
7c738a249000-7c738a24a000 r--p 00014000 103:01 75498910                  /home/grishberg/.gradle/jdks/eclipse_adoptium-17-amd64-linux/jdk-17.0.19+10/lib/libnio.so
7c738a24a000-7c738a24b000 rw-p 00015000 103:01 75498910                  /home/grishberg/.gradle/jdks/eclipse_adoptium-17-amd64-linux/jdk-17.0.19+10/lib/libnio.so
7c738a24b000-7c738a250000 rw-p 00000000 00:00 0 
7c738a250000-7c738a25a000 ---p 00000000 00:00 0 
7c738a25a000-7c738a268000 r--p 00000000 103:01 75498920                  /home/grishberg/.gradle/jdks/eclipse_adoptium-17-amd64-linux/jdk-17.0.19+10/lib/libjava.so
7c738a268000-7c738a27a000 r-xp 0000e000 103:01 75498920                  /home/grishberg/.gradle/jdks/eclipse_adoptium-17-amd64-linux/jdk-17.0.19+10/lib/libjava.so
7c738a27a000-7c738a280000 r--p 00020000 103:01 75498920                  /home/grishberg/.gradle/jdks/eclipse_adoptium-17-amd64-linux/jdk-17.0.19+10/lib/libjava.so
7c738a280000-7c738a281000 ---p 00026000 103:01 75498920                  /home/grishberg/.gradle/jdks/eclipse_adoptium-17-amd64-linux/jdk-17.0.19+10/lib/libjava.so
7c738a281000-7c738a282000 r--p 00026000 103:01 75498920                  /home/grishberg/.gradle/jdks/eclipse_adoptium-17-amd64-linux/jdk-17.0.19+10/lib/libjava.so
7c738a282000-7c738a283000 rw-p 00027000 103:01 75498920                  /home/grishberg/.gradle/jdks/eclipse_adoptium-17-amd64-linux/jdk-17.0.19+10/lib/libjava.so
7c738a283000-7c738a284000 rw-p 00000000 00:00 0 
7c738a284000-7c738a288000 r--p 00000000 103:01 75498904                  /home/grishberg/.gradle/jdks/eclipse_adoptium-17-amd64-linux/jdk-17.0.19+10/lib/libjimage.so
7c738a288000-7c738a29b000 r-xp 00004000 103:01 75498904                  /home/grishberg/.gradle/jdks/eclipse_adoptium-17-amd64-linux/jdk-17.0.19+10/lib/libjimage.so
7c738a29b000-7c738a2a1000 r--p 00017000 103:01 75498904                  /home/grishberg/.gradle/jdks/eclipse_adoptium-17-amd64-linux/jdk-17.0.19+10/lib/libjimage.so
7c738a2a1000-7c738a2a3000 r--p 0001c000 103:01 75498904                  /home/grishberg/.gradle/jdks/eclipse_adoptium-17-amd64-linux/jdk-17.0.19+10/lib/libjimage.so
7c738a2a3000-7c738a2a4000 rw-p 0001e000 103:01 75498904                  /home/grishberg/.gradle/jdks/eclipse_adoptium-17-amd64-linux/jdk-17.0.19+10/lib/libjimage.so
7c738a2a4000-7c738a2b4000 r--p 00000000 103:01 90442151                  /usr/lib/x86_64-linux-gnu/libm.so.6
7c738a2b4000-7c738a333000 r-xp 00010000 103:01 90442151                  /usr/lib/x86_64-linux-gnu/libm.so.6
7c738a333000-7c738a38b000 r--p 0008f000 103:01 90442151                  /usr/lib/x86_64-linux-gnu/libm.so.6
7c738a38b000-7c738a38c000 r--p 000e7000 103:01 90442151                  /usr/lib/x86_64-linux-gnu/libm.so.6
7c738a38c000-7c738a38d000 rw-p 000e8000 103:01 90442151                  /usr/lib/x86_64-linux-gnu/libm.so.6
7c738a38d000-7c738a38e000 r--p 00000000 103:01 90442162                  /usr/lib/x86_64-linux-gnu/librt.so.1
7c738a38e000-7c738a38f000 r-xp 00001000 103:01 90442162                  /usr/lib/x86_64-linux-gnu/librt.so.1
7c738a38f000-7c738a390000 r--p 00002000 103:01 90442162                  /usr/lib/x86_64-linux-gnu/librt.so.1
7c738a390000-7c738a391000 r--p 00002000 103:01 90442162                  /usr/lib/x86_64-linux-gnu/librt.so.1
7c738a391000-7c738a392000 rw-p 00003000 103:01 90442162                  /usr/lib/x86_64-linux-gnu/librt.so.1
7c738a392000-7c738a394000 rw-p 00000000 00:00 0 
7c738a394000-7c738a395000 r--p 00000000 103:01 90442150                  /usr/lib/x86_64-linux-gnu/libdl.so.2
7c738a395000-7c738a396000 r-xp 00001000 103:01 90442150                  /usr/lib/x86_64-linux-gnu/libdl.so.2
7c738a396000-7c738a397000 r--p 00002000 103:01 90442150                  /usr/lib/x86_64-linux-gnu/libdl.so.2
7c738a397000-7c738a398000 r--p 00002000 103:01 90442150                  /usr/lib/x86_64-linux-gnu/libdl.so.2
7c738a398000-7c738a399000 rw-p 00003000 103:01 90442150                  /usr/lib/x86_64-linux-gnu/libdl.so.2
7c738a399000-7c738a39a000 r--p 00000000 103:01 90442160                  /usr/lib/x86_64-linux-gnu/libpthread.so.0
7c738a39a000-7c738a39b000 r-xp 00001000 103:01 90442160                  /usr/lib/x86_64-linux-gnu/libpthread.so.0
7c738a39b000-7c738a39c000 r--p 00002000 103:01 90442160                  /usr/lib/x86_64-linux-gnu/libpthread.so.0
7c738a39c000-7c738a39d000 r--p 00002000 103:01 90442160                  /usr/lib/x86_64-linux-gnu/libpthread.so.0
7c738a39d000-7c738a39e000 rw-p 00003000 103:01 90442160                  /usr/lib/x86_64-linux-gnu/libpthread.so.0
7c738a39f000-7c738a3a6000 r--s 00000000 103:01 90442137                  /usr/lib/x86_64-linux-gnu/gconv/gconv-modules.cache
7c738a3a6000-7c738a3ae000 rw-s 00000000 103:01 51524694                  /tmp/hsperfdata_grishberg/73836
7c738a3ae000-7c738a3af000 ---p 00000000 00:00 0 
7c738a3af000-7c738a3b0000 r--p 00000000 00:00 0 
7c738a3b0000-7c738a3b1000 ---p 00000000 00:00 0 
7c738a3b1000-7c738a3b4000 r--p 00000000 103:01 75498874                  /home/grishberg/.gradle/jdks/eclipse_adoptium-17-amd64-linux/jdk-17.0.19+10/lib/libjli.so
7c738a3b4000-7c738a3c4000 r-xp 00003000 103:01 75498874                  /home/grishberg/.gradle/jdks/eclipse_adoptium-17-amd64-linux/jdk-17.0.19+10/lib/libjli.so
7c738a3c4000-7c738a3cb000 r--p 00013000 103:01 75498874                  /home/grishberg/.gradle/jdks/eclipse_adoptium-17-amd64-linux/jdk-17.0.19+10/lib/libjli.so
7c738a3cb000-7c738a3cc000 r--p 00019000 103:01 75498874                  /home/grishberg/.gradle/jdks/eclipse_adoptium-17-amd64-linux/jdk-17.0.19+10/lib/libjli.so
7c738a3cc000-7c738a3cd000 rw-p 0001a000 103:01 75498874                  /home/grishberg/.gradle/jdks/eclipse_adoptium-17-amd64-linux/jdk-17.0.19+10/lib/libjli.so
7c738a3cd000-7c738a3cf000 rw-p 00000000 00:00 0 
7c738a3cf000-7c738a3d3000 r--p 00000000 00:00 0                          [vvar]
7c738a3d3000-7c738a3d5000 r--p 00000000 00:00 0                          [vvar_vclock]
7c738a3d5000-7c738a3d7000 r-xp 00000000 00:00 0                          [vdso]
7c738a3d7000-7c738a3d8000 r--p 00000000 103:01 90442145                  /usr/lib/x86_64-linux-gnu/ld-linux-x86-64.so.2
7c738a3d8000-7c738a403000 r-xp 00001000 103:01 90442145                  /usr/lib/x86_64-linux-gnu/ld-linux-x86-64.so.2
7c738a403000-7c738a40d000 r--p 0002c000 103:01 90442145                  /usr/lib/x86_64-linux-gnu/ld-linux-x86-64.so.2
7c738a40d000-7c738a40f000 r--p 00036000 103:01 90442145                  /usr/lib/x86_64-linux-gnu/ld-linux-x86-64.so.2
7c738a40f000-7c738a411000 rw-p 00038000 103:01 90442145                  /usr/lib/x86_64-linux-gnu/ld-linux-x86-64.so.2
7ffc0d63e000-7ffc0d660000 rw-p 00000000 00:00 0                          [stack]
ffffffffff600000-ffffffffff601000 --xp 00000000 00:00 0                  [vsyscall]


VM Arguments:
jvm_args: -Djava.library.path=/home/grishberg/projects/java/opengl_kbd_render/cad3d/build/manifold-natives/manifold3d/natives/linux-x86_64 -Dfile.encoding=UTF-8 -Duser.country=US -Duser.language=en -Duser.variant 
java_command: com.github.grishberg.cad3d.cli.CliRunnerKt --model matrix_right
java_class_path (initial): /home/grishberg/projects/java/opengl_kbd_render/cad3d/build/classes/java/main:/home/grishberg/projects/java/opengl_kbd_render/cad3d/build/classes/kotlin/main:/home/grishberg/projects/java/opengl_kbd_render/cad3d/build/resources/main:/home/grishberg/projects/java/opengl_kbd_render/common/build/libs/common-1.0.1.jar:/home/grishberg/projects/java/opengl_kbd_render/kbd_core/build/libs/kbd_core-1.0.1.jar:/home/grishberg/projects/java/opengl_kbd_render/plugin/build/libs/plugin-1.0.jar:/home/grishberg/projects/java/opengl_kbd_render/javascad/build/libs/javascad-1.0.jar:/home/grishberg/projects/java/opengl_kbd_render/libs/manifold3d-3.2.13.jar:/home/grishberg/.gradle/caches/modules-2/files-2.1/org.jetbrains.kotlin/kotlin-stdlib-jdk8/1.9.22/dea0c11e2fa503ab891c8a090e3b54754472975d/kotlin-stdlib-jdk8-1.9.22.jar:/home/grishberg/.gradle/caches/modules-2/files-2.1/org.jetbrains.kotlinx/kotlinx-coroutines-core-jvm/1.8.0/ac1dc37a30a93150b704022f8d895ee1bd3a36b3/kotlinx-coroutines-core-jvm-1.8.0.jar:/home/grishberg/.gradle/caches/modules-2/files-2.1/org.jetbrains.kotlin/kotlin-stdlib-jdk7/1.9.22/c4b17283ad7939e778989663f8301d871987fa5e/kotlin-stdlib-jdk7-1.9.22.jar:/home/grishberg/.gradle/caches/modules-2/files-2.1/org.jetbrains.kotlinx/kotlinx-serialization-core-jvm/1.6.2/384c2492c987f1d92bfa186580de058c284b2ad9/kotlinx-serialization-core-jvm-1.6.2.jar:/home/grishberg/.gradle/caches/modules-2/files-2.1/org.jetbrains.kotlinx/kotlinx-serialization-json-jvm/1.6.2/8f4df208edf91a3012e7a27ccd02f386d4bfc8c6/kotlinx-serialization-json-jvm-1.6.2.jar:/home/grishberg/.gradle/caches/modules-2/files-2.1/org.jetbrains.kotlin/kotlin-stdlib/1.9.22/d6c44cd08d8f3f9bece8101216dbe6553365c6e3/kotlin-stdlib-1.9.22.jar:/home/grishberg/.gradle/caches/modules-2/files-2.1/org.jetbrains/annotations/23.0.0/8cc20c07506ec18e0834947b84a864bfc094484e/annotations-23.0.0.jar
Launcher Type: SUN_STANDARD

[Global flags]
     intx CICompilerCount                          = 12                                        {product} {ergonomic}
     uint ConcGCThreads                            = 3                                         {product} {ergonomic}
     uint G1ConcRefinementThreads                  = 13                                        {product} {ergonomic}
   size_t G1HeapRegionSize                         = 16777216                                  {product} {ergonomic}
    uintx GCDrainStackTargetSize                   = 64                                        {product} {ergonomic}
   size_t InitialHeapSize                          = 2046820352                                {product} {ergonomic}
   size_t MarkStackSize                            = 4194304                                   {product} {ergonomic}
   size_t MaxHeapSize                              = 32178700288                               {product} {ergonomic}
   size_t MaxNewSize                               = 19293798400                               {product} {ergonomic}
   size_t MinHeapDeltaBytes                        = 16777216                                  {product} {ergonomic}
   size_t MinHeapSize                              = 16777216                                  {product} {ergonomic}
    uintx NonNMethodCodeHeapSize                   = 7602480                                {pd product} {ergonomic}
    uintx NonProfiledCodeHeapSize                  = 122027880                              {pd product} {ergonomic}
    uintx ProfiledCodeHeapSize                     = 122027880                              {pd product} {ergonomic}
    uintx ReservedCodeCacheSize                    = 251658240                              {pd product} {ergonomic}
     bool SegmentedCodeCache                       = true                                      {product} {ergonomic}
   size_t SoftMaxHeapSize                          = 32178700288                            {manageable} {ergonomic}
     bool UseCompressedClassPointers               = true                           {product lp64_product} {ergonomic}
     bool UseCompressedOops                        = true                           {product lp64_product} {ergonomic}
     bool UseG1GC                                  = true                                      {product} {ergonomic}

Logging:
Log output configuration:
 #0: stdout all=warning uptime,level,tags
 #1: stderr all=off uptime,level,tags

Environment Variables:
PATH=/home/grishberg/projects/ts/opencode/bot/venv/bin:/home/grishberg/android-sdk/platform-tools:/home/grishberg/.local/bin:/usr/local/sbin:/usr/local/bin:/usr/sbin:/usr/bin:/sbin:/bin:/usr/games:/usr/local/games:/snap/bin:/snap/bin
USERNAME=grishberg
SHELL=/bin/bash
DISPLAY=:0
LANG=en_US.UTF-8

Active Locale:
LC_ALL=en_US.UTF-8
LC_COLLATE=en_US.UTF-8
LC_CTYPE=en_US.UTF-8
LC_MESSAGES=en_US.UTF-8
LC_MONETARY=en_US.UTF-8
LC_NUMERIC=en_US.UTF-8
LC_TIME=en_US.UTF-8

Signal Handlers:
   SIGSEGV: crash_handler in libjvm.so, mask=11100100010111111101111111111110, flags=SA_RESTART|SA_SIGINFO, unblocked
    SIGBUS: crash_handler in libjvm.so, mask=11100100010111111101111111111110, flags=SA_RESTART|SA_SIGINFO, unblocked
    SIGFPE: crash_handler in libjvm.so, mask=11100100010111111101111111111110, flags=SA_RESTART|SA_SIGINFO, unblocked
   SIGPIPE: javaSignalHandler in libjvm.so, mask=11100100010111111101111111111110, flags=SA_RESTART|SA_SIGINFO, blocked
   SIGXFSZ: javaSignalHandler in libjvm.so, mask=11100100010111111101111111111110, flags=SA_RESTART|SA_SIGINFO, blocked
    SIGILL: crash_handler in libjvm.so, mask=11100100010111111101111111111110, flags=SA_RESTART|SA_SIGINFO, unblocked
   SIGUSR2: SR_handler in libjvm.so, mask=00000000000000000000000000000000, flags=SA_RESTART|SA_SIGINFO, blocked
    SIGHUP: UserHandler in libjvm.so, mask=11100100010111111101111111111110, flags=SA_RESTART|SA_SIGINFO, blocked
    SIGINT: UserHandler in libjvm.so, mask=11100100010111111101111111111110, flags=SA_RESTART|SA_SIGINFO, blocked
   SIGTERM: UserHandler in libjvm.so, mask=11100100010111111101111111111110, flags=SA_RESTART|SA_SIGINFO, blocked
   SIGQUIT: UserHandler in libjvm.so, mask=11100100010111111101111111111110, flags=SA_RESTART|SA_SIGINFO, blocked
   SIGTRAP: crash_handler in libjvm.so, mask=11100100010111111101111111111110, flags=SA_RESTART|SA_SIGINFO, unblocked


Periodic native trim disabled


---------------  S Y S T E M  ---------------

OS:
DISTRIB_ID=Ubuntu
DISTRIB_RELEASE=24.04
DISTRIB_CODENAME=noble
DISTRIB_DESCRIPTION="Ubuntu 24.04.4 LTS"
uname: Linux 6.17.0-35-generic #35~24.04.1-Ubuntu SMP PREEMPT_DYNAMIC Tue May 26 19:30:42 UTC 2 x86_64
OS uptime: 0 days 6:39 hours
libc: glibc 2.39 NPTL 2.39 
rlimit (soft/hard): STACK 8192k/infinity , CORE 0k/infinity , NPROC 496841/496841 , NOFILE 1048576/1048576 , AS infinity/infinity , CPU infinity/infinity , DATA infinity/infinity , FSIZE infinity/infinity , MEMLOCK 15919580k/15919580k
load average: 1.42 1.28 1.05

/proc/meminfo:
MemTotal:       127356652 kB
MemFree:        50452120 kB
MemAvailable:   89982816 kB
Buffers:          172416 kB
Cached:         43254364 kB
SwapCached:            0 kB
Active:         36322128 kB
Inactive:       38260140 kB
Active(anon):   34192452 kB
Inactive(anon):        0 kB
Active(file):    2129676 kB
Inactive(file): 38260140 kB
Unevictable:           0 kB
Mlocked:               0 kB
SwapTotal:       8388604 kB
SwapFree:        8388604 kB
Zswap:                 0 kB
Zswapped:              0 kB
Dirty:              9220 kB
Writeback:             0 kB
AnonPages:      31156636 kB
Mapped:          4231164 kB
Shmem:           3036928 kB
KReclaimable:     322168 kB
Slab:             592756 kB
SReclaimable:     322168 kB
SUnreclaim:       270588 kB
KernelStack:       24896 kB
PageTables:       100392 kB
SecPageTables:      2180 kB
NFS_Unstable:          0 kB
Bounce:                0 kB
WritebackTmp:          0 kB
CommitLimit:    72066928 kB
Committed_AS:   50951324 kB
VmallocTotal:   34359738367 kB
VmallocUsed:      167132 kB
VmallocChunk:          0 kB
Percpu:            15232 kB
HardwareCorrupted:     0 kB
AnonHugePages:         0 kB
ShmemHugePages:        0 kB
ShmemPmdMapped:        0 kB
FileHugePages:    329728 kB
FilePmdMapped:      2048 kB
CmaTotal:              0 kB
CmaFree:               0 kB
Unaccepted:            0 kB
Balloon:               0 kB
HugePages_Total:       0
HugePages_Free:        0
HugePages_Rsvd:        0
HugePages_Surp:        0
Hugepagesize:       2048 kB
Hugetlb:               0 kB
DirectMap4k:      508068 kB
DirectMap2M:    13033472 kB
DirectMap1G:    121634816 kB

/sys/kernel/mm/transparent_hugepage/enabled: always [madvise] never
/sys/kernel/mm/transparent_hugepage/hpage_pmd_size: 2097152
/sys/kernel/mm/transparent_hugepage/defrag (defrag/compaction efforts parameter): always defer defer+madvise [madvise] never

Process Memory:
Virtual Size: 36794180K (peak: 36855688K)
Resident Set Size: 194684K (peak: 194684K) (anon: 170888K, file: 23796K, shmem: 0K)
Swapped out: 0K
C-Heap outstanding allocations: 62069K, retained: 17506K
glibc malloc tunables: (default)

/proc/sys/kernel/threads-max (system-wide limit on the number of threads): 993683
/proc/sys/vm/max_map_count (maximum number of memory map areas a process may have): 1048576
/proc/sys/vm/swappiness (control to define how aggressively the kernel swaps out anonymous memory): 60
/proc/sys/kernel/pid_max (system-wide limit on number of process identifiers): 4194304

container (cgroup) information:
container_type: cgroupv2
cpu_cpuset_cpus: not supported
cpu_memory_nodes: not supported
active_processor_count: 16
cpu_quota: not supported
cpu_period: not supported
cpu_shares: not supported
memory_limit_in_bytes: unlimited
memory_and_swap_limit_in_bytes: unlimited
memory_soft_limit_in_bytes: 0
memory_usage_in_bytes: 69646300 k
memory_max_usage_in_bytes: not supported
rss_usage_in_bytes: 29866988 k
cache_usage_in_bytes: 39613404 k
memory_swap_current_in_bytes: 0
memory_swap_max_limit_in_bytes: unlimited
maximum number of tasks: 149052
current number of tasks: 698

Steal ticks since vm start: 0
Steal ticks percentage since vm start:  0.000

CPU: total 16 (initial active 16) (16 cores per cpu, 2 threads per core) family 25 model 33 stepping 2 microcode 0xa201213, cx8, cmov, fxsr, ht, mmx, 3dnowpref, sse, sse2, sse3, ssse3, sse4a, sse4.1, sse4.2, popcnt, lzcnt, tsc, tscinvbit, avx, avx2, aes, erms, clmul, bmi1, bmi2, adx, sha, fma, vzeroupper, clflush, clflushopt
CPU Model and flags from /proc/cpuinfo:
model name	: AMD Ryzen 7 5800X3D 8-Core Processor
flags		: fpu vme de pse tsc msr pae mce cx8 apic sep mtrr pge mca cmov pat pse36 clflush mmx fxsr sse sse2 ht syscall nx mmxext fxsr_opt pdpe1gb rdtscp lm constant_tsc rep_good nopl xtopology nonstop_tsc cpuid extd_apicid aperfmperf rapl pni pclmulqdq monitor ssse3 fma cx16 sse4_1 sse4_2 x2apic movbe popcnt aes xsave avx f16c rdrand lahf_lm cmp_legacy svm extapic cr8_legacy abm sse4a misalignsse 3dnowprefetch osvw ibs skinit wdt tce topoext perfctr_core perfctr_nb bpext perfctr_llc mwaitx cpb cat_l3 cdp_l3 hw_pstate ssbd mba ibrs ibpb stibp vmmcall fsgsbase bmi1 avx2 smep bmi2 erms invpcid cqm rdt_a rdseed adx smap clflushopt clwb sha_ni xsaveopt xsavec xgetbv1 xsaves cqm_llc cqm_occup_llc cqm_mbm_total cqm_mbm_local user_shstk clzero irperf xsaveerptr rdpru wbnoinvd arat npt lbrv svm_lock nrip_save tsc_scale vmcb_clean flushbyasid decodeassists pausefilter pfthreshold avic v_vmsave_vmload vgif v_spec_ctrl umip pku ospke vaes vpclmulqdq rdpid overflow_recov succor smca fsrm debug_swap

Online cpus: 0-15
Offline cpus: 
BIOS frequency limitation: <Not Available>
Frequency switch latency (ns): 0
Available cpu frequencies: <Not Available>
Current governor: powersave
Core performance/turbo boost: 1

Memory: 4k page, physical 127356652k(50452120k free), swap 8388604k(8388604k free)
Page Sizes: 4k

vm_info: OpenJDK 64-Bit Server VM (17.0.19+10) for linux-amd64 JRE (17.0.19+10), built on Apr 21 2026 00:00:00 by "admin" with gcc 10.3.0

END.
