#
# A fatal error has been detected by the Java Runtime Environment:
#
#  SIGSEGV (0xb) at pc=0x00007a536289fff4, pid=66975, tid=66998
#
# JRE version: OpenJDK Runtime Environment Temurin-17.0.19+10 (17.0.19+10) (build 17.0.19+10)
# Java VM: OpenJDK 64-Bit Server VM Temurin-17.0.19+10 (17.0.19+10, mixed mode, sharing, tiered, compressed oops, compressed class ptrs, g1 gc, linux-amd64)
# Problematic frame:
# C  [libc.so.6+0x9fff4]  pthread_mutex_lock+0x4
#
# Core dump will be written. Default location: Core dumps may be processed with "/usr/share/apport/apport -p%p -s%s -c%c -d%d -P%P -u%u -g%g -F%F -- %E" (or dumping to /home/grishberg/projects/java/opengl_kbd_render/cad3d/core.66975)
#
# If you would like to submit a bug report, please visit:
#   https://github.com/adoptium/adoptium-support/issues
# The crash happened outside the Java Virtual Machine in native code.
# See problematic frame for where to report the bug.
#

---------------  S U M M A R Y ------------

Command Line: -Dfile.encoding=UTF-8 -Duser.country=US -Duser.language=en -Duser.variant com.github.grishberg.cad3d.cli.CliRunnerKt --model matrix_right

Host: AMD Ryzen 7 5800X3D 8-Core Processor, 16 cores, 121G, Ubuntu 24.04.4 LTS
Time: Wed Jul 15 13:38:24 2026 MSK elapsed time: 0.237145 seconds (0d 0h 0m 0s)

---------------  T H R E A D  ---------------

Current thread (0x00007a525c05b090):  JavaThread "DefaultDispatcher-worker-3" daemon [_thread_in_native, id=66998, stack(0x00007a52ed6ff000,0x00007a52ed7ff000)]

Stack: [0x00007a52ed6ff000,0x00007a52ed7ff000],  sp=0x00007a52ed7fc968,  free space=1014k
Native frames: (J=compiled Java code, j=interpreted, Vv=VM code, C=native code)
C  [libc.so.6+0x9fff4]  pthread_mutex_lock+0x4

Java frames: (J=compiled Java code, j=interpreted, Vv=VM code)
J 807  com.cadoodlecad.manifold.ManifoldBindings.jniUnion(JJJ)J (0 bytes) @ 0x00007a534cdd4b6f [0x00007a534cdd4b20+0x000000000000004f]
J 884 c1 com.cadoodlecad.manifold.ManifoldBindings.union(JJ)J (13 bytes) @ 0x00007a534538ace4 [0x00007a534538ac40+0x00000000000000a4]
J 826 c1 eu.printingin3d.javascad.manifold.Manifold3dEngine.operateNative(JJI)J (82 bytes) @ 0x00007a534537061c [0x00007a5345370420+0x00000000000001fc]
J 827 c1 eu.printingin3d.javascad.manifold.Manifold3dEngine.unionNative(JJ)J (8 bytes) @ 0x00007a5345370cbc [0x00007a5345370c40+0x000000000000007c]
j  eu.printingin3d.javascad.tranzitions.Union.toInnerNativeMesh(Leu/printingin3d/javascad/vrl/FacetGenerationContext;)J+61
J 817 c1 eu.printingin3d.javascad.models.Abstract3dModel.toNativeMesh(Leu/printingin3d/javascad/vrl/FacetGenerationContext;)J (128 bytes) @ 0x00007a5345367c44 [0x00007a53453675c0+0x0000000000000684]
j  eu.printingin3d.javascad.tranzitions.Difference.toInnerNativeMesh(Leu/printingin3d/javascad/vrl/FacetGenerationContext;)J+5
J 817 c1 eu.printingin3d.javascad.models.Abstract3dModel.toNativeMesh(Leu/printingin3d/javascad/vrl/FacetGenerationContext;)J (128 bytes) @ 0x00007a5345367c44 [0x00007a53453675c0+0x0000000000000684]
j  com.github.grishberg.cad3d.util.VertexHolderUtilsKt.fromModelNative(Leu/printingin3d/javascad/models/Abstract3dModel;I)Lcom/github/grishberg/cad3d/plugin/VertexHolder;+28
j  com.github.grishberg.cad3d.util.VertexHolderUtilsKt.fromModel(Leu/printingin3d/javascad/models/Abstract3dModel;I)Lcom/github/grishberg/cad3d/plugin/VertexHolder;+8
j  com.github.grishberg.cad3d.keyboard.ModelHolder$Companion.createVertexHolders(Lcom/github/grishberg/cad3d/keyboard/cfg/KeyboardConfig;Leu/printingin3d/javascad/models/Abstract3dModel;Ljava/util/List;)Ljava/util/List;+101
j  com.github.grishberg.cad3d.keyboard.ModelHolder.<init>(Lcom/github/grishberg/cad3d/keyboard/cfg/KeyboardConfig;Leu/printingin3d/javascad/models/Abstract3dModel;[Leu/printingin3d/javascad/models/Abstract3dModel;)V+29
j  com.github.grishberg.cad3d.KeyboardBuilder.createCaseModel(Lcom/github/grishberg/cad3d/keyboard/cfg/KeyboardConfig;Lcom/github/grishberg/cad3d/keyboard/KeyPlace;Lcom/github/grishberg/cad3d/keyboard/ThumbKeyPlace;Lcom/github/grishberg/cad3d/keyboard/screws/ScrewWallPlaces;Lcom/github/grishberg/cad3d/keyboard/casebody/Walls;Lcom/github/grishberg/cad3d/keyboard/casebody/controllers/ControllerPlace;Lcom/github/grishberg/cad3d/keyboard/casebody/controllers/SwitcherPlace;Lcom/github/grishberg/cad3d/keyboard/casebody/controllers/ControllerFactory;Lcom/github/grishberg/cad3d/keyboard/casebody/controllers/switcher/SwitcherFactory;Lcom/github/grishberg/cad3d/keyboard/casebody/controllers/Controller;Lcom/github/grishberg/cad3d/trackball/Trackball;Lcom/github/grishberg/cad3d/keyboard/casebody/thumb/ThumbBorders;Lcom/github/grishberg/cad3d/keyboard/casebody/thumb/ThumbWalls;)Lcom/github/grishberg/cad3d/keyboard/ModelHolder;+665
j  com.github.grishberg.cad3d.KeyboardBuilder.createCase(Lcom/github/grishberg/cad3d/keyboard/cfg/KeyboardConfig;Lcom/github/grishberg/cad3d/keyboard/KeyPlace;Lcom/github/grishberg/cad3d/keyboard/ThumbKeyPlace;Lcom/github/grishberg/cad3d/keyboard/screws/ScrewWallPlaces;Lcom/github/grishberg/cad3d/keyboard/casebody/Walls;Lcom/github/grishberg/cad3d/keyboard/casebody/controllers/ControllerPlace;Lcom/github/grishberg/cad3d/keyboard/casebody/controllers/SwitcherPlace;Lcom/github/grishberg/cad3d/keyboard/casebody/controllers/ControllerFactory;Lcom/github/grishberg/cad3d/keyboard/casebody/controllers/switcher/SwitcherFactory;Lcom/github/grishberg/cad3d/keyboard/casebody/controllers/Controller;Lcom/github/grishberg/cad3d/trackball/Trackball;Lcom/github/grishberg/cad3d/keyboard/casebody/thumb/ThumbBorders;Lcom/github/grishberg/cad3d/keyboard/casebody/thumb/ThumbWalls;)Ljava/util/List;+44
j  com.github.grishberg.cad3d.KeyboardBuilder.access$createCase(Lcom/github/grishberg/cad3d/KeyboardBuilder;Lcom/github/grishberg/cad3d/keyboard/cfg/KeyboardConfig;Lcom/github/grishberg/cad3d/keyboard/KeyPlace;Lcom/github/grishberg/cad3d/keyboard/ThumbKeyPlace;Lcom/github/grishberg/cad3d/keyboard/screws/ScrewWallPlaces;Lcom/github/grishberg/cad3d/keyboard/casebody/Walls;Lcom/github/grishberg/cad3d/keyboard/casebody/controllers/ControllerPlace;Lcom/github/grishberg/cad3d/keyboard/casebody/controllers/SwitcherPlace;Lcom/github/grishberg/cad3d/keyboard/casebody/controllers/ControllerFactory;Lcom/github/grishberg/cad3d/keyboard/casebody/controllers/switcher/SwitcherFactory;Lcom/github/grishberg/cad3d/keyboard/casebody/controllers/Controller;Lcom/github/grishberg/cad3d/trackball/Trackball;Lcom/github/grishberg/cad3d/keyboard/casebody/thumb/ThumbBorders;Lcom/github/grishberg/cad3d/keyboard/casebody/thumb/ThumbWalls;)Ljava/util/List;+24
j  com.github.grishberg.cad3d.KeyboardBuilder$exportStl$1$2.invokeSuspend(Ljava/lang/Object;)Ljava/lang/Object;+104
j  kotlin.coroutines.jvm.internal.BaseContinuationImpl.resumeWith(Ljava/lang/Object;)V+44
j  kotlinx.coroutines.DispatchedTask.run()V+317
j  kotlinx.coroutines.scheduling.CoroutineScheduler.runSafely(Lkotlinx/coroutines/scheduling/Task;)V+2
j  kotlinx.coroutines.scheduling.CoroutineScheduler$Worker.executeTask(Lkotlinx/coroutines/scheduling/Task;)V+30
j  kotlinx.coroutines.scheduling.CoroutineScheduler$Worker.runWorker()V+44
j  kotlinx.coroutines.scheduling.CoroutineScheduler$Worker.run()V+1
v  ~StubRoutines::call_stub

siginfo: si_signo: 11 (SIGSEGV), si_code: 1 (SEGV_MAPERR), si_addr: 0x00007a55f1265981

Registers:
RAX=0x00007a52ed17f418, RBX=0x00007a5254031f40, RCX=0x0000000000000000, RDX=0x0000000000000000
RSP=0x00007a52ed7fc968, RBP=0x00007a536289e820, RSI=0x00007a5254031f40, RDI=0x00007a55f1265971
R8 =0x00007a5254031f40, R9 =0x0000000000000000, R10=0x00007a534cdd4b6f, R11=0x00007a5345370c60
R12=0x00007a52ed7fc9b0, R13=0x00007a55f1265971, R14=0x00007a525405c6d0, R15=0x00007a52ed7fc9b0
RIP=0x00007a536289fff4, EFLAGS=0x0000000000010202, CSGSFS=0x002b000000000033, ERR=0x0000000000000004
  TRAPNO=0x000000000000000e

XMM[0]=0x0000000000000000 0x0000000000000000
XMM[1]=0x0000000000000000 0x0000000000000000
XMM[2]=0x0000000000000000 0x3f1a36e2eb1c432d
XMM[3]=0x0000000000000000 0x3ff0000000000000
XMM[4]=0x0000000000000000 0x0000000000000000
XMM[5]=0xc021334a2aee9cea 0x3ff0000000000000
XMM[6]=0x3ff0000000000000 0x40477c23087a6128
XMM[7]=0x0000000000000000 0x0000000000000000
XMM[8]=0x0000000000000000 0x0000000000000000
XMM[9]=0x0000000000000000 0x0000000000000000
XMM[10]=0x0000000000000000 0x3ff0000000000000
XMM[11]=0x0000000000000000 0x0000000000000000
XMM[12]=0x0000000000000000 0x0000000000000000
XMM[13]=0x0000000000000000 0x0000000000000000
XMM[14]=0x0000000000000000 0x8000000000000000
XMM[15]=0x0000000000000000 0x0000000000000000
  MXCSR=0x00001fa4


Register to memory mapping:

RAX=0x00007a52ed17f418: _ZTVN8manifold9CsgOpNodeE+0x0000000000000010 in /tmp/manifold3d12332855045434493255/libmanifold.so.3 at 0x00007a52ece00000
RBX=0x00007a5254031f40 points into unknown readable memory: 0x00007a55f1265971 | 71 59 26 f1 55 7a 00 00
RCX=0x0 is NULL
RDX=0x0 is NULL
RSP=0x00007a52ed7fc968 is pointing into the stack for thread: 0x00007a525c05b090
RBP=0x00007a536289e820: __pthread_key_create+0x0000000000000000 in /lib/x86_64-linux-gnu/libc.so.6 at 0x00007a5362800000
RSI=0x00007a5254031f40 points into unknown readable memory: 0x00007a55f1265971 | 71 59 26 f1 55 7a 00 00
RDI=0x00007a55f1265971 is an unknown value
R8 =0x00007a5254031f40 points into unknown readable memory: 0x00007a55f1265971 | 71 59 26 f1 55 7a 00 00
R9 =0x0 is NULL
R10=0x00007a534cdd4b6f is at entry_point+79 in (nmethod*)0x00007a534cdd4990
Compiled method (n/a) 237  807     n 0       com.cadoodlecad.manifold.ManifoldBindings::jniUnion (native)
 total in heap  [0x00007a534cdd4990,0x00007a534cdd4d10] = 896
 relocation     [0x00007a534cdd4af0,0x00007a534cdd4b20] = 48
 main code      [0x00007a534cdd4b20,0x00007a534cdd4d08] = 488
 oops           [0x00007a534cdd4d08,0x00007a534cdd4d10] = 8
0x00007a534cdd4b4f:   4c 8b c1 48 8b ca 48 8b d6 49 be 70 01 05 f5 00
0x00007a534cdd4b5f:   00 00 00 4c 89 74 24 30 4c 8d 74 24 30 49 8b f6
0x00007a534cdd4b6f:   c5 f8 77 
R11=0x00007a5345370c60 is at entry_point+32 in (nmethod*)0x00007a5345370a90
Compiled method (c1) 238  827       3       eu.printingin3d.javascad.manifold.Manifold3dEngine::unionNative (8 bytes)
 total in heap  [0x00007a5345370a90,0x00007a5345370e00] = 880
 relocation     [0x00007a5345370bf0,0x00007a5345370c28] = 56
 main code      [0x00007a5345370c40,0x00007a5345370d40] = 256
 stub code      [0x00007a5345370d40,0x00007a5345370d80] = 64
 oops           [0x00007a5345370d80,0x00007a5345370d88] = 8
 metadata       [0x00007a5345370d88,0x00007a5345370d90] = 8
 scopes data    [0x00007a5345370d90,0x00007a5345370db8] = 40
 scopes pcs     [0x00007a5345370db8,0x00007a5345370df8] = 64
 dependencies   [0x00007a5345370df8,0x00007a5345370e00] = 8
0x00007a5345370c60:   89 84 24 00 c0 fe ff 55 48 83 ec 40 
R12=0x00007a52ed7fc9b0 is pointing into the stack for thread: 0x00007a525c05b090
R13=0x00007a55f1265971 is an unknown value
R14=0x00007a525405c6d0 points into unknown readable memory: 0x00007a52ed17f418 | 18 f4 17 ed 52 7a 00 00
R15=0x00007a52ed7fc9b0 is pointing into the stack for thread: 0x00007a525c05b090


Top of Stack: (sp=0x00007a52ed7fc968)
0x00007a52ed7fc968:   00007a52ecfeb40b 0000000000000000
0x00007a52ed7fc978:   00007a52ecf57300 0000000000000000
0x00007a52ed7fc988:   00007a52ed7fca40 00007a5254031f40
0x00007a52ed7fc998:   00007a52ecfee14d 00007a525405c6d0
0x00007a52ed7fc9a8:   00007a525405c6c0 00007a52ed7fca00
0x00007a52ed7fc9b8:   00007a525c05b340 00007a52ed7fca10
0x00007a52ed7fc9c8:   00007a534cdcff5c 0000000000000000
0x00007a52ed7fc9d8:   0cee555692e4d200 0000000000000002
0x00007a52ed7fc9e8:   0000000000000154 00007a5254031f40
0x00007a52ed7fc9f8:   00007a52ed7fca40 00007a5254031f40
0x00007a52ed7fca08:   00007a52ed7fcb10 00007a525c05b090
0x00007a52ed7fca18:   00007a52ecfee384 00007a534c668260
0x00007a52ed7fca28:   0cee555692e4d200 00007a52ed7fca40
0x00007a52ed7fca38:   00007a535be4c957 00007a529b5c6f83
0x00007a52ed7fca48:   00007a52ed7fcaa0 00007a529b5cb4e8
0x00007a52ed7fca58:   00007a5254031f40 00000000f50404f0
0x00007a52ed7fca68:   0000000000000030 0000000000000000
0x00007a52ed7fca78:   0cee555692e4d200 00007a52ed7fcad0
0x00007a52ed7fca88:   0000000000000000 00007a52ed7fcc58
0x00007a52ed7fca98:   00007a5360011fbf 00007a52ed7fcad0
0x00007a52ed7fcaa8:   00007a5254031f40 00007a525403aa60
0x00007a52ed7fcab8:   00007a5254031f40 00007a52ed7fcb10
0x00007a52ed7fcac8:   00007a525c05b340 00007a52ed7fcb20
0x00007a52ed7fcad8:   00007a534cdd4be8 0000000000000000
0x00007a52ed7fcae8:   00007a52ed7fcb40 00007a52ed7fccc8
0x00007a52ed7fcaf8:   00007a5345367c44 0000000000000001
0x00007a52ed7fcb08:   00007a5254031f40 00000000f5050170
0x00007a52ed7fcb18:   0000000000000001 00007a52ed7fccc8
0x00007a52ed7fcb28:   00007a534538ace4 00000000f5090860
0x00007a52ed7fcb38:   00007a5345367c44 0000000000000000
0x00007a52ed7fcb48:   0000000000000138 0000000000000000
0x00007a52ed7fcb58:   0000000000000138 0000000000000000 

Instructions: (pc=0x00007a536289fff4)
0x00007a536289fef4:   ff ff ff 83 f8 92 0f 84 68 ff ff ff 8d 50 26 83
0x00007a536289ff04:   f8 da 72 14 48 b8 09 00 00 08 2c 00 00 00 48 0f
0x00007a536289ff14:   a3 d0 0f 82 4c ff ff ff 48 8d 3d d5 10 13 00 e8
0x00007a536289ff24:   18 0b ff ff 83 f8 f5 0f 84 a9 fd ff ff 83 f8 fc
0x00007a536289ff34:   0f 84 a0 fd ff ff eb e0 0f 1f 40 00 be 80 00 00
0x00007a536289ff44:   00 48 89 df e8 73 90 ff ff e9 16 ff ff ff 64 48
0x00007a536289ff54:   c7 04 25 f0 02 00 00 00 00 00 00 b8 23 00 00 00
0x00007a536289ff64:   e9 97 fa ff ff b8 0b 00 00 00 e9 8d fa ff ff 41
0x00007a536289ff74:   8b 04 24 83 e0 7f 83 f8 12 74 d3 83 f8 11 0f 85
0x00007a536289ff84:   2f fd ff ff e9 06 ff ff ff e8 2e 7f 09 00 48 8d
0x00007a536289ff94:   0d e7 4d 13 00 ba bd 01 00 00 48 8d 35 c0 c4 12
0x00007a536289ffa4:   00 48 8d 3d 74 11 13 00 e8 3f b3 f9 ff 48 8d 0d
0x00007a536289ffb4:   c8 4d 13 00 ba c2 01 00 00 48 8d 35 a1 c4 12 00
0x00007a536289ffc4:   48 8d 3d af c4 12 00 e8 20 b3 f9 ff 48 8d 0d a9
0x00007a536289ffd4:   4d 13 00 ba 5f 02 00 00 48 8d 35 82 c4 12 00 48
0x00007a536289ffe4:   8d 3d a6 c4 12 00 e8 01 b3 f9 ff 90 f3 0f 1e fa
0x00007a536289fff4:   8b 47 10 89 c2 81 e2 7f 01 00 00 90 83 e0 7c 0f
0x00007a53628a0004:   85 a7 00 00 00 55 48 89 e5 53 48 83 ec 18 85 d2
0x00007a53628a0014:   0f 85 9e 00 00 00 44 8b 0d 0f 57 16 00 45 85 c9
0x00007a53628a0024:   75 5a 8b 77 10 81 e6 80 00 00 00 75 09 80 3d 08
0x00007a53628a0034:   b0 16 00 00 75 36 31 c0 ba 01 00 00 00 f0 0f b1
0x00007a53628a0044:   17 0f 85 ad 00 00 00 8b 4f 08 85 c9 0f 85 54 01
0x00007a53628a0054:   00 00 64 8b 04 25 d0 02 00 00 89 47 08 83 47 0c
0x00007a53628a0064:   01 90 31 c0 48 8b 5d f8 c9 c3 66 90 44 8b 07 45
0x00007a53628a0074:   85 c0 75 c2 c7 07 01 00 00 00 eb cb 8b 47 10 f6
0x00007a53628a0084:   c4 03 74 08 f6 c4 01 74 99 eb 07 90 80 cc 01 89
0x00007a53628a0094:   47 10 8b 57 10 48 8b 5d f8 48 8d 77 16 c9 81 e2
0x00007a53628a00a4:   80 00 00 00 e9 a3 88 ff ff 0f 1f 00 e9 5b f8 ff
0x00007a53628a00b4:   ff 0f 1f 00 81 fa 00 01 00 00 74 d6 8b 57 10 83
0x00007a53628a00c4:   e2 7f 83 fa 01 0f 85 8e 00 00 00 64 8b 04 25 d0
0x00007a53628a00d4:   02 00 00 39 47 08 75 2e 8b 47 04 83 f8 ff 0f 84
0x00007a53628a00e4:   b8 00 00 00 83 c0 01 89 47 04 e9 73 ff ff ff 0f 


Stack slot to memory mapping:
stack at sp + 0 slots: 0x00007a52ecfeb40b: _ZNK8manifold8Manifold9LoadPNodeEv+0x000000000000002b in /tmp/manifold3d12332855045434493255/libmanifold.so.3 at 0x00007a52ece00000
stack at sp + 1 slots: 0x0 is NULL
stack at sp + 2 slots: 0x00007a52ecf57300: _ZN8manifold9CsgOpNode7BooleanERKSt10shared_ptrINS_7CsgNodeEENS_6OpTypeE+0x0000000000000000 in /tmp/manifold3d12332855045434493255/libmanifold.so.3 at 0x00007a52ece00000
stack at sp + 3 slots: 0x0 is NULL
stack at sp + 4 slots: 0x00007a52ed7fca40 is pointing into the stack for thread: 0x00007a525c05b090
stack at sp + 5 slots: 0x00007a5254031f40 points into unknown readable memory: 0x00007a55f1265971 | 71 59 26 f1 55 7a 00 00
stack at sp + 6 slots: 0x00007a52ecfee14d: _ZNK8manifold8Manifold7BooleanERKS0_NS_6OpTypeE+0x000000000000004d in /tmp/manifold3d12332855045434493255/libmanifold.so.3 at 0x00007a52ece00000
stack at sp + 7 slots: 0x00007a525405c6d0 points into unknown readable memory: 0x00007a52ed17f418 | 18 f4 17 ed 52 7a 00 00


Compiled method (n/a) 241  807     n 0       com.cadoodlecad.manifold.ManifoldBindings::jniUnion (native)
 total in heap  [0x00007a534cdd4990,0x00007a534cdd4d10] = 896
 relocation     [0x00007a534cdd4af0,0x00007a534cdd4b20] = 48
 main code      [0x00007a534cdd4b20,0x00007a534cdd4d08] = 488
 oops           [0x00007a534cdd4d08,0x00007a534cdd4d10] = 8

[Constant Pool (empty)]

[MachCode]
[Entry Point]
  # {method} {0x00007a529b5d1228} 'jniUnion' '(JJJ)J' in 'com/cadoodlecad/manifold/ManifoldBindings'
  # parm0:    rsi:rsi   = long
  # parm1:    rdx:rdx   = long
  # parm2:    rcx:rcx   = long
  #           [sp+0x50]  (sp of caller)
  0x00007a534cdd4b20: 448b 5608 | 49bb 0000 | 009f 527a | 0000 4d03 | d349 3bc2 | 0f84 0600 

  0x00007a534cdd4b38: ;   {runtime_call ic_miss_stub}
  0x00007a534cdd4b38: 0000 e941 | b28d ff90 
[Verified Entry Point]
  0x00007a534cdd4b40: 8984 2400 | c0fe ff55 | 488b ec48 | 83ec 404c | 8bc1 488b | ca48 8bd6 

  0x00007a534cdd4b58: ;   {oop(a 'java/lang/Class'{0x00000000f5050170} = 'com/cadoodlecad/manifold/ManifoldBindings')}
  0x00007a534cdd4b58: 49be 7001 | 05f5 0000 | 0000 4c89 | 7424 304c | 8d74 2430 | 498b f6c5 

  0x00007a534cdd4b70: ;   {internal_word}
  0x00007a534cdd4b70: f877 49ba | 6f4b dd4c | 537a 0000 | 4d89 9798 | 0200 0049 | 89a7 9002 

  0x00007a534cdd4b88: ;   {external_word}
  0x00007a534cdd4b88: 0000 803d | f485 9315 | 000f 843a | 0000 0056 | 5251 4150 

  0x00007a534cdd4b9c: ;   {metadata({method} {0x00007a529b5d1228} 'jniUnion' '(JJJ)J' in 'com/cadoodlecad/manifold/ManifoldBindings')}
  0x00007a534cdd4b9c: 48be 2812 | 5d9b 527a | 0000 498b | fff7 c40f | 0000 000f | 8412 0000 | 0048 83ec 

  0x00007a534cdd4bb8: ;   {runtime_call SharedRuntime::dtrace_method_entry(JavaThread*, Method*)}
  0x00007a534cdd4bb8: 08e8 e2de | 3015 4883 | c408 e905 

  0x00007a534cdd4bc4: ;   {runtime_call SharedRuntime::dtrace_method_entry(JavaThread*, Method*)}
  0x00007a534cdd4bc4: 0000 00e8 | d4de 3015 | 4158 595a | 5e49 8dbf | b002 0000 | 41c7 8738 | 0300 0004 

  0x00007a534cdd4be0: ;   {runtime_call Java_com_cadoodlecad_manifold_ManifoldBindings_jniUnion}
  0x00007a534cdd4be0: 0000 00e8 | a0d3 2313 | c5f8 7741 | c787 3803 | 0000 0500 | 0000 f083 | 4424 c000 | 493b af40 
  0x00007a534cdd4c00: 0300 000f | 8711 0000 | 0041 81bf | 2803 0000 | 0000 0000 | 0f84 2400 | 0000 c5f8 | 7748 8945 
  0x00007a534cdd4c20: f849 8bff | 4c8b e448 | 83ec 0048 

  0x00007a534cdd4c2c: ;   {runtime_call JavaThread::check_special_condition_for_native_trans(JavaThread*)}
  0x00007a534cdd4c2c: 83e4 f0e8 | 9ca3 4915 | 498b e44d | 33e4 488b | 45f8 41c7 | 8738 0300 | 0008 0000 | 0041 81bf 
  0x00007a534cdd4c4c: a803 0000 | 0200 0000 | 0f84 8400 

  0x00007a534cdd4c58: ;   {external_word}
  0x00007a534cdd4c58: 0000 803d | 2485 9315 | 000f 8438 | 0000 0048 

  0x00007a534cdd4c68: ;   {metadata({method} {0x00007a529b5d1228} 'jniUnion' '(JJJ)J' in 'com/cadoodlecad/manifold/ManifoldBindings')}
  0x00007a534cdd4c68: 8945 f848 | be28 125d | 9b52 7a00 | 0049 8bff | f7c4 0f00 | 0000 0f84 | 1200 0000 | 4883 ec08 
  0x00007a534cdd4c88: ;   {runtime_call SharedRuntime::dtrace_method_exit(JavaThread*, Method*)}
  0x00007a534cdd4c88: e8c3 de30 | 1548 83c4 | 08e9 0500 

  0x00007a534cdd4c94: ;   {runtime_call SharedRuntime::dtrace_method_exit(JavaThread*, Method*)}
  0x00007a534cdd4c94: 0000 e8b5 | de30 1548 | 8b45 f849 | c787 9002 | 0000 0000 | 0000 49c7 | 8798 0200 | 0000 0000 
  0x00007a534cdd4cb4: 00c5 f877 | 498b 8fd8 | 0000 00c7 | 8100 0100 | 0000 0000 | 00c9 4981 | 7f08 0000 | 0000 0f85 
  0x00007a534cdd4cd4: 0100 0000 

  0x00007a534cdd4cd8: ;   {runtime_call StubRoutines (1)}
  0x00007a534cdd4cd8: c3e9 22af | 88ff c5f8 | 7748 8945 | f84c 8be4 | 4883 ec00 | 4883 e4f0 

  0x00007a534cdd4cf0: ;   {runtime_call SharedRuntime::reguard_yellow_pages()}
  0x00007a534cdd4cf0: e8cb ec30 | 1549 8be4 | 4d33 e448 | 8b45 f8e9 | 56ff ffff | f4f4 f4f4 
[/MachCode]


Compiled method (c1) 246  884       3       com.cadoodlecad.manifold.ManifoldBindings::union (13 bytes)
 total in heap  [0x00007a534538aa90,0x00007a534538ae60] = 976
 relocation     [0x00007a534538abf0,0x00007a534538ac38] = 72
 main code      [0x00007a534538ac40,0x00007a534538ad60] = 288
 stub code      [0x00007a534538ad60,0x00007a534538adb0] = 80
 oops           [0x00007a534538adb0,0x00007a534538adb8] = 8
 metadata       [0x00007a534538adb8,0x00007a534538adc0] = 8
 scopes data    [0x00007a534538adc0,0x00007a534538ae08] = 72
 scopes pcs     [0x00007a534538ae08,0x00007a534538ae58] = 80
 dependencies   [0x00007a534538ae58,0x00007a534538ae60] = 8

[Constant Pool (empty)]

[MachCode]
[Entry Point]
  # {method} {0x00007a529b5d5848} 'union' '(JJ)J' in 'com/cadoodlecad/manifold/ManifoldBindings'
  # this:     rsi:rsi   = 'com/cadoodlecad/manifold/ManifoldBindings'
  # parm0:    rdx:rdx   = long
  # parm1:    rcx:rcx   = long
  #           [sp+0x60]  (sp of caller)
  0x00007a534538ac40: 448b 5608 | 49bb 0000 | 009f 527a | 0000 4d03 | d34c 3bd0 

  0x00007a534538ac54: ;   {runtime_call ic_miss_stub}
  0x00007a534538ac54: 0f85 2651 | 3207 660f | 1f44 0000 
[Verified Entry Point]
  0x00007a534538ac60: 8984 2400 | c0fe ff55 | 4883 ec50 

  0x00007a534538ac6c: ;   {metadata(method data for {method} {0x00007a529b5d5848} 'union' '(JJ)J' in 'com/cadoodlecad/manifold/ManifoldBindings')}
  0x00007a534538ac6c: 48bf 2003 | 6c9b 527a | 0000 8b9f | f400 0000 | 83c3 0289 | 9ff4 0000 | 0081 e3fe | 0700 0083 
  0x00007a534538ac8c: fb00 0f84 | 6300 0000 | 4889 4c24 | 4048 8954 

  0x00007a534538ac9c: ;   {metadata(method data for {method} {0x00007a529b5d5848} 'union' '(JJ)J' in 'com/cadoodlecad/manifold/ManifoldBindings')}
  0x00007a534538ac9c: 2438 48be | 2003 6c9b | 527a 0000 | 4883 8638 | 0100 0001 | 0f1f 8000 

  0x00007a534538acb4: ;   {static_call}
  0x00007a534538acb4: 0000 00e8 

  0x00007a534538acb8: ; ImmutableOopMap {}
                      ;*invokestatic jniAllocManifold {reexecute=0 rethrow=0 return_oop=0}
                      ; - com.cadoodlecad.manifold.ManifoldBindings::union@0 (line 431)
  0x00007a534538acb8: 844e a407 

  0x00007a534538acbc: ;   {metadata(method data for {method} {0x00007a529b5d5848} 'union' '(JJ)J' in 'com/cadoodlecad/manifold/ManifoldBindings')}
  0x00007a534538acbc: 48be 2003 | 6c9b 527a | 0000 4883 | 8648 0100 | 0001 488b | f048 8b54 | 2438 488b | 4c24 400f 
  0x00007a534538acdc: ;   {static_call}
  0x00007a534538acdc: 1f40 00e8 

  0x00007a534538ace0: ; ImmutableOopMap {}
                      ;*invokestatic jniUnion {reexecute=0 rethrow=0 return_oop=0}
                      ; - com.cadoodlecad.manifold.ManifoldBindings::union@9 (line 432)
  0x00007a534538ace0: 5c9e a407 | 4883 c450 

  0x00007a534538ace8: ;   {poll_return}
  0x00007a534538ace8: 5d49 3ba7 | 4003 0000 | 0f87 2200 

  0x00007a534538acf4: ;   {metadata({method} {0x00007a529b5d5848} 'union' '(JJ)J' in 'com/cadoodlecad/manifold/ManifoldBindings')}
  0x00007a534538acf4: 0000 c349 | ba48 585d | 9b52 7a00 | 004c 8954 | 2408 48c7 | 0424 ffff 

  0x00007a534538ad0c: ;   {runtime_call counter_overflow Runtime1 stub}
  0x00007a534538ad0c: ffff e86d 

  0x00007a534538ad10: ; ImmutableOopMap {rsi=Oop }
                      ;*synchronization entry
                      ; - com.cadoodlecad.manifold.ManifoldBindings::union@-1 (line 431)
  0x00007a534538ad10: c83c 07e9 | 7cff ffff 

  0x00007a534538ad18: ;   {internal_word}
  0x00007a534538ad18: 49ba e9ac | 3845 537a | 0000 4d89 | 9758 0300 

  0x00007a534538ad28: ;   {runtime_call SafepointBlob}
  0x00007a534538ad28: 00e9 d2b9 | 3207 9090 | 498b 87d0 | 0300 0049 | c787 d003 | 0000 0000 | 0000 49c7 | 87d8 0300 
  0x00007a534538ad48: 0000 0000 | 0048 83c4 

  0x00007a534538ad50: ;   {runtime_call unwind_exception Runtime1 stub}
  0x00007a534538ad50: 505d e9a9 | 8833 07f4 | f4f4 f4f4 | f4f4 f4f4 
[Stub Code]
  0x00007a534538ad60: ;   {no_reloc}
  0x00007a534538ad60: 0f1f 4400 

  0x00007a534538ad64: ;   {static_stub}
  0x00007a534538ad64: 0048 bb00 | 0000 0000 

  0x00007a534538ad6c: ;   {runtime_call}
  0x00007a534538ad6c: 0000 00e9 | fbff ffff 

  0x00007a534538ad74: ;   {static_stub}
  0x00007a534538ad74: 9048 bb00 | 0000 0000 

  0x00007a534538ad7c: ;   {runtime_call}
  0x00007a534538ad7c: 0000 00e9 | fbff ffff 
[Exception Handler]
  0x00007a534538ad84: ;   {runtime_call handle_exception_from_callee Runtime1 stub}
  0x00007a534538ad84: e8f7 913c 

  0x00007a534538ad88: ;   {external_word}
  0x00007a534538ad88: 0748 bf52 | 5739 6253 | 7a00 0048 

  0x00007a534538ad94: ;   {runtime_call MacroAssembler::debug64(char*, long, long*)}
  0x00007a534538ad94: 83e4 f0e8 | d4fd b71c 

  0x00007a534538ad9c: ;   {section_word}
  0x00007a534538ad9c: f449 ba9d | ad38 4553 | 7a00 0041 

  0x00007a534538ada8: ;   {runtime_call DeoptimizationBlob}
  0x00007a534538ada8: 52e9 f2ab | 3207 f4f4 
[/MachCode]


Compiled method (c1) 249  826       3       eu.printingin3d.javascad.manifold.Manifold3dEngine::operateNative (82 bytes)
 total in heap  [0x00007a5345370210,0x00007a5345370a30] = 2080
 relocation     [0x00007a5345370370,0x00007a5345370420] = 176
 main code      [0x00007a5345370420,0x00007a53453707e0] = 960
 stub code      [0x00007a53453707e0,0x00007a5345370870] = 144
 oops           [0x00007a5345370870,0x00007a5345370878] = 8
 metadata       [0x00007a5345370878,0x00007a5345370888] = 16
 scopes data    [0x00007a5345370888,0x00007a5345370918] = 144
 scopes pcs     [0x00007a5345370918,0x00007a5345370a08] = 240
 dependencies   [0x00007a5345370a08,0x00007a5345370a10] = 8
 nul chk table  [0x00007a5345370a10,0x00007a5345370a30] = 32

[Constant Pool (empty)]

[MachCode]
[Entry Point]
  # {method} {0x00007a529b5c8600} 'operateNative' '(JJI)J' in 'eu/printingin3d/javascad/manifold/Manifold3dEngine'
  # this:     rsi:rsi   = 'eu/printingin3d/javascad/manifold/Manifold3dEngine'
  # parm0:    rdx:rdx   = long
  # parm1:    rcx:rcx   = long
  # parm2:    r8        = int
  #           [sp+0x70]  (sp of caller)
  0x00007a5345370420: 448b 5608 | 49bb 0000 | 009f 527a | 0000 4d03 | d34c 3bd0 

  0x00007a5345370434: ;   {runtime_call ic_miss_stub}
  0x00007a5345370434: 0f85 46f9 | 3307 660f | 1f44 0000 
[Verified Entry Point]
  0x00007a5345370440: 8984 2400 | c0fe ff55 | 4883 ec60 

  0x00007a534537044c: ;   {metadata(method data for {method} {0x00007a529b5c8600} 'operateNative' '(JJI)J' in 'eu/printingin3d/javascad/manifold/Manifold3dEngine')}
  0x00007a534537044c: 48bf 0000 | 6c9b 527a | 0000 8b9f | f400 0000 | 83c3 0289 | 9ff4 0000 | 0081 e3fe | 0700 0083 
  0x00007a534537046c: fb00 0f84 | 9202 0000 | 4489 4424 | 3048 894c | 2440 4889 | 5424 3848 

  0x00007a5345370484: ;   {metadata(method data for {method} {0x00007a529b5c8600} 'operateNative' '(JJI)J' in 'eu/printingin3d/javascad/manifold/Manifold3dEngine')}
  0x00007a5345370484: 8bfe 48bb | 0000 6c9b | 527a 0000 | 4883 8338 | 0100 0001 | 0f1f 8000 

  0x00007a534537049c: ;   {optimized virtual_call}
  0x00007a534537049c: 0000 00e8 

  0x00007a53453704a0: ; ImmutableOopMap {}
                      ;*invokespecial getBindings {reexecute=0 rethrow=0 return_oop=0}
                      ; - eu.printingin3d.javascad.manifold.Manifold3dEngine::operateNative@1 (line 217)
  0x00007a53453704a0: 1c3c feff 

  0x00007a53453704a4: ;   {metadata(method data for {method} {0x00007a529b5c8600} 'operateNative' '(JJI)J' in 'eu/printingin3d/javascad/manifold/Manifold3dEngine')}
  0x00007a53453704a4: 48ba 0000 | 6c9b 527a | 0000 48c7 | c150 0100 | 0044 8b44 | 2430 4183 | f800 488b | f148 c7c1 
  0x00007a53453704c4: 6001 0000 | 480f 45ce | 4183 f801 | 488b f148 | c7c1 7001 | 0000 480f | 45ce 4183 | f802 488b 
  0x00007a53453704e4: f148 c7c1 | 8001 0000 | 480f 45ce | 488b 340a | 49c7 c201 | 0000 0049 | 03f2 4889 | 340a 4183 
  0x00007a5345370504: f800 0f84 | d300 0000 | 4183 f801 | 0f84 6900 | 0000 4183 | f802 0f85 | 1f01 0000 

  0x00007a5345370520: ; implicit exception: dispatches to 0x00007a5345370727
  0x00007a5345370520: 483b 0048 

  0x00007a5345370524: ;   {metadata(method data for {method} {0x00007a529b5c8600} 'operateNative' '(JJI)J' in 'eu/printingin3d/javascad/manifold/Manifold3dEngine')}
  0x00007a5345370524: 8bd0 48b9 | 0000 6c9b | 527a 0000 

  0x00007a5345370530: ;   {metadata('com/cadoodlecad/manifold/ManifoldBindings')}
  0x00007a5345370530: 49ba 7064 | 03a0 527a | 0000 4c89 | 9148 0200 | 0048 8381 | 5002 0000 | 0148 8b54 | 2438 488b 
  0x00007a5345370550: 4c24 4048 

  0x00007a5345370554: ;   {optimized virtual_call}
  0x00007a5345370554: 8bf0 90e8 

  0x00007a5345370558: ; ImmutableOopMap {}
                      ;*invokevirtual intersection {reexecute=0 rethrow=0 return_oop=0}
                      ; - eu.printingin3d.javascad.manifold.Manifold3dEngine::operateNative@60 (line 221)
  0x00007a5345370558: 24fb 3307 

  0x00007a534537055c: ;   {metadata(method data for {method} {0x00007a529b5c8600} 'operateNative' '(JJI)J' in 'eu/printingin3d/javascad/manifold/Manifold3dEngine')}
  0x00007a534537055c: 48ba 0000 | 6c9b 527a | 0000 ff82 | 7002 0000 | 4883 c460 

  0x00007a5345370570: ;   {poll_return}
  0x00007a5345370570: 5d49 3ba7 | 4003 0000 | 0f87 ae01 | 0000 c348 | 3b00 488b 

  0x00007a5345370584: ;   {metadata(method data for {method} {0x00007a529b5c8600} 'operateNative' '(JJI)J' in 'eu/printingin3d/javascad/manifold/Manifold3dEngine')}
  0x00007a5345370584: d048 b900 | 006c 9b52 

  0x00007a534537058c: ;   {metadata('com/cadoodlecad/manifold/ManifoldBindings')}
  0x00007a534537058c: 7a00 0049 | ba70 6403 | a052 7a00 | 004c 8991 | f801 0000 | 4883 8100 | 0200 0001 | 488b 5424 
  0x00007a53453705ac: 3848 8b4c | 2440 488b 

  0x00007a53453705b4: ;   {optimized virtual_call}
  0x00007a53453705b4: f066 90e8 

  0x00007a53453705b8: ; ImmutableOopMap {}
                      ;*invokevirtual difference {reexecute=0 rethrow=0 return_oop=0}
                      ; - eu.printingin3d.javascad.manifold.Manifold3dEngine::operateNative@50 (line 220)
  0x00007a53453705b8: 4902 0000 

  0x00007a53453705bc: ;   {metadata(method data for {method} {0x00007a529b5c8600} 'operateNative' '(JJI)J' in 'eu/printingin3d/javascad/manifold/Manifold3dEngine')}
  0x00007a53453705bc: 48ba 0000 | 6c9b 527a | 0000 ff82 | 2002 0000 | 4883 c460 

  0x00007a53453705d0: ;   {poll_return}
  0x00007a53453705d0: 5d49 3ba7 | 4003 0000 | 0f87 6901 | 0000 c348 | 8b4c 2440 | 488b 5424 | 3848 3b00 

  0x00007a53453705ec: ;   {metadata(method data for {method} {0x00007a529b5c8600} 'operateNative' '(JJI)J' in 'eu/printingin3d/javascad/manifold/Manifold3dEngine')}
  0x00007a53453705ec: 488b f048 | bf00 006c | 9b52 7a00 

  0x00007a53453705f8: ;   {metadata('com/cadoodlecad/manifold/ManifoldBindings')}
  0x00007a53453705f8: 0049 ba70 | 6403 a052 | 7a00 004c | 8997 a801 | 0000 4883 | 87b0 0100 | 0001 488b 

  0x00007a5345370614: ;   {optimized virtual_call}
  0x00007a5345370614: f066 90e8 

  0x00007a5345370618: ; ImmutableOopMap {}
                      ;*invokevirtual union {reexecute=0 rethrow=0 return_oop=0}
                      ; - eu.printingin3d.javascad.manifold.Manifold3dEngine::operateNative@40 (line 219)
  0x00007a5345370618: 44a6 0100 

  0x00007a534537061c: ;   {metadata(method data for {method} {0x00007a529b5c8600} 'operateNative' '(JJI)J' in 'eu/printingin3d/javascad/manifold/Manifold3dEngine')}
  0x00007a534537061c: 48ba 0000 | 6c9b 527a | 0000 ff82 | d001 0000 | 4883 c460 

  0x00007a5345370630: ;   {poll_return}
  0x00007a5345370630: 5d49 3ba7 | 4003 0000 | 0f87 2401 | 0000 c390 

  0x00007a5345370640: ;   {no_reloc}
  0x00007a5345370640: e942 0100 | 0000 0000 | 0000 498b | 8708 0100 | 0048 8d78 | 2849 3bbf | 1801 0000 | 0f87 2f01 
  0x00007a5345370660: 0000 4989 | bf08 0100 | 0048 c700 | 0100 0000 | 488b ca49 | ba00 0000 | 9f52 7a00 | 0049 2bca 
  0x00007a5345370680: 8948 0848 | 33c9 8948 | 0c48 33c9 | 4889 4810 | 4889 4818 | 4889 4820 

  0x00007a5345370698: ;   {no_reloc}
  0x00007a5345370698: e910 0100 | 0090 9090 | 9090 498b | f048 8944 | 2448 0f1f 

  0x00007a53453706ac: ;   {static_call}
  0x00007a53453706ac: 4400 00e8 

  0x00007a53453706b0: ; ImmutableOopMap {[72]=Oop }
                      ;*invokedynamic {reexecute=0 rethrow=0 return_oop=0}
                      ; - eu.printingin3d.javascad.manifold.Manifold3dEngine::operateNative@72 (line 222)
  0x00007a53453706b0: ccff 3307 

  0x00007a53453706b4: ;   {metadata(method data for {method} {0x00007a529b5c8600} 'operateNative' '(JJI)J' in 'eu/printingin3d/javascad/manifold/Manifold3dEngine')}
  0x00007a53453706b4: 48ba 0000 | 6c9b 527a | 0000 488d | 9298 0200 | 0048 85c0 | 750e 48f7 | 0201 0000 | 0075 05f0 
  0x00007a53453706d4: 4883 0a01 | 488b 5424 

  0x00007a53453706dc: ;   {metadata(method data for {method} {0x00007a529b5c8600} 'operateNative' '(JJI)J' in 'eu/printingin3d/javascad/manifold/Manifold3dEngine')}
  0x00007a53453706dc: 4848 be00 | 006c 9b52 | 7a00 0048 | 8386 a802 | 0000 0148 | 8bd0 488b 

  0x00007a53453706f4: ;   {optimized virtual_call}
  0x00007a53453706f4: 7424 48e8 

  0x00007a53453706f8: ; ImmutableOopMap {[72]=Oop }
                      ;*invokespecial <init> {reexecute=0 rethrow=0 return_oop=0}
                      ; - eu.printingin3d.javascad.manifold.Manifold3dEngine::operateNative@77 (line 222)
  0x00007a53453706f8: 84f9 3307 | 488b 4424 | 48e9 d000 

  0x00007a5345370704: ;   {metadata({method} {0x00007a529b5c8600} 'operateNative' '(JJI)J' in 'eu/printingin3d/javascad/manifold/Manifold3dEngine')}
  0x00007a5345370704: 0000 49ba | 0086 5c9b | 527a 0000 | 4c89 5424 | 0848 c704 | 24ff ffff 

  0x00007a534537071c: ;   {runtime_call counter_overflow Runtime1 stub}
  0x00007a534537071c: ffe8 5e6e 

  0x00007a5345370720: ; ImmutableOopMap {rsi=Oop }
                      ;*synchronization entry
                      ; - eu.printingin3d.javascad.manifold.Manifold3dEngine::operateNative@-1 (line 217)
  0x00007a5345370720: 3e07 e94d 

  0x00007a5345370724: ;   {runtime_call throw_null_pointer_exception Runtime1 stub}
  0x00007a5345370724: fdff ffe8 

  0x00007a5345370728: ; ImmutableOopMap {rax=Oop }
                      ;*invokevirtual intersection {reexecute=0 rethrow=0 return_oop=0}
                      ; - eu.printingin3d.javascad.manifold.Manifold3dEngine::operateNative@60 (line 221)
  0x00007a5345370728: 740e 3e07 

  0x00007a534537072c: ;   {internal_word}
  0x00007a534537072c: 49ba 7105 | 3745 537a | 0000 4d89 | 9758 0300 

  0x00007a534537073c: ;   {runtime_call SafepointBlob}
  0x00007a534537073c: 00e9 be5f 

  0x00007a5345370740: ;   {runtime_call throw_null_pointer_exception Runtime1 stub}
  0x00007a5345370740: 3407 e859 

  0x00007a5345370744: ; ImmutableOopMap {rax=Oop }
                      ;*invokevirtual difference {reexecute=0 rethrow=0 return_oop=0}
                      ; - eu.printingin3d.javascad.manifold.Manifold3dEngine::operateNative@50 (line 220)
                      ;   {internal_word}
  0x00007a5345370744: 0e3e 0749 | bad1 0537 | 4553 7a00 | 004d 8997 | 5803 0000 

  0x00007a5345370758: ;   {runtime_call SafepointBlob}
  0x00007a5345370758: e9a3 5f34 

  0x00007a534537075c: ;   {runtime_call throw_null_pointer_exception Runtime1 stub}
  0x00007a534537075c: 07e8 3e0e 

  0x00007a5345370760: ; ImmutableOopMap {rax=Oop }
                      ;*invokevirtual union {reexecute=0 rethrow=0 return_oop=0}
                      ; - eu.printingin3d.javascad.manifold.Manifold3dEngine::operateNative@40 (line 219)
                      ;   {internal_word}
  0x00007a5345370760: 3e07 49ba | 3106 3745 | 537a 0000 | 4d89 9758 

  0x00007a5345370770: ;   {runtime_call SafepointBlob}
  0x00007a5345370770: 0300 00e9 | 885f 3407 

  0x00007a5345370778: ;   {metadata(NULL)}
  0x00007a5345370778: 48ba 0000 | 0000 0000 | 0000 b800 

  0x00007a5345370784: ;   {runtime_call load_klass_patching Runtime1 stub}
  0x00007a5345370784: 0f05 0ae8 

  0x00007a5345370788: ; ImmutableOopMap {}
                      ;*new {reexecute=1 rethrow=0 return_oop=0}
                      ; - (reexecute) eu.printingin3d.javascad.manifold.Manifold3dEngine::operateNative@66 (line 222)
  0x00007a5345370788: 745d 3e07 | e9af feff | ff48 8bd2 

  0x00007a5345370794: ;   {runtime_call fast_new_instance Runtime1 stub}
  0x00007a5345370794: e8e7 1c3e 

  0x00007a5345370798: ; ImmutableOopMap {}
                      ;*new {reexecute=0 rethrow=0 return_oop=0}
                      ; - eu.printingin3d.javascad.manifold.Manifold3dEngine::operateNative@66 (line 222)
  0x00007a5345370798: 07e9 fafe | ffff 48ba | 0000 0000 | 0000 0000 | b800 0f05 

  0x00007a53453707ac: ;   {runtime_call load_appendix_patching Runtime1 stub}
  0x00007a53453707ac: 0ae8 4e66 

  0x00007a53453707b0: ; ImmutableOopMap {rax=Oop }
                      ;*invokedynamic {reexecute=1 rethrow=0 return_oop=0}
                      ; - (reexecute) eu.printingin3d.javascad.manifold.Manifold3dEngine::operateNative@72 (line 222)
  0x00007a53453707b0: 3e07 e9e1 | feff ff90 | 9049 8b87 | d003 0000 | 49c7 87d0 | 0300 0000 | 0000 0049 | c787 d803 
  0x00007a53453707d0: 0000 0000 | 0000 4883 

  0x00007a53453707d8: ;   {runtime_call unwind_exception Runtime1 stub}
  0x00007a53453707d8: c460 5de9 | 202e 3507 
[Stub Code]
  0x00007a53453707e0: ;   {no_reloc}
  0x00007a53453707e0: 0f1f 4400 

  0x00007a53453707e4: ;   {static_stub}
  0x00007a53453707e4: 0048 bb00 | 0000 0000 

  0x00007a53453707ec: ;   {runtime_call}
  0x00007a53453707ec: 0000 00e9 | fbff ffff 

  0x00007a53453707f4: ;   {static_stub}
  0x00007a53453707f4: 9048 bb00 | 0000 0000 

  0x00007a53453707fc: ;   {runtime_call}
  0x00007a53453707fc: 0000 00e9 | fbff ffff 

  0x00007a5345370804: ;   {static_stub}
  0x00007a5345370804: 9048 bb18 | 595d 9b52 

  0x00007a534537080c: ;   {runtime_call I2C/C2I adapters}
  0x00007a534537080c: 7a00 00e9 | cd97 3307 

  0x00007a5345370814: ;   {static_stub}
  0x00007a5345370814: 9048 bb48 | 585d 9b52 

  0x00007a534537081c: ;   {runtime_call I2C/C2I adapters}
  0x00007a534537081c: 7a00 00e9 | bd97 3307 

  0x00007a5345370824: ;   {static_stub}
  0x00007a5345370824: 9048 bb00 | 0000 0000 

  0x00007a534537082c: ;   {runtime_call}
  0x00007a534537082c: 0000 00e9 | fbff ffff 

  0x00007a5345370834: ;   {static_stub}
  0x00007a5345370834: 9048 bb00 | 0000 0000 

  0x00007a534537083c: ;   {runtime_call}
  0x00007a534537083c: 0000 00e9 | fbff ffff 
[Exception Handler]
  0x00007a5345370844: ;   {runtime_call handle_exception_from_callee Runtime1 stub}
  0x00007a5345370844: e837 373e 

  0x00007a5345370848: ;   {external_word}
  0x00007a5345370848: 0748 bf52 | 5739 6253 | 7a00 0048 

  0x00007a5345370854: ;   {runtime_call MacroAssembler::debug64(char*, long, long*)}
  0x00007a5345370854: 83e4 f0e8 | 14a3 b91c 

  0x00007a534537085c: ;   {section_word}
  0x00007a534537085c: f449 ba5d | 0837 4553 | 7a00 0041 

  0x00007a5345370868: ;   {runtime_call DeoptimizationBlob}
  0x00007a5345370868: 52e9 3251 | 3407 f4f4 
[/MachCode]


---------------  P R O C E S S  ---------------

Threads class SMR info:
_java_thread_list=0x00007a527c2d6dd0, length=23, elements={
0x00007a535c02a990, 0x00007a535c1e9450, 0x00007a535c1ea830, 0x00007a535c1efdc0,
0x00007a535c1f1170, 0x00007a535c1f2580, 0x00007a535c1f3fb0, 0x00007a535c1f54e0,
0x00007a535c1f6950, 0x00007a535c1fe650, 0x00007a535c201de0, 0x00007a527c0fc3f0,
0x00007a52640826d0, 0x00007a535c41bf70, 0x00007a535c41d0a0, 0x00007a525c05b090,
0x00007a525c026220, 0x00007a525c04b0d0, 0x00007a525c04dfb0, 0x00007a526408b9c0,
0x00007a5280175600, 0x00007a52501376c0, 0x00007a527c2d5e10
}

Java Threads: ( => current thread )
  0x00007a535c02a990 JavaThread "main" [_thread_blocked, id=66976, stack(0x00007a5361217000,0x00007a5361317000)]
  0x00007a535c1e9450 JavaThread "Reference Handler" daemon [_thread_blocked, id=66983, stack(0x00007a52fcbcd000,0x00007a52fcccd000)]
  0x00007a535c1ea830 JavaThread "Finalizer" daemon [_thread_blocked, id=66984, stack(0x00007a52fcacd000,0x00007a52fcbcd000)]
  0x00007a535c1efdc0 JavaThread "Signal Dispatcher" daemon [_thread_blocked, id=66985, stack(0x00007a52fc9cd000,0x00007a52fcacd000)]
  0x00007a535c1f1170 JavaThread "Service Thread" daemon [_thread_blocked, id=66986, stack(0x00007a52fc300000,0x00007a52fc400000)]
  0x00007a535c1f2580 JavaThread "Monitor Deflation Thread" daemon [_thread_blocked, id=66987, stack(0x00007a52fc200000,0x00007a52fc300000)]
  0x00007a535c1f3fb0 JavaThread "C2 CompilerThread0" daemon [_thread_blocked, id=66988, stack(0x00007a52fc100000,0x00007a52fc200000)]
  0x00007a535c1f54e0 JavaThread "C1 CompilerThread0" daemon [_thread_blocked, id=66989, stack(0x00007a52fc000000,0x00007a52fc100000)]
  0x00007a535c1f6950 JavaThread "Sweeper thread" daemon [_thread_blocked, id=66990, stack(0x00007a52edf00000,0x00007a52ee000000)]
  0x00007a535c1fe650 JavaThread "Notification Thread" daemon [_thread_blocked, id=66991, stack(0x00007a52ede00000,0x00007a52edf00000)]
  0x00007a535c201de0 JavaThread "Common-Cleaner" daemon [_thread_blocked, id=66993, stack(0x00007a52edbff000,0x00007a52edcff000)]
  0x00007a527c0fc3f0 JavaThread "C1 CompilerThread1" daemon [_thread_blocked, id=66994, stack(0x00007a52edaff000,0x00007a52edbff000)]
  0x00007a52640826d0 JavaThread "C1 CompilerThread2" daemon [_thread_blocked, id=66995, stack(0x00007a52ed9ff000,0x00007a52edaff000)]
  0x00007a535c41bf70 JavaThread "DefaultDispatcher-worker-1" daemon [_thread_blocked, id=66996, stack(0x00007a52ed8ff000,0x00007a52ed9ff000)]
  0x00007a535c41d0a0 JavaThread "DefaultDispatcher-worker-2" daemon [_thread_in_native, id=66997, stack(0x00007a52ed7ff000,0x00007a52ed8ff000)]
=>0x00007a525c05b090 JavaThread "DefaultDispatcher-worker-3" daemon [_thread_in_native, id=66998, stack(0x00007a52ed6ff000,0x00007a52ed7ff000)]
  0x00007a525c026220 JavaThread "DefaultDispatcher-worker-4" daemon [_thread_blocked, id=66999, stack(0x00007a52ed5ff000,0x00007a52ed6ff000)]
  0x00007a525c04b0d0 JavaThread "DefaultDispatcher-worker-5" daemon [_thread_blocked, id=67000, stack(0x00007a52ed4ff000,0x00007a52ed5ff000)]
  0x00007a525c04dfb0 JavaThread "DefaultDispatcher-worker-6" daemon [_thread_blocked, id=67001, stack(0x00007a52ed3ff000,0x00007a52ed4ff000)]
  0x00007a526408b9c0 JavaThread "C2 CompilerThread1" daemon [_thread_in_native, id=67002, stack(0x00007a52ed2ff000,0x00007a52ed3ff000)]
  0x00007a5280175600 JavaThread "C1 CompilerThread3" daemon [_thread_blocked, id=67003, stack(0x00007a52ed1ff000,0x00007a52ed2ff000)]
  0x00007a52501376c0 JavaThread "Thread-6" daemon [_thread_in_native, id=67019, stack(0x00007a52ecd00000,0x00007a52ece00000)]
  0x00007a527c2d5e10 JavaThread "C2 CompilerThread2" daemon [_thread_blocked, id=67032, stack(0x00007a521aef6000,0x00007a521aff6000)]

Other Threads:
  0x00007a535c1e5480 VMThread "VM Thread" [stack: 0x00007a52fccce000,0x00007a52fcdce000] [id=66982]
  0x00007a535c1fff90 WatcherThread [stack: 0x00007a52edd00000,0x00007a52ede00000] [id=66992]
  0x00007a535c0604e0 GCTaskThread "GC Thread#0" [stack: 0x00007a5360090000,0x00007a5360190000] [id=66977]
  0x00007a52e4006d00 GCTaskThread "GC Thread#1" [stack: 0x00007a52ec0fe000,0x00007a52ec1fe000] [id=67020]
  0x00007a52e4007740 GCTaskThread "GC Thread#2" [stack: 0x00007a52982f5000,0x00007a52983f5000] [id=67021]
  0x00007a52e4008180 GCTaskThread "GC Thread#3" [stack: 0x00007a52981f4000,0x00007a52982f4000] [id=67022]
  0x00007a52e4008bc0 GCTaskThread "GC Thread#4" [stack: 0x00007a52980f3000,0x00007a52981f3000] [id=67023]
  0x00007a52e4009600 GCTaskThread "GC Thread#5" [stack: 0x00007a521b6fe000,0x00007a521b7fe000] [id=67024]
  0x00007a52e400a460 GCTaskThread "GC Thread#6" [stack: 0x00007a521b5fd000,0x00007a521b6fd000] [id=67025]
  0x00007a52e400b2c0 GCTaskThread "GC Thread#7" [stack: 0x00007a521b4fc000,0x00007a521b5fc000] [id=67026]
  0x00007a52e400c120 GCTaskThread "GC Thread#8" [stack: 0x00007a521b3fb000,0x00007a521b4fb000] [id=67027]
  0x00007a52e400cf80 GCTaskThread "GC Thread#9" [stack: 0x00007a521b2fa000,0x00007a521b3fa000] [id=67028]
  0x00007a52e400de20 GCTaskThread "GC Thread#10" [stack: 0x00007a521b1f9000,0x00007a521b2f9000] [id=67029]
  0x00007a52e400ecc0 GCTaskThread "GC Thread#11" [stack: 0x00007a521b0f8000,0x00007a521b1f8000] [id=67030]
  0x00007a52e400fb60 GCTaskThread "GC Thread#12" [stack: 0x00007a521aff7000,0x00007a521b0f7000] [id=67031]
  0x00007a535c070ad0 ConcurrentGCThread "G1 Main Marker" [stack: 0x00007a535bf00000,0x00007a535c000000] [id=66978]
  0x00007a535c071a40 ConcurrentGCThread "G1 Conc#0" [stack: 0x00007a52fde30000,0x00007a52fdf30000] [id=66979]
  0x00007a535c1b25d0 ConcurrentGCThread "G1 Refine#0" [stack: 0x00007a52fd022000,0x00007a52fd122000] [id=66980]
  0x00007a535c1b34d0 ConcurrentGCThread "G1 Service" [stack: 0x00007a52fcf21000,0x00007a52fd021000] [id=66981]

Threads with active compile tasks:
C2 CompilerThread1  257  686       4       eu.printingin3d.javascad.coords.Angles3d::rotate (392 bytes)

VM state: not at safepoint (normal execution)

VM Mutex/Monitor currently owned by a thread: None

Heap address: 0x0000000082000000, size: 30688 MB, Compressed Oops mode: Zero based, Oop shift amount: 3

CDS archive(s) mapped at: [0x00007a529f000000-0x00007a529fbca000-0x00007a529fbca000), size 12361728, SharedBaseAddress: 0x00007a529f000000, ArchiveRelocationMode: 1.
Compressed class space mapped at: 0x00007a52a0000000-0x00007a52e0000000, reserved size: 1073741824
Narrow klass base: 0x00007a529f000000, Narrow klass shift: 0, Narrow klass range: 0x100000000

GC Precious Log:
 CPUs: 16 total, 16 available
 Memory: 121G
 Large Page Support: Disabled
 NUMA Support: Disabled
 Compressed Oops: Enabled (Zero based)
 Heap Region Size: 16M
 Heap Min Capacity: 16M
 Heap Initial Capacity: 1952M
 Heap Max Capacity: 30688M
 Pre-touch: Disabled
 Parallel Workers: 13
 Concurrent Workers: 3
 Concurrent Refinement Workers: 13
 Periodic GC: Disabled

Heap:
 garbage-first heap   total 2031616K, used 50753K [0x0000000082000000, 0x0000000800000000)
  region size 16384K, 4 young (65536K), 1 survivors (16384K)
 Metaspace       used 4856K, committed 5056K, reserved 1114112K
  class space    used 405K, committed 512K, reserved 1048576K

Heap Regions: E=young(eden), S=young(survivor), O=old, HS=humongous(starts), HC=humongous(continues), CS=collection set, F=free, OA=open archive, CA=closed archive, TAMS=top-at-mark-start (previous, next)
|   0|0x0000000082000000, 0x0000000082000000, 0x0000000083000000|  0%| F|  |TAMS 0x0000000082000000, 0x0000000082000000| Untracked 
|   1|0x0000000083000000, 0x0000000083000000, 0x0000000084000000|  0%| F|  |TAMS 0x0000000083000000, 0x0000000083000000| Untracked 
|   2|0x0000000084000000, 0x0000000084000000, 0x0000000085000000|  0%| F|  |TAMS 0x0000000084000000, 0x0000000084000000| Untracked 
|   3|0x0000000085000000, 0x0000000085000000, 0x0000000086000000|  0%| F|  |TAMS 0x0000000085000000, 0x0000000085000000| Untracked 
|   4|0x0000000086000000, 0x0000000086000000, 0x0000000087000000|  0%| F|  |TAMS 0x0000000086000000, 0x0000000086000000| Untracked 
|   5|0x0000000087000000, 0x0000000087000000, 0x0000000088000000|  0%| F|  |TAMS 0x0000000087000000, 0x0000000087000000| Untracked 
|   6|0x0000000088000000, 0x0000000088000000, 0x0000000089000000|  0%| F|  |TAMS 0x0000000088000000, 0x0000000088000000| Untracked 
|   7|0x0000000089000000, 0x0000000089000000, 0x000000008a000000|  0%| F|  |TAMS 0x0000000089000000, 0x0000000089000000| Untracked 
|   8|0x000000008a000000, 0x000000008a000000, 0x000000008b000000|  0%| F|  |TAMS 0x000000008a000000, 0x000000008a000000| Untracked 
|   9|0x000000008b000000, 0x000000008b000000, 0x000000008c000000|  0%| F|  |TAMS 0x000000008b000000, 0x000000008b000000| Untracked 
|  10|0x000000008c000000, 0x000000008c000000, 0x000000008d000000|  0%| F|  |TAMS 0x000000008c000000, 0x000000008c000000| Untracked 
|  11|0x000000008d000000, 0x000000008d000000, 0x000000008e000000|  0%| F|  |TAMS 0x000000008d000000, 0x000000008d000000| Untracked 
|  12|0x000000008e000000, 0x000000008e000000, 0x000000008f000000|  0%| F|  |TAMS 0x000000008e000000, 0x000000008e000000| Untracked 
|  13|0x000000008f000000, 0x000000008f000000, 0x0000000090000000|  0%| F|  |TAMS 0x000000008f000000, 0x000000008f000000| Untracked 
|  14|0x0000000090000000, 0x0000000090000000, 0x0000000091000000|  0%| F|  |TAMS 0x0000000090000000, 0x0000000090000000| Untracked 
|  15|0x0000000091000000, 0x0000000091000000, 0x0000000092000000|  0%| F|  |TAMS 0x0000000091000000, 0x0000000091000000| Untracked 
|  16|0x0000000092000000, 0x0000000092000000, 0x0000000093000000|  0%| F|  |TAMS 0x0000000092000000, 0x0000000092000000| Untracked 
|  17|0x0000000093000000, 0x0000000093000000, 0x0000000094000000|  0%| F|  |TAMS 0x0000000093000000, 0x0000000093000000| Untracked 
|  18|0x0000000094000000, 0x0000000094000000, 0x0000000095000000|  0%| F|  |TAMS 0x0000000094000000, 0x0000000094000000| Untracked 
|  19|0x0000000095000000, 0x0000000095000000, 0x0000000096000000|  0%| F|  |TAMS 0x0000000095000000, 0x0000000095000000| Untracked 
|  20|0x0000000096000000, 0x0000000096000000, 0x0000000097000000|  0%| F|  |TAMS 0x0000000096000000, 0x0000000096000000| Untracked 
|  21|0x0000000097000000, 0x0000000097000000, 0x0000000098000000|  0%| F|  |TAMS 0x0000000097000000, 0x0000000097000000| Untracked 
|  22|0x0000000098000000, 0x0000000098000000, 0x0000000099000000|  0%| F|  |TAMS 0x0000000098000000, 0x0000000098000000| Untracked 
|  23|0x0000000099000000, 0x0000000099000000, 0x000000009a000000|  0%| F|  |TAMS 0x0000000099000000, 0x0000000099000000| Untracked 
|  24|0x000000009a000000, 0x000000009a000000, 0x000000009b000000|  0%| F|  |TAMS 0x000000009a000000, 0x000000009a000000| Untracked 
|  25|0x000000009b000000, 0x000000009b000000, 0x000000009c000000|  0%| F|  |TAMS 0x000000009b000000, 0x000000009b000000| Untracked 
|  26|0x000000009c000000, 0x000000009c000000, 0x000000009d000000|  0%| F|  |TAMS 0x000000009c000000, 0x000000009c000000| Untracked 
|  27|0x000000009d000000, 0x000000009d000000, 0x000000009e000000|  0%| F|  |TAMS 0x000000009d000000, 0x000000009d000000| Untracked 
|  28|0x000000009e000000, 0x000000009e000000, 0x000000009f000000|  0%| F|  |TAMS 0x000000009e000000, 0x000000009e000000| Untracked 
|  29|0x000000009f000000, 0x000000009f000000, 0x00000000a0000000|  0%| F|  |TAMS 0x000000009f000000, 0x000000009f000000| Untracked 
|  30|0x00000000a0000000, 0x00000000a0000000, 0x00000000a1000000|  0%| F|  |TAMS 0x00000000a0000000, 0x00000000a0000000| Untracked 
|  31|0x00000000a1000000, 0x00000000a1000000, 0x00000000a2000000|  0%| F|  |TAMS 0x00000000a1000000, 0x00000000a1000000| Untracked 
|  32|0x00000000a2000000, 0x00000000a2000000, 0x00000000a3000000|  0%| F|  |TAMS 0x00000000a2000000, 0x00000000a2000000| Untracked 
|  33|0x00000000a3000000, 0x00000000a3000000, 0x00000000a4000000|  0%| F|  |TAMS 0x00000000a3000000, 0x00000000a3000000| Untracked 
|  34|0x00000000a4000000, 0x00000000a4000000, 0x00000000a5000000|  0%| F|  |TAMS 0x00000000a4000000, 0x00000000a4000000| Untracked 
|  35|0x00000000a5000000, 0x00000000a5000000, 0x00000000a6000000|  0%| F|  |TAMS 0x00000000a5000000, 0x00000000a5000000| Untracked 
|  36|0x00000000a6000000, 0x00000000a6000000, 0x00000000a7000000|  0%| F|  |TAMS 0x00000000a6000000, 0x00000000a6000000| Untracked 
|  37|0x00000000a7000000, 0x00000000a7000000, 0x00000000a8000000|  0%| F|  |TAMS 0x00000000a7000000, 0x00000000a7000000| Untracked 
|  38|0x00000000a8000000, 0x00000000a8000000, 0x00000000a9000000|  0%| F|  |TAMS 0x00000000a8000000, 0x00000000a8000000| Untracked 
|  39|0x00000000a9000000, 0x00000000a9000000, 0x00000000aa000000|  0%| F|  |TAMS 0x00000000a9000000, 0x00000000a9000000| Untracked 
|  40|0x00000000aa000000, 0x00000000aa000000, 0x00000000ab000000|  0%| F|  |TAMS 0x00000000aa000000, 0x00000000aa000000| Untracked 
|  41|0x00000000ab000000, 0x00000000ab000000, 0x00000000ac000000|  0%| F|  |TAMS 0x00000000ab000000, 0x00000000ab000000| Untracked 
|  42|0x00000000ac000000, 0x00000000ac000000, 0x00000000ad000000|  0%| F|  |TAMS 0x00000000ac000000, 0x00000000ac000000| Untracked 
|  43|0x00000000ad000000, 0x00000000ad000000, 0x00000000ae000000|  0%| F|  |TAMS 0x00000000ad000000, 0x00000000ad000000| Untracked 
|  44|0x00000000ae000000, 0x00000000ae000000, 0x00000000af000000|  0%| F|  |TAMS 0x00000000ae000000, 0x00000000ae000000| Untracked 
|  45|0x00000000af000000, 0x00000000af000000, 0x00000000b0000000|  0%| F|  |TAMS 0x00000000af000000, 0x00000000af000000| Untracked 
|  46|0x00000000b0000000, 0x00000000b0000000, 0x00000000b1000000|  0%| F|  |TAMS 0x00000000b0000000, 0x00000000b0000000| Untracked 
|  47|0x00000000b1000000, 0x00000000b1000000, 0x00000000b2000000|  0%| F|  |TAMS 0x00000000b1000000, 0x00000000b1000000| Untracked 
|  48|0x00000000b2000000, 0x00000000b2000000, 0x00000000b3000000|  0%| F|  |TAMS 0x00000000b2000000, 0x00000000b2000000| Untracked 
|  49|0x00000000b3000000, 0x00000000b3000000, 0x00000000b4000000|  0%| F|  |TAMS 0x00000000b3000000, 0x00000000b3000000| Untracked 
|  50|0x00000000b4000000, 0x00000000b4000000, 0x00000000b5000000|  0%| F|  |TAMS 0x00000000b4000000, 0x00000000b4000000| Untracked 
|  51|0x00000000b5000000, 0x00000000b5000000, 0x00000000b6000000|  0%| F|  |TAMS 0x00000000b5000000, 0x00000000b5000000| Untracked 
|  52|0x00000000b6000000, 0x00000000b6000000, 0x00000000b7000000|  0%| F|  |TAMS 0x00000000b6000000, 0x00000000b6000000| Untracked 
|  53|0x00000000b7000000, 0x00000000b7000000, 0x00000000b8000000|  0%| F|  |TAMS 0x00000000b7000000, 0x00000000b7000000| Untracked 
|  54|0x00000000b8000000, 0x00000000b8000000, 0x00000000b9000000|  0%| F|  |TAMS 0x00000000b8000000, 0x00000000b8000000| Untracked 
|  55|0x00000000b9000000, 0x00000000b9000000, 0x00000000ba000000|  0%| F|  |TAMS 0x00000000b9000000, 0x00000000b9000000| Untracked 
|  56|0x00000000ba000000, 0x00000000ba000000, 0x00000000bb000000|  0%| F|  |TAMS 0x00000000ba000000, 0x00000000ba000000| Untracked 
|  57|0x00000000bb000000, 0x00000000bb000000, 0x00000000bc000000|  0%| F|  |TAMS 0x00000000bb000000, 0x00000000bb000000| Untracked 
|  58|0x00000000bc000000, 0x00000000bc000000, 0x00000000bd000000|  0%| F|  |TAMS 0x00000000bc000000, 0x00000000bc000000| Untracked 
|  59|0x00000000bd000000, 0x00000000bd000000, 0x00000000be000000|  0%| F|  |TAMS 0x00000000bd000000, 0x00000000bd000000| Untracked 
|  60|0x00000000be000000, 0x00000000be000000, 0x00000000bf000000|  0%| F|  |TAMS 0x00000000be000000, 0x00000000be000000| Untracked 
|  61|0x00000000bf000000, 0x00000000bf000000, 0x00000000c0000000|  0%| F|  |TAMS 0x00000000bf000000, 0x00000000bf000000| Untracked 
|  62|0x00000000c0000000, 0x00000000c0000000, 0x00000000c1000000|  0%| F|  |TAMS 0x00000000c0000000, 0x00000000c0000000| Untracked 
|  63|0x00000000c1000000, 0x00000000c1000000, 0x00000000c2000000|  0%| F|  |TAMS 0x00000000c1000000, 0x00000000c1000000| Untracked 
|  64|0x00000000c2000000, 0x00000000c2000000, 0x00000000c3000000|  0%| F|  |TAMS 0x00000000c2000000, 0x00000000c2000000| Untracked 
|  65|0x00000000c3000000, 0x00000000c3000000, 0x00000000c4000000|  0%| F|  |TAMS 0x00000000c3000000, 0x00000000c3000000| Untracked 
|  66|0x00000000c4000000, 0x00000000c4000000, 0x00000000c5000000|  0%| F|  |TAMS 0x00000000c4000000, 0x00000000c4000000| Untracked 
|  67|0x00000000c5000000, 0x00000000c5000000, 0x00000000c6000000|  0%| F|  |TAMS 0x00000000c5000000, 0x00000000c5000000| Untracked 
|  68|0x00000000c6000000, 0x00000000c6000000, 0x00000000c7000000|  0%| F|  |TAMS 0x00000000c6000000, 0x00000000c6000000| Untracked 
|  69|0x00000000c7000000, 0x00000000c7000000, 0x00000000c8000000|  0%| F|  |TAMS 0x00000000c7000000, 0x00000000c7000000| Untracked 
|  70|0x00000000c8000000, 0x00000000c8000000, 0x00000000c9000000|  0%| F|  |TAMS 0x00000000c8000000, 0x00000000c8000000| Untracked 
|  71|0x00000000c9000000, 0x00000000c9000000, 0x00000000ca000000|  0%| F|  |TAMS 0x00000000c9000000, 0x00000000c9000000| Untracked 
|  72|0x00000000ca000000, 0x00000000ca000000, 0x00000000cb000000|  0%| F|  |TAMS 0x00000000ca000000, 0x00000000ca000000| Untracked 
|  73|0x00000000cb000000, 0x00000000cb000000, 0x00000000cc000000|  0%| F|  |TAMS 0x00000000cb000000, 0x00000000cb000000| Untracked 
|  74|0x00000000cc000000, 0x00000000cc000000, 0x00000000cd000000|  0%| F|  |TAMS 0x00000000cc000000, 0x00000000cc000000| Untracked 
|  75|0x00000000cd000000, 0x00000000cd000000, 0x00000000ce000000|  0%| F|  |TAMS 0x00000000cd000000, 0x00000000cd000000| Untracked 
|  76|0x00000000ce000000, 0x00000000ce000000, 0x00000000cf000000|  0%| F|  |TAMS 0x00000000ce000000, 0x00000000ce000000| Untracked 
|  77|0x00000000cf000000, 0x00000000cf000000, 0x00000000d0000000|  0%| F|  |TAMS 0x00000000cf000000, 0x00000000cf000000| Untracked 
|  78|0x00000000d0000000, 0x00000000d0000000, 0x00000000d1000000|  0%| F|  |TAMS 0x00000000d0000000, 0x00000000d0000000| Untracked 
|  79|0x00000000d1000000, 0x00000000d1000000, 0x00000000d2000000|  0%| F|  |TAMS 0x00000000d1000000, 0x00000000d1000000| Untracked 
|  80|0x00000000d2000000, 0x00000000d2000000, 0x00000000d3000000|  0%| F|  |TAMS 0x00000000d2000000, 0x00000000d2000000| Untracked 
|  81|0x00000000d3000000, 0x00000000d3000000, 0x00000000d4000000|  0%| F|  |TAMS 0x00000000d3000000, 0x00000000d3000000| Untracked 
|  82|0x00000000d4000000, 0x00000000d4000000, 0x00000000d5000000|  0%| F|  |TAMS 0x00000000d4000000, 0x00000000d4000000| Untracked 
|  83|0x00000000d5000000, 0x00000000d5000000, 0x00000000d6000000|  0%| F|  |TAMS 0x00000000d5000000, 0x00000000d5000000| Untracked 
|  84|0x00000000d6000000, 0x00000000d6000000, 0x00000000d7000000|  0%| F|  |TAMS 0x00000000d6000000, 0x00000000d6000000| Untracked 
|  85|0x00000000d7000000, 0x00000000d7000000, 0x00000000d8000000|  0%| F|  |TAMS 0x00000000d7000000, 0x00000000d7000000| Untracked 
|  86|0x00000000d8000000, 0x00000000d8000000, 0x00000000d9000000|  0%| F|  |TAMS 0x00000000d8000000, 0x00000000d8000000| Untracked 
|  87|0x00000000d9000000, 0x00000000d9000000, 0x00000000da000000|  0%| F|  |TAMS 0x00000000d9000000, 0x00000000d9000000| Untracked 
|  88|0x00000000da000000, 0x00000000da000000, 0x00000000db000000|  0%| F|  |TAMS 0x00000000da000000, 0x00000000da000000| Untracked 
|  89|0x00000000db000000, 0x00000000db000000, 0x00000000dc000000|  0%| F|  |TAMS 0x00000000db000000, 0x00000000db000000| Untracked 
|  90|0x00000000dc000000, 0x00000000dc000000, 0x00000000dd000000|  0%| F|  |TAMS 0x00000000dc000000, 0x00000000dc000000| Untracked 
|  91|0x00000000dd000000, 0x00000000dd000000, 0x00000000de000000|  0%| F|  |TAMS 0x00000000dd000000, 0x00000000dd000000| Untracked 
|  92|0x00000000de000000, 0x00000000de000000, 0x00000000df000000|  0%| F|  |TAMS 0x00000000de000000, 0x00000000de000000| Untracked 
|  93|0x00000000df000000, 0x00000000df000000, 0x00000000e0000000|  0%| F|  |TAMS 0x00000000df000000, 0x00000000df000000| Untracked 
|  94|0x00000000e0000000, 0x00000000e0000000, 0x00000000e1000000|  0%| F|  |TAMS 0x00000000e0000000, 0x00000000e0000000| Untracked 
|  95|0x00000000e1000000, 0x00000000e1000000, 0x00000000e2000000|  0%| F|  |TAMS 0x00000000e1000000, 0x00000000e1000000| Untracked 
|  96|0x00000000e2000000, 0x00000000e2000000, 0x00000000e3000000|  0%| F|  |TAMS 0x00000000e2000000, 0x00000000e2000000| Untracked 
|  97|0x00000000e3000000, 0x00000000e3000000, 0x00000000e4000000|  0%| F|  |TAMS 0x00000000e3000000, 0x00000000e3000000| Untracked 
|  98|0x00000000e4000000, 0x00000000e4000000, 0x00000000e5000000|  0%| F|  |TAMS 0x00000000e4000000, 0x00000000e4000000| Untracked 
|  99|0x00000000e5000000, 0x00000000e5000000, 0x00000000e6000000|  0%| F|  |TAMS 0x00000000e5000000, 0x00000000e5000000| Untracked 
| 100|0x00000000e6000000, 0x00000000e6000000, 0x00000000e7000000|  0%| F|  |TAMS 0x00000000e6000000, 0x00000000e6000000| Untracked 
| 101|0x00000000e7000000, 0x00000000e7000000, 0x00000000e8000000|  0%| F|  |TAMS 0x00000000e7000000, 0x00000000e7000000| Untracked 
| 102|0x00000000e8000000, 0x00000000e8000000, 0x00000000e9000000|  0%| F|  |TAMS 0x00000000e8000000, 0x00000000e8000000| Untracked 
| 103|0x00000000e9000000, 0x00000000e9000000, 0x00000000ea000000|  0%| F|  |TAMS 0x00000000e9000000, 0x00000000e9000000| Untracked 
| 104|0x00000000ea000000, 0x00000000ea000000, 0x00000000eb000000|  0%| F|  |TAMS 0x00000000ea000000, 0x00000000ea000000| Untracked 
| 105|0x00000000eb000000, 0x00000000eb000000, 0x00000000ec000000|  0%| F|  |TAMS 0x00000000eb000000, 0x00000000eb000000| Untracked 
| 106|0x00000000ec000000, 0x00000000ec000000, 0x00000000ed000000|  0%| F|  |TAMS 0x00000000ec000000, 0x00000000ec000000| Untracked 
| 107|0x00000000ed000000, 0x00000000ed000000, 0x00000000ee000000|  0%| F|  |TAMS 0x00000000ed000000, 0x00000000ed000000| Untracked 
| 108|0x00000000ee000000, 0x00000000ee000000, 0x00000000ef000000|  0%| F|  |TAMS 0x00000000ee000000, 0x00000000ee000000| Untracked 
| 109|0x00000000ef000000, 0x00000000ef000000, 0x00000000f0000000|  0%| F|  |TAMS 0x00000000ef000000, 0x00000000ef000000| Untracked 
| 110|0x00000000f0000000, 0x00000000f0000000, 0x00000000f1000000|  0%| F|  |TAMS 0x00000000f0000000, 0x00000000f0000000| Untracked 
| 111|0x00000000f1000000, 0x00000000f1000000, 0x00000000f2000000|  0%| F|  |TAMS 0x00000000f1000000, 0x00000000f1000000| Untracked 
| 112|0x00000000f2000000, 0x00000000f2000000, 0x00000000f3000000|  0%| F|  |TAMS 0x00000000f2000000, 0x00000000f2000000| Untracked 
| 113|0x00000000f3000000, 0x00000000f3000000, 0x00000000f4000000|  0%| F|  |TAMS 0x00000000f3000000, 0x00000000f3000000| Untracked 
| 114|0x00000000f4000000, 0x00000000f4000000, 0x00000000f5000000|  0%| F|  |TAMS 0x00000000f4000000, 0x00000000f4000000| Untracked 
| 115|0x00000000f5000000, 0x00000000f51a3428, 0x00000000f6000000| 10%| S|CS|TAMS 0x00000000f5000000, 0x00000000f5000000| Complete 
| 116|0x00000000f6000000, 0x00000000f6000000, 0x00000000f7000000|  0%| F|  |TAMS 0x00000000f6000000, 0x00000000f6000000| Untracked 
| 117|0x00000000f7000000, 0x00000000f7000000, 0x00000000f8000000|  0%| F|  |TAMS 0x00000000f7000000, 0x00000000f7000000| Untracked 
| 118|0x00000000f8000000, 0x00000000f8000000, 0x00000000f9000000|  0%| F|  |TAMS 0x00000000f8000000, 0x00000000f8000000| Untracked 
| 119|0x00000000f9000000, 0x00000000f9943dd8, 0x00000000fa000000| 57%| E|  |TAMS 0x00000000f9000000, 0x00000000f9000000| Complete 
| 120|0x00000000fa000000, 0x00000000fb000000, 0x00000000fb000000|100%| E|CS|TAMS 0x00000000fa000000, 0x00000000fa000000| Complete 
| 121|0x00000000fb000000, 0x00000000fc000000, 0x00000000fc000000|100%| E|CS|TAMS 0x00000000fb000000, 0x00000000fb000000| Complete 
|1916|0x00000007fe000000, 0x00000007fef75000, 0x00000007ff000000| 96%|OA|  |TAMS 0x00000007fe000000, 0x00000007fe000000| Untracked 
|1917|0x00000007ff000000, 0x00000007ff078000, 0x0000000800000000|  2%|CA|  |TAMS 0x00000007ff000000, 0x00000007ff000000| Untracked 

Card table byte_map: [0x00007a533da20000,0x00007a5341610000] _byte_map_base: 0x00007a533d610000

Marking Bits (Prev, Next): (CMBitMap*) 0x00007a535c060f70, (CMBitMap*) 0x00007a535c060fb0
 Prev Bits: [0x00007a531beb0000, 0x00007a5339e30000)
 Next Bits: [0x00007a52fdf30000, 0x00007a531beb0000)

Polling page: 0x00007a5362a92000

Metaspace:

Usage:
  Non-class:      4.35 MB used.
      Class:    405.25 KB used.
       Both:      4.74 MB used.

Virtual space:
  Non-class space:       64.00 MB reserved,       4.44 MB (  7%) committed,  1 nodes.
      Class space:        1.00 GB reserved,     512.00 KB ( <1%) committed,  1 nodes.
             Both:        1.06 GB reserved,       4.94 MB ( <1%) committed. 

Chunk freelists:
   Non-Class:  9.17 MB
       Class:  15.47 MB
        Both:  24.64 MB

MaxMetaspaceSize: unlimited
CompressedClassSpaceSize: 1.00 GB
Initial GC threshold: 21.00 MB
Current GC threshold: 21.00 MB
CDS: on
MetaspaceReclaimPolicy: balanced
 - commit_granule_bytes: 65536.
 - commit_granule_words: 8192.
 - virtual_space_node_default_size: 8388608.
 - enlarge_chunks_in_place: 1.
 - new_chunks_are_fully_committed: 0.
 - uncommit_free_chunks: 1.
 - use_allocation_guard: 0.
 - handle_deallocations: 1.


Internal statistics:

num_allocs_failed_limit: 0.
num_arena_births: 52.
num_arena_deaths: 0.
num_vsnodes_births: 2.
num_vsnodes_deaths: 0.
num_space_committed: 79.
num_space_uncommitted: 0.
num_chunks_returned_to_freelist: 0.
num_chunks_taken_from_freelist: 179.
num_chunk_merges: 0.
num_chunk_splits: 137.
num_chunks_enlarged: 112.
num_inconsistent_stats: 0.

CodeHeap 'non-profiled nmethods': size=119168Kb used=281Kb max_used=281Kb free=118886Kb
 bounds [0x00007a534cda0000, 0x00007a534d010000, 0x00007a5354200000]
CodeHeap 'profiled nmethods': size=119164Kb used=1583Kb max_used=1583Kb free=117580Kb
 bounds [0x00007a5345200000, 0x00007a5345470000, 0x00007a534c65f000]
CodeHeap 'non-nmethods': size=7428Kb used=2892Kb max_used=2908Kb free=4535Kb
 bounds [0x00007a534c65f000, 0x00007a534c93f000, 0x00007a534cda0000]
 total_blobs=1407 nmethods=896 adapters=422
 compilation: enabled
              stopped_count=0, restarted_count=0
 full_count=0

Compilation events (20 events):
Event: 0.229 Thread 0x00007a52640826d0  886       3       java.util.Arrays::asList (9 bytes)
Event: 0.229 Thread 0x00007a527c0fc3f0  887       3       java.util.Arrays$ArrayList::<init> (16 bytes)
Event: 0.229 Thread 0x00007a52640826d0 nmethod 886 0x00007a534538ae90 code [0x00007a534538b060, 0x00007a534538b4e0]
Event: 0.229 Thread 0x00007a527c0fc3f0 nmethod 887 0x00007a534538b690 code [0x00007a534538b860, 0x00007a534538bc40]
Event: 0.230 Thread 0x00007a535c1f3fb0 nmethod 867 0x00007a534cde1b10 code [0x00007a534cde1cc0, 0x00007a534cde22d8]
Event: 0.230 Thread 0x00007a535c1f3fb0  885       4       java.lang.ThreadLocal::get (38 bytes)
Event: 0.230 Thread 0x00007a535c1f3fb0 nmethod 885 0x00007a534cde2610 code [0x00007a534cde27c0, 0x00007a534cde2938]
Event: 0.230 Thread 0x00007a535c1f3fb0  888       4       jdk.internal.misc.Unsafe::allocateUninitializedArray0 (90 bytes)
Event: 0.231 Thread 0x00007a535c1f3fb0 nmethod 888 0x00007a534cde2b10 code [0x00007a534cde2ca0, 0x00007a534cde2e58]
Event: 0.231 Thread 0x00007a535c1f3fb0  889       4       eu.printingin3d.javascad.coords.V3d::create (9 bytes)
Event: 0.231 Thread 0x00007a535c1f3fb0 nmethod 889 0x00007a534cde2f10 code [0x00007a534cde30a0, 0x00007a534cde3198]
Event: 0.231 Thread 0x00007a535c1f3fb0  890       4       eu.printingin3d.javascad.coords.V3d::create (12 bytes)
Event: 0.232 Thread 0x00007a535c1f3fb0 nmethod 890 0x00007a534cde3290 code [0x00007a534cde3420, 0x00007a534cde3518]
Event: 0.233 Thread 0x00007a5280175600  891       1       com.github.grishberg.cad3d.keyboard.casebody.Walls::access$getCfg$p (5 bytes)
Event: 0.233 Thread 0x00007a5280175600 nmethod 891 0x00007a534cde3610 code [0x00007a534cde37a0, 0x00007a534cde3850]
Event: 0.233 Thread 0x00007a527c2d5e10 nmethod 880 0x00007a534cde3910 code [0x00007a534cde3ac0, 0x00007a534cde4018]
Event: 0.234 Thread 0x00007a527c2d5e10  892       4       java.lang.StringConcatHelper::mix (27 bytes)
Event: 0.234 Thread 0x00007a527c2d5e10 nmethod 892 0x00007a534cde4310 code [0x00007a534cde44a0, 0x00007a534cde4558]
Event: 0.236 Thread 0x00007a527c2d5e10  893       4       eu.printingin3d.javascad.coords.Basic3dFunc::add (32 bytes)
Event: 0.237 Thread 0x00007a535c1f3fb0  894       4       eu.printingin3d.javascad.models.Cube::innerCloneModel (12 bytes)

GC Heap History (2 events):
Event: 0.206 GC heap before
{Heap before GC invocations=0 (full 0):
 garbage-first heap   total 2031616K, used 114612K [0x0000000082000000, 0x0000000800000000)
  region size 16384K, 6 young (98304K), 0 survivors (0K)
 Metaspace       used 4785K, committed 4992K, reserved 1114112K
  class space    used 393K, committed 512K, reserved 1048576K
}
Event: 0.206 GC heap after
{Heap after GC invocations=1 (full 0):
 garbage-first heap   total 2031616K, used 17985K [0x0000000082000000, 0x0000000800000000)
  region size 16384K, 1 young (16384K), 1 survivors (16384K)
 Metaspace       used 4785K, committed 4992K, reserved 1114112K
  class space    used 393K, committed 512K, reserved 1048576K
}

Dll operation events (9 events):
Event: 0.001 Loaded shared library /home/grishberg/.gradle/jdks/eclipse_adoptium-17-amd64-linux/jdk-17.0.19+10/lib/libjava.so
Event: 0.014 Loaded shared library /home/grishberg/.gradle/jdks/eclipse_adoptium-17-amd64-linux/jdk-17.0.19+10/lib/libjsvml.so
Event: 0.022 Loaded shared library /home/grishberg/.gradle/jdks/eclipse_adoptium-17-amd64-linux/jdk-17.0.19+10/lib/libnio.so
Event: 0.023 Loaded shared library /home/grishberg/.gradle/jdks/eclipse_adoptium-17-amd64-linux/jdk-17.0.19+10/lib/libzip.so
Event: 0.123 Loaded shared library /home/grishberg/.gradle/jdks/eclipse_adoptium-17-amd64-linux/jdk-17.0.19+10/lib/libjimage.so
Event: 0.126 Loaded shared library /home/grishberg/.gradle/jdks/eclipse_adoptium-17-amd64-linux/jdk-17.0.19+10/lib/libnet.so
Event: 0.146 Loaded shared library /tmp/manifold3d12332855045434493255/libmanifold.so.3
Event: 0.147 Loaded shared library /tmp/manifold3d12332855045434493255/libmanifoldc.so.3
Event: 0.148 Loaded shared library /tmp/manifold3d12332855045434493255/libmanifold_jni.so

Deoptimization events (20 events):
Event: 0.116 Thread 0x00007a525c026220 DEOPT PACKING pc=0x00007a534cdbde38 sp=0x00007a52ed6fc930
Event: 0.117 Thread 0x00007a525c026220 DEOPT UNPACKING pc=0x00007a534c6b5699 sp=0x00007a52ed6fc858 mode 2
Event: 0.120 Thread 0x00007a525c026220 Uncommon trap: trap_request=0xffffff45 fr.pc=0x00007a534cdabc68 relative=0x00000000000003c8
Event: 0.120 Thread 0x00007a525c026220 Uncommon trap: reason=unstable_if action=reinterpret pc=0x00007a534cdabc68 method=java.lang.StringLatin1.indexOf([BI[BII)I @ 91 c2
Event: 0.120 Thread 0x00007a525c026220 DEOPT PACKING pc=0x00007a534cdabc68 sp=0x00007a52ed6fcf10
Event: 0.120 Thread 0x00007a525c026220 DEOPT UNPACKING pc=0x00007a534c6b5699 sp=0x00007a52ed6fce90 mode 2
Event: 0.122 Thread 0x00007a525c04dfb0 DEOPT PACKING pc=0x00007a534531403c sp=0x00007a52ed4fae10
Event: 0.122 Thread 0x00007a525c04dfb0 DEOPT UNPACKING pc=0x00007a534c6b5e2f sp=0x00007a52ed4fa280 mode 0
Event: 0.125 Thread 0x00007a525c026220 DEOPT PACKING pc=0x00007a534531403c sp=0x00007a52ed6fc5a0
Event: 0.125 Thread 0x00007a525c026220 DEOPT UNPACKING pc=0x00007a534c6b5e2f sp=0x00007a52ed6fba10 mode 0
Event: 0.137 Thread 0x00007a535c41d0a0 DEOPT PACKING pc=0x00007a534531403c sp=0x00007a52ed8fc1e0
Event: 0.137 Thread 0x00007a535c41d0a0 DEOPT UNPACKING pc=0x00007a534c6b5e2f sp=0x00007a52ed8fb650 mode 0
Event: 0.149 Thread 0x00007a525c026220 DEOPT PACKING pc=0x00007a534531403c sp=0x00007a52ed6fc0c0
Event: 0.149 Thread 0x00007a525c026220 DEOPT UNPACKING pc=0x00007a534c6b5e2f sp=0x00007a52ed6fb530 mode 0
Event: 0.158 Thread 0x00007a525c026220 DEOPT PACKING pc=0x00007a534531403c sp=0x00007a52ed6f64f0
Event: 0.158 Thread 0x00007a525c026220 DEOPT UNPACKING pc=0x00007a534c6b5e2f sp=0x00007a52ed6f5960 mode 0
Event: 0.217 Thread 0x00007a525c05b090 DEOPT PACKING pc=0x00007a534531403c sp=0x00007a52ed7fc420
Event: 0.217 Thread 0x00007a525c05b090 DEOPT UNPACKING pc=0x00007a534c6b5e2f sp=0x00007a52ed7fb890 mode 0
Event: 0.223 Thread 0x00007a525c05b090 DEOPT PACKING pc=0x00007a534531403c sp=0x00007a52ed7fc520
Event: 0.223 Thread 0x00007a525c05b090 DEOPT UNPACKING pc=0x00007a534c6b5e2f sp=0x00007a52ed7fb990 mode 0

Classes loaded (20 events):
Event: 0.127 Loading class sun/nio/ch/FileChannelImpl$Closer
Event: 0.127 Loading class sun/nio/ch/FileChannelImpl$Closer done
Event: 0.127 Loading class java/nio/channels/Channels
Event: 0.127 Loading class java/nio/channels/Channels done
Event: 0.127 Loading class java/nio/channels/Channels$1
Event: 0.127 Loading class java/nio/channels/Channels$1 done
Event: 0.127 Loading class java/nio/channels/SelectableChannel
Event: 0.127 Loading class java/nio/channels/SelectableChannel done
Event: 0.127 Loading class sun/nio/ch/NativeThread
Event: 0.127 Loading class sun/nio/ch/NativeThread done
Event: 0.127 Loading class sun/nio/ch/Util
Event: 0.127 Loading class sun/nio/ch/Util done
Event: 0.127 Loading class sun/nio/ch/Util$1
Event: 0.127 Loading class sun/nio/ch/Util$1 done
Event: 0.127 Loading class sun/nio/ch/Util$BufferCache
Event: 0.127 Loading class sun/nio/ch/Util$BufferCache done
Event: 0.127 Loading class java/nio/DirectByteBuffer$Deallocator
Event: 0.127 Loading class java/nio/DirectByteBuffer$Deallocator done
Event: 0.127 Loading class sun/nio/ch/IOStatus
Event: 0.127 Loading class sun/nio/ch/IOStatus done

Classes unloaded (0 events):
No events

Classes redefined (0 events):
No events

Internal exceptions (4 events):
Event: 0.126 Thread 0x00007a525c026220 Exception <a 'sun/nio/fs/UnixException'{0x00000000fa0db8a0}> (0x00000000fa0db8a0) 
thrown [src/hotspot/share/prims/jni.cpp, line 516]
Event: 0.146 Thread 0x00007a525c026220 Exception <a 'sun/nio/fs/UnixException'{0x00000000fa0e5598}> (0x00000000fa0e5598) 
thrown [src/hotspot/share/prims/jni.cpp, line 516]
Event: 0.148 Thread 0x00007a525c026220 Exception <a 'sun/nio/fs/UnixException'{0x00000000fa0f7c98}> (0x00000000fa0f7c98) 
thrown [src/hotspot/share/prims/jni.cpp, line 516]
Event: 0.203 Thread 0x00007a525c04dfb0 Exception <a 'java/lang/NoSuchMethodError'{0x00000000f6dec740}: 'java.lang.Object java.lang.invoke.DirectMethodHandle$Holder.newInvokeSpecial(java.lang.Object, java.lang.Object, java.lang.Object, java.lang.Object, java.lang.Object, java.lang.Object)'> (0x00000000f6dec740) 
thrown [src/hotspot/share/interpreter/linkResolver.cpp, line 758]

VM Operations (4 events):
Event: 0.125 Executing VM operation: HandshakeAllThreads
Event: 0.125 Executing VM operation: HandshakeAllThreads done
Event: 0.205 Executing VM operation: G1CollectForAllocation
Event: 0.206 Executing VM operation: G1CollectForAllocation done

Memory protections (20 events):
Event: 0.017 Protecting memory [0x00007a52fc9cd000,0x00007a52fc9d1000] with protection modes 0
Event: 0.017 Protecting memory [0x00007a52fc300000,0x00007a52fc304000] with protection modes 0
Event: 0.018 Protecting memory [0x00007a52fc200000,0x00007a52fc204000] with protection modes 0
Event: 0.018 Protecting memory [0x00007a52fc100000,0x00007a52fc104000] with protection modes 0
Event: 0.018 Protecting memory [0x00007a52fc000000,0x00007a52fc004000] with protection modes 0
Event: 0.018 Protecting memory [0x00007a52edf00000,0x00007a52edf04000] with protection modes 0
Event: 0.020 Protecting memory [0x00007a52ede00000,0x00007a52ede04000] with protection modes 0
Event: 0.021 Protecting memory [0x00007a52edbff000,0x00007a52edc03000] with protection modes 0
Event: 0.053 Protecting memory [0x00007a52edaff000,0x00007a52edb03000] with protection modes 0
Event: 0.057 Protecting memory [0x00007a52ed9ff000,0x00007a52eda03000] with protection modes 0
Event: 0.096 Protecting memory [0x00007a52ed8ff000,0x00007a52ed903000] with protection modes 0
Event: 0.096 Protecting memory [0x00007a52ed7ff000,0x00007a52ed803000] with protection modes 0
Event: 0.104 Protecting memory [0x00007a52ed6ff000,0x00007a52ed703000] with protection modes 0
Event: 0.104 Protecting memory [0x00007a52ed5ff000,0x00007a52ed603000] with protection modes 0
Event: 0.104 Protecting memory [0x00007a52ed4ff000,0x00007a52ed503000] with protection modes 0
Event: 0.105 Protecting memory [0x00007a52ed3ff000,0x00007a52ed403000] with protection modes 0
Event: 0.111 Protecting memory [0x00007a52ed2ff000,0x00007a52ed303000] with protection modes 0
Event: 0.139 Protecting memory [0x00007a52ed1ff000,0x00007a52ed203000] with protection modes 0
Event: 0.203 Protecting memory [0x00007a52ecd00000,0x00007a52ecd04000] with protection modes 0
Event: 0.216 Protecting memory [0x00007a521aef6000,0x00007a521aefa000] with protection modes 0

Nmethod flushes (0 events):
No events

Events (20 events):
Event: 0.017 Thread 0x00007a535c02a990 Thread added: 0x00007a535c1efdc0
Event: 0.017 Thread 0x00007a535c02a990 Thread added: 0x00007a535c1f1170
Event: 0.018 Thread 0x00007a535c02a990 Thread added: 0x00007a535c1f2580
Event: 0.018 Thread 0x00007a535c02a990 Thread added: 0x00007a535c1f3fb0
Event: 0.018 Thread 0x00007a535c02a990 Thread added: 0x00007a535c1f54e0
Event: 0.018 Thread 0x00007a535c02a990 Thread added: 0x00007a535c1f6950
Event: 0.020 Thread 0x00007a535c02a990 Thread added: 0x00007a535c1fe650
Event: 0.021 Thread 0x00007a535c02a990 Thread added: 0x00007a535c201de0
Event: 0.053 Thread 0x00007a535c1f3fb0 Thread added: 0x00007a527c0fc3f0
Event: 0.057 Thread 0x00007a527c0fc3f0 Thread added: 0x00007a52640826d0
Event: 0.096 Thread 0x00007a535c02a990 Thread added: 0x00007a535c41bf70
Event: 0.096 Thread 0x00007a535c02a990 Thread added: 0x00007a535c41d0a0
Event: 0.104 Thread 0x00007a535c41bf70 Thread added: 0x00007a525c05b090
Event: 0.104 Thread 0x00007a535c41bf70 Thread added: 0x00007a525c026220
Event: 0.104 Thread 0x00007a535c41bf70 Thread added: 0x00007a525c04b0d0
Event: 0.104 Thread 0x00007a535c41bf70 Thread added: 0x00007a525c04dfb0
Event: 0.111 Thread 0x00007a527c0fc3f0 Thread added: 0x00007a526408b9c0
Event: 0.139 Thread 0x00007a535c1f54e0 Thread added: 0x00007a5280175600
Event: 0.203 Thread 0x00007a525c04dfb0 Thread added: 0x00007a52501376c0
Event: 0.216 Thread 0x00007a535c1f3fb0 Thread added: 0x00007a527c2d5e10


Dynamic libraries:
82000000-fc000000 rw-p 00000000 00:00 0 
fc000000-7fe000000 ---p 00000000 00:00 0 
7fe000000-7fef00000 rw-p 00000000 00:00 0 
7fef00000-7fef75000 rw-p 00c7a000 103:01 75498865                        /home/grishberg/.gradle/jdks/eclipse_adoptium-17-amd64-linux/jdk-17.0.19+10/lib/server/classes.jsa
7fef75000-7ff000000 rw-p 00000000 00:00 0 
7ff000000-7ff078000 rw-p 00c02000 103:01 75498865                        /home/grishberg/.gradle/jdks/eclipse_adoptium-17-amd64-linux/jdk-17.0.19+10/lib/server/classes.jsa
7ff078000-800000000 rw-p 00000000 00:00 0 
619bcd975000-619bcd976000 r--p 00000000 103:01 75498845                  /home/grishberg/.gradle/jdks/eclipse_adoptium-17-amd64-linux/jdk-17.0.19+10/bin/java
619bcd976000-619bcd977000 r-xp 00001000 103:01 75498845                  /home/grishberg/.gradle/jdks/eclipse_adoptium-17-amd64-linux/jdk-17.0.19+10/bin/java
619bcd977000-619bcd978000 r--p 00002000 103:01 75498845                  /home/grishberg/.gradle/jdks/eclipse_adoptium-17-amd64-linux/jdk-17.0.19+10/bin/java
619bcd978000-619bcd979000 r--p 00002000 103:01 75498845                  /home/grishberg/.gradle/jdks/eclipse_adoptium-17-amd64-linux/jdk-17.0.19+10/bin/java
619bcd979000-619bcd97a000 rw-p 00003000 103:01 75498845                  /home/grishberg/.gradle/jdks/eclipse_adoptium-17-amd64-linux/jdk-17.0.19+10/bin/java
619bd2913000-619bd295b000 rw-p 00000000 00:00 0                          [heap]
7a51cc000000-7a51cc021000 rw-p 00000000 00:00 0 
7a51cc021000-7a51d0000000 ---p 00000000 00:00 0 
7a51d0000000-7a51d0087000 rw-p 00000000 00:00 0 
7a51d0087000-7a51d4000000 ---p 00000000 00:00 0 
7a51d4000000-7a51d4021000 rw-p 00000000 00:00 0 
7a51d4021000-7a51d8000000 ---p 00000000 00:00 0 
7a51d8000000-7a51d8021000 rw-p 00000000 00:00 0 
7a51d8021000-7a51dc000000 ---p 00000000 00:00 0 
7a51dc000000-7a51dc021000 rw-p 00000000 00:00 0 
7a51dc021000-7a51e0000000 ---p 00000000 00:00 0 
7a51e0000000-7a51e0021000 rw-p 00000000 00:00 0 
7a51e0021000-7a51e4000000 ---p 00000000 00:00 0 
7a51e4000000-7a51e4021000 rw-p 00000000 00:00 0 
7a51e4021000-7a51e8000000 ---p 00000000 00:00 0 
7a51e8000000-7a51e8021000 rw-p 00000000 00:00 0 
7a51e8021000-7a51ec000000 ---p 00000000 00:00 0 
7a51ec000000-7a51ec021000 rw-p 00000000 00:00 0 
7a51ec021000-7a51f0000000 ---p 00000000 00:00 0 
7a51f0000000-7a51f0021000 rw-p 00000000 00:00 0 
7a51f0021000-7a51f4000000 ---p 00000000 00:00 0 
7a51f4000000-7a51f4021000 rw-p 00000000 00:00 0 
7a51f4021000-7a51f8000000 ---p 00000000 00:00 0 
7a51f8000000-7a51f8021000 rw-p 00000000 00:00 0 
7a51f8021000-7a51fc000000 ---p 00000000 00:00 0 
7a51fc000000-7a51fc9ea000 rw-p 00000000 00:00 0 
7a51fc9ea000-7a5200000000 ---p 00000000 00:00 0 
7a5200000000-7a5200021000 rw-p 00000000 00:00 0 
7a5200021000-7a5204000000 ---p 00000000 00:00 0 
7a5204000000-7a5204021000 rw-p 00000000 00:00 0 
7a5204021000-7a5208000000 ---p 00000000 00:00 0 
7a5208000000-7a5208021000 rw-p 00000000 00:00 0 
7a5208021000-7a520c000000 ---p 00000000 00:00 0 
7a520c000000-7a520c021000 rw-p 00000000 00:00 0 
7a520c021000-7a5210000000 ---p 00000000 00:00 0 
7a5210000000-7a5210021000 rw-p 00000000 00:00 0 
7a5210021000-7a5214000000 ---p 00000000 00:00 0 
7a5214000000-7a5214021000 rw-p 00000000 00:00 0 
7a5214021000-7a5218000000 ---p 00000000 00:00 0 
7a521ab0e000-7a521aef6000 rw-p 00000000 00:00 0 
7a521aef6000-7a521aefa000 ---p 00000000 00:00 0 
7a521aefa000-7a521aff6000 rw-p 00000000 00:00 0 
7a521aff6000-7a521aff7000 ---p 00000000 00:00 0 
7a521aff7000-7a521b0f7000 rw-p 00000000 00:00 0 
7a521b0f7000-7a521b0f8000 ---p 00000000 00:00 0 
7a521b0f8000-7a521b1f8000 rw-p 00000000 00:00 0 
7a521b1f8000-7a521b1f9000 ---p 00000000 00:00 0 
7a521b1f9000-7a521b2f9000 rw-p 00000000 00:00 0 
7a521b2f9000-7a521b2fa000 ---p 00000000 00:00 0 
7a521b2fa000-7a521b3fa000 rw-p 00000000 00:00 0 
7a521b3fa000-7a521b3fb000 ---p 00000000 00:00 0 
7a521b3fb000-7a521b4fb000 rw-p 00000000 00:00 0 
7a521b4fb000-7a521b4fc000 ---p 00000000 00:00 0 
7a521b4fc000-7a521b5fc000 rw-p 00000000 00:00 0 
7a521b5fc000-7a521b5fd000 ---p 00000000 00:00 0 
7a521b5fd000-7a521b6fd000 rw-p 00000000 00:00 0 
7a521b6fd000-7a521b6fe000 ---p 00000000 00:00 0 
7a521b6fe000-7a521b7fe000 rw-p 00000000 00:00 0 
7a521b7fe000-7a521b7ff000 ---p 00000000 00:00 0 
7a521b7ff000-7a521bbff000 rw-p 00000000 00:00 0 
7a521bbff000-7a521bc00000 ---p 00000000 00:00 0 
7a521bc00000-7a521c000000 rw-p 00000000 00:00 0 
7a521c000000-7a521c021000 rw-p 00000000 00:00 0 
7a521c021000-7a5220000000 ---p 00000000 00:00 0 
7a5220000000-7a5220021000 rw-p 00000000 00:00 0 
7a5220021000-7a5224000000 ---p 00000000 00:00 0 
7a5224000000-7a5224077000 rw-p 00000000 00:00 0 
7a5224077000-7a5228000000 ---p 00000000 00:00 0 
7a5228000000-7a5228021000 rw-p 00000000 00:00 0 
7a5228021000-7a522c000000 ---p 00000000 00:00 0 
7a522c000000-7a522c021000 rw-p 00000000 00:00 0 
7a522c021000-7a5230000000 ---p 00000000 00:00 0 
7a5230000000-7a5230021000 rw-p 00000000 00:00 0 
7a5230021000-7a5234000000 ---p 00000000 00:00 0 
7a5234000000-7a5234022000 rw-p 00000000 00:00 0 
7a5234022000-7a5238000000 ---p 00000000 00:00 0 
7a5238000000-7a5238021000 rw-p 00000000 00:00 0 
7a5238021000-7a523c000000 ---p 00000000 00:00 0 
7a523c000000-7a523c021000 rw-p 00000000 00:00 0 
7a523c021000-7a5240000000 ---p 00000000 00:00 0 
7a5240000000-7a5240021000 rw-p 00000000 00:00 0 
7a5240021000-7a5244000000 ---p 00000000 00:00 0 
7a5244000000-7a52445e7000 rw-p 00000000 00:00 0 
7a52445e7000-7a5248000000 ---p 00000000 00:00 0 
7a5248000000-7a524807b000 rw-p 00000000 00:00 0 
7a524807b000-7a524c000000 ---p 00000000 00:00 0 
7a524c000000-7a524c031000 rw-p 00000000 00:00 0 
7a524c031000-7a5250000000 ---p 00000000 00:00 0 
7a5250000000-7a52501b0000 rw-p 00000000 00:00 0 
7a52501b0000-7a5254000000 ---p 00000000 00:00 0 
7a5254000000-7a5254149000 rw-p 00000000 00:00 0 
7a5254149000-7a5258000000 ---p 00000000 00:00 0 
7a5258000000-7a5258183000 rw-p 00000000 00:00 0 
7a5258183000-7a525c000000 ---p 00000000 00:00 0 
7a525c000000-7a525c05d000 rw-p 00000000 00:00 0 
7a525c05d000-7a5260000000 ---p 00000000 00:00 0 
7a5260000000-7a5260557000 rw-p 00000000 00:00 0 
7a5260557000-7a5264000000 ---p 00000000 00:00 0 
7a5264000000-7a5264152000 rw-p 00000000 00:00 0 
7a5264152000-7a5268000000 ---p 00000000 00:00 0 
7a5268000000-7a526810e000 rw-p 00000000 00:00 0 
7a526810e000-7a526c000000 ---p 00000000 00:00 0 
7a526c000000-7a526c021000 rw-p 00000000 00:00 0 
7a526c021000-7a5270000000 ---p 00000000 00:00 0 
7a5270000000-7a5270021000 rw-p 00000000 00:00 0 
7a5270021000-7a5274000000 ---p 00000000 00:00 0 
7a5274000000-7a5274021000 rw-p 00000000 00:00 0 
7a5274021000-7a5278000000 ---p 00000000 00:00 0 
7a5278000000-7a5278021000 rw-p 00000000 00:00 0 
7a5278021000-7a527c000000 ---p 00000000 00:00 0 
7a527c000000-7a527c6a3000 rw-p 00000000 00:00 0 
7a527c6a3000-7a5280000000 ---p 00000000 00:00 0 
7a5280000000-7a52803e0000 rw-p 00000000 00:00 0 
7a52803e0000-7a5284000000 ---p 00000000 00:00 0 
7a5284000000-7a5284021000 rw-p 00000000 00:00 0 
7a5284021000-7a5288000000 ---p 00000000 00:00 0 
7a5288000000-7a5288021000 rw-p 00000000 00:00 0 
7a5288021000-7a528c000000 ---p 00000000 00:00 0 
7a528c000000-7a528c021000 rw-p 00000000 00:00 0 
7a528c021000-7a5290000000 ---p 00000000 00:00 0 
7a5290000000-7a5290021000 rw-p 00000000 00:00 0 
7a5290021000-7a5294000000 ---p 00000000 00:00 0 
7a5294000000-7a5294021000 rw-p 00000000 00:00 0 
7a5294021000-7a5298000000 ---p 00000000 00:00 0 
7a52980f2000-7a52980f3000 ---p 00000000 00:00 0 
7a52980f3000-7a52981f3000 rw-p 00000000 00:00 0 
7a52981f3000-7a52981f4000 ---p 00000000 00:00 0 
7a52981f4000-7a52982f4000 rw-p 00000000 00:00 0 
7a52982f4000-7a52982f5000 ---p 00000000 00:00 0 
7a52982f5000-7a52983f5000 rw-p 00000000 00:00 0 
7a52983f5000-7a52983f6000 ---p 00000000 00:00 0 
7a52983f6000-7a52987f6000 rw-p 00000000 00:00 0 
7a52987f6000-7a52987f7000 ---p 00000000 00:00 0 
7a52987f7000-7a5298bf7000 rw-p 00000000 00:00 0 
7a5298bf7000-7a5298bf8000 ---p 00000000 00:00 0 
7a5298bf8000-7a5298ff8000 rw-p 00000000 00:00 0 
7a5298ff8000-7a5298ff9000 ---p 00000000 00:00 0 
7a5298ff9000-7a52993f9000 rw-p 00000000 00:00 0 
7a52993f9000-7a52993fa000 ---p 00000000 00:00 0 
7a52993fa000-7a52997fa000 rw-p 00000000 00:00 0 
7a52997fa000-7a52997fb000 ---p 00000000 00:00 0 
7a52997fb000-7a5299bfb000 rw-p 00000000 00:00 0 
7a5299bfb000-7a5299bfc000 ---p 00000000 00:00 0 
7a5299bfc000-7a5299ffc000 rw-p 00000000 00:00 0 
7a5299ffc000-7a5299ffd000 ---p 00000000 00:00 0 
7a5299ffd000-7a529a3fd000 rw-p 00000000 00:00 0 
7a529a3fd000-7a529a3fe000 ---p 00000000 00:00 0 
7a529a3fe000-7a529a7fe000 rw-p 00000000 00:00 0 
7a529a7fe000-7a529a7ff000 ---p 00000000 00:00 0 
7a529a7ff000-7a529abff000 rw-p 00000000 00:00 0 
7a529abff000-7a529ac00000 ---p 00000000 00:00 0 
7a529ac00000-7a529b000000 rw-p 00000000 00:00 0 
7a529b000000-7a529b190000 rw-p 00000000 00:00 0 
7a529b190000-7a529b400000 ---p 00000000 00:00 0 
7a529b400000-7a529b6e0000 rw-p 00000000 00:00 0 
7a529b6e0000-7a529f000000 ---p 00000000 00:00 0 
7a529f000000-7a529fbca000 rw-p 00001000 103:01 75498865                  /home/grishberg/.gradle/jdks/eclipse_adoptium-17-amd64-linux/jdk-17.0.19+10/lib/server/classes.jsa
7a529fbca000-7a52a0000000 ---p 00000000 00:00 0 
7a52a0000000-7a52a0040000 rw-p 00000000 00:00 0 
7a52a0040000-7a52a0070000 rw-p 00000000 00:00 0 
7a52a0070000-7a52a0080000 ---p 00000000 00:00 0 
7a52a0080000-7a52a0090000 rw-p 00000000 00:00 0 
7a52a0090000-7a52e0000000 ---p 00000000 00:00 0 
7a52e0000000-7a52e0021000 rw-p 00000000 00:00 0 
7a52e0021000-7a52e4000000 ---p 00000000 00:00 0 
7a52e4000000-7a52e4021000 rw-p 00000000 00:00 0 
7a52e4021000-7a52e8000000 ---p 00000000 00:00 0 
7a52e8000000-7a52e8021000 rw-p 00000000 00:00 0 
7a52e8021000-7a52ec000000 ---p 00000000 00:00 0 
7a52ec0fd000-7a52ec0fe000 ---p 00000000 00:00 0 
7a52ec0fe000-7a52ec1fe000 rw-p 00000000 00:00 0 
7a52ec1fe000-7a52ec1ff000 ---p 00000000 00:00 0 
7a52ec1ff000-7a52ec5ff000 rw-p 00000000 00:00 0 
7a52ec5ff000-7a52ec600000 ---p 00000000 00:00 0 
7a52ec600000-7a52eca00000 rw-p 00000000 00:00 0 
7a52eca00000-7a52eca9d000 r--p 00000000 103:01 90443236                  /usr/lib/x86_64-linux-gnu/libstdc++.so.6.0.33
7a52eca9d000-7a52ecbe5000 r-xp 0009d000 103:01 90443236                  /usr/lib/x86_64-linux-gnu/libstdc++.so.6.0.33
7a52ecbe5000-7a52ecc6c000 r--p 001e5000 103:01 90443236                  /usr/lib/x86_64-linux-gnu/libstdc++.so.6.0.33
7a52ecc6c000-7a52ecc77000 r--p 0026b000 103:01 90443236                  /usr/lib/x86_64-linux-gnu/libstdc++.so.6.0.33
7a52ecc77000-7a52ecc7a000 rw-p 00276000 103:01 90443236                  /usr/lib/x86_64-linux-gnu/libstdc++.so.6.0.33
7a52ecc7a000-7a52ecc7e000 rw-p 00000000 00:00 0 
7a52ecd00000-7a52ecd04000 ---p 00000000 00:00 0 
7a52ecd04000-7a52ece00000 rw-p 00000000 00:00 0 
7a52ece00000-7a52eceb9000 r--p 00000000 103:01 51520178                  /tmp/manifold3d12332855045434493255/libmanifold.so.3
7a52eceb9000-7a52ed104000 r-xp 000b9000 103:01 51520178                  /tmp/manifold3d12332855045434493255/libmanifold.so.3
7a52ed104000-7a52ed177000 r--p 00304000 103:01 51520178                  /tmp/manifold3d12332855045434493255/libmanifold.so.3
7a52ed177000-7a52ed185000 r--p 00376000 103:01 51520178                  /tmp/manifold3d12332855045434493255/libmanifold.so.3
7a52ed185000-7a52ed18a000 rw-p 00384000 103:01 51520178                  /tmp/manifold3d12332855045434493255/libmanifold.so.3
7a52ed18a000-7a52ed19f000 rw-p 00000000 00:00 0 
7a52ed1ff000-7a52ed203000 ---p 00000000 00:00 0 
7a52ed203000-7a52ed2ff000 rw-p 00000000 00:00 0 
7a52ed2ff000-7a52ed303000 ---p 00000000 00:00 0 
7a52ed303000-7a52ed3ff000 rw-p 00000000 00:00 0 
7a52ed3ff000-7a52ed403000 ---p 00000000 00:00 0 
7a52ed403000-7a52ed4ff000 rw-p 00000000 00:00 0 
7a52ed4ff000-7a52ed503000 ---p 00000000 00:00 0 
7a52ed503000-7a52ed5ff000 rw-p 00000000 00:00 0 
7a52ed5ff000-7a52ed603000 ---p 00000000 00:00 0 
7a52ed603000-7a52ed6ff000 rw-p 00000000 00:00 0 
7a52ed6ff000-7a52ed703000 ---p 00000000 00:00 0 
7a52ed703000-7a52ed7ff000 rw-p 00000000 00:00 0 
7a52ed7ff000-7a52ed803000 ---p 00000000 00:00 0 
7a52ed803000-7a52ed8ff000 rw-p 00000000 00:00 0 
7a52ed8ff000-7a52ed903000 ---p 00000000 00:00 0 
7a52ed903000-7a52ed9ff000 rw-p 00000000 00:00 0 
7a52ed9ff000-7a52eda03000 ---p 00000000 00:00 0 
7a52eda03000-7a52edaff000 rw-p 00000000 00:00 0 
7a52edaff000-7a52edb03000 ---p 00000000 00:00 0 
7a52edb03000-7a52edbff000 rw-p 00000000 00:00 0 
7a52edbff000-7a52edc03000 ---p 00000000 00:00 0 
7a52edc03000-7a52edcff000 rw-p 00000000 00:00 0 
7a52edcff000-7a52edd00000 ---p 00000000 00:00 0 
7a52edd00000-7a52ede00000 rw-p 00000000 00:00 0 
7a52ede00000-7a52ede04000 ---p 00000000 00:00 0 
7a52ede04000-7a52edf00000 rw-p 00000000 00:00 0 
7a52edf00000-7a52edf04000 ---p 00000000 00:00 0 
7a52edf04000-7a52ee000000 rw-p 00000000 00:00 0 
7a52ee000000-7a52f0021000 rw-p 00000000 00:00 0 
7a52f0021000-7a52f4000000 ---p 00000000 00:00 0 
7a52f4000000-7a52f4021000 rw-p 00000000 00:00 0 
7a52f4021000-7a52f8000000 ---p 00000000 00:00 0 
7a52f8000000-7a52f8021000 rw-p 00000000 00:00 0 
7a52f8021000-7a52fc004000 ---p 00000000 00:00 0 
7a52fc004000-7a52fc100000 rw-p 00000000 00:00 0 
7a52fc100000-7a52fc104000 ---p 00000000 00:00 0 
7a52fc104000-7a52fc200000 rw-p 00000000 00:00 0 
7a52fc200000-7a52fc204000 ---p 00000000 00:00 0 
7a52fc204000-7a52fc300000 rw-p 00000000 00:00 0 
7a52fc300000-7a52fc304000 ---p 00000000 00:00 0 
7a52fc304000-7a52fc400000 rw-p 00000000 00:00 0 
7a52fc400000-7a52fc975000 r--p 00000000 103:01 90475490                  /usr/lib/locale/locale-archive
7a52fc99f000-7a52fc9a3000 r--p 00000000 103:01 90443244                  /usr/lib/x86_64-linux-gnu/libgcc_s.so.1
7a52fc9a3000-7a52fc9c7000 r-xp 00004000 103:01 90443244                  /usr/lib/x86_64-linux-gnu/libgcc_s.so.1
7a52fc9c7000-7a52fc9cb000 r--p 00028000 103:01 90443244                  /usr/lib/x86_64-linux-gnu/libgcc_s.so.1
7a52fc9cb000-7a52fc9cc000 r--p 0002b000 103:01 90443244                  /usr/lib/x86_64-linux-gnu/libgcc_s.so.1
7a52fc9cc000-7a52fc9cd000 rw-p 0002c000 103:01 90443244                  /usr/lib/x86_64-linux-gnu/libgcc_s.so.1
7a52fc9cd000-7a52fc9d1000 ---p 00000000 00:00 0 
7a52fc9d1000-7a52fcacd000 rw-p 00000000 00:00 0 
7a52fcacd000-7a52fcad1000 ---p 00000000 00:00 0 
7a52fcad1000-7a52fcbcd000 rw-p 00000000 00:00 0 
7a52fcbcd000-7a52fcbd1000 ---p 00000000 00:00 0 
7a52fcbd1000-7a52fcccd000 rw-p 00000000 00:00 0 
7a52fcccd000-7a52fccce000 ---p 00000000 00:00 0 
7a52fccce000-7a52fcdce000 rw-p 00000000 00:00 0 
7a52fcdce000-7a52fcdd3000 r--p 00000000 103:01 75498881                  /home/grishberg/.gradle/jdks/eclipse_adoptium-17-amd64-linux/jdk-17.0.19+10/lib/libjsvml.so
7a52fcdd3000-7a52fce14000 r-xp 00005000 103:01 75498881                  /home/grishberg/.gradle/jdks/eclipse_adoptium-17-amd64-linux/jdk-17.0.19+10/lib/libjsvml.so
7a52fce14000-7a52fce9d000 r--p 00046000 103:01 75498881                  /home/grishberg/.gradle/jdks/eclipse_adoptium-17-amd64-linux/jdk-17.0.19+10/lib/libjsvml.so
7a52fce9d000-7a52fce9e000 r--p 000ce000 103:01 75498881                  /home/grishberg/.gradle/jdks/eclipse_adoptium-17-amd64-linux/jdk-17.0.19+10/lib/libjsvml.so
7a52fce9e000-7a52fce9f000 rw-p 000cf000 103:01 75498881                  /home/grishberg/.gradle/jdks/eclipse_adoptium-17-amd64-linux/jdk-17.0.19+10/lib/libjsvml.so
7a52fce9f000-7a52fcf20000 rw-p 00000000 00:00 0 
7a52fcf20000-7a52fcf21000 ---p 00000000 00:00 0 
7a52fcf21000-7a52fd021000 rw-p 00000000 00:00 0 
7a52fd021000-7a52fd022000 ---p 00000000 00:00 0 
7a52fd022000-7a52fd122000 rw-p 00000000 00:00 0 
7a52fd122000-7a52fde2f000 rw-p 00000000 00:00 0 
7a52fde2f000-7a52fde30000 ---p 00000000 00:00 0 
7a52fde30000-7a52fdf30000 rw-p 00000000 00:00 0 
7a52fdf30000-7a52ffdb0000 rw-p 00000000 00:00 0 
7a52ffdb0000-7a531be30000 ---p 00000000 00:00 0 
7a531be30000-7a531dd30000 rw-p 00000000 00:00 0 
7a531dd30000-7a5339db0000 ---p 00000000 00:00 0 
7a5339db0000-7a533a200000 rw-p 00000000 00:00 0 
7a533a200000-7a533da10000 ---p 00000000 00:00 0 
7a533da10000-7a533ddf0000 rw-p 00000000 00:00 0 
7a533ddf0000-7a5341600000 ---p 00000000 00:00 0 
7a5341600000-7a53419e0000 rw-p 00000000 00:00 0 
7a53419e0000-7a53451f0000 ---p 00000000 00:00 0 
7a53451f0000-7a5345200000 rw-p 00000000 00:00 0 
7a5345200000-7a5345470000 rwxp 00000000 00:00 0 
7a5345470000-7a534c65f000 ---p 00000000 00:00 0 
7a534c65f000-7a534c93f000 rwxp 00000000 00:00 0 
7a534c93f000-7a534cda0000 ---p 00000000 00:00 0 
7a534cda0000-7a534d010000 rwxp 00000000 00:00 0 
7a534d010000-7a5354200000 ---p 00000000 00:00 0 
7a5354200000-7a535be3b000 r--s 00000000 103:01 75498899                  /home/grishberg/.gradle/jdks/eclipse_adoptium-17-amd64-linux/jdk-17.0.19+10/lib/modules
7a535be3d000-7a535be49000 r--p 00000000 103:01 51520180                  /tmp/manifold3d12332855045434493255/libmanifoldc.so.3
7a535be49000-7a535be5a000 r-xp 0000c000 103:01 51520180                  /tmp/manifold3d12332855045434493255/libmanifoldc.so.3
7a535be5a000-7a535be61000 r--p 0001d000 103:01 51520180                  /tmp/manifold3d12332855045434493255/libmanifoldc.so.3
7a535be61000-7a535be62000 ---p 00024000 103:01 51520180                  /tmp/manifold3d12332855045434493255/libmanifoldc.so.3
7a535be62000-7a535be63000 r--p 00024000 103:01 51520180                  /tmp/manifold3d12332855045434493255/libmanifoldc.so.3
7a535be63000-7a535be64000 rw-p 00025000 103:01 51520180                  /tmp/manifold3d12332855045434493255/libmanifoldc.so.3
7a535be85000-7a535be87000 r--p 00000000 103:01 75498880                  /home/grishberg/.gradle/jdks/eclipse_adoptium-17-amd64-linux/jdk-17.0.19+10/lib/libzip.so
7a535be87000-7a535be9a000 r-xp 00002000 103:01 75498880                  /home/grishberg/.gradle/jdks/eclipse_adoptium-17-amd64-linux/jdk-17.0.19+10/lib/libzip.so
7a535be9a000-7a535bea1000 r--p 00015000 103:01 75498880                  /home/grishberg/.gradle/jdks/eclipse_adoptium-17-amd64-linux/jdk-17.0.19+10/lib/libzip.so
7a535bea1000-7a535bea2000 ---p 0001c000 103:01 75498880                  /home/grishberg/.gradle/jdks/eclipse_adoptium-17-amd64-linux/jdk-17.0.19+10/lib/libzip.so
7a535bea2000-7a535bea3000 r--p 0001c000 103:01 75498880                  /home/grishberg/.gradle/jdks/eclipse_adoptium-17-amd64-linux/jdk-17.0.19+10/lib/libzip.so
7a535bea3000-7a535bea4000 rw-p 0001d000 103:01 75498880                  /home/grishberg/.gradle/jdks/eclipse_adoptium-17-amd64-linux/jdk-17.0.19+10/lib/libzip.so
7a535bea4000-7a535beff000 rw-p 00000000 00:00 0 
7a535beff000-7a535bf00000 ---p 00000000 00:00 0 
7a535bf00000-7a535c000000 rw-p 00000000 00:00 0 
7a535c000000-7a535c439000 rw-p 00000000 00:00 0 
7a535c439000-7a5360000000 ---p 00000000 00:00 0 
7a536000c000-7a5360011000 r--p 00000000 103:01 51520399                  /tmp/manifold3d12332855045434493255/libmanifold_jni.so
7a5360011000-7a5360014000 r-xp 00005000 103:01 51520399                  /tmp/manifold3d12332855045434493255/libmanifold_jni.so
7a5360014000-7a5360015000 r--p 00008000 103:01 51520399                  /tmp/manifold3d12332855045434493255/libmanifold_jni.so
7a5360015000-7a5360016000 r--p 00009000 103:01 51520399                  /tmp/manifold3d12332855045434493255/libmanifold_jni.so
7a5360016000-7a5360017000 rw-p 0000a000 103:01 51520399                  /tmp/manifold3d12332855045434493255/libmanifold_jni.so
7a5360017000-7a5360058000 rw-p 00000000 00:00 0 
7a536005e000-7a536008f000 rw-p 00000000 00:00 0 
7a536008f000-7a5360090000 ---p 00000000 00:00 0 
7a5360090000-7a5360190000 rw-p 00000000 00:00 0 
7a5360190000-7a536104a000 rw-p 00000000 00:00 0 
7a536104a000-7a536112e000 ---p 00000000 00:00 0 
7a536112e000-7a5361133000 rw-p 00000000 00:00 0 
7a5361133000-7a5361217000 ---p 00000000 00:00 0 
7a5361217000-7a536121b000 ---p 00000000 00:00 0 
7a536121b000-7a5361317000 rw-p 00000000 00:00 0 
7a5361317000-7a5361327000 r--p 00000000 103:01 90442151                  /usr/lib/x86_64-linux-gnu/libm.so.6
7a5361327000-7a53613a6000 r-xp 00010000 103:01 90442151                  /usr/lib/x86_64-linux-gnu/libm.so.6
7a53613a6000-7a53613fe000 r--p 0008f000 103:01 90442151                  /usr/lib/x86_64-linux-gnu/libm.so.6
7a53613fe000-7a53613ff000 r--p 000e7000 103:01 90442151                  /usr/lib/x86_64-linux-gnu/libm.so.6
7a53613ff000-7a5361400000 rw-p 000e8000 103:01 90442151                  /usr/lib/x86_64-linux-gnu/libm.so.6
7a5361400000-7a5361653000 r--p 00000000 103:01 75498866                  /home/grishberg/.gradle/jdks/eclipse_adoptium-17-amd64-linux/jdk-17.0.19+10/lib/server/libjvm.so
7a5361653000-7a536237b000 r-xp 00253000 103:01 75498866                  /home/grishberg/.gradle/jdks/eclipse_adoptium-17-amd64-linux/jdk-17.0.19+10/lib/server/libjvm.so
7a536237b000-7a5362608000 r--p 00f7b000 103:01 75498866                  /home/grishberg/.gradle/jdks/eclipse_adoptium-17-amd64-linux/jdk-17.0.19+10/lib/server/libjvm.so
7a5362608000-7a5362609000 ---p 01208000 103:01 75498866                  /home/grishberg/.gradle/jdks/eclipse_adoptium-17-amd64-linux/jdk-17.0.19+10/lib/server/libjvm.so
7a5362609000-7a53626c2000 r--p 01208000 103:01 75498866                  /home/grishberg/.gradle/jdks/eclipse_adoptium-17-amd64-linux/jdk-17.0.19+10/lib/server/libjvm.so
7a53626c2000-7a53626f7000 rw-p 012c1000 103:01 75498866                  /home/grishberg/.gradle/jdks/eclipse_adoptium-17-amd64-linux/jdk-17.0.19+10/lib/server/libjvm.so
7a53626f7000-7a5362752000 rw-p 00000000 00:00 0 
7a5362759000-7a536275d000 r--p 00000000 103:01 75498890                  /home/grishberg/.gradle/jdks/eclipse_adoptium-17-amd64-linux/jdk-17.0.19+10/lib/libnet.so
7a536275d000-7a536276b000 r-xp 00004000 103:01 75498890                  /home/grishberg/.gradle/jdks/eclipse_adoptium-17-amd64-linux/jdk-17.0.19+10/lib/libnet.so
7a536276b000-7a536276f000 r--p 00012000 103:01 75498890                  /home/grishberg/.gradle/jdks/eclipse_adoptium-17-amd64-linux/jdk-17.0.19+10/lib/libnet.so
7a536276f000-7a5362770000 r--p 00015000 103:01 75498890                  /home/grishberg/.gradle/jdks/eclipse_adoptium-17-amd64-linux/jdk-17.0.19+10/lib/libnet.so
7a5362770000-7a5362771000 rw-p 00016000 103:01 75498890                  /home/grishberg/.gradle/jdks/eclipse_adoptium-17-amd64-linux/jdk-17.0.19+10/lib/libnet.so
7a5362771000-7a5362778000 r--p 00000000 103:01 75498910                  /home/grishberg/.gradle/jdks/eclipse_adoptium-17-amd64-linux/jdk-17.0.19+10/lib/libnio.so
7a5362778000-7a5362781000 r-xp 00007000 103:01 75498910                  /home/grishberg/.gradle/jdks/eclipse_adoptium-17-amd64-linux/jdk-17.0.19+10/lib/libnio.so
7a5362781000-7a5362785000 r--p 00010000 103:01 75498910                  /home/grishberg/.gradle/jdks/eclipse_adoptium-17-amd64-linux/jdk-17.0.19+10/lib/libnio.so
7a5362785000-7a5362786000 ---p 00014000 103:01 75498910                  /home/grishberg/.gradle/jdks/eclipse_adoptium-17-amd64-linux/jdk-17.0.19+10/lib/libnio.so
7a5362786000-7a5362787000 r--p 00014000 103:01 75498910                  /home/grishberg/.gradle/jdks/eclipse_adoptium-17-amd64-linux/jdk-17.0.19+10/lib/libnio.so
7a5362787000-7a5362788000 rw-p 00015000 103:01 75498910                  /home/grishberg/.gradle/jdks/eclipse_adoptium-17-amd64-linux/jdk-17.0.19+10/lib/libnio.so
7a5362788000-7a5362800000 rw-p 00000000 00:00 0 
7a5362800000-7a5362828000 r--p 00000000 103:01 90442148                  /usr/lib/x86_64-linux-gnu/libc.so.6
7a5362828000-7a53629b0000 r-xp 00028000 103:01 90442148                  /usr/lib/x86_64-linux-gnu/libc.so.6
7a53629b0000-7a53629ff000 r--p 001b0000 103:01 90442148                  /usr/lib/x86_64-linux-gnu/libc.so.6
7a53629ff000-7a5362a03000 r--p 001fe000 103:01 90442148                  /usr/lib/x86_64-linux-gnu/libc.so.6
7a5362a03000-7a5362a05000 rw-p 00202000 103:01 90442148                  /usr/lib/x86_64-linux-gnu/libc.so.6
7a5362a05000-7a5362a12000 rw-p 00000000 00:00 0 
7a5362a18000-7a5362a1e000 rw-p 00000000 00:00 0 
7a5362a1e000-7a5362a27000 ---p 00000000 00:00 0 
7a5362a27000-7a5362a35000 r--p 00000000 103:01 75498920                  /home/grishberg/.gradle/jdks/eclipse_adoptium-17-amd64-linux/jdk-17.0.19+10/lib/libjava.so
7a5362a35000-7a5362a47000 r-xp 0000e000 103:01 75498920                  /home/grishberg/.gradle/jdks/eclipse_adoptium-17-amd64-linux/jdk-17.0.19+10/lib/libjava.so
7a5362a47000-7a5362a4d000 r--p 00020000 103:01 75498920                  /home/grishberg/.gradle/jdks/eclipse_adoptium-17-amd64-linux/jdk-17.0.19+10/lib/libjava.so
7a5362a4d000-7a5362a4e000 ---p 00026000 103:01 75498920                  /home/grishberg/.gradle/jdks/eclipse_adoptium-17-amd64-linux/jdk-17.0.19+10/lib/libjava.so
7a5362a4e000-7a5362a4f000 r--p 00026000 103:01 75498920                  /home/grishberg/.gradle/jdks/eclipse_adoptium-17-amd64-linux/jdk-17.0.19+10/lib/libjava.so
7a5362a4f000-7a5362a50000 rw-p 00027000 103:01 75498920                  /home/grishberg/.gradle/jdks/eclipse_adoptium-17-amd64-linux/jdk-17.0.19+10/lib/libjava.so
7a5362a50000-7a5362a51000 rw-p 00000000 00:00 0 
7a5362a51000-7a5362a55000 r--p 00000000 103:01 75498904                  /home/grishberg/.gradle/jdks/eclipse_adoptium-17-amd64-linux/jdk-17.0.19+10/lib/libjimage.so
7a5362a55000-7a5362a68000 r-xp 00004000 103:01 75498904                  /home/grishberg/.gradle/jdks/eclipse_adoptium-17-amd64-linux/jdk-17.0.19+10/lib/libjimage.so
7a5362a68000-7a5362a6e000 r--p 00017000 103:01 75498904                  /home/grishberg/.gradle/jdks/eclipse_adoptium-17-amd64-linux/jdk-17.0.19+10/lib/libjimage.so
7a5362a6e000-7a5362a70000 r--p 0001c000 103:01 75498904                  /home/grishberg/.gradle/jdks/eclipse_adoptium-17-amd64-linux/jdk-17.0.19+10/lib/libjimage.so
7a5362a70000-7a5362a71000 rw-p 0001e000 103:01 75498904                  /home/grishberg/.gradle/jdks/eclipse_adoptium-17-amd64-linux/jdk-17.0.19+10/lib/libjimage.so
7a5362a71000-7a5362a72000 r--p 00000000 103:01 90442162                  /usr/lib/x86_64-linux-gnu/librt.so.1
7a5362a72000-7a5362a73000 r-xp 00001000 103:01 90442162                  /usr/lib/x86_64-linux-gnu/librt.so.1
7a5362a73000-7a5362a74000 r--p 00002000 103:01 90442162                  /usr/lib/x86_64-linux-gnu/librt.so.1
7a5362a74000-7a5362a75000 r--p 00002000 103:01 90442162                  /usr/lib/x86_64-linux-gnu/librt.so.1
7a5362a75000-7a5362a76000 rw-p 00003000 103:01 90442162                  /usr/lib/x86_64-linux-gnu/librt.so.1
7a5362a76000-7a5362a78000 rw-p 00000000 00:00 0 
7a5362a78000-7a5362a79000 r--p 00000000 103:01 90442150                  /usr/lib/x86_64-linux-gnu/libdl.so.2
7a5362a79000-7a5362a7a000 r-xp 00001000 103:01 90442150                  /usr/lib/x86_64-linux-gnu/libdl.so.2
7a5362a7a000-7a5362a7b000 r--p 00002000 103:01 90442150                  /usr/lib/x86_64-linux-gnu/libdl.so.2
7a5362a7b000-7a5362a7c000 r--p 00002000 103:01 90442150                  /usr/lib/x86_64-linux-gnu/libdl.so.2
7a5362a7c000-7a5362a7d000 rw-p 00003000 103:01 90442150                  /usr/lib/x86_64-linux-gnu/libdl.so.2
7a5362a7d000-7a5362a7e000 r--p 00000000 103:01 90442160                  /usr/lib/x86_64-linux-gnu/libpthread.so.0
7a5362a7e000-7a5362a7f000 r-xp 00001000 103:01 90442160                  /usr/lib/x86_64-linux-gnu/libpthread.so.0
7a5362a7f000-7a5362a80000 r--p 00002000 103:01 90442160                  /usr/lib/x86_64-linux-gnu/libpthread.so.0
7a5362a80000-7a5362a81000 r--p 00002000 103:01 90442160                  /usr/lib/x86_64-linux-gnu/libpthread.so.0
7a5362a81000-7a5362a82000 rw-p 00003000 103:01 90442160                  /usr/lib/x86_64-linux-gnu/libpthread.so.0
7a5362a83000-7a5362a8a000 r--s 00000000 103:01 90442137                  /usr/lib/x86_64-linux-gnu/gconv/gconv-modules.cache
7a5362a8a000-7a5362a92000 rw-s 00000000 103:01 51520175                  /tmp/hsperfdata_grishberg/66975
7a5362a92000-7a5362a93000 ---p 00000000 00:00 0 
7a5362a93000-7a5362a94000 r--p 00000000 00:00 0 
7a5362a94000-7a5362a95000 ---p 00000000 00:00 0 
7a5362a95000-7a5362a98000 r--p 00000000 103:01 75498874                  /home/grishberg/.gradle/jdks/eclipse_adoptium-17-amd64-linux/jdk-17.0.19+10/lib/libjli.so
7a5362a98000-7a5362aa8000 r-xp 00003000 103:01 75498874                  /home/grishberg/.gradle/jdks/eclipse_adoptium-17-amd64-linux/jdk-17.0.19+10/lib/libjli.so
7a5362aa8000-7a5362aaf000 r--p 00013000 103:01 75498874                  /home/grishberg/.gradle/jdks/eclipse_adoptium-17-amd64-linux/jdk-17.0.19+10/lib/libjli.so
7a5362aaf000-7a5362ab0000 r--p 00019000 103:01 75498874                  /home/grishberg/.gradle/jdks/eclipse_adoptium-17-amd64-linux/jdk-17.0.19+10/lib/libjli.so
7a5362ab0000-7a5362ab1000 rw-p 0001a000 103:01 75498874                  /home/grishberg/.gradle/jdks/eclipse_adoptium-17-amd64-linux/jdk-17.0.19+10/lib/libjli.so
7a5362ab1000-7a5362ab3000 rw-p 00000000 00:00 0 
7a5362ab3000-7a5362ab7000 r--p 00000000 00:00 0                          [vvar]
7a5362ab7000-7a5362ab9000 r--p 00000000 00:00 0                          [vvar_vclock]
7a5362ab9000-7a5362abb000 r-xp 00000000 00:00 0                          [vdso]
7a5362abb000-7a5362abc000 r--p 00000000 103:01 90442145                  /usr/lib/x86_64-linux-gnu/ld-linux-x86-64.so.2
7a5362abc000-7a5362ae7000 r-xp 00001000 103:01 90442145                  /usr/lib/x86_64-linux-gnu/ld-linux-x86-64.so.2
7a5362ae7000-7a5362af1000 r--p 0002c000 103:01 90442145                  /usr/lib/x86_64-linux-gnu/ld-linux-x86-64.so.2
7a5362af1000-7a5362af3000 r--p 00036000 103:01 90442145                  /usr/lib/x86_64-linux-gnu/ld-linux-x86-64.so.2
7a5362af3000-7a5362af5000 rw-p 00038000 103:01 90442145                  /usr/lib/x86_64-linux-gnu/ld-linux-x86-64.so.2
7ffc6b521000-7ffc6b543000 rw-p 00000000 00:00 0                          [stack]
ffffffffff600000-ffffffffff601000 --xp 00000000 00:00 0                  [vsyscall]


VM Arguments:
jvm_args: -Dfile.encoding=UTF-8 -Duser.country=US -Duser.language=en -Duser.variant 
java_command: com.github.grishberg.cad3d.cli.CliRunnerKt --model matrix_right
java_class_path (initial): /home/grishberg/projects/java/opengl_kbd_render/cad3d/build/classes/java/main:/home/grishberg/projects/java/opengl_kbd_render/cad3d/build/classes/kotlin/main:/home/grishberg/projects/java/opengl_kbd_render/cad3d/build/resources/main:/home/grishberg/projects/java/opengl_kbd_render/common/build/libs/common-1.0.1.jar:/home/grishberg/projects/java/opengl_kbd_render/kbd_core/build/libs/kbd_core-1.0.1.jar:/home/grishberg/projects/java/opengl_kbd_render/plugin/build/libs/plugin-1.0.jar:/home/grishberg/projects/java/opengl_kbd_render/javascad/build/libs/javascad-1.0.jar:/home/grishberg/projects/java/opengl_kbd_render/libs/manifold3d-3.2.13.jar:/home/grishberg/.gradle/caches/modules-2/files-2.1/org.jetbrains.kotlin/kotlin-stdlib-jdk8/1.9.22/dea0c11e2fa503ab891c8a090e3b54754472975d/kotlin-stdlib-jdk8-1.9.22.jar:/home/grishberg/.gradle/caches/modules-2/files-2.1/org.jetbrains.kotlinx/kotlinx-coroutines-core-jvm/1.8.0/ac1dc37a30a93150b704022f8d895ee1bd3a36b3/kotlinx-coroutines-core-jvm-1.8.0.jar:/home/grishberg/.gradle/caches/modules-2/files-2.1/org.jetbrains.kotlin/kotlin-stdlib-jdk7/1.9.22/c4b17283ad7939e778989663f8301d871987fa5e/kotlin-stdlib-jdk7-1.9.22.jar:/home/grishberg/.gradle/caches/modules-2/files-2.1/org.jetbrains.kotlinx/kotlinx-serialization-core-jvm/1.6.2/384c2492c987f1d92bfa186580de058c284b2ad9/kotlinx-serialization-core-jvm-1.6.2.jar:/home/grishberg/.gradle/caches/modules-2/files-2.1/org.jetbrains.kotlinx/kotlinx-serialization-json-jvm/1.6.2/8f4df208edf91a3012e7a27ccd02f386d4bfc8c6/kotlinx-serialization-json-jvm-1.6.2.jar:/home/grishberg/.gradle/caches/modules-2/files-2.1/org.jetbrains.kotlin/kotlin-stdlib/1.9.22/d6c44cd08d8f3f9bece8101216dbe6553365c6e3/kotlin-stdlib-1.9.22.jar:/home/grishberg/.gradle/caches/modules-2/files-2.1/org.jetbrains/annotations/23.0.0/8cc20c07506ec18e0834947b84a864bfc094484e/annotations-23.0.0.jar
Launcher Type: SUN_STANDARD

[Global flags]
     intx CICompilerCount                          = 12                                        {product} {ergonomic}
     uint ConcGCThreads                            = 3                                         {product} {ergonomic}
     uint G1ConcRefinementThreads                  = 13                                        {product} {ergonomic}
   size_t G1HeapRegionSize                         = 16777216                                  {product} {ergonomic}
    uintx GCDrainStackTargetSize                   = 64                                        {product} {ergonomic}
   size_t InitialHeapSize                          = 2046820352                                {product} {ergonomic}
   size_t MarkStackSize                            = 4194304                                   {product} {ergonomic}
   size_t MaxHeapSize                              = 32178700288                               {product} {ergonomic}
   size_t MaxNewSize                               = 19293798400                               {product} {ergonomic}
   size_t MinHeapDeltaBytes                        = 16777216                                  {product} {ergonomic}
   size_t MinHeapSize                              = 16777216                                  {product} {ergonomic}
    uintx NonNMethodCodeHeapSize                   = 7602480                                {pd product} {ergonomic}
    uintx NonProfiledCodeHeapSize                  = 122027880                              {pd product} {ergonomic}
    uintx ProfiledCodeHeapSize                     = 122027880                              {pd product} {ergonomic}
    uintx ReservedCodeCacheSize                    = 251658240                              {pd product} {ergonomic}
     bool SegmentedCodeCache                       = true                                      {product} {ergonomic}
   size_t SoftMaxHeapSize                          = 32178700288                            {manageable} {ergonomic}
     bool UseCompressedClassPointers               = true                           {product lp64_product} {ergonomic}
     bool UseCompressedOops                        = true                           {product lp64_product} {ergonomic}
     bool UseG1GC                                  = true                                      {product} {ergonomic}

Logging:
Log output configuration:
 #0: stdout all=warning uptime,level,tags
 #1: stderr all=off uptime,level,tags

Environment Variables:
PATH=/home/grishberg/projects/ts/opencode/bot/venv/bin:/home/grishberg/android-sdk/platform-tools:/home/grishberg/.local/bin:/usr/local/sbin:/usr/local/bin:/usr/sbin:/usr/bin:/sbin:/bin:/usr/games:/usr/local/games:/snap/bin:/snap/bin
USERNAME=grishberg
SHELL=/bin/bash
DISPLAY=:0
LANG=en_US.UTF-8

Active Locale:
LC_ALL=en_US.UTF-8
LC_COLLATE=en_US.UTF-8
LC_CTYPE=en_US.UTF-8
LC_MESSAGES=en_US.UTF-8
LC_MONETARY=en_US.UTF-8
LC_NUMERIC=en_US.UTF-8
LC_TIME=en_US.UTF-8

Signal Handlers:
   SIGSEGV: crash_handler in libjvm.so, mask=11100100010111111101111111111110, flags=SA_RESTART|SA_SIGINFO, unblocked
    SIGBUS: crash_handler in libjvm.so, mask=11100100010111111101111111111110, flags=SA_RESTART|SA_SIGINFO, unblocked
    SIGFPE: crash_handler in libjvm.so, mask=11100100010111111101111111111110, flags=SA_RESTART|SA_SIGINFO, unblocked
   SIGPIPE: javaSignalHandler in libjvm.so, mask=11100100010111111101111111111110, flags=SA_RESTART|SA_SIGINFO, blocked
   SIGXFSZ: javaSignalHandler in libjvm.so, mask=11100100010111111101111111111110, flags=SA_RESTART|SA_SIGINFO, blocked
    SIGILL: crash_handler in libjvm.so, mask=11100100010111111101111111111110, flags=SA_RESTART|SA_SIGINFO, unblocked
   SIGUSR2: SR_handler in libjvm.so, mask=00000000000000000000000000000000, flags=SA_RESTART|SA_SIGINFO, blocked
    SIGHUP: UserHandler in libjvm.so, mask=11100100010111111101111111111110, flags=SA_RESTART|SA_SIGINFO, blocked
    SIGINT: UserHandler in libjvm.so, mask=11100100010111111101111111111110, flags=SA_RESTART|SA_SIGINFO, blocked
   SIGTERM: UserHandler in libjvm.so, mask=11100100010111111101111111111110, flags=SA_RESTART|SA_SIGINFO, blocked
   SIGQUIT: UserHandler in libjvm.so, mask=11100100010111111101111111111110, flags=SA_RESTART|SA_SIGINFO, blocked
   SIGTRAP: crash_handler in libjvm.so, mask=11100100010111111101111111111110, flags=SA_RESTART|SA_SIGINFO, unblocked


Periodic native trim disabled


---------------  S Y S T E M  ---------------

OS:
DISTRIB_ID=Ubuntu
DISTRIB_RELEASE=24.04
DISTRIB_CODENAME=noble
DISTRIB_DESCRIPTION="Ubuntu 24.04.4 LTS"
uname: Linux 6.17.0-35-generic #35~24.04.1-Ubuntu SMP PREEMPT_DYNAMIC Tue May 26 19:30:42 UTC 2 x86_64
OS uptime: 0 days 6:16 hours
libc: glibc 2.39 NPTL 2.39 
rlimit (soft/hard): STACK 8192k/infinity , CORE 0k/infinity , NPROC 496841/496841 , NOFILE 1048576/1048576 , AS infinity/infinity , CPU infinity/infinity , DATA infinity/infinity , FSIZE infinity/infinity , MEMLOCK 15919580k/15919580k
load average: 1.89 0.86 0.54

/proc/meminfo:
MemTotal:       127356652 kB
MemFree:        42854508 kB
MemAvailable:   82201492 kB
Buffers:          161764 kB
Cached:         43084800 kB
SwapCached:            0 kB
Active:         44074364 kB
Inactive:       38120520 kB
Active(anon):   41985236 kB
Inactive(anon):        0 kB
Active(file):    2089128 kB
Inactive(file): 38120520 kB
Unevictable:           0 kB
Mlocked:               0 kB
SwapTotal:       8388604 kB
SwapFree:        8388604 kB
Zswap:                 0 kB
Zswapped:              0 kB
Dirty:             67184 kB
Writeback:             0 kB
AnonPages:      38949100 kB
Mapped:          4232488 kB
Shmem:           3036928 kB
KReclaimable:     315080 kB
Slab:             583508 kB
SReclaimable:     315080 kB
SUnreclaim:       268428 kB
KernelStack:       23440 kB
PageTables:       115004 kB
SecPageTables:      2180 kB
NFS_Unstable:          0 kB
Bounce:                0 kB
WritebackTmp:          0 kB
CommitLimit:    72066928 kB
Committed_AS:   58170716 kB
VmallocTotal:   34359738367 kB
VmallocUsed:      165628 kB
VmallocChunk:          0 kB
Percpu:            15232 kB
HardwareCorrupted:     0 kB
AnonHugePages:         0 kB
ShmemHugePages:        0 kB
ShmemPmdMapped:        0 kB
FileHugePages:    321536 kB
FilePmdMapped:      2048 kB
CmaTotal:              0 kB
CmaFree:               0 kB
Unaccepted:            0 kB
Balloon:               0 kB
HugePages_Total:       0
HugePages_Free:        0
HugePages_Rsvd:        0
HugePages_Surp:        0
Hugepagesize:       2048 kB
Hugetlb:               0 kB
DirectMap4k:      508068 kB
DirectMap2M:    13033472 kB
DirectMap1G:    121634816 kB

/sys/kernel/mm/transparent_hugepage/enabled: always [madvise] never
/sys/kernel/mm/transparent_hugepage/hpage_pmd_size: 2097152
/sys/kernel/mm/transparent_hugepage/defrag (defrag/compaction efforts parameter): always defer defer+madvise [madvise] never

Process Memory:
Virtual Size: 38040672K (peak: 38040672K)
Resident Set Size: 200532K (peak: 200532K) (anon: 174636K, file: 25896K, shmem: 0K)
Swapped out: 0K
C-Heap outstanding allocations: 67938K, retained: 16089K
glibc malloc tunables: (default)

/proc/sys/kernel/threads-max (system-wide limit on the number of threads): 993683
/proc/sys/vm/max_map_count (maximum number of memory map areas a process may have): 1048576
/proc/sys/vm/swappiness (control to define how aggressively the kernel swaps out anonymous memory): 60
/proc/sys/kernel/pid_max (system-wide limit on number of process identifiers): 4194304

container (cgroup) information:
container_type: cgroupv2
cpu_cpuset_cpus: not supported
cpu_memory_nodes: not supported
active_processor_count: 16
cpu_quota: not supported
cpu_period: not supported
cpu_shares: not supported
memory_limit_in_bytes: unlimited
memory_and_swap_limit_in_bytes: unlimited
memory_soft_limit_in_bytes: 0
memory_usage_in_bytes: 77267964 k
memory_max_usage_in_bytes: not supported
rss_usage_in_bytes: 37660736 k
cache_usage_in_bytes: 39436580 k
memory_swap_current_in_bytes: 0
memory_swap_max_limit_in_bytes: unlimited
maximum number of tasks: 149052
current number of tasks: 607

Steal ticks since vm start: 0
Steal ticks percentage since vm start:  0.000

CPU: total 16 (initial active 16) (16 cores per cpu, 2 threads per core) family 25 model 33 stepping 2 microcode 0xa201213, cx8, cmov, fxsr, ht, mmx, 3dnowpref, sse, sse2, sse3, ssse3, sse4a, sse4.1, sse4.2, popcnt, lzcnt, tsc, tscinvbit, avx, avx2, aes, erms, clmul, bmi1, bmi2, adx, sha, fma, vzeroupper, clflush, clflushopt
CPU Model and flags from /proc/cpuinfo:
model name	: AMD Ryzen 7 5800X3D 8-Core Processor
flags		: fpu vme de pse tsc msr pae mce cx8 apic sep mtrr pge mca cmov pat pse36 clflush mmx fxsr sse sse2 ht syscall nx mmxext fxsr_opt pdpe1gb rdtscp lm constant_tsc rep_good nopl xtopology nonstop_tsc cpuid extd_apicid aperfmperf rapl pni pclmulqdq monitor ssse3 fma cx16 sse4_1 sse4_2 x2apic movbe popcnt aes xsave avx f16c rdrand lahf_lm cmp_legacy svm extapic cr8_legacy abm sse4a misalignsse 3dnowprefetch osvw ibs skinit wdt tce topoext perfctr_core perfctr_nb bpext perfctr_llc mwaitx cpb cat_l3 cdp_l3 hw_pstate ssbd mba ibrs ibpb stibp vmmcall fsgsbase bmi1 avx2 smep bmi2 erms invpcid cqm rdt_a rdseed adx smap clflushopt clwb sha_ni xsaveopt xsavec xgetbv1 xsaves cqm_llc cqm_occup_llc cqm_mbm_total cqm_mbm_local user_shstk clzero irperf xsaveerptr rdpru wbnoinvd arat npt lbrv svm_lock nrip_save tsc_scale vmcb_clean flushbyasid decodeassists pausefilter pfthreshold avic v_vmsave_vmload vgif v_spec_ctrl umip pku ospke vaes vpclmulqdq rdpid overflow_recov succor smca fsrm debug_swap

Online cpus: 0-15
Offline cpus: 
BIOS frequency limitation: <Not Available>
Frequency switch latency (ns): 0
Available cpu frequencies: <Not Available>
Current governor: powersave
Core performance/turbo boost: 1

Memory: 4k page, physical 127356652k(42854508k free), swap 8388604k(8388604k free)
Page Sizes: 4k

vm_info: OpenJDK 64-Bit Server VM (17.0.19+10) for linux-amd64 JRE (17.0.19+10), built on Apr 21 2026 00:00:00 by "admin" with gcc 10.3.0

END.
