#
# A fatal error has been detected by the Java Runtime Environment:
#
#  SIGSEGV (0xb) at pc=0x00007f25bdc9fff4, pid=88901, tid=88926
#
# JRE version: OpenJDK Runtime Environment Temurin-17.0.19+10 (17.0.19+10) (build 17.0.19+10)
# Java VM: OpenJDK 64-Bit Server VM Temurin-17.0.19+10 (17.0.19+10, mixed mode, sharing, tiered, compressed oops, compressed class ptrs, g1 gc, linux-amd64)
# Problematic frame:
# C  [libc.so.6+0x9fff4]  pthread_mutex_lock+0x4
#
# Core dump will be written. Default location: Core dumps may be processed with "/usr/share/apport/apport -p%p -s%s -c%c -d%d -P%P -u%u -g%g -F%F -- %E" (or dumping to /home/grishberg/projects/java/opengl_kbd_render/cad3d/core.88901)
#
# If you would like to submit a bug report, please visit:
#   https://github.com/adoptium/adoptium-support/issues
# The crash happened outside the Java Virtual Machine in native code.
# See problematic frame for where to report the bug.
#

---------------  S U M M A R Y ------------

Command Line: -Djava.library.path=/home/grishberg/projects/java/opengl_kbd_render/cad3d/build/manifold-natives/manifold3d/natives/linux-x86_64 -Dfile.encoding=UTF-8 -Duser.country=US -Duser.language=en -Duser.variant com.github.grishberg.cad3d.cli.CliRunnerKt --model matrix_right

Host: AMD Ryzen 7 5800X3D 8-Core Processor, 16 cores, 121G, Ubuntu 24.04.4 LTS
Time: Wed Jul 15 14:22:12 2026 MSK elapsed time: 0.247256 seconds (0d 0h 0m 0s)

---------------  T H R E A D  ---------------

Current thread (0x00007f24b8065160):  JavaThread "DefaultDispatcher-worker-3" daemon [_thread_in_native, id=88926, stack(0x00007f2548800000,0x00007f2548900000)]

Stack: [0x00007f2548800000,0x00007f2548900000],  sp=0x00007f25488fd928,  free space=1014k
Native frames: (J=compiled Java code, j=interpreted, Vv=VM code, C=native code)
C  [libc.so.6+0x9fff4]  pthread_mutex_lock+0x4

Java frames: (J=compiled Java code, j=interpreted, Vv=VM code)
J 762  com.cadoodlecad.manifold.ManifoldBindings.jniUnion(JJJ)J (0 bytes) @ 0x00007f25a8dd4aef [0x00007f25a8dd4aa0+0x000000000000004f]
J 829 c1 com.cadoodlecad.manifold.ManifoldBindings.union(JJ)J (13 bytes) @ 0x00007f25a1375ae4 [0x00007f25a1375a40+0x00000000000000a4]
J 783 c1 eu.printingin3d.javascad.manifold.Manifold3dEngine.operateNative(JJI)J (113 bytes) @ 0x00007f25a135fb5c [0x00007f25a135f940+0x000000000000021c]
J 784 c1 eu.printingin3d.javascad.manifold.Manifold3dEngine.unionNative(JJ)J (8 bytes) @ 0x00007f25a13604bc [0x00007f25a1360440+0x000000000000007c]
j  eu.printingin3d.javascad.tranzitions.Union.toInnerNativeMesh(Leu/printingin3d/javascad/vrl/FacetGenerationContext;)J+67
J 757 c1 eu.printingin3d.javascad.models.Abstract3dModel.toNativeMesh(Leu/printingin3d/javascad/vrl/FacetGenerationContext;)J (160 bytes) @ 0x00007f25a13523d4 [0x00007f25a1351d00+0x00000000000006d4]
j  eu.printingin3d.javascad.tranzitions.Difference.toInnerNativeMesh(Leu/printingin3d/javascad/vrl/FacetGenerationContext;)J+5
J 757 c1 eu.printingin3d.javascad.models.Abstract3dModel.toNativeMesh(Leu/printingin3d/javascad/vrl/FacetGenerationContext;)J (160 bytes) @ 0x00007f25a13523d4 [0x00007f25a1351d00+0x00000000000006d4]
j  com.github.grishberg.cad3d.util.VertexHolderUtilsKt.fromModelNative(Leu/printingin3d/javascad/models/Abstract3dModel;I)Lcom/github/grishberg/cad3d/plugin/VertexHolder;+28
j  com.github.grishberg.cad3d.util.VertexHolderUtilsKt.fromModel(Leu/printingin3d/javascad/models/Abstract3dModel;I)Lcom/github/grishberg/cad3d/plugin/VertexHolder;+8
j  com.github.grishberg.cad3d.keyboard.ModelHolder$Companion.createVertexHolders(Lcom/github/grishberg/cad3d/keyboard/cfg/KeyboardConfig;Leu/printingin3d/javascad/models/Abstract3dModel;Ljava/util/List;)Ljava/util/List;+101
j  com.github.grishberg.cad3d.keyboard.ModelHolder.<init>(Lcom/github/grishberg/cad3d/keyboard/cfg/KeyboardConfig;Leu/printingin3d/javascad/models/Abstract3dModel;[Leu/printingin3d/javascad/models/Abstract3dModel;)V+29
j  com.github.grishberg.cad3d.KeyboardBuilder.createCaseModel(Lcom/github/grishberg/cad3d/keyboard/cfg/KeyboardConfig;Lcom/github/grishberg/cad3d/keyboard/KeyPlace;Lcom/github/grishberg/cad3d/keyboard/ThumbKeyPlace;Lcom/github/grishberg/cad3d/keyboard/screws/ScrewWallPlaces;Lcom/github/grishberg/cad3d/keyboard/casebody/Walls;Lcom/github/grishberg/cad3d/keyboard/casebody/controllers/ControllerPlace;Lcom/github/grishberg/cad3d/keyboard/casebody/controllers/SwitcherPlace;Lcom/github/grishberg/cad3d/keyboard/casebody/controllers/ControllerFactory;Lcom/github/grishberg/cad3d/keyboard/casebody/controllers/switcher/SwitcherFactory;Lcom/github/grishberg/cad3d/keyboard/casebody/controllers/Controller;Lcom/github/grishberg/cad3d/trackball/Trackball;Lcom/github/grishberg/cad3d/keyboard/casebody/thumb/ThumbBorders;Lcom/github/grishberg/cad3d/keyboard/casebody/thumb/ThumbWalls;)Lcom/github/grishberg/cad3d/keyboard/ModelHolder;+665
j  com.github.grishberg.cad3d.KeyboardBuilder.createCase(Lcom/github/grishberg/cad3d/keyboard/cfg/KeyboardConfig;Lcom/github/grishberg/cad3d/keyboard/KeyPlace;Lcom/github/grishberg/cad3d/keyboard/ThumbKeyPlace;Lcom/github/grishberg/cad3d/keyboard/screws/ScrewWallPlaces;Lcom/github/grishberg/cad3d/keyboard/casebody/Walls;Lcom/github/grishberg/cad3d/keyboard/casebody/controllers/ControllerPlace;Lcom/github/grishberg/cad3d/keyboard/casebody/controllers/SwitcherPlace;Lcom/github/grishberg/cad3d/keyboard/casebody/controllers/ControllerFactory;Lcom/github/grishberg/cad3d/keyboard/casebody/controllers/switcher/SwitcherFactory;Lcom/github/grishberg/cad3d/keyboard/casebody/controllers/Controller;Lcom/github/grishberg/cad3d/trackball/Trackball;Lcom/github/grishberg/cad3d/keyboard/casebody/thumb/ThumbBorders;Lcom/github/grishberg/cad3d/keyboard/casebody/thumb/ThumbWalls;)Ljava/util/List;+44
j  com.github.grishberg.cad3d.KeyboardBuilder.access$createCase(Lcom/github/grishberg/cad3d/KeyboardBuilder;Lcom/github/grishberg/cad3d/keyboard/cfg/KeyboardConfig;Lcom/github/grishberg/cad3d/keyboard/KeyPlace;Lcom/github/grishberg/cad3d/keyboard/ThumbKeyPlace;Lcom/github/grishberg/cad3d/keyboard/screws/ScrewWallPlaces;Lcom/github/grishberg/cad3d/keyboard/casebody/Walls;Lcom/github/grishberg/cad3d/keyboard/casebody/controllers/ControllerPlace;Lcom/github/grishberg/cad3d/keyboard/casebody/controllers/SwitcherPlace;Lcom/github/grishberg/cad3d/keyboard/casebody/controllers/ControllerFactory;Lcom/github/grishberg/cad3d/keyboard/casebody/controllers/switcher/SwitcherFactory;Lcom/github/grishberg/cad3d/keyboard/casebody/controllers/Controller;Lcom/github/grishberg/cad3d/trackball/Trackball;Lcom/github/grishberg/cad3d/keyboard/casebody/thumb/ThumbBorders;Lcom/github/grishberg/cad3d/keyboard/casebody/thumb/ThumbWalls;)Ljava/util/List;+24
j  com.github.grishberg.cad3d.KeyboardBuilder$exportStl$1$2.invokeSuspend(Ljava/lang/Object;)Ljava/lang/Object;+104
j  kotlin.coroutines.jvm.internal.BaseContinuationImpl.resumeWith(Ljava/lang/Object;)V+44
j  kotlinx.coroutines.DispatchedTask.run()V+317
j  kotlinx.coroutines.scheduling.CoroutineScheduler.runSafely(Lkotlinx/coroutines/scheduling/Task;)V+2
j  kotlinx.coroutines.scheduling.CoroutineScheduler$Worker.executeTask(Lkotlinx/coroutines/scheduling/Task;)V+30
j  kotlinx.coroutines.scheduling.CoroutineScheduler$Worker.runWorker()V+44
j  kotlinx.coroutines.scheduling.CoroutineScheduler$Worker.run()V+1
v  ~StubRoutines::call_stub

siginfo: si_signo: 11 (SIGSEGV), si_code: 1 (SEGV_MAPERR), si_addr: 0x00007f2342495931

Registers:
RAX=0x00007f2548ffc398, RBX=0x00007f24b0031160, RCX=0x0000000000000000, RDX=0x0000000000000000
RSP=0x00007f25488fd928, RBP=0x00007f25488fd960, RSI=0x00007f24b0031160, RDI=0x00007f2342495921
R8 =0x00007f24b0031160, R9 =0x0000000000000000, R10=0x00007f25a8dd4aef, R11=0x00007f25a1360460
R12=0x00007f2342495921, R13=0x00007f24b00e4470, R14=0x00007f25488fd960, R15=0x00007f2548f10b30
RIP=0x00007f25bdc9fff4, EFLAGS=0x0000000000010246, CSGSFS=0x002b000000000033, ERR=0x0000000000000004
  TRAPNO=0x000000000000000e

XMM[0]=0x00007f24b00e4460 0x00007f24b00e4470
XMM[1]=0x0000000000000000 0x0000000000000000
XMM[2]=0x0000000000000000 0x3f1a36e2eb1c432d
XMM[3]=0x0000000000000000 0x3ff0000000000000
XMM[4]=0x0000000000000000 0x0000000000000000
XMM[5]=0x0000000000000000 0x3ff0000000000000
XMM[6]=0x0000000000000000 0x40477c23087a6128
XMM[7]=0x0000000000000000 0x40477c23087a6128
XMM[8]=0x0000000000000000 0x0000000000000000
XMM[9]=0x0000000000000000 0x0000000000000000
XMM[10]=0x0000000000000000 0xc021334a2aee9cea
XMM[11]=0x0000000000000000 0x0000000000000000
XMM[12]=0x0000000000000000 0x0000000000000000
XMM[13]=0x0000000000000000 0x0000000000000000
XMM[14]=0x0000000000000000 0x0000000000000000
XMM[15]=0x0000000000000000 0x3ff0000000000000
  MXCSR=0x00001fa4


Register to memory mapping:

RAX=0x00007f2548ffc398: _ZTVN8manifold9CsgOpNodeE+0x0000000000000010 in /tmp/manifold3d3677132265321261790/libmanifold.so.3 at 0x00007f2548e9a000
RBX=0x00007f24b0031160 points into unknown readable memory: 0x00007f2342495921 | 21 59 49 42 23 7f 00 00
RCX=0x0 is NULL
RDX=0x0 is NULL
RSP=0x00007f25488fd928 is pointing into the stack for thread: 0x00007f24b8065160
RBP=0x00007f25488fd960 is pointing into the stack for thread: 0x00007f24b8065160
RSI=0x00007f24b0031160 points into unknown readable memory: 0x00007f2342495921 | 21 59 49 42 23 7f 00 00
RDI=0x00007f2342495921 is an unknown value
R8 =0x00007f24b0031160 points into unknown readable memory: 0x00007f2342495921 | 21 59 49 42 23 7f 00 00
R9 =0x0 is NULL
R10=0x00007f25a8dd4aef is at entry_point+79 in (nmethod*)0x00007f25a8dd4910
Compiled method (n/a) 247  762     n 0       com.cadoodlecad.manifold.ManifoldBindings::jniUnion (native)
 total in heap  [0x00007f25a8dd4910,0x00007f25a8dd4c90] = 896
 relocation     [0x00007f25a8dd4a70,0x00007f25a8dd4aa0] = 48
 main code      [0x00007f25a8dd4aa0,0x00007f25a8dd4c88] = 488
 oops           [0x00007f25a8dd4c88,0x00007f25a8dd4c90] = 8
0x00007f25a8dd4acf:   4c 8b c1 48 8b ca 48 8b d6 49 be 70 81 05 f5 00
0x00007f25a8dd4adf:   00 00 00 4c 89 74 24 30 4c 8d 74 24 30 49 8b f6
0x00007f25a8dd4aef:   c5 f8 77 
R11=0x00007f25a1360460 is at entry_point+32 in (nmethod*)0x00007f25a1360290
Compiled method (c1) 248  784       3       eu.printingin3d.javascad.manifold.Manifold3dEngine::unionNative (8 bytes)
 total in heap  [0x00007f25a1360290,0x00007f25a1360600] = 880
 relocation     [0x00007f25a13603f0,0x00007f25a1360428] = 56
 main code      [0x00007f25a1360440,0x00007f25a1360540] = 256
 stub code      [0x00007f25a1360540,0x00007f25a1360580] = 64
 oops           [0x00007f25a1360580,0x00007f25a1360588] = 8
 metadata       [0x00007f25a1360588,0x00007f25a1360590] = 8
 scopes data    [0x00007f25a1360590,0x00007f25a13605b8] = 40
 scopes pcs     [0x00007f25a13605b8,0x00007f25a13605f8] = 64
 dependencies   [0x00007f25a13605f8,0x00007f25a1360600] = 8
0x00007f25a1360460:   89 84 24 00 c0 fe ff 55 48 83 ec 40 
R12=0x00007f2342495921 is an unknown value
R13=0x00007f24b00e4470 points into unknown readable memory: 0x00007f2548ffc398 | 98 c3 ff 48 25 7f 00 00
R14=0x00007f25488fd960 is pointing into the stack for thread: 0x00007f24b8065160
R15=0x00007f2548f10b30: _ZN8manifold9CsgOpNode7BooleanERKSt10shared_ptrINS_7CsgNodeEENS_6OpTypeE+0x0000000000000000 in /tmp/manifold3d3677132265321261790/libmanifold.so.3 at 0x00007f2548e9a000


Top of Stack: (sp=0x00007f25488fd928)
0x00007f25488fd928:   00007f2548f53899 00007f25488fd9f0
0x00007f25488fd938:   0000000000000000 00007f24b0031160
0x00007f25488fd948:   00007f2548f56c5e 00007f24b00e4470
0x00007f25488fd958:   00007f24b00e4460 0000000000000007
0x00007f25488fd968:   00007f24b00008e0 00000000f5058238
0x00007f25488fd978:   ffffffff7370b002 00007f25488fd9b0
0x00007f25488fd988:   a1cc3cc5617add00 0000000000000138
0x00007f25488fd998:   00007f25488fd9f0 00007f25488fd9f0
0x00007f25488fd9a8:   00007f24b0031160 00007f25488fdc18
0x00007f25488fd9b8:   00007f25488fdac0 00007f24b8065160
0x00007f25488fd9c8:   00007f2548f56eb3 00007f25a8668260
0x00007f25488fd9d8:   a1cc3cc5617add00 00007f24b0031160
0x00007f25488fd9e8:   00007f25bc0112f6 00007f24f740a04b
0x00007f25488fd9f8:   00007f24b0031160 ffffffff7370b002
0x00007f25488fda08:   00000000f5058238 00000000f50381a8
0x00007f25488fda18:   0000000000000030 0000000000000000
0x00007f25488fda28:   a1cc3cc5617add00 0000000000000154
0x00007f25488fda38:   00007f25488fda80 0000000000000000
0x00007f25488fda48:   00007f25bde23fbf 00007f25488fda80
0x00007f25488fda58:   00007f24b0031160 00007f24b00ce6f0
0x00007f25488fda68:   00007f24b0031160 00007f25488fdac0
0x00007f25488fda78:   00007f24b8065410 00007f25488fdad0
0x00007f25488fda88:   00007f25a8dd4b68 0000000000000007
0x00007f25488fda98:   00007f24b00008e0 00000000f5058238
0x00007f25488fdaa8:   00007f24b0031160 00007f24b8065160
0x00007f25488fdab8:   00007f25488fdd00 00000000f5058170
0x00007f25488fdac8:   0000000000000000 00007f25488fdc98
0x00007f25488fdad8:   00007f25a1375ae4 0000000000000007
0x00007f25488fdae8:   0000000000000000 00007f25488fdb90
0x00007f25488fdaf8:   00000000f5058238 00007f25488fdb30
0x00007f25488fdb08:   0000000000000138 00007f24f7409e40
0x00007f25488fdb18:   00007f24b00ce6f0 00007f24b0031160 

Instructions: (pc=0x00007f25bdc9fff4)
0x00007f25bdc9fef4:   ff ff ff 83 f8 92 0f 84 68 ff ff ff 8d 50 26 83
0x00007f25bdc9ff04:   f8 da 72 14 48 b8 09 00 00 08 2c 00 00 00 48 0f
0x00007f25bdc9ff14:   a3 d0 0f 82 4c ff ff ff 48 8d 3d d5 10 13 00 e8
0x00007f25bdc9ff24:   18 0b ff ff 83 f8 f5 0f 84 a9 fd ff ff 83 f8 fc
0x00007f25bdc9ff34:   0f 84 a0 fd ff ff eb e0 0f 1f 40 00 be 80 00 00
0x00007f25bdc9ff44:   00 48 89 df e8 73 90 ff ff e9 16 ff ff ff 64 48
0x00007f25bdc9ff54:   c7 04 25 f0 02 00 00 00 00 00 00 b8 23 00 00 00
0x00007f25bdc9ff64:   e9 97 fa ff ff b8 0b 00 00 00 e9 8d fa ff ff 41
0x00007f25bdc9ff74:   8b 04 24 83 e0 7f 83 f8 12 74 d3 83 f8 11 0f 85
0x00007f25bdc9ff84:   2f fd ff ff e9 06 ff ff ff e8 2e 7f 09 00 48 8d
0x00007f25bdc9ff94:   0d e7 4d 13 00 ba bd 01 00 00 48 8d 35 c0 c4 12
0x00007f25bdc9ffa4:   00 48 8d 3d 74 11 13 00 e8 3f b3 f9 ff 48 8d 0d
0x00007f25bdc9ffb4:   c8 4d 13 00 ba c2 01 00 00 48 8d 35 a1 c4 12 00
0x00007f25bdc9ffc4:   48 8d 3d af c4 12 00 e8 20 b3 f9 ff 48 8d 0d a9
0x00007f25bdc9ffd4:   4d 13 00 ba 5f 02 00 00 48 8d 35 82 c4 12 00 48
0x00007f25bdc9ffe4:   8d 3d a6 c4 12 00 e8 01 b3 f9 ff 90 f3 0f 1e fa
0x00007f25bdc9fff4:   8b 47 10 89 c2 81 e2 7f 01 00 00 90 83 e0 7c 0f
0x00007f25bdca0004:   85 a7 00 00 00 55 48 89 e5 53 48 83 ec 18 85 d2
0x00007f25bdca0014:   0f 85 9e 00 00 00 44 8b 0d 0f 57 16 00 45 85 c9
0x00007f25bdca0024:   75 5a 8b 77 10 81 e6 80 00 00 00 75 09 80 3d 08
0x00007f25bdca0034:   b0 16 00 00 75 36 31 c0 ba 01 00 00 00 f0 0f b1
0x00007f25bdca0044:   17 0f 85 ad 00 00 00 8b 4f 08 85 c9 0f 85 54 01
0x00007f25bdca0054:   00 00 64 8b 04 25 d0 02 00 00 89 47 08 83 47 0c
0x00007f25bdca0064:   01 90 31 c0 48 8b 5d f8 c9 c3 66 90 44 8b 07 45
0x00007f25bdca0074:   85 c0 75 c2 c7 07 01 00 00 00 eb cb 8b 47 10 f6
0x00007f25bdca0084:   c4 03 74 08 f6 c4 01 74 99 eb 07 90 80 cc 01 89
0x00007f25bdca0094:   47 10 8b 57 10 48 8b 5d f8 48 8d 77 16 c9 81 e2
0x00007f25bdca00a4:   80 00 00 00 e9 a3 88 ff ff 0f 1f 00 e9 5b f8 ff
0x00007f25bdca00b4:   ff 0f 1f 00 81 fa 00 01 00 00 74 d6 8b 57 10 83
0x00007f25bdca00c4:   e2 7f 83 fa 01 0f 85 8e 00 00 00 64 8b 04 25 d0
0x00007f25bdca00d4:   02 00 00 39 47 08 75 2e 8b 47 04 83 f8 ff 0f 84
0x00007f25bdca00e4:   b8 00 00 00 83 c0 01 89 47 04 e9 73 ff ff ff 0f 


Stack slot to memory mapping:
stack at sp + 0 slots: 0x00007f2548f53899: _ZNK8manifold8Manifold9LoadPNodeEv+0x0000000000000019 in /tmp/manifold3d3677132265321261790/libmanifold.so.3 at 0x00007f2548e9a000
stack at sp + 1 slots: 0x00007f25488fd9f0 is pointing into the stack for thread: 0x00007f24b8065160
stack at sp + 2 slots: 0x0 is NULL
stack at sp + 3 slots: 0x00007f24b0031160 points into unknown readable memory: 0x00007f2342495921 | 21 59 49 42 23 7f 00 00
stack at sp + 4 slots: 0x00007f2548f56c5e: _ZNK8manifold8Manifold7BooleanERKS0_NS_6OpTypeE+0x000000000000004e in /tmp/manifold3d3677132265321261790/libmanifold.so.3 at 0x00007f2548e9a000
stack at sp + 5 slots: 0x00007f24b00e4470 points into unknown readable memory: 0x00007f2548ffc398 | 98 c3 ff 48 25 7f 00 00
stack at sp + 6 slots: 0x00007f24b00e4460 points into unknown readable memory: 0x00007f2548ffc3d0 | d0 c3 ff 48 25 7f 00 00
stack at sp + 7 slots: 0x0000000000000007 is an unknown value


Compiled method (n/a) 251  762     n 0       com.cadoodlecad.manifold.ManifoldBindings::jniUnion (native)
 total in heap  [0x00007f25a8dd4910,0x00007f25a8dd4c90] = 896
 relocation     [0x00007f25a8dd4a70,0x00007f25a8dd4aa0] = 48
 main code      [0x00007f25a8dd4aa0,0x00007f25a8dd4c88] = 488
 oops           [0x00007f25a8dd4c88,0x00007f25a8dd4c90] = 8

[Constant Pool (empty)]

[MachCode]
[Entry Point]
  # {method} {0x00007f24f7413880} 'jniUnion' '(JJJ)J' in 'com/cadoodlecad/manifold/ManifoldBindings'
  # parm0:    rsi:rsi   = long
  # parm1:    rdx:rdx   = long
  # parm2:    rcx:rcx   = long
  #           [sp+0x50]  (sp of caller)
  0x00007f25a8dd4aa0: 448b 5608 | 49bb 0000 | 00fb 247f | 0000 4d03 | d349 3bc2 | 0f84 0600 

  0x00007f25a8dd4ab8: ;   {runtime_call ic_miss_stub}
  0x00007f25a8dd4ab8: 0000 e9c1 | b28d ff90 
[Verified Entry Point]
  0x00007f25a8dd4ac0: 8984 2400 | c0fe ff55 | 488b ec48 | 83ec 404c | 8bc1 488b | ca48 8bd6 

  0x00007f25a8dd4ad8: ;   {oop(a 'java/lang/Class'{0x00000000f5058170} = 'com/cadoodlecad/manifold/ManifoldBindings')}
  0x00007f25a8dd4ad8: 49be 7081 | 05f5 0000 | 0000 4c89 | 7424 304c | 8d74 2430 | 498b f6c5 

  0x00007f25a8dd4af0: ;   {internal_word}
  0x00007f25a8dd4af0: f877 49ba | ef4a dda8 | 257f 0000 | 4d89 9798 | 0200 0049 | 89a7 9002 

  0x00007f25a8dd4b08: ;   {external_word}
  0x00007f25a8dd4b08: 0000 803d | 7486 d314 | 000f 843a | 0000 0056 | 5251 4150 

  0x00007f25a8dd4b1c: ;   {metadata({method} {0x00007f24f7413880} 'jniUnion' '(JJJ)J' in 'com/cadoodlecad/manifold/ManifoldBindings')}
  0x00007f25a8dd4b1c: 48be 8038 | 41f7 247f | 0000 498b | fff7 c40f | 0000 000f | 8412 0000 | 0048 83ec 

  0x00007f25a8dd4b38: ;   {runtime_call SharedRuntime::dtrace_method_entry(JavaThread*, Method*)}
  0x00007f25a8dd4b38: 08e8 62df | 7014 4883 | c408 e905 

  0x00007f25a8dd4b44: ;   {runtime_call SharedRuntime::dtrace_method_entry(JavaThread*, Method*)}
  0x00007f25a8dd4b44: 0000 00e8 | 54df 7014 | 4158 595a | 5e49 8dbf | b002 0000 | 41c7 8738 | 0300 0004 

  0x00007f25a8dd4b60: ;   {runtime_call Java_com_cadoodlecad_manifold_ManifoldBindings_jniUnion}
  0x00007f25a8dd4b60: 0000 00e8 | 20f4 0415 | c5f8 7741 | c787 3803 | 0000 0500 | 0000 f083 | 4424 c000 | 493b af40 
  0x00007f25a8dd4b80: 0300 000f | 8711 0000 | 0041 81bf | 2803 0000 | 0000 0000 | 0f84 2400 | 0000 c5f8 | 7748 8945 
  0x00007f25a8dd4ba0: f849 8bff | 4c8b e448 | 83ec 0048 

  0x00007f25a8dd4bac: ;   {runtime_call JavaThread::check_special_condition_for_native_trans(JavaThread*)}
  0x00007f25a8dd4bac: 83e4 f0e8 | 1ca4 8914 | 498b e44d | 33e4 488b | 45f8 41c7 | 8738 0300 | 0008 0000 | 0041 81bf 
  0x00007f25a8dd4bcc: a803 0000 | 0200 0000 | 0f84 8400 

  0x00007f25a8dd4bd8: ;   {external_word}
  0x00007f25a8dd4bd8: 0000 803d | a485 d314 | 000f 8438 | 0000 0048 

  0x00007f25a8dd4be8: ;   {metadata({method} {0x00007f24f7413880} 'jniUnion' '(JJJ)J' in 'com/cadoodlecad/manifold/ManifoldBindings')}
  0x00007f25a8dd4be8: 8945 f848 | be80 3841 | f724 7f00 | 0049 8bff | f7c4 0f00 | 0000 0f84 | 1200 0000 | 4883 ec08 
  0x00007f25a8dd4c08: ;   {runtime_call SharedRuntime::dtrace_method_exit(JavaThread*, Method*)}
  0x00007f25a8dd4c08: e843 df70 | 1448 83c4 | 08e9 0500 

  0x00007f25a8dd4c14: ;   {runtime_call SharedRuntime::dtrace_method_exit(JavaThread*, Method*)}
  0x00007f25a8dd4c14: 0000 e835 | df70 1448 | 8b45 f849 | c787 9002 | 0000 0000 | 0000 49c7 | 8798 0200 | 0000 0000 
  0x00007f25a8dd4c34: 00c5 f877 | 498b 8fd8 | 0000 00c7 | 8100 0100 | 0000 0000 | 00c9 4981 | 7f08 0000 | 0000 0f85 
  0x00007f25a8dd4c54: 0100 0000 

  0x00007f25a8dd4c58: ;   {runtime_call StubRoutines (1)}
  0x00007f25a8dd4c58: c3e9 a2af | 88ff c5f8 | 7748 8945 | f84c 8be4 | 4883 ec00 | 4883 e4f0 

  0x00007f25a8dd4c70: ;   {runtime_call SharedRuntime::reguard_yellow_pages()}
  0x00007f25a8dd4c70: e84b ed70 | 1449 8be4 | 4d33 e448 | 8b45 f8e9 | 56ff ffff | f4f4 f4f4 
[/MachCode]


Compiled method (c1) 255  829       3       com.cadoodlecad.manifold.ManifoldBindings::union (13 bytes)
 total in heap  [0x00007f25a1375890,0x00007f25a1375c60] = 976
 relocation     [0x00007f25a13759f0,0x00007f25a1375a38] = 72
 main code      [0x00007f25a1375a40,0x00007f25a1375b60] = 288
 stub code      [0x00007f25a1375b60,0x00007f25a1375bb0] = 80
 oops           [0x00007f25a1375bb0,0x00007f25a1375bb8] = 8
 metadata       [0x00007f25a1375bb8,0x00007f25a1375bc0] = 8
 scopes data    [0x00007f25a1375bc0,0x00007f25a1375c08] = 72
 scopes pcs     [0x00007f25a1375c08,0x00007f25a1375c58] = 80
 dependencies   [0x00007f25a1375c58,0x00007f25a1375c60] = 8

[Constant Pool (empty)]

[MachCode]
[Entry Point]
  # {method} {0x00007f24f7417908} 'union' '(JJ)J' in 'com/cadoodlecad/manifold/ManifoldBindings'
  # this:     rsi:rsi   = 'com/cadoodlecad/manifold/ManifoldBindings'
  # parm0:    rdx:rdx   = long
  # parm1:    rcx:rcx   = long
  #           [sp+0x60]  (sp of caller)
  0x00007f25a1375a40: 448b 5608 | 49bb 0000 | 00fb 247f | 0000 4d03 | d34c 3bd0 

  0x00007f25a1375a54: ;   {runtime_call ic_miss_stub}
  0x00007f25a1375a54: 0f85 26a3 | 3307 660f | 1f44 0000 
[Verified Entry Point]
  0x00007f25a1375a60: 8984 2400 | c0fe ff55 | 4883 ec50 

  0x00007f25a1375a6c: ;   {metadata(method data for {method} {0x00007f24f7417908} 'union' '(JJ)J' in 'com/cadoodlecad/manifold/ManifoldBindings')}
  0x00007f25a1375a6c: 48bf 6067 | 6bf7 247f | 0000 8b9f | f400 0000 | 83c3 0289 | 9ff4 0000 | 0081 e3fe | 0700 0083 
  0x00007f25a1375a8c: fb00 0f84 | 6300 0000 | 4889 4c24 | 4048 8954 

  0x00007f25a1375a9c: ;   {metadata(method data for {method} {0x00007f24f7417908} 'union' '(JJ)J' in 'com/cadoodlecad/manifold/ManifoldBindings')}
  0x00007f25a1375a9c: 2438 48be | 6067 6bf7 | 247f 0000 | 4883 8638 | 0100 0001 | 0f1f 8000 

  0x00007f25a1375ab4: ;   {static_call}
  0x00007f25a1375ab4: 0000 00e8 

  0x00007f25a1375ab8: ; ImmutableOopMap {}
                      ;*invokestatic jniAllocManifold {reexecute=0 rethrow=0 return_oop=0}
                      ; - com.cadoodlecad.manifold.ManifoldBindings::union@0 (line 433)
  0x00007f25a1375ab8: 84cf a507 

  0x00007f25a1375abc: ;   {metadata(method data for {method} {0x00007f24f7417908} 'union' '(JJ)J' in 'com/cadoodlecad/manifold/ManifoldBindings')}
  0x00007f25a1375abc: 48be 6067 | 6bf7 247f | 0000 4883 | 8648 0100 | 0001 488b | f048 8b54 | 2438 488b | 4c24 400f 
  0x00007f25a1375adc: ;   {static_call}
  0x00007f25a1375adc: 1f40 00e8 

  0x00007f25a1375ae0: ; ImmutableOopMap {}
                      ;*invokestatic jniUnion {reexecute=0 rethrow=0 return_oop=0}
                      ; - com.cadoodlecad.manifold.ManifoldBindings::union@9 (line 434)
  0x00007f25a1375ae0: dcef a507 | 4883 c450 

  0x00007f25a1375ae8: ;   {poll_return}
  0x00007f25a1375ae8: 5d49 3ba7 | 4003 0000 | 0f87 2200 

  0x00007f25a1375af4: ;   {metadata({method} {0x00007f24f7417908} 'union' '(JJ)J' in 'com/cadoodlecad/manifold/ManifoldBindings')}
  0x00007f25a1375af4: 0000 c349 | ba08 7941 | f724 7f00 | 004c 8954 | 2408 48c7 | 0424 ffff 

  0x00007f25a1375b0c: ;   {runtime_call counter_overflow Runtime1 stub}
  0x00007f25a1375b0c: ffff e86d 

  0x00007f25a1375b10: ; ImmutableOopMap {rsi=Oop }
                      ;*synchronization entry
                      ; - com.cadoodlecad.manifold.ManifoldBindings::union@-1 (line 433)
  0x00007f25a1375b10: 203e 07e9 | 7cff ffff 

  0x00007f25a1375b18: ;   {internal_word}
  0x00007f25a1375b18: 49ba e95a | 37a1 257f | 0000 4d89 | 9758 0300 

  0x00007f25a1375b28: ;   {runtime_call SafepointBlob}
  0x00007f25a1375b28: 00e9 d20b | 3407 9090 | 498b 87d0 | 0300 0049 | c787 d003 | 0000 0000 | 0000 49c7 | 87d8 0300 
  0x00007f25a1375b48: 0000 0000 | 0048 83c4 

  0x00007f25a1375b50: ;   {runtime_call unwind_exception Runtime1 stub}
  0x00007f25a1375b50: 505d e929 | b73d 07f4 | f4f4 f4f4 | f4f4 f4f4 
[Stub Code]
  0x00007f25a1375b60: ;   {no_reloc}
  0x00007f25a1375b60: 0f1f 4400 

  0x00007f25a1375b64: ;   {static_stub}
  0x00007f25a1375b64: 0048 bb00 | 0000 0000 

  0x00007f25a1375b6c: ;   {runtime_call}
  0x00007f25a1375b6c: 0000 00e9 | fbff ffff 

  0x00007f25a1375b74: ;   {static_stub}
  0x00007f25a1375b74: 9048 bb00 | 0000 0000 

  0x00007f25a1375b7c: ;   {runtime_call}
  0x00007f25a1375b7c: 0000 00e9 | fbff ffff 
[Exception Handler]
  0x00007f25a1375b84: ;   {runtime_call handle_exception_from_callee Runtime1 stub}
  0x00007f25a1375b84: e8f7 e33d 

  0x00007f25a1375b88: ;   {external_word}
  0x00007f25a1375b88: 0748 bf52 | 5779 bd25 | 7f00 0048 

  0x00007f25a1375b94: ;   {runtime_call MacroAssembler::debug64(char*, long, long*)}
  0x00007f25a1375b94: 83e4 f0e8 | d44f f91b 

  0x00007f25a1375b9c: ;   {section_word}
  0x00007f25a1375b9c: f449 ba9d | 5b37 a125 | 7f00 0041 

  0x00007f25a1375ba8: ;   {runtime_call DeoptimizationBlob}
  0x00007f25a1375ba8: 52e9 f2fd | 3307 f4f4 
[/MachCode]


Compiled method (c1) 257  783   !   3       eu.printingin3d.javascad.manifold.Manifold3dEngine::operateNative (113 bytes)
 total in heap  [0x00007f25a135f710,0x00007f25a1360208] = 2808
 relocation     [0x00007f25a135f870,0x00007f25a135f928] = 184
 main code      [0x00007f25a135f940,0x00007f25a135fde0] = 1184
 stub code      [0x00007f25a135fde0,0x00007f25a135fe70] = 144
 oops           [0x00007f25a135fe70,0x00007f25a135fe80] = 16
 metadata       [0x00007f25a135fe80,0x00007f25a135fe90] = 16
 scopes data    [0x00007f25a135fe90,0x00007f25a135ff80] = 240
 scopes pcs     [0x00007f25a135ff80,0x00007f25a13600a0] = 288
 dependencies   [0x00007f25a13600a0,0x00007f25a13600a8] = 8
 handler table  [0x00007f25a13600a8,0x00007f25a13601e0] = 312
 nul chk table  [0x00007f25a13601e0,0x00007f25a1360208] = 40

[Constant Pool (empty)]

[MachCode]
[Entry Point]
  # {method} {0x00007f24f740b8e8} 'operateNative' '(JJI)J' in 'eu/printingin3d/javascad/manifold/Manifold3dEngine'
  # this:     rsi:rsi   = 'eu/printingin3d/javascad/manifold/Manifold3dEngine'
  # parm0:    rdx:rdx   = long
  # parm1:    rcx:rcx   = long
  # parm2:    r8        = int
  #           [sp+0x80]  (sp of caller)
  0x00007f25a135f940: 448b 5608 | 49bb 0000 | 00fb 247f | 0000 4d03 | d34c 3bd0 

  0x00007f25a135f954: ;   {runtime_call ic_miss_stub}
  0x00007f25a135f954: 0f85 2604 | 3507 660f | 1f44 0000 
[Verified Entry Point]
  0x00007f25a135f960: 8984 2400 | c0fe ff55 | 4883 ec70 

  0x00007f25a135f96c: ;   {metadata(method data for {method} {0x00007f24f740b8e8} 'operateNative' '(JJI)J' in 'eu/printingin3d/javascad/manifold/Manifold3dEngine')}
  0x00007f25a135f96c: 48b8 2864 | 6bf7 247f | 0000 8bb8 | f400 0000 | 83c7 0289 | b8f4 0000 | 0081 e7fe | 0700 0083 
  0x00007f25a135f98c: ff00 0f84 | 4d03 0000 

  0x00007f25a135f994: ;   {oop(a 'java/lang/Object'{0x00000000f5058238})}
  0x00007f25a135f994: 48be 3882 | 05f5 0000 | 0000 488d | 7c24 5048 | 8977 0848 | 8b06 4883 | c801 4889 | 07f0 480f 
  0x00007f25a135f9b4: b13e 0f84 | 1300 0000 | 482b c448 | 81e0 07f0 | ffff 4889 | 070f 8538 | 0300 0044 | 8944 2430 
  0x00007f25a135f9d4: 4889 4c24 | 4048 8954 

  0x00007f25a135f9dc: ;   {oop(a 'eu/printingin3d/javascad/manifold/Manifold3dEngine'{0x00000000f50581f0})}
  0x00007f25a135f9dc: 2438 48be | f081 05f5 | 0000 0000 

  0x00007f25a135f9e8: ;   {metadata(method data for {method} {0x00007f24f740b8e8} 'operateNative' '(JJI)J' in 'eu/printingin3d/javascad/manifold/Manifold3dEngine')}
  0x00007f25a135f9e8: 488b fe48 | bb28 646b | f724 7f00 | 0048 8383 | 3801 0000 

  0x00007f25a135f9fc: ;   {optimized virtual_call}
  0x00007f25a135f9fc: 0166 90e8 

  0x00007f25a135fa00: ; ImmutableOopMap {[88]=Oop }
                      ;*invokespecial getBindings {reexecute=0 rethrow=0 return_oop=0}
                      ; - eu.printingin3d.javascad.manifold.Manifold3dEngine::operateNative@15 (line 226)
  0x00007f25a135fa00: 3c52 feff 

  0x00007f25a135fa04: ;   {metadata(method data for {method} {0x00007f24f740b8e8} 'operateNative' '(JJI)J' in 'eu/printingin3d/javascad/manifold/Manifold3dEngine')}
  0x00007f25a135fa04: 48ba 2864 | 6bf7 247f | 0000 48c7 | c150 0100 | 0044 8b44 | 2430 4183 | f800 488b | f148 c7c1 
  0x00007f25a135fa24: 6001 0000 | 480f 45ce | 4183 f801 | 488b f148 | c7c1 7001 | 0000 480f | 45ce 4183 | f802 488b 
  0x00007f25a135fa44: f148 c7c1 | 8001 0000 | 480f 45ce | 488b 340a | 49c7 c201 | 0000 0049 | 03f2 4889 | 340a 4183 
  0x00007f25a135fa64: f800 0f84 | b500 0000 | 4183 f801 | 0f84 5b00 | 0000 4183 | f802 0f85 | 3f01 0000 

  0x00007f25a135fa80: ; implicit exception: dispatches to 0x00007f25a135fd1a
  0x00007f25a135fa80: 483b 0048 

  0x00007f25a135fa84: ;   {metadata(method data for {method} {0x00007f24f740b8e8} 'operateNative' '(JJI)J' in 'eu/printingin3d/javascad/manifold/Manifold3dEngine')}
  0x00007f25a135fa84: 8bd0 48b9 | 2864 6bf7 | 247f 0000 

  0x00007f25a135fa90: ;   {metadata('com/cadoodlecad/manifold/ManifoldBindings')}
  0x00007f25a135fa90: 49ba 0020 | 00fc 247f | 0000 4c89 | 9148 0200 | 0048 8381 | 5002 0000 | 0148 8b54 | 2438 488b 
  0x00007f25a135fab0: 4c24 4048 

  0x00007f25a135fab4: ;   {optimized virtual_call}
  0x00007f25a135fab4: 8bf0 90e8 

  0x00007f25a135fab8: ; ImmutableOopMap {[88]=Oop }
                      ;*invokevirtual intersection {reexecute=0 rethrow=0 return_oop=0}
                      ; - eu.printingin3d.javascad.manifold.Manifold3dEngine::operateNative@72 (line 230)
  0x00007f25a135fab8: c405 3507 

  0x00007f25a135fabc: ;   {metadata(method data for {method} {0x00007f24f740b8e8} 'operateNative' '(JJI)J' in 'eu/printingin3d/javascad/manifold/Manifold3dEngine')}
  0x00007f25a135fabc: 48ba 2864 | 6bf7 247f | 0000 ff82 | 7002 0000 | e99b 0000 | 0048 3b00 

  0x00007f25a135fad4: ;   {metadata(method data for {method} {0x00007f24f740b8e8} 'operateNative' '(JJI)J' in 'eu/printingin3d/javascad/manifold/Manifold3dEngine')}
  0x00007f25a135fad4: 488b d048 | b928 646b | f724 7f00 

  0x00007f25a135fae0: ;   {metadata('com/cadoodlecad/manifold/ManifoldBindings')}
  0x00007f25a135fae0: 0049 ba00 | 2000 fc24 | 7f00 004c | 8991 f801 | 0000 4883 | 8100 0200 | 0001 488b | 5424 3848 
  0x00007f25a135fb00: 8b4c 2440 

  0x00007f25a135fb04: ;   {optimized virtual_call}
  0x00007f25a135fb04: 488b f0e8 

  0x00007f25a135fb08: ; ImmutableOopMap {[88]=Oop }
                      ;*invokevirtual difference {reexecute=0 rethrow=0 return_oop=0}
                      ; - eu.printingin3d.javascad.manifold.Manifold3dEngine::operateNative@62 (line 229)
  0x00007f25a135fb08: f902 0000 

  0x00007f25a135fb0c: ;   {metadata(method data for {method} {0x00007f24f740b8e8} 'operateNative' '(JJI)J' in 'eu/printingin3d/javascad/manifold/Manifold3dEngine')}
  0x00007f25a135fb0c: 48ba 2864 | 6bf7 247f | 0000 ff82 | 2002 0000 | e94b 0000 | 0048 8b4c | 2440 488b | 5424 3848 
  0x00007f25a135fb2c: 3b00 488b 

  0x00007f25a135fb30: ;   {metadata(method data for {method} {0x00007f24f740b8e8} 'operateNative' '(JJI)J' in 'eu/printingin3d/javascad/manifold/Manifold3dEngine')}
  0x00007f25a135fb30: f048 bf28 | 646b f724 

  0x00007f25a135fb38: ;   {metadata('com/cadoodlecad/manifold/ManifoldBindings')}
  0x00007f25a135fb38: 7f00 0049 | ba00 2000 | fc24 7f00 | 004c 8997 | a801 0000 | 4883 87b0 | 0100 0001 

  0x00007f25a135fb54: ;   {optimized virtual_call}
  0x00007f25a135fb54: 488b f0e8 

  0x00007f25a135fb58: ; ImmutableOopMap {[88]=Oop }
                      ;*invokevirtual union {reexecute=0 rethrow=0 return_oop=0}
                      ; - eu.printingin3d.javascad.manifold.Manifold3dEngine::operateNative@52 (line 228)
  0x00007f25a135fb58: 045f 0100 

  0x00007f25a135fb5c: ;   {metadata(method data for {method} {0x00007f24f740b8e8} 'operateNative' '(JJI)J' in 'eu/printingin3d/javascad/manifold/Manifold3dEngine')}
  0x00007f25a135fb5c: 48ba 2864 | 6bf7 247f | 0000 ff82 | d001 0000 

  0x00007f25a135fb6c: ;   {oop(a 'java/lang/Object'{0x00000000f5058238})}
  0x00007f25a135fb6c: 488b f048 | b838 8205 | f500 0000 | 0048 8d44 | 2450 488b | 1048 85d2 | 0f84 0f00 | 0000 488b 
  0x00007f25a135fb8c: 7808 f048 | 0fb1 170f | 8590 0100 

  0x00007f25a135fb98: ;   {metadata(method data for {method} {0x00007f24f740b8e8} 'operateNative' '(JJI)J' in 'eu/printingin3d/javascad/manifold/Manifold3dEngine')}
  0x00007f25a135fb98: 0048 b828 | 646b f724 | 7f00 00ff | 80b8 0200 | 0048 8bc6 | 4883 c470 

  0x00007f25a135fbb0: ;   {poll_return}
  0x00007f25a135fbb0: 5d49 3ba7 | 4003 0000 | 0f87 7e01 | 0000 c390 

  0x00007f25a135fbc0: ;   {no_reloc}
  0x00007f25a135fbc0: e99c 0100 | 0000 0000 | 0000 498b | 8708 0100 | 0048 8d78 | 2849 3bbf | 1801 0000 | 0f87 8901 
  0x00007f25a135fbe0: 0000 4989 | bf08 0100 | 0048 c700 | 0100 0000 | 488b ca49 | ba00 0000 | fb24 7f00 | 0049 2bca 
  0x00007f25a135fc00: 8948 0848 | 33c9 8948 | 0c48 33c9 | 4889 4810 | 4889 4818 | 4889 4820 

  0x00007f25a135fc18: ;   {no_reloc}
  0x00007f25a135fc18: e96a 0100 | 0090 9090 | 9090 498b | f048 8944 | 2448 0f1f 

  0x00007f25a135fc2c: ;   {static_call}
  0x00007f25a135fc2c: 4400 00e8 

  0x00007f25a135fc30: ; ImmutableOopMap {[72]=Oop [88]=Oop }
                      ;*invokedynamic {reexecute=0 rethrow=0 return_oop=0}
                      ; - eu.printingin3d.javascad.manifold.Manifold3dEngine::operateNative@84 (line 231)
  0x00007f25a135fc30: 4c0a 3507 

  0x00007f25a135fc34: ;   {metadata(method data for {method} {0x00007f24f740b8e8} 'operateNative' '(JJI)J' in 'eu/printingin3d/javascad/manifold/Manifold3dEngine')}
  0x00007f25a135fc34: 48ba 2864 | 6bf7 247f | 0000 488d | 9298 0200 | 0048 85c0 | 750e 48f7 | 0201 0000 | 0075 05f0 
  0x00007f25a135fc54: 4883 0a01 | 488b 5424 

  0x00007f25a135fc5c: ;   {metadata(method data for {method} {0x00007f24f740b8e8} 'operateNative' '(JJI)J' in 'eu/printingin3d/javascad/manifold/Manifold3dEngine')}
  0x00007f25a135fc5c: 4848 be28 | 646b f724 | 7f00 0048 | 8386 a802 | 0000 0148 | 8bd0 488b 

  0x00007f25a135fc74: ;   {optimized virtual_call}
  0x00007f25a135fc74: 7424 48e8 

  0x00007f25a135fc78: ; ImmutableOopMap {[72]=Oop [88]=Oop }
                      ;*invokespecial <init> {reexecute=0 rethrow=0 return_oop=0}
                      ; - eu.printingin3d.javascad.manifold.Manifold3dEngine::operateNative@89 (line 231)
  0x00007f25a135fc78: 0404 3507 | 488b 4424 

  0x00007f25a135fc80: ; ImmutableOopMap {[88]=Oop rax=Oop }
                      ;*athrow {reexecute=1 rethrow=0 return_oop=0}
                      ; - (reexecute) eu.printingin3d.javascad.manifold.Manifold3dEngine::operateNative@92 (line 231)
                      ;   {section_word}
  0x00007f25a135fc80: 4848 ba81 | fc35 a125 

  0x00007f25a135fc88: ;   {runtime_call handle_exception_nofpu Runtime1 stub}
  0x00007f25a135fc88: 7f00 00e8 | f03c 3f07 | 9049 8b87 | d003 0000 | 4d33 d24d | 8997 d003 | 0000 4d33 | d24d 8997 
  0x00007f25a135fca8: d803 0000 

  0x00007f25a135fcac: ;   {oop(a 'java/lang/Object'{0x00000000f5058238})}
  0x00007f25a135fcac: 488b f048 | b838 8205 | f500 0000 | 0048 8d44 | 2450 488b | 3848 85ff | 0f84 0f00 | 0000 488b 
  0x00007f25a135fccc: 5808 f048 | 0fb1 3b0f | 85b8 0000 | 0048 8bc6 | e9e2 0000 

  0x00007f25a135fce0: ;   {metadata({method} {0x00007f24f740b8e8} 'operateNative' '(JJI)J' in 'eu/printingin3d/javascad/manifold/Manifold3dEngine')}
  0x00007f25a135fce0: 0049 bae8 | b840 f724 | 7f00 004c | 8954 2408 | 48c7 0424 | ffff ffff 

  0x00007f25a135fcf8: ;   {runtime_call counter_overflow Runtime1 stub}
  0x00007f25a135fcf8: e883 7e3f 

  0x00007f25a135fcfc: ; ImmutableOopMap {rsi=Oop }
                      ;*synchronization entry
                      ; - eu.printingin3d.javascad.manifold.Manifold3dEngine::operateNative@-1 (line 225)
  0x00007f25a135fcfc: 07e9 92fc 

  0x00007f25a135fd00: ;   {runtime_call throw_null_pointer_exception Runtime1 stub}
  0x00007f25a135fd00: ffff e899 

  0x00007f25a135fd04: ; ImmutableOopMap {rsi=Oop }
                      ;*monitorenter {reexecute=0 rethrow=0 return_oop=0}
                      ; - eu.printingin3d.javascad.manifold.Manifold3dEngine::operateNative@7 (line 225)
  0x00007f25a135fd04: 2a3f 0748 | 8974 2408 | 4889 3c24 

  0x00007f25a135fd10: ;   {runtime_call monitorenter_nofpu Runtime1 stub}
  0x00007f25a135fd10: e86b 573f 

  0x00007f25a135fd14: ; ImmutableOopMap {rsi=Oop [88]=Oop }
                      ;*monitorenter {reexecute=0 rethrow=0 return_oop=0}
                      ; - eu.printingin3d.javascad.manifold.Manifold3dEngine::operateNative@7 (line 225)
  0x00007f25a135fd14: 07e9 b5fc 

  0x00007f25a135fd18: ;   {runtime_call throw_null_pointer_exception Runtime1 stub}
  0x00007f25a135fd18: ffff e881 

  0x00007f25a135fd1c: ; ImmutableOopMap {rax=Oop [88]=Oop }
                      ;*invokevirtual intersection {reexecute=0 rethrow=0 return_oop=0}
                      ; - eu.printingin3d.javascad.manifold.Manifold3dEngine::operateNative@72 (line 230)
                      ;   {runtime_call throw_null_pointer_exception Runtime1 stub}
  0x00007f25a135fd1c: 2a3f 07e8 

  0x00007f25a135fd20: ; ImmutableOopMap {rax=Oop [88]=Oop }
                      ;*invokevirtual difference {reexecute=0 rethrow=0 return_oop=0}
                      ; - eu.printingin3d.javascad.manifold.Manifold3dEngine::operateNative@62 (line 229)
  0x00007f25a135fd20: 7c2a 3f07 

  0x00007f25a135fd24: ;   {runtime_call throw_null_pointer_exception Runtime1 stub}
  0x00007f25a135fd24: e877 2a3f 

  0x00007f25a135fd28: ; ImmutableOopMap {rax=Oop [88]=Oop }
                      ;*invokevirtual union {reexecute=0 rethrow=0 return_oop=0}
                      ; - eu.printingin3d.javascad.manifold.Manifold3dEngine::operateNative@52 (line 228)
  0x00007f25a135fd28: 0748 8d44 | 2450 4889 

  0x00007f25a135fd30: ;   {runtime_call monitorexit_nofpu Runtime1 stub}
  0x00007f25a135fd30: 0424 e849 | 5d3f 07e9 | 5dfe ffff 

  0x00007f25a135fd3c: ;   {internal_word}
  0x00007f25a135fd3c: 49ba b1fb | 35a1 257f | 0000 4d89 | 9758 0300 

  0x00007f25a135fd4c: ;   {runtime_call SafepointBlob}
  0x00007f25a135fd4c: 00e9 ae69 

  0x00007f25a135fd50: ;   {metadata(NULL)}
  0x00007f25a135fd50: 3507 48ba | 0000 0000 | 0000 0000 | b800 0f05 

  0x00007f25a135fd60: ;   {runtime_call load_klass_patching Runtime1 stub}
  0x00007f25a135fd60: 0ae8 9a6d 

  0x00007f25a135fd64: ; ImmutableOopMap {[88]=Oop }
                      ;*new {reexecute=1 rethrow=0 return_oop=0}
                      ; - (reexecute) eu.printingin3d.javascad.manifold.Manifold3dEngine::operateNative@78 (line 231)
  0x00007f25a135fd64: 3f07 e955 | feff ff48 

  0x00007f25a135fd6c: ;   {runtime_call fast_new_instance Runtime1 stub}
  0x00007f25a135fd6c: 8bd2 e80d 

  0x00007f25a135fd70: ; ImmutableOopMap {[88]=Oop }
                      ;*new {reexecute=0 rethrow=0 return_oop=0}
                      ; - eu.printingin3d.javascad.manifold.Manifold3dEngine::operateNative@78 (line 231)
  0x00007f25a135fd70: 2d3f 07e9 | a0fe ffff | 48ba 0000 | 0000 0000 | 0000 b800 

  0x00007f25a135fd84: ;   {runtime_call load_appendix_patching Runtime1 stub}
  0x00007f25a135fd84: 0f05 0ae8 

  0x00007f25a135fd88: ; ImmutableOopMap {rax=Oop [88]=Oop }
                      ;*invokedynamic {reexecute=1 rethrow=0 return_oop=0}
                      ; - (reexecute) eu.printingin3d.javascad.manifold.Manifold3dEngine::operateNative@84 (line 231)
  0x00007f25a135fd88: 7476 3f07 | e987 feff | ff48 8d44 | 2450 4889 

  0x00007f25a135fd98: ;   {runtime_call monitorexit_nofpu Runtime1 stub}
  0x00007f25a135fd98: 0424 e8e1 | 5c3f 07e9 | 35ff ffff | 9090 498b | 87d0 0300 | 0049 c787 | d003 0000 | 0000 0000 
  0x00007f25a135fdb8: 49c7 87d8 | 0300 0000 | 0000 0048 | 83c4 705d 

  0x00007f25a135fdc8: ;   {runtime_call unwind_exception Runtime1 stub}
  0x00007f25a135fdc8: e9b3 143f | 07f4 f4f4 | f4f4 f4f4 | f4f4 f4f4 | f4f4 f4f4 | f4f4 f4f4 
[Stub Code]
  0x00007f25a135fde0: ;   {no_reloc}
  0x00007f25a135fde0: 0f1f 4400 

  0x00007f25a135fde4: ;   {static_stub}
  0x00007f25a135fde4: 0048 bb00 | 0000 0000 

  0x00007f25a135fdec: ;   {runtime_call}
  0x00007f25a135fdec: 0000 00e9 | fbff ffff 

  0x00007f25a135fdf4: ;   {static_stub}
  0x00007f25a135fdf4: 9048 bb00 | 0000 0000 

  0x00007f25a135fdfc: ;   {runtime_call}
  0x00007f25a135fdfc: 0000 00e9 | fbff ffff 

  0x00007f25a135fe04: ;   {static_stub}
  0x00007f25a135fe04: 9048 bbd8 | 7941 f724 

  0x00007f25a135fe0c: ;   {runtime_call I2C/C2I adapters}
  0x00007f25a135fe0c: 7f00 00e9 | cda1 3407 

  0x00007f25a135fe14: ;   {static_stub}
  0x00007f25a135fe14: 9048 bb08 | 7941 f724 

  0x00007f25a135fe1c: ;   {runtime_call I2C/C2I adapters}
  0x00007f25a135fe1c: 7f00 00e9 | bda1 3407 

  0x00007f25a135fe24: ;   {static_stub}
  0x00007f25a135fe24: 9048 bb00 | 0000 0000 

  0x00007f25a135fe2c: ;   {runtime_call}
  0x00007f25a135fe2c: 0000 00e9 | fbff ffff 

  0x00007f25a135fe34: ;   {static_stub}
  0x00007f25a135fe34: 9048 bb00 | 0000 0000 

  0x00007f25a135fe3c: ;   {runtime_call}
  0x00007f25a135fe3c: 0000 00e9 | fbff ffff 
[Exception Handler]
  0x00007f25a135fe44: ;   {runtime_call handle_exception_from_callee Runtime1 stub}
  0x00007f25a135fe44: e837 413f 

  0x00007f25a135fe48: ;   {external_word}
  0x00007f25a135fe48: 0748 bf52 | 5779 bd25 | 7f00 0048 

  0x00007f25a135fe54: ;   {runtime_call MacroAssembler::debug64(char*, long, long*)}
  0x00007f25a135fe54: 83e4 f0e8 | 14ad fa1b 

  0x00007f25a135fe5c: ;   {section_word}
  0x00007f25a135fe5c: f449 ba5d | fe35 a125 | 7f00 0041 

  0x00007f25a135fe68: ;   {runtime_call DeoptimizationBlob}
  0x00007f25a135fe68: 52e9 325b | 3507 f4f4 
[/MachCode]


---------------  P R O C E S S  ---------------

Threads class SMR info:
_java_thread_list=0x00007f24ac0e36c0, length=21, elements={
0x00007f25b802aac0, 0x00007f25b81e9530, 0x00007f25b81ea910, 0x00007f25b81efea0,
0x00007f25b81f1250, 0x00007f25b81f2660, 0x00007f25b81f4090, 0x00007f25b81f55c0,
0x00007f25b81f6a30, 0x00007f25b81fe770, 0x00007f25b82022f0, 0x00007f24d80961c0,
0x00007f24d8115520, 0x00007f25b8457b00, 0x00007f25b8458730, 0x00007f24b8065160,
0x00007f24b8057350, 0x00007f24b80301e0, 0x00007f24b8053b80, 0x00007f24dc1d95b0,
0x00007f24ac0f4370
}

Java Threads: ( => current thread )
  0x00007f25b802aac0 JavaThread "main" [_thread_blocked, id=88902, stack(0x00007f25bc700000,0x00007f25bc800000)]
  0x00007f25b81e9530 JavaThread "Reference Handler" daemon [_thread_blocked, id=88909, stack(0x00007f2558179000,0x00007f2558279000)]
  0x00007f25b81ea910 JavaThread "Finalizer" daemon [_thread_blocked, id=88910, stack(0x00007f2558079000,0x00007f2558179000)]
  0x00007f25b81efea0 JavaThread "Signal Dispatcher" daemon [_thread_blocked, id=88911, stack(0x00007f2549900000,0x00007f2549a00000)]
  0x00007f25b81f1250 JavaThread "Service Thread" daemon [_thread_blocked, id=88912, stack(0x00007f2549800000,0x00007f2549900000)]
  0x00007f25b81f2660 JavaThread "Monitor Deflation Thread" daemon [_thread_blocked, id=88913, stack(0x00007f2549700000,0x00007f2549800000)]
  0x00007f25b81f4090 JavaThread "C2 CompilerThread0" daemon [_thread_blocked, id=88914, stack(0x00007f2549600000,0x00007f2549700000)]
  0x00007f25b81f55c0 JavaThread "C1 CompilerThread0" daemon [_thread_blocked, id=88915, stack(0x00007f2549500000,0x00007f2549600000)]
  0x00007f25b81f6a30 JavaThread "Sweeper thread" daemon [_thread_blocked, id=88916, stack(0x00007f2549400000,0x00007f2549500000)]
  0x00007f25b81fe770 JavaThread "Notification Thread" daemon [_thread_blocked, id=88917, stack(0x00007f2549300000,0x00007f2549400000)]
  0x00007f25b82022f0 JavaThread "Common-Cleaner" daemon [_thread_blocked, id=88919, stack(0x00007f25490ff000,0x00007f25491ff000)]
  0x00007f24d80961c0 JavaThread "C1 CompilerThread1" daemon [_thread_blocked, id=88920, stack(0x00007f2548fff000,0x00007f25490ff000)]
  0x00007f24d8115520 JavaThread "C2 CompilerThread1" daemon [_thread_blocked, id=88921, stack(0x00007f2548b00000,0x00007f2548c00000)]
  0x00007f25b8457b00 JavaThread "DefaultDispatcher-worker-1" daemon [_thread_blocked, id=88922, stack(0x00007f2548a00000,0x00007f2548b00000)]
  0x00007f25b8458730 JavaThread "DefaultDispatcher-worker-2" daemon [_thread_blocked, id=88923, stack(0x00007f2548900000,0x00007f2548a00000)]
=>0x00007f24b8065160 JavaThread "DefaultDispatcher-worker-3" daemon [_thread_in_native, id=88926, stack(0x00007f2548800000,0x00007f2548900000)]
  0x00007f24b8057350 JavaThread "DefaultDispatcher-worker-4" daemon [_thread_blocked, id=88927, stack(0x00007f2548700000,0x00007f2548800000)]
  0x00007f24b80301e0 JavaThread "DefaultDispatcher-worker-5" daemon [_thread_blocked, id=88928, stack(0x00007f2548600000,0x00007f2548700000)]
  0x00007f24b8053b80 JavaThread "DefaultDispatcher-worker-6" daemon [_thread_blocked, id=88929, stack(0x00007f2548500000,0x00007f2548600000)]
  0x00007f24dc1d95b0 JavaThread "C1 CompilerThread2" daemon [_thread_blocked, id=88930, stack(0x00007f2548400000,0x00007f2548500000)]
  0x00007f24ac0f4370 JavaThread "Thread-6" daemon [_thread_in_native, id=88931, stack(0x00007f2548300000,0x00007f2548400000)]

Other Threads:
  0x00007f25b81e5560 VMThread "VM Thread" [stack: 0x00007f255827a000,0x00007f255837a000] [id=88908]
  0x00007f25b82000b0 WatcherThread [stack: 0x00007f2549200000,0x00007f2549300000] [id=88918]
  0x00007f25b80605c0 GCTaskThread "GC Thread#0" [stack: 0x00007f2559639000,0x00007f2559739000] [id=88903]
  0x00007f25400068e0 GCTaskThread "GC Thread#1" [stack: 0x00007f2548200000,0x00007f2548300000] [id=88932]
  0x00007f2540007350 GCTaskThread "GC Thread#2" [stack: 0x00007f25480ff000,0x00007f25481ff000] [id=88933]
  0x00007f2540007dc0 GCTaskThread "GC Thread#3" [stack: 0x00007f24f6f00000,0x00007f24f7000000] [id=88934]
  0x00007f2540008830 GCTaskThread "GC Thread#4" [stack: 0x00007f24f6dff000,0x00007f24f6eff000] [id=88935]
  0x00007f25400092a0 GCTaskThread "GC Thread#5" [stack: 0x00007f24f6cfe000,0x00007f24f6dfe000] [id=88936]
  0x00007f2540009d40 GCTaskThread "GC Thread#6" [stack: 0x00007f24f6bfd000,0x00007f24f6cfd000] [id=88937]
  0x00007f254000a7e0 GCTaskThread "GC Thread#7" [stack: 0x00007f24f6afc000,0x00007f24f6bfc000] [id=88938]
  0x00007f254000b280 GCTaskThread "GC Thread#8" [stack: 0x00007f24f69fb000,0x00007f24f6afb000] [id=88939]
  0x00007f254000bd20 GCTaskThread "GC Thread#9" [stack: 0x00007f24f68fa000,0x00007f24f69fa000] [id=88940]
  0x00007f254000cbb0 GCTaskThread "GC Thread#10" [stack: 0x00007f24f67f9000,0x00007f24f68f9000] [id=88941]
  0x00007f254000da40 GCTaskThread "GC Thread#11" [stack: 0x00007f24f66f8000,0x00007f24f67f8000] [id=88942]
  0x00007f254000e8d0 GCTaskThread "GC Thread#12" [stack: 0x00007f24f65f7000,0x00007f24f66f7000] [id=88943]
  0x00007f25b8070bb0 ConcurrentGCThread "G1 Main Marker" [stack: 0x00007f2559538000,0x00007f2559638000] [id=88904]
  0x00007f25b8071b20 ConcurrentGCThread "G1 Conc#0" [stack: 0x00007f2559437000,0x00007f2559537000] [id=88905]
  0x00007f25b81b26b0 ConcurrentGCThread "G1 Refine#0" [stack: 0x00007f2558629000,0x00007f2558729000] [id=88906]
  0x00007f25b81b35b0 ConcurrentGCThread "G1 Service" [stack: 0x00007f2558528000,0x00007f2558628000] [id=88907]

Threads with active compile tasks:

VM state: not at safepoint (normal execution)

VM Mutex/Monitor currently owned by a thread: None

Heap address: 0x0000000082000000, size: 30688 MB, Compressed Oops mode: Zero based, Oop shift amount: 3

CDS archive(s) mapped at: [0x00007f24fb000000-0x00007f24fbbca000-0x00007f24fbbca000), size 12361728, SharedBaseAddress: 0x00007f24fb000000, ArchiveRelocationMode: 1.
Compressed class space mapped at: 0x00007f24fc000000-0x00007f253c000000, reserved size: 1073741824
Narrow klass base: 0x00007f24fb000000, Narrow klass shift: 0, Narrow klass range: 0x100000000

GC Precious Log:
 CPUs: 16 total, 16 available
 Memory: 121G
 Large Page Support: Disabled
 NUMA Support: Disabled
 Compressed Oops: Enabled (Zero based)
 Heap Region Size: 16M
 Heap Min Capacity: 16M
 Heap Initial Capacity: 1952M
 Heap Max Capacity: 30688M
 Pre-touch: Disabled
 Parallel Workers: 13
 Concurrent Workers: 3
 Concurrent Refinement Workers: 13
 Periodic GC: Disabled

Heap:
 garbage-first heap   total 2031616K, used 18818K [0x0000000082000000, 0x0000000800000000)
  region size 16384K, 2 young (32768K), 1 survivors (16384K)
 Metaspace       used 4838K, committed 5056K, reserved 1114112K
  class space    used 404K, committed 512K, reserved 1048576K

Heap Regions: E=young(eden), S=young(survivor), O=old, HS=humongous(starts), HC=humongous(continues), CS=collection set, F=free, OA=open archive, CA=closed archive, TAMS=top-at-mark-start (previous, next)
|   0|0x0000000082000000, 0x0000000082000000, 0x0000000083000000|  0%| F|  |TAMS 0x0000000082000000, 0x0000000082000000| Untracked 
|   1|0x0000000083000000, 0x0000000083000000, 0x0000000084000000|  0%| F|  |TAMS 0x0000000083000000, 0x0000000083000000| Untracked 
|   2|0x0000000084000000, 0x0000000084000000, 0x0000000085000000|  0%| F|  |TAMS 0x0000000084000000, 0x0000000084000000| Untracked 
|   3|0x0000000085000000, 0x0000000085000000, 0x0000000086000000|  0%| F|  |TAMS 0x0000000085000000, 0x0000000085000000| Untracked 
|   4|0x0000000086000000, 0x0000000086000000, 0x0000000087000000|  0%| F|  |TAMS 0x0000000086000000, 0x0000000086000000| Untracked 
|   5|0x0000000087000000, 0x0000000087000000, 0x0000000088000000|  0%| F|  |TAMS 0x0000000087000000, 0x0000000087000000| Untracked 
|   6|0x0000000088000000, 0x0000000088000000, 0x0000000089000000|  0%| F|  |TAMS 0x0000000088000000, 0x0000000088000000| Untracked 
|   7|0x0000000089000000, 0x0000000089000000, 0x000000008a000000|  0%| F|  |TAMS 0x0000000089000000, 0x0000000089000000| Untracked 
|   8|0x000000008a000000, 0x000000008a000000, 0x000000008b000000|  0%| F|  |TAMS 0x000000008a000000, 0x000000008a000000| Untracked 
|   9|0x000000008b000000, 0x000000008b000000, 0x000000008c000000|  0%| F|  |TAMS 0x000000008b000000, 0x000000008b000000| Untracked 
|  10|0x000000008c000000, 0x000000008c000000, 0x000000008d000000|  0%| F|  |TAMS 0x000000008c000000, 0x000000008c000000| Untracked 
|  11|0x000000008d000000, 0x000000008d000000, 0x000000008e000000|  0%| F|  |TAMS 0x000000008d000000, 0x000000008d000000| Untracked 
|  12|0x000000008e000000, 0x000000008e000000, 0x000000008f000000|  0%| F|  |TAMS 0x000000008e000000, 0x000000008e000000| Untracked 
|  13|0x000000008f000000, 0x000000008f000000, 0x0000000090000000|  0%| F|  |TAMS 0x000000008f000000, 0x000000008f000000| Untracked 
|  14|0x0000000090000000, 0x0000000090000000, 0x0000000091000000|  0%| F|  |TAMS 0x0000000090000000, 0x0000000090000000| Untracked 
|  15|0x0000000091000000, 0x0000000091000000, 0x0000000092000000|  0%| F|  |TAMS 0x0000000091000000, 0x0000000091000000| Untracked 
|  16|0x0000000092000000, 0x0000000092000000, 0x0000000093000000|  0%| F|  |TAMS 0x0000000092000000, 0x0000000092000000| Untracked 
|  17|0x0000000093000000, 0x0000000093000000, 0x0000000094000000|  0%| F|  |TAMS 0x0000000093000000, 0x0000000093000000| Untracked 
|  18|0x0000000094000000, 0x0000000094000000, 0x0000000095000000|  0%| F|  |TAMS 0x0000000094000000, 0x0000000094000000| Untracked 
|  19|0x0000000095000000, 0x0000000095000000, 0x0000000096000000|  0%| F|  |TAMS 0x0000000095000000, 0x0000000095000000| Untracked 
|  20|0x0000000096000000, 0x0000000096000000, 0x0000000097000000|  0%| F|  |TAMS 0x0000000096000000, 0x0000000096000000| Untracked 
|  21|0x0000000097000000, 0x0000000097000000, 0x0000000098000000|  0%| F|  |TAMS 0x0000000097000000, 0x0000000097000000| Untracked 
|  22|0x0000000098000000, 0x0000000098000000, 0x0000000099000000|  0%| F|  |TAMS 0x0000000098000000, 0x0000000098000000| Untracked 
|  23|0x0000000099000000, 0x0000000099000000, 0x000000009a000000|  0%| F|  |TAMS 0x0000000099000000, 0x0000000099000000| Untracked 
|  24|0x000000009a000000, 0x000000009a000000, 0x000000009b000000|  0%| F|  |TAMS 0x000000009a000000, 0x000000009a000000| Untracked 
|  25|0x000000009b000000, 0x000000009b000000, 0x000000009c000000|  0%| F|  |TAMS 0x000000009b000000, 0x000000009b000000| Untracked 
|  26|0x000000009c000000, 0x000000009c000000, 0x000000009d000000|  0%| F|  |TAMS 0x000000009c000000, 0x000000009c000000| Untracked 
|  27|0x000000009d000000, 0x000000009d000000, 0x000000009e000000|  0%| F|  |TAMS 0x000000009d000000, 0x000000009d000000| Untracked 
|  28|0x000000009e000000, 0x000000009e000000, 0x000000009f000000|  0%| F|  |TAMS 0x000000009e000000, 0x000000009e000000| Untracked 
|  29|0x000000009f000000, 0x000000009f000000, 0x00000000a0000000|  0%| F|  |TAMS 0x000000009f000000, 0x000000009f000000| Untracked 
|  30|0x00000000a0000000, 0x00000000a0000000, 0x00000000a1000000|  0%| F|  |TAMS 0x00000000a0000000, 0x00000000a0000000| Untracked 
|  31|0x00000000a1000000, 0x00000000a1000000, 0x00000000a2000000|  0%| F|  |TAMS 0x00000000a1000000, 0x00000000a1000000| Untracked 
|  32|0x00000000a2000000, 0x00000000a2000000, 0x00000000a3000000|  0%| F|  |TAMS 0x00000000a2000000, 0x00000000a2000000| Untracked 
|  33|0x00000000a3000000, 0x00000000a3000000, 0x00000000a4000000|  0%| F|  |TAMS 0x00000000a3000000, 0x00000000a3000000| Untracked 
|  34|0x00000000a4000000, 0x00000000a4000000, 0x00000000a5000000|  0%| F|  |TAMS 0x00000000a4000000, 0x00000000a4000000| Untracked 
|  35|0x00000000a5000000, 0x00000000a5000000, 0x00000000a6000000|  0%| F|  |TAMS 0x00000000a5000000, 0x00000000a5000000| Untracked 
|  36|0x00000000a6000000, 0x00000000a6000000, 0x00000000a7000000|  0%| F|  |TAMS 0x00000000a6000000, 0x00000000a6000000| Untracked 
|  37|0x00000000a7000000, 0x00000000a7000000, 0x00000000a8000000|  0%| F|  |TAMS 0x00000000a7000000, 0x00000000a7000000| Untracked 
|  38|0x00000000a8000000, 0x00000000a8000000, 0x00000000a9000000|  0%| F|  |TAMS 0x00000000a8000000, 0x00000000a8000000| Untracked 
|  39|0x00000000a9000000, 0x00000000a9000000, 0x00000000aa000000|  0%| F|  |TAMS 0x00000000a9000000, 0x00000000a9000000| Untracked 
|  40|0x00000000aa000000, 0x00000000aa000000, 0x00000000ab000000|  0%| F|  |TAMS 0x00000000aa000000, 0x00000000aa000000| Untracked 
|  41|0x00000000ab000000, 0x00000000ab000000, 0x00000000ac000000|  0%| F|  |TAMS 0x00000000ab000000, 0x00000000ab000000| Untracked 
|  42|0x00000000ac000000, 0x00000000ac000000, 0x00000000ad000000|  0%| F|  |TAMS 0x00000000ac000000, 0x00000000ac000000| Untracked 
|  43|0x00000000ad000000, 0x00000000ad000000, 0x00000000ae000000|  0%| F|  |TAMS 0x00000000ad000000, 0x00000000ad000000| Untracked 
|  44|0x00000000ae000000, 0x00000000ae000000, 0x00000000af000000|  0%| F|  |TAMS 0x00000000ae000000, 0x00000000ae000000| Untracked 
|  45|0x00000000af000000, 0x00000000af000000, 0x00000000b0000000|  0%| F|  |TAMS 0x00000000af000000, 0x00000000af000000| Untracked 
|  46|0x00000000b0000000, 0x00000000b0000000, 0x00000000b1000000|  0%| F|  |TAMS 0x00000000b0000000, 0x00000000b0000000| Untracked 
|  47|0x00000000b1000000, 0x00000000b1000000, 0x00000000b2000000|  0%| F|  |TAMS 0x00000000b1000000, 0x00000000b1000000| Untracked 
|  48|0x00000000b2000000, 0x00000000b2000000, 0x00000000b3000000|  0%| F|  |TAMS 0x00000000b2000000, 0x00000000b2000000| Untracked 
|  49|0x00000000b3000000, 0x00000000b3000000, 0x00000000b4000000|  0%| F|  |TAMS 0x00000000b3000000, 0x00000000b3000000| Untracked 
|  50|0x00000000b4000000, 0x00000000b4000000, 0x00000000b5000000|  0%| F|  |TAMS 0x00000000b4000000, 0x00000000b4000000| Untracked 
|  51|0x00000000b5000000, 0x00000000b5000000, 0x00000000b6000000|  0%| F|  |TAMS 0x00000000b5000000, 0x00000000b5000000| Untracked 
|  52|0x00000000b6000000, 0x00000000b6000000, 0x00000000b7000000|  0%| F|  |TAMS 0x00000000b6000000, 0x00000000b6000000| Untracked 
|  53|0x00000000b7000000, 0x00000000b7000000, 0x00000000b8000000|  0%| F|  |TAMS 0x00000000b7000000, 0x00000000b7000000| Untracked 
|  54|0x00000000b8000000, 0x00000000b8000000, 0x00000000b9000000|  0%| F|  |TAMS 0x00000000b8000000, 0x00000000b8000000| Untracked 
|  55|0x00000000b9000000, 0x00000000b9000000, 0x00000000ba000000|  0%| F|  |TAMS 0x00000000b9000000, 0x00000000b9000000| Untracked 
|  56|0x00000000ba000000, 0x00000000ba000000, 0x00000000bb000000|  0%| F|  |TAMS 0x00000000ba000000, 0x00000000ba000000| Untracked 
|  57|0x00000000bb000000, 0x00000000bb000000, 0x00000000bc000000|  0%| F|  |TAMS 0x00000000bb000000, 0x00000000bb000000| Untracked 
|  58|0x00000000bc000000, 0x00000000bc000000, 0x00000000bd000000|  0%| F|  |TAMS 0x00000000bc000000, 0x00000000bc000000| Untracked 
|  59|0x00000000bd000000, 0x00000000bd000000, 0x00000000be000000|  0%| F|  |TAMS 0x00000000bd000000, 0x00000000bd000000| Untracked 
|  60|0x00000000be000000, 0x00000000be000000, 0x00000000bf000000|  0%| F|  |TAMS 0x00000000be000000, 0x00000000be000000| Untracked 
|  61|0x00000000bf000000, 0x00000000bf000000, 0x00000000c0000000|  0%| F|  |TAMS 0x00000000bf000000, 0x00000000bf000000| Untracked 
|  62|0x00000000c0000000, 0x00000000c0000000, 0x00000000c1000000|  0%| F|  |TAMS 0x00000000c0000000, 0x00000000c0000000| Untracked 
|  63|0x00000000c1000000, 0x00000000c1000000, 0x00000000c2000000|  0%| F|  |TAMS 0x00000000c1000000, 0x00000000c1000000| Untracked 
|  64|0x00000000c2000000, 0x00000000c2000000, 0x00000000c3000000|  0%| F|  |TAMS 0x00000000c2000000, 0x00000000c2000000| Untracked 
|  65|0x00000000c3000000, 0x00000000c3000000, 0x00000000c4000000|  0%| F|  |TAMS 0x00000000c3000000, 0x00000000c3000000| Untracked 
|  66|0x00000000c4000000, 0x00000000c4000000, 0x00000000c5000000|  0%| F|  |TAMS 0x00000000c4000000, 0x00000000c4000000| Untracked 
|  67|0x00000000c5000000, 0x00000000c5000000, 0x00000000c6000000|  0%| F|  |TAMS 0x00000000c5000000, 0x00000000c5000000| Untracked 
|  68|0x00000000c6000000, 0x00000000c6000000, 0x00000000c7000000|  0%| F|  |TAMS 0x00000000c6000000, 0x00000000c6000000| Untracked 
|  69|0x00000000c7000000, 0x00000000c7000000, 0x00000000c8000000|  0%| F|  |TAMS 0x00000000c7000000, 0x00000000c7000000| Untracked 
|  70|0x00000000c8000000, 0x00000000c8000000, 0x00000000c9000000|  0%| F|  |TAMS 0x00000000c8000000, 0x00000000c8000000| Untracked 
|  71|0x00000000c9000000, 0x00000000c9000000, 0x00000000ca000000|  0%| F|  |TAMS 0x00000000c9000000, 0x00000000c9000000| Untracked 
|  72|0x00000000ca000000, 0x00000000ca000000, 0x00000000cb000000|  0%| F|  |TAMS 0x00000000ca000000, 0x00000000ca000000| Untracked 
|  73|0x00000000cb000000, 0x00000000cb000000, 0x00000000cc000000|  0%| F|  |TAMS 0x00000000cb000000, 0x00000000cb000000| Untracked 
|  74|0x00000000cc000000, 0x00000000cc000000, 0x00000000cd000000|  0%| F|  |TAMS 0x00000000cc000000, 0x00000000cc000000| Untracked 
|  75|0x00000000cd000000, 0x00000000cd000000, 0x00000000ce000000|  0%| F|  |TAMS 0x00000000cd000000, 0x00000000cd000000| Untracked 
|  76|0x00000000ce000000, 0x00000000ce000000, 0x00000000cf000000|  0%| F|  |TAMS 0x00000000ce000000, 0x00000000ce000000| Untracked 
|  77|0x00000000cf000000, 0x00000000cf000000, 0x00000000d0000000|  0%| F|  |TAMS 0x00000000cf000000, 0x00000000cf000000| Untracked 
|  78|0x00000000d0000000, 0x00000000d0000000, 0x00000000d1000000|  0%| F|  |TAMS 0x00000000d0000000, 0x00000000d0000000| Untracked 
|  79|0x00000000d1000000, 0x00000000d1000000, 0x00000000d2000000|  0%| F|  |TAMS 0x00000000d1000000, 0x00000000d1000000| Untracked 
|  80|0x00000000d2000000, 0x00000000d2000000, 0x00000000d3000000|  0%| F|  |TAMS 0x00000000d2000000, 0x00000000d2000000| Untracked 
|  81|0x00000000d3000000, 0x00000000d3000000, 0x00000000d4000000|  0%| F|  |TAMS 0x00000000d3000000, 0x00000000d3000000| Untracked 
|  82|0x00000000d4000000, 0x00000000d4000000, 0x00000000d5000000|  0%| F|  |TAMS 0x00000000d4000000, 0x00000000d4000000| Untracked 
|  83|0x00000000d5000000, 0x00000000d5000000, 0x00000000d6000000|  0%| F|  |TAMS 0x00000000d5000000, 0x00000000d5000000| Untracked 
|  84|0x00000000d6000000, 0x00000000d6000000, 0x00000000d7000000|  0%| F|  |TAMS 0x00000000d6000000, 0x00000000d6000000| Untracked 
|  85|0x00000000d7000000, 0x00000000d7000000, 0x00000000d8000000|  0%| F|  |TAMS 0x00000000d7000000, 0x00000000d7000000| Untracked 
|  86|0x00000000d8000000, 0x00000000d8000000, 0x00000000d9000000|  0%| F|  |TAMS 0x00000000d8000000, 0x00000000d8000000| Untracked 
|  87|0x00000000d9000000, 0x00000000d9000000, 0x00000000da000000|  0%| F|  |TAMS 0x00000000d9000000, 0x00000000d9000000| Untracked 
|  88|0x00000000da000000, 0x00000000da000000, 0x00000000db000000|  0%| F|  |TAMS 0x00000000da000000, 0x00000000da000000| Untracked 
|  89|0x00000000db000000, 0x00000000db000000, 0x00000000dc000000|  0%| F|  |TAMS 0x00000000db000000, 0x00000000db000000| Untracked 
|  90|0x00000000dc000000, 0x00000000dc000000, 0x00000000dd000000|  0%| F|  |TAMS 0x00000000dc000000, 0x00000000dc000000| Untracked 
|  91|0x00000000dd000000, 0x00000000dd000000, 0x00000000de000000|  0%| F|  |TAMS 0x00000000dd000000, 0x00000000dd000000| Untracked 
|  92|0x00000000de000000, 0x00000000de000000, 0x00000000df000000|  0%| F|  |TAMS 0x00000000de000000, 0x00000000de000000| Untracked 
|  93|0x00000000df000000, 0x00000000df000000, 0x00000000e0000000|  0%| F|  |TAMS 0x00000000df000000, 0x00000000df000000| Untracked 
|  94|0x00000000e0000000, 0x00000000e0000000, 0x00000000e1000000|  0%| F|  |TAMS 0x00000000e0000000, 0x00000000e0000000| Untracked 
|  95|0x00000000e1000000, 0x00000000e1000000, 0x00000000e2000000|  0%| F|  |TAMS 0x00000000e1000000, 0x00000000e1000000| Untracked 
|  96|0x00000000e2000000, 0x00000000e2000000, 0x00000000e3000000|  0%| F|  |TAMS 0x00000000e2000000, 0x00000000e2000000| Untracked 
|  97|0x00000000e3000000, 0x00000000e3000000, 0x00000000e4000000|  0%| F|  |TAMS 0x00000000e3000000, 0x00000000e3000000| Untracked 
|  98|0x00000000e4000000, 0x00000000e4000000, 0x00000000e5000000|  0%| F|  |TAMS 0x00000000e4000000, 0x00000000e4000000| Untracked 
|  99|0x00000000e5000000, 0x00000000e5000000, 0x00000000e6000000|  0%| F|  |TAMS 0x00000000e5000000, 0x00000000e5000000| Untracked 
| 100|0x00000000e6000000, 0x00000000e6000000, 0x00000000e7000000|  0%| F|  |TAMS 0x00000000e6000000, 0x00000000e6000000| Untracked 
| 101|0x00000000e7000000, 0x00000000e7000000, 0x00000000e8000000|  0%| F|  |TAMS 0x00000000e7000000, 0x00000000e7000000| Untracked 
| 102|0x00000000e8000000, 0x00000000e8000000, 0x00000000e9000000|  0%| F|  |TAMS 0x00000000e8000000, 0x00000000e8000000| Untracked 
| 103|0x00000000e9000000, 0x00000000e9000000, 0x00000000ea000000|  0%| F|  |TAMS 0x00000000e9000000, 0x00000000e9000000| Untracked 
| 104|0x00000000ea000000, 0x00000000ea000000, 0x00000000eb000000|  0%| F|  |TAMS 0x00000000ea000000, 0x00000000ea000000| Untracked 
| 105|0x00000000eb000000, 0x00000000eb000000, 0x00000000ec000000|  0%| F|  |TAMS 0x00000000eb000000, 0x00000000eb000000| Untracked 
| 106|0x00000000ec000000, 0x00000000ec000000, 0x00000000ed000000|  0%| F|  |TAMS 0x00000000ec000000, 0x00000000ec000000| Untracked 
| 107|0x00000000ed000000, 0x00000000ed000000, 0x00000000ee000000|  0%| F|  |TAMS 0x00000000ed000000, 0x00000000ed000000| Untracked 
| 108|0x00000000ee000000, 0x00000000ee000000, 0x00000000ef000000|  0%| F|  |TAMS 0x00000000ee000000, 0x00000000ee000000| Untracked 
| 109|0x00000000ef000000, 0x00000000ef000000, 0x00000000f0000000|  0%| F|  |TAMS 0x00000000ef000000, 0x00000000ef000000| Untracked 
| 110|0x00000000f0000000, 0x00000000f0000000, 0x00000000f1000000|  0%| F|  |TAMS 0x00000000f0000000, 0x00000000f0000000| Untracked 
| 111|0x00000000f1000000, 0x00000000f1000000, 0x00000000f2000000|  0%| F|  |TAMS 0x00000000f1000000, 0x00000000f1000000| Untracked 
| 112|0x00000000f2000000, 0x00000000f2000000, 0x00000000f3000000|  0%| F|  |TAMS 0x00000000f2000000, 0x00000000f2000000| Untracked 
| 113|0x00000000f3000000, 0x00000000f3000000, 0x00000000f4000000|  0%| F|  |TAMS 0x00000000f3000000, 0x00000000f3000000| Untracked 
| 114|0x00000000f4000000, 0x00000000f4000000, 0x00000000f5000000|  0%| F|  |TAMS 0x00000000f4000000, 0x00000000f4000000| Untracked 
| 115|0x00000000f5000000, 0x00000000f52738d0, 0x00000000f6000000| 15%| S|CS|TAMS 0x00000000f5000000, 0x00000000f5000000| Complete 
| 116|0x00000000f6000000, 0x00000000f6000000, 0x00000000f7000000|  0%| F|  |TAMS 0x00000000f6000000, 0x00000000f6000000| Untracked 
| 117|0x00000000f7000000, 0x00000000f7000000, 0x00000000f8000000|  0%| F|  |TAMS 0x00000000f7000000, 0x00000000f7000000| Untracked 
| 118|0x00000000f8000000, 0x00000000f8000000, 0x00000000f9000000|  0%| F|  |TAMS 0x00000000f8000000, 0x00000000f8000000| Untracked 
| 119|0x00000000f9000000, 0x00000000f9000000, 0x00000000fa000000|  0%| F|  |TAMS 0x00000000f9000000, 0x00000000f9000000| Untracked 
| 120|0x00000000fa000000, 0x00000000fa000000, 0x00000000fb000000|  0%| F|  |TAMS 0x00000000fa000000, 0x00000000fa000000| Untracked 
| 121|0x00000000fb000000, 0x00000000fbd9d7d0, 0x00000000fc000000| 85%| E|  |TAMS 0x00000000fb000000, 0x00000000fb000000| Complete 
|1916|0x00000007fe000000, 0x00000007fef75000, 0x00000007ff000000| 96%|OA|  |TAMS 0x00000007fe000000, 0x00000007fe000000| Untracked 
|1917|0x00000007ff000000, 0x00000007ff078000, 0x0000000800000000|  2%|CA|  |TAMS 0x00000007ff000000, 0x00000007ff000000| Untracked 

Card table byte_map: [0x00007f2599229000,0x00007f259ce19000] _byte_map_base: 0x00007f2598e19000

Marking Bits (Prev, Next): (CMBitMap*) 0x00007f25b8061050, (CMBitMap*) 0x00007f25b8061090
 Prev Bits: [0x00007f25776b9000, 0x00007f2595639000)
 Next Bits: [0x00007f2559739000, 0x00007f25776b9000)

Polling page: 0x00007f25be01b000

Metaspace:

Usage:
  Non-class:      4.33 MB used.
      Class:    404.88 KB used.
       Both:      4.73 MB used.

Virtual space:
  Non-class space:       64.00 MB reserved,       4.44 MB (  7%) committed,  1 nodes.
      Class space:        1.00 GB reserved,     512.00 KB ( <1%) committed,  1 nodes.
             Both:        1.06 GB reserved,       4.94 MB ( <1%) committed. 

Chunk freelists:
   Non-Class:  9.17 MB
       Class:  15.47 MB
        Both:  24.64 MB

MaxMetaspaceSize: unlimited
CompressedClassSpaceSize: 1.00 GB
Initial GC threshold: 21.00 MB
Current GC threshold: 21.00 MB
CDS: on
MetaspaceReclaimPolicy: balanced
 - commit_granule_bytes: 65536.
 - commit_granule_words: 8192.
 - virtual_space_node_default_size: 8388608.
 - enlarge_chunks_in_place: 1.
 - new_chunks_are_fully_committed: 0.
 - uncommit_free_chunks: 1.
 - use_allocation_guard: 0.
 - handle_deallocations: 1.


Internal statistics:

num_allocs_failed_limit: 0.
num_arena_births: 52.
num_arena_deaths: 0.
num_vsnodes_births: 2.
num_vsnodes_deaths: 0.
num_space_committed: 79.
num_space_uncommitted: 0.
num_chunks_returned_to_freelist: 0.
num_chunks_taken_from_freelist: 175.
num_chunk_merges: 0.
num_chunk_splits: 137.
num_chunks_enlarged: 116.
num_inconsistent_stats: 0.

CodeHeap 'non-profiled nmethods': size=119168Kb used=275Kb max_used=275Kb free=118892Kb
 bounds [0x00007f25a8da0000, 0x00007f25a9010000, 0x00007f25b0200000]
CodeHeap 'profiled nmethods': size=119164Kb used=1498Kb max_used=1498Kb free=117665Kb
 bounds [0x00007f25a1200000, 0x00007f25a1470000, 0x00007f25a865f000]
CodeHeap 'non-nmethods': size=7428Kb used=2329Kb max_used=2353Kb free=5099Kb
 bounds [0x00007f25a865f000, 0x00007f25a88cf000, 0x00007f25a8da0000]
 total_blobs=1341 nmethods=831 adapters=422
 compilation: enabled
              stopped_count=0, restarted_count=0
 full_count=0

Compilation events (20 events):
Event: 0.227 Thread 0x00007f24d8115520  820       4       eu.printingin3d.javascad.models.Cube::innerCloneModel (12 bytes)
Event: 0.230 Thread 0x00007f24d8115520 nmethod 820 0x00007f25a8ddb190 code [0x00007f25a8ddb340, 0x00007f25a8ddb958]
Event: 0.230 Thread 0x00007f25b81f55c0  821       1       com.github.grishberg.cad3d.keyboard.cfg.WallsSettings::getOuterBorderZOffset (5 bytes)
Event: 0.230 Thread 0x00007f25b81f55c0 nmethod 821 0x00007f25a8ddbb10 code [0x00007f25a8ddbca0, 0x00007f25a8ddbd70]
Event: 0.232 Thread 0x00007f24dc1d95b0  822       3       java.util.Collections::addAll (43 bytes)
Event: 0.232 Thread 0x00007f25b81f55c0  823       3       eu.printingin3d.javascad.models.Hull::<init> (25 bytes)
Event: 0.232 Thread 0x00007f24dc1d95b0 nmethod 822 0x00007f25a1374a90 code [0x00007f25a1374c40, 0x00007f25a1374ee0]
Event: 0.232 Thread 0x00007f25b81f55c0 nmethod 823 0x00007f25a1375010 code [0x00007f25a1375200, 0x00007f25a1375690]
Event: 0.234 Thread 0x00007f24d80961c0  826       1       jdk.internal.loader.Resource::getManifest (2 bytes)
Event: 0.234 Thread 0x00007f25b81f55c0  828       1       jdk.internal.loader.Resource::getCodeSigners (2 bytes)
Event: 0.234 Thread 0x00007f24d80961c0 nmethod 826 0x00007f25a8ddc910 code [0x00007f25a8ddcaa0, 0x00007f25a8ddcb70]
Event: 0.234 Thread 0x00007f25b81f55c0 nmethod 828 0x00007f25a8ddcc10 code [0x00007f25a8ddcda0, 0x00007f25a8ddce70]
Event: 0.235 Thread 0x00007f24dc1d95b0  829       3       com.cadoodlecad.manifold.ManifoldBindings::union (13 bytes)
Event: 0.235 Thread 0x00007f24dc1d95b0 nmethod 829 0x00007f25a1375890 code [0x00007f25a1375a40, 0x00007f25a1375bb0]
Event: 0.236 Thread 0x00007f24d8115520  830       4       eu.printingin3d.javascad.coords.V3d::create (9 bytes)
Event: 0.237 Thread 0x00007f24d8115520 nmethod 830 0x00007f25a8ddcf10 code [0x00007f25a8ddd0a0, 0x00007f25a8ddd198]
Event: 0.237 Thread 0x00007f25b81f55c0  831       3       java.util.Arrays::asList (9 bytes)
Event: 0.237 Thread 0x00007f24d80961c0  832       3       java.util.Arrays$ArrayList::<init> (16 bytes)
Event: 0.237 Thread 0x00007f25b81f55c0 nmethod 831 0x00007f25a1375c90 code [0x00007f25a1375e60, 0x00007f25a13762e0]
Event: 0.237 Thread 0x00007f24d80961c0 nmethod 832 0x00007f25a1376490 code [0x00007f25a1376660, 0x00007f25a1376a40]

GC Heap History (2 events):
Event: 0.218 GC heap before
{Heap before GC invocations=0 (full 0):
 garbage-first heap   total 2031616K, used 114612K [0x0000000082000000, 0x0000000800000000)
  region size 16384K, 6 young (98304K), 0 survivors (0K)
 Metaspace       used 4771K, committed 4992K, reserved 1114112K
  class space    used 392K, committed 512K, reserved 1048576K
}
Event: 0.219 GC heap after
{Heap after GC invocations=1 (full 0):
 garbage-first heap   total 2031616K, used 18818K [0x0000000082000000, 0x0000000800000000)
  region size 16384K, 1 young (16384K), 1 survivors (16384K)
 Metaspace       used 4771K, committed 4992K, reserved 1114112K
  class space    used 392K, committed 512K, reserved 1048576K
}

Dll operation events (9 events):
Event: 0.001 Loaded shared library /home/grishberg/.gradle/jdks/eclipse_adoptium-17-amd64-linux/jdk-17.0.19+10/lib/libjava.so
Event: 0.015 Loaded shared library /home/grishberg/.gradle/jdks/eclipse_adoptium-17-amd64-linux/jdk-17.0.19+10/lib/libjsvml.so
Event: 0.023 Loaded shared library /home/grishberg/.gradle/jdks/eclipse_adoptium-17-amd64-linux/jdk-17.0.19+10/lib/libnio.so
Event: 0.024 Loaded shared library /home/grishberg/.gradle/jdks/eclipse_adoptium-17-amd64-linux/jdk-17.0.19+10/lib/libzip.so
Event: 0.056 Loaded shared library /home/grishberg/.gradle/jdks/eclipse_adoptium-17-amd64-linux/jdk-17.0.19+10/lib/libjimage.so
Event: 0.059 Loaded shared library /home/grishberg/.gradle/jdks/eclipse_adoptium-17-amd64-linux/jdk-17.0.19+10/lib/libnet.so
Event: 0.069 Loaded shared library /tmp/manifold3d3677132265321261790/libmanifold.so.3
Event: 0.071 Loaded shared library /tmp/manifold3d3677132265321261790/libmanifoldc.so.3
Event: 0.072 Loaded shared library /tmp/manifold3d3677132265321261790/libmanifold_jni.so

Deoptimization events (16 events):
Event: 0.082 Thread 0x00007f25b802aac0 DEOPT PACKING pc=0x00007f25a1212eb6 sp=0x00007f25bc7fd550
Event: 0.083 Thread 0x00007f25b802aac0 DEOPT UNPACKING pc=0x00007f25a86b5e2f sp=0x00007f25bc7fc990 mode 0
Event: 0.086 Thread 0x00007f25b802aac0 DEOPT PACKING pc=0x00007f25a1202342 sp=0x00007f25bc7f6850
Event: 0.086 Thread 0x00007f25b802aac0 DEOPT UNPACKING pc=0x00007f25a86b5e2f sp=0x00007f25bc7f5ce8 mode 0
Event: 0.090 Thread 0x00007f25b802aac0 DEOPT PACKING pc=0x00007f25a120ca3c sp=0x00007f25bc7fd880
Event: 0.090 Thread 0x00007f25b802aac0 DEOPT UNPACKING pc=0x00007f25a86b5e2f sp=0x00007f25bc7fccf0 mode 0
Event: 0.093 Thread 0x00007f25b802aac0 DEOPT PACKING pc=0x00007f25a120ca3c sp=0x00007f25bc7fc220
Event: 0.093 Thread 0x00007f25b802aac0 DEOPT UNPACKING pc=0x00007f25a86b5e2f sp=0x00007f25bc7fb690 mode 0
Event: 0.094 Thread 0x00007f25b802aac0 DEOPT PACKING pc=0x00007f25a120ca3c sp=0x00007f25bc7fbf40
Event: 0.094 Thread 0x00007f25b802aac0 DEOPT UNPACKING pc=0x00007f25a86b5e2f sp=0x00007f25bc7fb3b0 mode 0
Event: 0.096 Thread 0x00007f25b802aac0 DEOPT PACKING pc=0x00007f25a120ca3c sp=0x00007f25bc7fbd00
Event: 0.096 Thread 0x00007f25b802aac0 DEOPT UNPACKING pc=0x00007f25a86b5e2f sp=0x00007f25bc7fb170 mode 0
Event: 0.205 Thread 0x00007f24b8053b80 Uncommon trap: trap_request=0xffffff6e fr.pc=0x00007f25a8dbe0bc relative=0x000000000000041c
Event: 0.205 Thread 0x00007f24b8053b80 Uncommon trap: reason=loop_limit_check action=maybe_recompile pc=0x00007f25a8dbe0bc method=java.lang.StringLatin1.indexOf([BI[BII)I @ 37 c2
Event: 0.205 Thread 0x00007f24b8053b80 DEOPT PACKING pc=0x00007f25a8dbe0bc sp=0x00007f25485fe1c0
Event: 0.205 Thread 0x00007f24b8053b80 DEOPT UNPACKING pc=0x00007f25a86b5699 sp=0x00007f25485fe140 mode 2

Classes loaded (20 events):
Event: 0.097 Loading class java/util/concurrent/atomic/AtomicIntegerFieldUpdater$AtomicIntegerFieldUpdaterImpl
Event: 0.097 Loading class java/util/concurrent/atomic/AtomicIntegerFieldUpdater$AtomicIntegerFieldUpdaterImpl done
Event: 0.097 Loading class java/util/concurrent/atomic/AtomicIntegerFieldUpdater$AtomicIntegerFieldUpdaterImpl$1
Event: 0.097 Loading class java/util/concurrent/atomic/AtomicIntegerFieldUpdater$AtomicIntegerFieldUpdaterImpl$1 done
Event: 0.097 Loading class java/util/concurrent/atomic/AtomicReferenceFieldUpdater
Event: 0.097 Loading class java/util/concurrent/atomic/AtomicReferenceFieldUpdater done
Event: 0.097 Loading class java/util/concurrent/atomic/AtomicReferenceFieldUpdater$AtomicReferenceFieldUpdaterImpl
Event: 0.097 Loading class java/util/concurrent/atomic/AtomicReferenceFieldUpdater$AtomicReferenceFieldUpdaterImpl done
Event: 0.097 Loading class java/util/concurrent/atomic/AtomicReferenceFieldUpdater$AtomicReferenceFieldUpdaterImpl$1
Event: 0.097 Loading class java/util/concurrent/atomic/AtomicReferenceFieldUpdater$AtomicReferenceFieldUpdaterImpl$1 done
Event: 0.098 Loading class java/util/concurrent/atomic/AtomicReferenceArray
Event: 0.098 Loading class java/util/concurrent/atomic/AtomicReferenceArray done
Event: 0.109 Loading class java/lang/NoSuchFieldError
Event: 0.109 Loading class java/lang/NoSuchFieldError done
Event: 0.115 Loading class java/lang/StrictMath
Event: 0.115 Loading class java/lang/StrictMath done
Event: 0.129 Loading class java/util/concurrent/CancellationException
Event: 0.129 Loading class java/util/concurrent/CancellationException done
Event: 0.141 Loading class java/util/Collections$SingletonList
Event: 0.142 Loading class java/util/Collections$SingletonList done

Classes unloaded (0 events):
No events

Classes redefined (0 events):
No events

Internal exceptions (4 events):
Event: 0.058 Thread 0x00007f25b802aac0 Exception <a 'sun/nio/fs/UnixException'{0x00000000fb188948}> (0x00000000fb188948) 
thrown [src/hotspot/share/prims/jni.cpp, line 516]
Event: 0.070 Thread 0x00007f25b802aac0 Exception <a 'sun/nio/fs/UnixException'{0x00000000fb192640}> (0x00000000fb192640) 
thrown [src/hotspot/share/prims/jni.cpp, line 516]
Event: 0.071 Thread 0x00007f25b802aac0 Exception <a 'sun/nio/fs/UnixException'{0x00000000fb1a4d40}> (0x00000000fb1a4d40) 
thrown [src/hotspot/share/prims/jni.cpp, line 516]
Event: 0.206 Thread 0x00007f24b8053b80 Exception <a 'java/lang/NoSuchMethodError'{0x00000000f65cab80}: 'java.lang.Object java.lang.invoke.DirectMethodHandle$Holder.newInvokeSpecial(java.lang.Object, java.lang.Object, java.lang.Object, java.lang.Object, java.lang.Object, java.lang.Object)'> (0x00000000f65cab80) 
thrown [src/hotspot/share/interpreter/linkResolver.cpp, line 758]

VM Operations (2 events):
Event: 0.217 Executing VM operation: G1CollectForAllocation
Event: 0.219 Executing VM operation: G1CollectForAllocation done

Memory protections (20 events):
Event: 0.016 Protecting memory [0x00007f2558179000,0x00007f255817d000] with protection modes 0
Event: 0.016 Protecting memory [0x00007f2558079000,0x00007f255807d000] with protection modes 0
Event: 0.018 Protecting memory [0x00007f2549900000,0x00007f2549904000] with protection modes 0
Event: 0.018 Protecting memory [0x00007f2549800000,0x00007f2549804000] with protection modes 0
Event: 0.018 Protecting memory [0x00007f2549700000,0x00007f2549704000] with protection modes 0
Event: 0.018 Protecting memory [0x00007f2549600000,0x00007f2549604000] with protection modes 0
Event: 0.018 Protecting memory [0x00007f2549500000,0x00007f2549504000] with protection modes 0
Event: 0.018 Protecting memory [0x00007f2549400000,0x00007f2549404000] with protection modes 0
Event: 0.020 Protecting memory [0x00007f2549300000,0x00007f2549304000] with protection modes 0
Event: 0.021 Protecting memory [0x00007f25490ff000,0x00007f2549103000] with protection modes 0
Event: 0.045 Protecting memory [0x00007f2548fff000,0x00007f2549003000] with protection modes 0
Event: 0.104 Protecting memory [0x00007f2548b00000,0x00007f2548b04000] with protection modes 0
Event: 0.128 Protecting memory [0x00007f2548a00000,0x00007f2548a04000] with protection modes 0
Event: 0.128 Protecting memory [0x00007f2548900000,0x00007f2548904000] with protection modes 0
Event: 0.135 Protecting memory [0x00007f2548800000,0x00007f2548804000] with protection modes 0
Event: 0.135 Protecting memory [0x00007f2548700000,0x00007f2548704000] with protection modes 0
Event: 0.136 Protecting memory [0x00007f2548600000,0x00007f2548604000] with protection modes 0
Event: 0.136 Protecting memory [0x00007f2548500000,0x00007f2548504000] with protection modes 0
Event: 0.147 Protecting memory [0x00007f2548400000,0x00007f2548404000] with protection modes 0
Event: 0.206 Protecting memory [0x00007f2548300000,0x00007f2548304000] with protection modes 0

Nmethod flushes (0 events):
No events

Events (20 events):
Event: 0.016 Thread 0x00007f25b802aac0 Thread added: 0x00007f25b81e9530
Event: 0.016 Thread 0x00007f25b802aac0 Thread added: 0x00007f25b81ea910
Event: 0.018 Thread 0x00007f25b802aac0 Thread added: 0x00007f25b81efea0
Event: 0.018 Thread 0x00007f25b802aac0 Thread added: 0x00007f25b81f1250
Event: 0.018 Thread 0x00007f25b802aac0 Thread added: 0x00007f25b81f2660
Event: 0.018 Thread 0x00007f25b802aac0 Thread added: 0x00007f25b81f4090
Event: 0.018 Thread 0x00007f25b802aac0 Thread added: 0x00007f25b81f55c0
Event: 0.018 Thread 0x00007f25b802aac0 Thread added: 0x00007f25b81f6a30
Event: 0.020 Thread 0x00007f25b802aac0 Thread added: 0x00007f25b81fe770
Event: 0.021 Thread 0x00007f25b802aac0 Thread added: 0x00007f25b82022f0
Event: 0.045 Thread 0x00007f25b81f4090 Thread added: 0x00007f24d80961c0
Event: 0.104 Thread 0x00007f25b81f4090 Thread added: 0x00007f24d8115520
Event: 0.128 Thread 0x00007f25b802aac0 Thread added: 0x00007f25b8457b00
Event: 0.128 Thread 0x00007f25b802aac0 Thread added: 0x00007f25b8458730
Event: 0.135 Thread 0x00007f25b8457b00 Thread added: 0x00007f24b8065160
Event: 0.135 Thread 0x00007f25b8457b00 Thread added: 0x00007f24b8057350
Event: 0.136 Thread 0x00007f25b8457b00 Thread added: 0x00007f24b80301e0
Event: 0.136 Thread 0x00007f25b8457b00 Thread added: 0x00007f24b8053b80
Event: 0.147 Thread 0x00007f25b81f55c0 Thread added: 0x00007f24dc1d95b0
Event: 0.206 Thread 0x00007f24b8053b80 Thread added: 0x00007f24ac0f4370


Dynamic libraries:
82000000-fc000000 rw-p 00000000 00:00 0 
fc000000-7fe000000 ---p 00000000 00:00 0 
7fe000000-7fef00000 rw-p 00000000 00:00 0 
7fef00000-7fef75000 rw-p 00c7a000 103:01 75498865                        /home/grishberg/.gradle/jdks/eclipse_adoptium-17-amd64-linux/jdk-17.0.19+10/lib/server/classes.jsa
7fef75000-7ff000000 rw-p 00000000 00:00 0 
7ff000000-7ff078000 rw-p 00c02000 103:01 75498865                        /home/grishberg/.gradle/jdks/eclipse_adoptium-17-amd64-linux/jdk-17.0.19+10/lib/server/classes.jsa
7ff078000-800000000 rw-p 00000000 00:00 0 
5cd0e3772000-5cd0e3773000 r--p 00000000 103:01 75498845                  /home/grishberg/.gradle/jdks/eclipse_adoptium-17-amd64-linux/jdk-17.0.19+10/bin/java
5cd0e3773000-5cd0e3774000 r-xp 00001000 103:01 75498845                  /home/grishberg/.gradle/jdks/eclipse_adoptium-17-amd64-linux/jdk-17.0.19+10/bin/java
5cd0e3774000-5cd0e3775000 r--p 00002000 103:01 75498845                  /home/grishberg/.gradle/jdks/eclipse_adoptium-17-amd64-linux/jdk-17.0.19+10/bin/java
5cd0e3775000-5cd0e3776000 r--p 00002000 103:01 75498845                  /home/grishberg/.gradle/jdks/eclipse_adoptium-17-amd64-linux/jdk-17.0.19+10/bin/java
5cd0e3776000-5cd0e3777000 rw-p 00003000 103:01 75498845                  /home/grishberg/.gradle/jdks/eclipse_adoptium-17-amd64-linux/jdk-17.0.19+10/bin/java
5cd114fae000-5cd114ff7000 rw-p 00000000 00:00 0                          [heap]
7f2470000000-7f2470021000 rw-p 00000000 00:00 0 
7f2470021000-7f2474000000 ---p 00000000 00:00 0 
7f2474000000-7f2474021000 rw-p 00000000 00:00 0 
7f2474021000-7f2478000000 ---p 00000000 00:00 0 
7f2478000000-7f2478021000 rw-p 00000000 00:00 0 
7f2478021000-7f247c000000 ---p 00000000 00:00 0 
7f247c000000-7f247c021000 rw-p 00000000 00:00 0 
7f247c021000-7f2480000000 ---p 00000000 00:00 0 
7f2480000000-7f2480021000 rw-p 00000000 00:00 0 
7f2480021000-7f2484000000 ---p 00000000 00:00 0 
7f2484000000-7f2484021000 rw-p 00000000 00:00 0 
7f2484021000-7f2488000000 ---p 00000000 00:00 0 
7f2488000000-7f2488021000 rw-p 00000000 00:00 0 
7f2488021000-7f248c000000 ---p 00000000 00:00 0 
7f248c000000-7f248c021000 rw-p 00000000 00:00 0 
7f248c021000-7f2490000000 ---p 00000000 00:00 0 
7f2490000000-7f2490021000 rw-p 00000000 00:00 0 
7f2490021000-7f2494000000 ---p 00000000 00:00 0 
7f2494000000-7f2494021000 rw-p 00000000 00:00 0 
7f2494021000-7f2498000000 ---p 00000000 00:00 0 
7f2498000000-7f2498021000 rw-p 00000000 00:00 0 
7f2498021000-7f249c000000 ---p 00000000 00:00 0 
7f249c000000-7f249c021000 rw-p 00000000 00:00 0 
7f249c021000-7f24a0000000 ---p 00000000 00:00 0 
7f24a0000000-7f24a0164000 rw-p 00000000 00:00 0 
7f24a0164000-7f24a4000000 ---p 00000000 00:00 0 
7f24a4000000-7f24a4a11000 rw-p 00000000 00:00 0 
7f24a4a11000-7f24a8000000 ---p 00000000 00:00 0 
7f24a8000000-7f24a8023000 rw-p 00000000 00:00 0 
7f24a8023000-7f24ac000000 ---p 00000000 00:00 0 
7f24ac000000-7f24ac180000 rw-p 00000000 00:00 0 
7f24ac180000-7f24b0000000 ---p 00000000 00:00 0 
7f24b0000000-7f24b0132000 rw-p 00000000 00:00 0 
7f24b0132000-7f24b4000000 ---p 00000000 00:00 0 
7f24b4000000-7f24b409c000 rw-p 00000000 00:00 0 
7f24b409c000-7f24b8000000 ---p 00000000 00:00 0 
7f24b8000000-7f24b8067000 rw-p 00000000 00:00 0 
7f24b8067000-7f24bc000000 ---p 00000000 00:00 0 
7f24bc000000-7f24bc559000 rw-p 00000000 00:00 0 
7f24bc559000-7f24c0000000 ---p 00000000 00:00 0 
7f24c0000000-7f24c0201000 rw-p 00000000 00:00 0 
7f24c0201000-7f24c4000000 ---p 00000000 00:00 0 
7f24c4000000-7f24c4300000 rw-p 00000000 00:00 0 
7f24c4300000-7f24c8000000 ---p 00000000 00:00 0 
7f24c8000000-7f24c8021000 rw-p 00000000 00:00 0 
7f24c8021000-7f24cc000000 ---p 00000000 00:00 0 
7f24cc000000-7f24cc021000 rw-p 00000000 00:00 0 
7f24cc021000-7f24d0000000 ---p 00000000 00:00 0 
7f24d0000000-7f24d0021000 rw-p 00000000 00:00 0 
7f24d0021000-7f24d4000000 ---p 00000000 00:00 0 
7f24d4000000-7f24d4021000 rw-p 00000000 00:00 0 
7f24d4021000-7f24d8000000 ---p 00000000 00:00 0 
7f24d8000000-7f24d8830000 rw-p 00000000 00:00 0 
7f24d8830000-7f24dc000000 ---p 00000000 00:00 0 
7f24dc000000-7f24dc2d6000 rw-p 00000000 00:00 0 
7f24dc2d6000-7f24e0000000 ---p 00000000 00:00 0 
7f24e0000000-7f24e0021000 rw-p 00000000 00:00 0 
7f24e0021000-7f24e4000000 ---p 00000000 00:00 0 
7f24e4000000-7f24e4021000 rw-p 00000000 00:00 0 
7f24e4021000-7f24e8000000 ---p 00000000 00:00 0 
7f24e8000000-7f24e8021000 rw-p 00000000 00:00 0 
7f24e8021000-7f24ec000000 ---p 00000000 00:00 0 
7f24ec000000-7f24ec021000 rw-p 00000000 00:00 0 
7f24ec021000-7f24f0000000 ---p 00000000 00:00 0 
7f24f0000000-7f24f0021000 rw-p 00000000 00:00 0 
7f24f0021000-7f24f4000000 ---p 00000000 00:00 0 
7f24f620e000-7f24f65f6000 rw-p 00000000 00:00 0 
7f24f65f6000-7f24f65f7000 ---p 00000000 00:00 0 
7f24f65f7000-7f24f66f7000 rw-p 00000000 00:00 0 
7f24f66f7000-7f24f66f8000 ---p 00000000 00:00 0 
7f24f66f8000-7f24f67f8000 rw-p 00000000 00:00 0 
7f24f67f8000-7f24f67f9000 ---p 00000000 00:00 0 
7f24f67f9000-7f24f68f9000 rw-p 00000000 00:00 0 
7f24f68f9000-7f24f68fa000 ---p 00000000 00:00 0 
7f24f68fa000-7f24f69fa000 rw-p 00000000 00:00 0 
7f24f69fa000-7f24f69fb000 ---p 00000000 00:00 0 
7f24f69fb000-7f24f6afb000 rw-p 00000000 00:00 0 
7f24f6afb000-7f24f6afc000 ---p 00000000 00:00 0 
7f24f6afc000-7f24f6bfc000 rw-p 00000000 00:00 0 
7f24f6bfc000-7f24f6bfd000 ---p 00000000 00:00 0 
7f24f6bfd000-7f24f6cfd000 rw-p 00000000 00:00 0 
7f24f6cfd000-7f24f6cfe000 ---p 00000000 00:00 0 
7f24f6cfe000-7f24f6dfe000 rw-p 00000000 00:00 0 
7f24f6dfe000-7f24f6dff000 ---p 00000000 00:00 0 
7f24f6dff000-7f24f6eff000 rw-p 00000000 00:00 0 
7f24f6eff000-7f24f6f00000 ---p 00000000 00:00 0 
7f24f6f00000-7f24f7000000 rw-p 00000000 00:00 0 
7f24f7000000-7f24f7190000 rw-p 00000000 00:00 0 
7f24f7190000-7f24f7400000 ---p 00000000 00:00 0 
7f24f7400000-7f24f76e0000 rw-p 00000000 00:00 0 
7f24f76e0000-7f24fb000000 ---p 00000000 00:00 0 
7f24fb000000-7f24fbbca000 rw-p 00001000 103:01 75498865                  /home/grishberg/.gradle/jdks/eclipse_adoptium-17-amd64-linux/jdk-17.0.19+10/lib/server/classes.jsa
7f24fbbca000-7f24fc000000 ---p 00000000 00:00 0 
7f24fc000000-7f24fc040000 rw-p 00000000 00:00 0 
7f24fc040000-7f24fc070000 rw-p 00000000 00:00 0 
7f24fc070000-7f24fc080000 ---p 00000000 00:00 0 
7f24fc080000-7f24fc090000 rw-p 00000000 00:00 0 
7f24fc090000-7f253c000000 ---p 00000000 00:00 0 
7f253c000000-7f253c021000 rw-p 00000000 00:00 0 
7f253c021000-7f2540000000 ---p 00000000 00:00 0 
7f2540000000-7f2540021000 rw-p 00000000 00:00 0 
7f2540021000-7f2544000000 ---p 00000000 00:00 0 
7f2544000000-7f2544021000 rw-p 00000000 00:00 0 
7f2544021000-7f2548000000 ---p 00000000 00:00 0 
7f25480fe000-7f25480ff000 ---p 00000000 00:00 0 
7f25480ff000-7f25481ff000 rw-p 00000000 00:00 0 
7f25481ff000-7f2548200000 ---p 00000000 00:00 0 
7f2548200000-7f2548300000 rw-p 00000000 00:00 0 
7f2548300000-7f2548304000 ---p 00000000 00:00 0 
7f2548304000-7f2548400000 rw-p 00000000 00:00 0 
7f2548400000-7f2548404000 ---p 00000000 00:00 0 
7f2548404000-7f2548500000 rw-p 00000000 00:00 0 
7f2548500000-7f2548504000 ---p 00000000 00:00 0 
7f2548504000-7f2548600000 rw-p 00000000 00:00 0 
7f2548600000-7f2548604000 ---p 00000000 00:00 0 
7f2548604000-7f2548700000 rw-p 00000000 00:00 0 
7f2548700000-7f2548704000 ---p 00000000 00:00 0 
7f2548704000-7f2548800000 rw-p 00000000 00:00 0 
7f2548800000-7f2548804000 ---p 00000000 00:00 0 
7f2548804000-7f2548900000 rw-p 00000000 00:00 0 
7f2548900000-7f2548904000 ---p 00000000 00:00 0 
7f2548904000-7f2548a00000 rw-p 00000000 00:00 0 
7f2548a00000-7f2548a04000 ---p 00000000 00:00 0 
7f2548a04000-7f2548b00000 rw-p 00000000 00:00 0 
7f2548b00000-7f2548b04000 ---p 00000000 00:00 0 
7f2548b04000-7f2548c00000 rw-p 00000000 00:00 0 
7f2548c00000-7f2548c9d000 r--p 00000000 103:01 90443236                  /usr/lib/x86_64-linux-gnu/libstdc++.so.6.0.33
7f2548c9d000-7f2548de5000 r-xp 0009d000 103:01 90443236                  /usr/lib/x86_64-linux-gnu/libstdc++.so.6.0.33
7f2548de5000-7f2548e6c000 r--p 001e5000 103:01 90443236                  /usr/lib/x86_64-linux-gnu/libstdc++.so.6.0.33
7f2548e6c000-7f2548e77000 r--p 0026b000 103:01 90443236                  /usr/lib/x86_64-linux-gnu/libstdc++.so.6.0.33
7f2548e77000-7f2548e7a000 rw-p 00276000 103:01 90443236                  /usr/lib/x86_64-linux-gnu/libstdc++.so.6.0.33
7f2548e7a000-7f2548e7e000 rw-p 00000000 00:00 0 
7f2548e9a000-7f2548ec1000 r--p 00000000 103:01 51524699                  /tmp/manifold3d3677132265321261790/libmanifold.so.3
7f2548ec1000-7f2548fdd000 r-xp 00027000 103:01 51524699                  /tmp/manifold3d3677132265321261790/libmanifold.so.3
7f2548fdd000-7f2548ffc000 r--p 00143000 103:01 51524699                  /tmp/manifold3d3677132265321261790/libmanifold.so.3
7f2548ffc000-7f2548ffd000 r--p 00162000 103:01 51524699                  /tmp/manifold3d3677132265321261790/libmanifold.so.3
7f2548ffd000-7f2548fff000 rw-p 00163000 103:01 51524699                  /tmp/manifold3d3677132265321261790/libmanifold.so.3
7f2548fff000-7f2549003000 ---p 00000000 00:00 0 
7f2549003000-7f25490ff000 rw-p 00000000 00:00 0 
7f25490ff000-7f2549103000 ---p 00000000 00:00 0 
7f2549103000-7f25491ff000 rw-p 00000000 00:00 0 
7f25491ff000-7f2549200000 ---p 00000000 00:00 0 
7f2549200000-7f2549300000 rw-p 00000000 00:00 0 
7f2549300000-7f2549304000 ---p 00000000 00:00 0 
7f2549304000-7f2549400000 rw-p 00000000 00:00 0 
7f2549400000-7f2549404000 ---p 00000000 00:00 0 
7f2549404000-7f2549500000 rw-p 00000000 00:00 0 
7f2549500000-7f2549504000 ---p 00000000 00:00 0 
7f2549504000-7f2549600000 rw-p 00000000 00:00 0 
7f2549600000-7f2549604000 ---p 00000000 00:00 0 
7f2549604000-7f2549700000 rw-p 00000000 00:00 0 
7f2549700000-7f2549704000 ---p 00000000 00:00 0 
7f2549704000-7f2549800000 rw-p 00000000 00:00 0 
7f2549800000-7f2549804000 ---p 00000000 00:00 0 
7f2549804000-7f2549900000 rw-p 00000000 00:00 0 
7f2549900000-7f2549904000 ---p 00000000 00:00 0 
7f2549904000-7f2549a00000 rw-p 00000000 00:00 0 
7f2549a00000-7f2549f75000 r--p 00000000 103:01 90475490                  /usr/lib/locale/locale-archive
7f254a000000-7f254c021000 rw-p 00000000 00:00 0 
7f254c021000-7f2550000000 ---p 00000000 00:00 0 
7f2550000000-7f2550021000 rw-p 00000000 00:00 0 
7f2550021000-7f2554000000 ---p 00000000 00:00 0 
7f2554000000-7f2554021000 rw-p 00000000 00:00 0 
7f2554021000-7f2558000000 ---p 00000000 00:00 0 
7f255804b000-7f255804f000 r--p 00000000 103:01 90443244                  /usr/lib/x86_64-linux-gnu/libgcc_s.so.1
7f255804f000-7f2558073000 r-xp 00004000 103:01 90443244                  /usr/lib/x86_64-linux-gnu/libgcc_s.so.1
7f2558073000-7f2558077000 r--p 00028000 103:01 90443244                  /usr/lib/x86_64-linux-gnu/libgcc_s.so.1
7f2558077000-7f2558078000 r--p 0002b000 103:01 90443244                  /usr/lib/x86_64-linux-gnu/libgcc_s.so.1
7f2558078000-7f2558079000 rw-p 0002c000 103:01 90443244                  /usr/lib/x86_64-linux-gnu/libgcc_s.so.1
7f2558079000-7f255807d000 ---p 00000000 00:00 0 
7f255807d000-7f2558179000 rw-p 00000000 00:00 0 
7f2558179000-7f255817d000 ---p 00000000 00:00 0 
7f255817d000-7f2558279000 rw-p 00000000 00:00 0 
7f2558279000-7f255827a000 ---p 00000000 00:00 0 
7f255827a000-7f255837a000 rw-p 00000000 00:00 0 
7f255837a000-7f255837f000 r--p 00000000 103:01 75498881                  /home/grishberg/.gradle/jdks/eclipse_adoptium-17-amd64-linux/jdk-17.0.19+10/lib/libjsvml.so
7f255837f000-7f25583c0000 r-xp 00005000 103:01 75498881                  /home/grishberg/.gradle/jdks/eclipse_adoptium-17-amd64-linux/jdk-17.0.19+10/lib/libjsvml.so
7f25583c0000-7f2558449000 r--p 00046000 103:01 75498881                  /home/grishberg/.gradle/jdks/eclipse_adoptium-17-amd64-linux/jdk-17.0.19+10/lib/libjsvml.so
7f2558449000-7f255844a000 r--p 000ce000 103:01 75498881                  /home/grishberg/.gradle/jdks/eclipse_adoptium-17-amd64-linux/jdk-17.0.19+10/lib/libjsvml.so
7f255844a000-7f255844b000 rw-p 000cf000 103:01 75498881                  /home/grishberg/.gradle/jdks/eclipse_adoptium-17-amd64-linux/jdk-17.0.19+10/lib/libjsvml.so
7f255844b000-7f2558527000 rw-p 00000000 00:00 0 
7f2558527000-7f2558528000 ---p 00000000 00:00 0 
7f2558528000-7f2558628000 rw-p 00000000 00:00 0 
7f2558628000-7f2558629000 ---p 00000000 00:00 0 
7f2558629000-7f2558729000 rw-p 00000000 00:00 0 
7f2558729000-7f2559436000 rw-p 00000000 00:00 0 
7f2559436000-7f2559437000 ---p 00000000 00:00 0 
7f2559437000-7f2559537000 rw-p 00000000 00:00 0 
7f2559537000-7f2559538000 ---p 00000000 00:00 0 
7f2559538000-7f2559638000 rw-p 00000000 00:00 0 
7f2559638000-7f2559639000 ---p 00000000 00:00 0 
7f2559639000-7f2559739000 rw-p 00000000 00:00 0 
7f2559739000-7f255b5b9000 rw-p 00000000 00:00 0 
7f255b5b9000-7f2577639000 ---p 00000000 00:00 0 
7f2577639000-7f2579539000 rw-p 00000000 00:00 0 
7f2579539000-7f25955b9000 ---p 00000000 00:00 0 
7f25955b9000-7f2595a09000 rw-p 00000000 00:00 0 
7f2595a09000-7f2599219000 ---p 00000000 00:00 0 
7f2599219000-7f25995f9000 rw-p 00000000 00:00 0 
7f25995f9000-7f259ce09000 ---p 00000000 00:00 0 
7f259ce09000-7f259d1e9000 rw-p 00000000 00:00 0 
7f259d1e9000-7f25a09f9000 ---p 00000000 00:00 0 
7f25a09f9000-7f25a1200000 rw-p 00000000 00:00 0 
7f25a1200000-7f25a1470000 rwxp 00000000 00:00 0 
7f25a1470000-7f25a865f000 ---p 00000000 00:00 0 
7f25a865f000-7f25a88cf000 rwxp 00000000 00:00 0 
7f25a88cf000-7f25a8da0000 ---p 00000000 00:00 0 
7f25a8da0000-7f25a9010000 rwxp 00000000 00:00 0 
7f25a9010000-7f25b0200000 ---p 00000000 00:00 0 
7f25b0200000-7f25b7e3b000 r--s 00000000 103:01 75498899                  /home/grishberg/.gradle/jdks/eclipse_adoptium-17-amd64-linux/jdk-17.0.19+10/lib/modules
7f25b7e47000-7f25b846a000 rw-p 00000000 00:00 0 
7f25b846a000-7f25bc000000 ---p 00000000 00:00 0 
7f25bc001000-7f25bc00d000 r--p 00000000 103:01 51524700                  /tmp/manifold3d3677132265321261790/libmanifoldc.so.3
7f25bc00d000-7f25bc020000 r-xp 0000c000 103:01 51524700                  /tmp/manifold3d3677132265321261790/libmanifoldc.so.3
7f25bc020000-7f25bc027000 r--p 0001f000 103:01 51524700                  /tmp/manifold3d3677132265321261790/libmanifoldc.so.3
7f25bc027000-7f25bc028000 r--p 00025000 103:01 51524700                  /tmp/manifold3d3677132265321261790/libmanifoldc.so.3
7f25bc028000-7f25bc029000 rw-p 00026000 103:01 51524700                  /tmp/manifold3d3677132265321261790/libmanifoldc.so.3
7f25bc029000-7f25bc533000 rw-p 00000000 00:00 0 
7f25bc533000-7f25bc617000 ---p 00000000 00:00 0 
7f25bc617000-7f25bc61c000 rw-p 00000000 00:00 0 
7f25bc61c000-7f25bc700000 ---p 00000000 00:00 0 
7f25bc700000-7f25bc704000 ---p 00000000 00:00 0 
7f25bc704000-7f25bc800000 rw-p 00000000 00:00 0 
7f25bc800000-7f25bca53000 r--p 00000000 103:01 75498866                  /home/grishberg/.gradle/jdks/eclipse_adoptium-17-amd64-linux/jdk-17.0.19+10/lib/server/libjvm.so
7f25bca53000-7f25bd77b000 r-xp 00253000 103:01 75498866                  /home/grishberg/.gradle/jdks/eclipse_adoptium-17-amd64-linux/jdk-17.0.19+10/lib/server/libjvm.so
7f25bd77b000-7f25bda08000 r--p 00f7b000 103:01 75498866                  /home/grishberg/.gradle/jdks/eclipse_adoptium-17-amd64-linux/jdk-17.0.19+10/lib/server/libjvm.so
7f25bda08000-7f25bda09000 ---p 01208000 103:01 75498866                  /home/grishberg/.gradle/jdks/eclipse_adoptium-17-amd64-linux/jdk-17.0.19+10/lib/server/libjvm.so
7f25bda09000-7f25bdac2000 r--p 01208000 103:01 75498866                  /home/grishberg/.gradle/jdks/eclipse_adoptium-17-amd64-linux/jdk-17.0.19+10/lib/server/libjvm.so
7f25bdac2000-7f25bdaf7000 rw-p 012c1000 103:01 75498866                  /home/grishberg/.gradle/jdks/eclipse_adoptium-17-amd64-linux/jdk-17.0.19+10/lib/server/libjvm.so
7f25bdaf7000-7f25bdb52000 rw-p 00000000 00:00 0 
7f25bdb57000-7f25bdbc9000 rw-p 00000000 00:00 0 
7f25bdbc9000-7f25bdbcb000 r--p 00000000 103:01 75498880                  /home/grishberg/.gradle/jdks/eclipse_adoptium-17-amd64-linux/jdk-17.0.19+10/lib/libzip.so
7f25bdbcb000-7f25bdbde000 r-xp 00002000 103:01 75498880                  /home/grishberg/.gradle/jdks/eclipse_adoptium-17-amd64-linux/jdk-17.0.19+10/lib/libzip.so
7f25bdbde000-7f25bdbe5000 r--p 00015000 103:01 75498880                  /home/grishberg/.gradle/jdks/eclipse_adoptium-17-amd64-linux/jdk-17.0.19+10/lib/libzip.so
7f25bdbe5000-7f25bdbe6000 ---p 0001c000 103:01 75498880                  /home/grishberg/.gradle/jdks/eclipse_adoptium-17-amd64-linux/jdk-17.0.19+10/lib/libzip.so
7f25bdbe6000-7f25bdbe7000 r--p 0001c000 103:01 75498880                  /home/grishberg/.gradle/jdks/eclipse_adoptium-17-amd64-linux/jdk-17.0.19+10/lib/libzip.so
7f25bdbe7000-7f25bdbe8000 rw-p 0001d000 103:01 75498880                  /home/grishberg/.gradle/jdks/eclipse_adoptium-17-amd64-linux/jdk-17.0.19+10/lib/libzip.so
7f25bdbe8000-7f25bdbec000 r--p 00000000 103:01 75498890                  /home/grishberg/.gradle/jdks/eclipse_adoptium-17-amd64-linux/jdk-17.0.19+10/lib/libnet.so
7f25bdbec000-7f25bdbfa000 r-xp 00004000 103:01 75498890                  /home/grishberg/.gradle/jdks/eclipse_adoptium-17-amd64-linux/jdk-17.0.19+10/lib/libnet.so
7f25bdbfa000-7f25bdbfe000 r--p 00012000 103:01 75498890                  /home/grishberg/.gradle/jdks/eclipse_adoptium-17-amd64-linux/jdk-17.0.19+10/lib/libnet.so
7f25bdbfe000-7f25bdbff000 r--p 00015000 103:01 75498890                  /home/grishberg/.gradle/jdks/eclipse_adoptium-17-amd64-linux/jdk-17.0.19+10/lib/libnet.so
7f25bdbff000-7f25bdc00000 rw-p 00016000 103:01 75498890                  /home/grishberg/.gradle/jdks/eclipse_adoptium-17-amd64-linux/jdk-17.0.19+10/lib/libnet.so
7f25bdc00000-7f25bdc28000 r--p 00000000 103:01 90442148                  /usr/lib/x86_64-linux-gnu/libc.so.6
7f25bdc28000-7f25bddb0000 r-xp 00028000 103:01 90442148                  /usr/lib/x86_64-linux-gnu/libc.so.6
7f25bddb0000-7f25bddff000 r--p 001b0000 103:01 90442148                  /usr/lib/x86_64-linux-gnu/libc.so.6
7f25bddff000-7f25bde03000 r--p 001fe000 103:01 90442148                  /usr/lib/x86_64-linux-gnu/libc.so.6
7f25bde03000-7f25bde05000 rw-p 00202000 103:01 90442148                  /usr/lib/x86_64-linux-gnu/libc.so.6
7f25bde05000-7f25bde12000 rw-p 00000000 00:00 0 
7f25bde1e000-7f25bde23000 r--p 00000000 103:01 51524701                  /tmp/manifold3d3677132265321261790/libmanifold_jni.so
7f25bde23000-7f25bde26000 r-xp 00005000 103:01 51524701                  /tmp/manifold3d3677132265321261790/libmanifold_jni.so
7f25bde26000-7f25bde27000 r--p 00008000 103:01 51524701                  /tmp/manifold3d3677132265321261790/libmanifold_jni.so
7f25bde27000-7f25bde28000 r--p 00009000 103:01 51524701                  /tmp/manifold3d3677132265321261790/libmanifold_jni.so
7f25bde28000-7f25bde29000 rw-p 0000a000 103:01 51524701                  /tmp/manifold3d3677132265321261790/libmanifold_jni.so
7f25bde29000-7f25bde30000 r--p 00000000 103:01 75498910                  /home/grishberg/.gradle/jdks/eclipse_adoptium-17-amd64-linux/jdk-17.0.19+10/lib/libnio.so
7f25bde30000-7f25bde39000 r-xp 00007000 103:01 75498910                  /home/grishberg/.gradle/jdks/eclipse_adoptium-17-amd64-linux/jdk-17.0.19+10/lib/libnio.so
7f25bde39000-7f25bde3d000 r--p 00010000 103:01 75498910                  /home/grishberg/.gradle/jdks/eclipse_adoptium-17-amd64-linux/jdk-17.0.19+10/lib/libnio.so
7f25bde3d000-7f25bde3e000 ---p 00014000 103:01 75498910                  /home/grishberg/.gradle/jdks/eclipse_adoptium-17-amd64-linux/jdk-17.0.19+10/lib/libnio.so
7f25bde3e000-7f25bde3f000 r--p 00014000 103:01 75498910                  /home/grishberg/.gradle/jdks/eclipse_adoptium-17-amd64-linux/jdk-17.0.19+10/lib/libnio.so
7f25bde3f000-7f25bde40000 rw-p 00015000 103:01 75498910                  /home/grishberg/.gradle/jdks/eclipse_adoptium-17-amd64-linux/jdk-17.0.19+10/lib/libnio.so
7f25bde40000-7f25bdebd000 rw-p 00000000 00:00 0 
7f25bdebd000-7f25bdec7000 ---p 00000000 00:00 0 
7f25bdec7000-7f25bded5000 r--p 00000000 103:01 75498920                  /home/grishberg/.gradle/jdks/eclipse_adoptium-17-amd64-linux/jdk-17.0.19+10/lib/libjava.so
7f25bded5000-7f25bdee7000 r-xp 0000e000 103:01 75498920                  /home/grishberg/.gradle/jdks/eclipse_adoptium-17-amd64-linux/jdk-17.0.19+10/lib/libjava.so
7f25bdee7000-7f25bdeed000 r--p 00020000 103:01 75498920                  /home/grishberg/.gradle/jdks/eclipse_adoptium-17-amd64-linux/jdk-17.0.19+10/lib/libjava.so
7f25bdeed000-7f25bdeee000 ---p 00026000 103:01 75498920                  /home/grishberg/.gradle/jdks/eclipse_adoptium-17-amd64-linux/jdk-17.0.19+10/lib/libjava.so
7f25bdeee000-7f25bdeef000 r--p 00026000 103:01 75498920                  /home/grishberg/.gradle/jdks/eclipse_adoptium-17-amd64-linux/jdk-17.0.19+10/lib/libjava.so
7f25bdeef000-7f25bdef0000 rw-p 00027000 103:01 75498920                  /home/grishberg/.gradle/jdks/eclipse_adoptium-17-amd64-linux/jdk-17.0.19+10/lib/libjava.so
7f25bdef0000-7f25bdef1000 rw-p 00000000 00:00 0 
7f25bdef1000-7f25bdef5000 r--p 00000000 103:01 75498904                  /home/grishberg/.gradle/jdks/eclipse_adoptium-17-amd64-linux/jdk-17.0.19+10/lib/libjimage.so
7f25bdef5000-7f25bdf08000 r-xp 00004000 103:01 75498904                  /home/grishberg/.gradle/jdks/eclipse_adoptium-17-amd64-linux/jdk-17.0.19+10/lib/libjimage.so
7f25bdf08000-7f25bdf0e000 r--p 00017000 103:01 75498904                  /home/grishberg/.gradle/jdks/eclipse_adoptium-17-amd64-linux/jdk-17.0.19+10/lib/libjimage.so
7f25bdf0e000-7f25bdf10000 r--p 0001c000 103:01 75498904                  /home/grishberg/.gradle/jdks/eclipse_adoptium-17-amd64-linux/jdk-17.0.19+10/lib/libjimage.so
7f25bdf10000-7f25bdf11000 rw-p 0001e000 103:01 75498904                  /home/grishberg/.gradle/jdks/eclipse_adoptium-17-amd64-linux/jdk-17.0.19+10/lib/libjimage.so
7f25bdf11000-7f25bdf21000 r--p 00000000 103:01 90442151                  /usr/lib/x86_64-linux-gnu/libm.so.6
7f25bdf21000-7f25bdfa0000 r-xp 00010000 103:01 90442151                  /usr/lib/x86_64-linux-gnu/libm.so.6
7f25bdfa0000-7f25bdff8000 r--p 0008f000 103:01 90442151                  /usr/lib/x86_64-linux-gnu/libm.so.6
7f25bdff8000-7f25bdff9000 r--p 000e7000 103:01 90442151                  /usr/lib/x86_64-linux-gnu/libm.so.6
7f25bdff9000-7f25bdffa000 rw-p 000e8000 103:01 90442151                  /usr/lib/x86_64-linux-gnu/libm.so.6
7f25bdffa000-7f25bdffb000 r--p 00000000 103:01 90442162                  /usr/lib/x86_64-linux-gnu/librt.so.1
7f25bdffb000-7f25bdffc000 r-xp 00001000 103:01 90442162                  /usr/lib/x86_64-linux-gnu/librt.so.1
7f25bdffc000-7f25bdffd000 r--p 00002000 103:01 90442162                  /usr/lib/x86_64-linux-gnu/librt.so.1
7f25bdffd000-7f25bdffe000 r--p 00002000 103:01 90442162                  /usr/lib/x86_64-linux-gnu/librt.so.1
7f25bdffe000-7f25bdfff000 rw-p 00003000 103:01 90442162                  /usr/lib/x86_64-linux-gnu/librt.so.1
7f25bdfff000-7f25be001000 rw-p 00000000 00:00 0 
7f25be001000-7f25be002000 r--p 00000000 103:01 90442150                  /usr/lib/x86_64-linux-gnu/libdl.so.2
7f25be002000-7f25be003000 r-xp 00001000 103:01 90442150                  /usr/lib/x86_64-linux-gnu/libdl.so.2
7f25be003000-7f25be004000 r--p 00002000 103:01 90442150                  /usr/lib/x86_64-linux-gnu/libdl.so.2
7f25be004000-7f25be005000 r--p 00002000 103:01 90442150                  /usr/lib/x86_64-linux-gnu/libdl.so.2
7f25be005000-7f25be006000 rw-p 00003000 103:01 90442150                  /usr/lib/x86_64-linux-gnu/libdl.so.2
7f25be006000-7f25be007000 r--p 00000000 103:01 90442160                  /usr/lib/x86_64-linux-gnu/libpthread.so.0
7f25be007000-7f25be008000 r-xp 00001000 103:01 90442160                  /usr/lib/x86_64-linux-gnu/libpthread.so.0
7f25be008000-7f25be009000 r--p 00002000 103:01 90442160                  /usr/lib/x86_64-linux-gnu/libpthread.so.0
7f25be009000-7f25be00a000 r--p 00002000 103:01 90442160                  /usr/lib/x86_64-linux-gnu/libpthread.so.0
7f25be00a000-7f25be00b000 rw-p 00003000 103:01 90442160                  /usr/lib/x86_64-linux-gnu/libpthread.so.0
7f25be00c000-7f25be013000 r--s 00000000 103:01 90442137                  /usr/lib/x86_64-linux-gnu/gconv/gconv-modules.cache
7f25be013000-7f25be01b000 rw-s 00000000 103:01 51524607                  /tmp/hsperfdata_grishberg/88901
7f25be01b000-7f25be01c000 ---p 00000000 00:00 0 
7f25be01c000-7f25be01d000 r--p 00000000 00:00 0 
7f25be01d000-7f25be01e000 ---p 00000000 00:00 0 
7f25be01e000-7f25be021000 r--p 00000000 103:01 75498874                  /home/grishberg/.gradle/jdks/eclipse_adoptium-17-amd64-linux/jdk-17.0.19+10/lib/libjli.so
7f25be021000-7f25be031000 r-xp 00003000 103:01 75498874                  /home/grishberg/.gradle/jdks/eclipse_adoptium-17-amd64-linux/jdk-17.0.19+10/lib/libjli.so
7f25be031000-7f25be038000 r--p 00013000 103:01 75498874                  /home/grishberg/.gradle/jdks/eclipse_adoptium-17-amd64-linux/jdk-17.0.19+10/lib/libjli.so
7f25be038000-7f25be039000 r--p 00019000 103:01 75498874                  /home/grishberg/.gradle/jdks/eclipse_adoptium-17-amd64-linux/jdk-17.0.19+10/lib/libjli.so
7f25be039000-7f25be03a000 rw-p 0001a000 103:01 75498874                  /home/grishberg/.gradle/jdks/eclipse_adoptium-17-amd64-linux/jdk-17.0.19+10/lib/libjli.so
7f25be03a000-7f25be03c000 rw-p 00000000 00:00 0 
7f25be03c000-7f25be040000 r--p 00000000 00:00 0                          [vvar]
7f25be040000-7f25be042000 r--p 00000000 00:00 0                          [vvar_vclock]
7f25be042000-7f25be044000 r-xp 00000000 00:00 0                          [vdso]
7f25be044000-7f25be045000 r--p 00000000 103:01 90442145                  /usr/lib/x86_64-linux-gnu/ld-linux-x86-64.so.2
7f25be045000-7f25be070000 r-xp 00001000 103:01 90442145                  /usr/lib/x86_64-linux-gnu/ld-linux-x86-64.so.2
7f25be070000-7f25be07a000 r--p 0002c000 103:01 90442145                  /usr/lib/x86_64-linux-gnu/ld-linux-x86-64.so.2
7f25be07a000-7f25be07c000 r--p 00036000 103:01 90442145                  /usr/lib/x86_64-linux-gnu/ld-linux-x86-64.so.2
7f25be07c000-7f25be07e000 rw-p 00038000 103:01 90442145                  /usr/lib/x86_64-linux-gnu/ld-linux-x86-64.so.2
7ffdf7a5c000-7ffdf7a7e000 rw-p 00000000 00:00 0                          [stack]
ffffffffff600000-ffffffffff601000 --xp 00000000 00:00 0                  [vsyscall]


VM Arguments:
jvm_args: -Djava.library.path=/home/grishberg/projects/java/opengl_kbd_render/cad3d/build/manifold-natives/manifold3d/natives/linux-x86_64 -Dfile.encoding=UTF-8 -Duser.country=US -Duser.language=en -Duser.variant 
java_command: com.github.grishberg.cad3d.cli.CliRunnerKt --model matrix_right
java_class_path (initial): /home/grishberg/projects/java/opengl_kbd_render/cad3d/build/classes/java/main:/home/grishberg/projects/java/opengl_kbd_render/cad3d/build/classes/kotlin/main:/home/grishberg/projects/java/opengl_kbd_render/cad3d/build/resources/main:/home/grishberg/projects/java/opengl_kbd_render/common/build/libs/common-1.0.1.jar:/home/grishberg/projects/java/opengl_kbd_render/kbd_core/build/libs/kbd_core-1.0.1.jar:/home/grishberg/projects/java/opengl_kbd_render/plugin/build/libs/plugin-1.0.jar:/home/grishberg/projects/java/opengl_kbd_render/javascad/build/libs/javascad-1.0.jar:/home/grishberg/projects/java/opengl_kbd_render/libs/manifold3d-3.2.13.jar:/home/grishberg/.gradle/caches/modules-2/files-2.1/org.jetbrains.kotlin/kotlin-stdlib-jdk8/1.9.22/dea0c11e2fa503ab891c8a090e3b54754472975d/kotlin-stdlib-jdk8-1.9.22.jar:/home/grishberg/.gradle/caches/modules-2/files-2.1/org.jetbrains.kotlinx/kotlinx-coroutines-core-jvm/1.8.0/ac1dc37a30a93150b704022f8d895ee1bd3a36b3/kotlinx-coroutines-core-jvm-1.8.0.jar:/home/grishberg/.gradle/caches/modules-2/files-2.1/org.jetbrains.kotlin/kotlin-stdlib-jdk7/1.9.22/c4b17283ad7939e778989663f8301d871987fa5e/kotlin-stdlib-jdk7-1.9.22.jar:/home/grishberg/.gradle/caches/modules-2/files-2.1/org.jetbrains.kotlinx/kotlinx-serialization-core-jvm/1.6.2/384c2492c987f1d92bfa186580de058c284b2ad9/kotlinx-serialization-core-jvm-1.6.2.jar:/home/grishberg/.gradle/caches/modules-2/files-2.1/org.jetbrains.kotlinx/kotlinx-serialization-json-jvm/1.6.2/8f4df208edf91a3012e7a27ccd02f386d4bfc8c6/kotlinx-serialization-json-jvm-1.6.2.jar:/home/grishberg/.gradle/caches/modules-2/files-2.1/org.jetbrains.kotlin/kotlin-stdlib/1.9.22/d6c44cd08d8f3f9bece8101216dbe6553365c6e3/kotlin-stdlib-1.9.22.jar:/home/grishberg/.gradle/caches/modules-2/files-2.1/org.jetbrains/annotations/23.0.0/8cc20c07506ec18e0834947b84a864bfc094484e/annotations-23.0.0.jar
Launcher Type: SUN_STANDARD

[Global flags]
     intx CICompilerCount                          = 12                                        {product} {ergonomic}
     uint ConcGCThreads                            = 3                                         {product} {ergonomic}
     uint G1ConcRefinementThreads                  = 13                                        {product} {ergonomic}
   size_t G1HeapRegionSize                         = 16777216                                  {product} {ergonomic}
    uintx GCDrainStackTargetSize                   = 64                                        {product} {ergonomic}
   size_t InitialHeapSize                          = 2046820352                                {product} {ergonomic}
   size_t MarkStackSize                            = 4194304                                   {product} {ergonomic}
   size_t MaxHeapSize                              = 32178700288                               {product} {ergonomic}
   size_t MaxNewSize                               = 19293798400                               {product} {ergonomic}
   size_t MinHeapDeltaBytes                        = 16777216                                  {product} {ergonomic}
   size_t MinHeapSize                              = 16777216                                  {product} {ergonomic}
    uintx NonNMethodCodeHeapSize                   = 7602480                                {pd product} {ergonomic}
    uintx NonProfiledCodeHeapSize                  = 122027880                              {pd product} {ergonomic}
    uintx ProfiledCodeHeapSize                     = 122027880                              {pd product} {ergonomic}
    uintx ReservedCodeCacheSize                    = 251658240                              {pd product} {ergonomic}
     bool SegmentedCodeCache                       = true                                      {product} {ergonomic}
   size_t SoftMaxHeapSize                          = 32178700288                            {manageable} {ergonomic}
     bool UseCompressedClassPointers               = true                           {product lp64_product} {ergonomic}
     bool UseCompressedOops                        = true                           {product lp64_product} {ergonomic}
     bool UseG1GC                                  = true                                      {product} {ergonomic}

Logging:
Log output configuration:
 #0: stdout all=warning uptime,level,tags
 #1: stderr all=off uptime,level,tags

Environment Variables:
PATH=/home/grishberg/projects/ts/opencode/bot/venv/bin:/home/grishberg/android-sdk/platform-tools:/home/grishberg/.local/bin:/usr/local/sbin:/usr/local/bin:/usr/sbin:/usr/bin:/sbin:/bin:/usr/games:/usr/local/games:/snap/bin:/snap/bin
USERNAME=grishberg
SHELL=/bin/bash
DISPLAY=:0
LANG=en_US.UTF-8

Active Locale:
LC_ALL=en_US.UTF-8
LC_COLLATE=en_US.UTF-8
LC_CTYPE=en_US.UTF-8
LC_MESSAGES=en_US.UTF-8
LC_MONETARY=en_US.UTF-8
LC_NUMERIC=en_US.UTF-8
LC_TIME=en_US.UTF-8

Signal Handlers:
   SIGSEGV: crash_handler in libjvm.so, mask=11100100010111111101111111111110, flags=SA_RESTART|SA_SIGINFO, unblocked
    SIGBUS: crash_handler in libjvm.so, mask=11100100010111111101111111111110, flags=SA_RESTART|SA_SIGINFO, unblocked
    SIGFPE: crash_handler in libjvm.so, mask=11100100010111111101111111111110, flags=SA_RESTART|SA_SIGINFO, unblocked
   SIGPIPE: javaSignalHandler in libjvm.so, mask=11100100010111111101111111111110, flags=SA_RESTART|SA_SIGINFO, blocked
   SIGXFSZ: javaSignalHandler in libjvm.so, mask=11100100010111111101111111111110, flags=SA_RESTART|SA_SIGINFO, blocked
    SIGILL: crash_handler in libjvm.so, mask=11100100010111111101111111111110, flags=SA_RESTART|SA_SIGINFO, unblocked
   SIGUSR2: SR_handler in libjvm.so, mask=00000000000000000000000000000000, flags=SA_RESTART|SA_SIGINFO, blocked
    SIGHUP: UserHandler in libjvm.so, mask=11100100010111111101111111111110, flags=SA_RESTART|SA_SIGINFO, blocked
    SIGINT: UserHandler in libjvm.so, mask=11100100010111111101111111111110, flags=SA_RESTART|SA_SIGINFO, blocked
   SIGTERM: UserHandler in libjvm.so, mask=11100100010111111101111111111110, flags=SA_RESTART|SA_SIGINFO, blocked
   SIGQUIT: UserHandler in libjvm.so, mask=11100100010111111101111111111110, flags=SA_RESTART|SA_SIGINFO, blocked
   SIGTRAP: crash_handler in libjvm.so, mask=11100100010111111101111111111110, flags=SA_RESTART|SA_SIGINFO, unblocked


Periodic native trim disabled


---------------  S Y S T E M  ---------------

OS:
DISTRIB_ID=Ubuntu
DISTRIB_RELEASE=24.04
DISTRIB_CODENAME=noble
DISTRIB_DESCRIPTION="Ubuntu 24.04.4 LTS"
uname: Linux 6.17.0-35-generic #35~24.04.1-Ubuntu SMP PREEMPT_DYNAMIC Tue May 26 19:30:42 UTC 2 x86_64
OS uptime: 0 days 7:00 hours
libc: glibc 2.39 NPTL 2.39 
rlimit (soft/hard): STACK 8192k/infinity , CORE 0k/infinity , NPROC 496841/496841 , NOFILE 1048576/1048576 , AS infinity/infinity , CPU infinity/infinity , DATA infinity/infinity , FSIZE infinity/infinity , MEMLOCK 15919580k/15919580k
load average: 3.11 2.30 1.75

/proc/meminfo:
MemTotal:       127356652 kB
MemFree:        42849988 kB
MemAvailable:   86152784 kB
Buffers:         2908736 kB
Cached:         43409332 kB
SwapCached:            0 kB
Active:         39987912 kB
Inactive:       41119808 kB
Active(anon):   37826568 kB
Inactive(anon):        0 kB
Active(file):    2161344 kB
Inactive(file): 41119808 kB
Unevictable:           0 kB
Mlocked:               0 kB
SwapTotal:       8388604 kB
SwapFree:        8388604 kB
Zswap:                 0 kB
Zswapped:              0 kB
Dirty:             54012 kB
Writeback:             0 kB
AnonPages:      34790596 kB
Mapped:          4231280 kB
Shmem:           3036928 kB
KReclaimable:    1236816 kB
Slab:            1598864 kB
SReclaimable:    1236816 kB
SUnreclaim:       362048 kB
KernelStack:       23232 kB
PageTables:       106928 kB
SecPageTables:      2180 kB
NFS_Unstable:          0 kB
Bounce:                0 kB
WritebackTmp:          0 kB
CommitLimit:    72066928 kB
Committed_AS:   53944916 kB
VmallocTotal:   34359738367 kB
VmallocUsed:      165580 kB
VmallocChunk:          0 kB
Percpu:            15232 kB
HardwareCorrupted:     0 kB
AnonHugePages:         0 kB
ShmemHugePages:        0 kB
ShmemPmdMapped:        0 kB
FileHugePages:    321536 kB
FilePmdMapped:      2048 kB
CmaTotal:              0 kB
CmaFree:               0 kB
Unaccepted:            0 kB
Balloon:               0 kB
HugePages_Total:       0
HugePages_Free:        0
HugePages_Rsvd:        0
HugePages_Surp:        0
Hugepagesize:       2048 kB
Hugetlb:               0 kB
DirectMap4k:      508068 kB
DirectMap2M:    13033472 kB
DirectMap1G:    121634816 kB

/sys/kernel/mm/transparent_hugepage/enabled: always [madvise] never
/sys/kernel/mm/transparent_hugepage/hpage_pmd_size: 2097152
/sys/kernel/mm/transparent_hugepage/defrag (defrag/compaction efforts parameter): always defer defer+madvise [madvise] never

Process Memory:
Virtual Size: 36860740K (peak: 36860740K)
Resident Set Size: 189544K (peak: 190092K) (anon: 165736K, file: 23808K, shmem: 0K)
Swapped out: 0K
C-Heap outstanding allocations: 60697K, retained: 17014K
glibc malloc tunables: (default)

/proc/sys/kernel/threads-max (system-wide limit on the number of threads): 993683
/proc/sys/vm/max_map_count (maximum number of memory map areas a process may have): 1048576
/proc/sys/vm/swappiness (control to define how aggressively the kernel swaps out anonymous memory): 60
/proc/sys/kernel/pid_max (system-wide limit on number of process identifiers): 4194304

container (cgroup) information:
container_type: cgroupv2
cpu_cpuset_cpus: not supported
cpu_memory_nodes: not supported
active_processor_count: 16
cpu_quota: not supported
cpu_period: not supported
cpu_shares: not supported
memory_limit_in_bytes: unlimited
memory_and_swap_limit_in_bytes: unlimited
memory_soft_limit_in_bytes: 0
memory_usage_in_bytes: 77076664 k
memory_max_usage_in_bytes: not supported
rss_usage_in_bytes: 33501288 k
cache_usage_in_bytes: 42499176 k
memory_swap_current_in_bytes: 0
memory_swap_max_limit_in_bytes: unlimited
maximum number of tasks: 149052
current number of tasks: 591

Steal ticks since vm start: 0
Steal ticks percentage since vm start:  0.000

CPU: total 16 (initial active 16) (16 cores per cpu, 2 threads per core) family 25 model 33 stepping 2 microcode 0xa201213, cx8, cmov, fxsr, ht, mmx, 3dnowpref, sse, sse2, sse3, ssse3, sse4a, sse4.1, sse4.2, popcnt, lzcnt, tsc, tscinvbit, avx, avx2, aes, erms, clmul, bmi1, bmi2, adx, sha, fma, vzeroupper, clflush, clflushopt
CPU Model and flags from /proc/cpuinfo:
model name	: AMD Ryzen 7 5800X3D 8-Core Processor
flags		: fpu vme de pse tsc msr pae mce cx8 apic sep mtrr pge mca cmov pat pse36 clflush mmx fxsr sse sse2 ht syscall nx mmxext fxsr_opt pdpe1gb rdtscp lm constant_tsc rep_good nopl xtopology nonstop_tsc cpuid extd_apicid aperfmperf rapl pni pclmulqdq monitor ssse3 fma cx16 sse4_1 sse4_2 x2apic movbe popcnt aes xsave avx f16c rdrand lahf_lm cmp_legacy svm extapic cr8_legacy abm sse4a misalignsse 3dnowprefetch osvw ibs skinit wdt tce topoext perfctr_core perfctr_nb bpext perfctr_llc mwaitx cpb cat_l3 cdp_l3 hw_pstate ssbd mba ibrs ibpb stibp vmmcall fsgsbase bmi1 avx2 smep bmi2 erms invpcid cqm rdt_a rdseed adx smap clflushopt clwb sha_ni xsaveopt xsavec xgetbv1 xsaves cqm_llc cqm_occup_llc cqm_mbm_total cqm_mbm_local user_shstk clzero irperf xsaveerptr rdpru wbnoinvd arat npt lbrv svm_lock nrip_save tsc_scale vmcb_clean flushbyasid decodeassists pausefilter pfthreshold avic v_vmsave_vmload vgif v_spec_ctrl umip pku ospke vaes vpclmulqdq rdpid overflow_recov succor smca fsrm debug_swap

Online cpus: 0-15
Offline cpus: 
BIOS frequency limitation: <Not Available>
Frequency switch latency (ns): 0
Available cpu frequencies: <Not Available>
Current governor: powersave
Core performance/turbo boost: 1

Memory: 4k page, physical 127356652k(42849988k free), swap 8388604k(8388604k free)
Page Sizes: 4k

vm_info: OpenJDK 64-Bit Server VM (17.0.19+10) for linux-amd64 JRE (17.0.19+10), built on Apr 21 2026 00:00:00 by "admin" with gcc 10.3.0

END.
