#
# A fatal error has been detected by the Java Runtime Environment:
#
#  SIGSEGV (0xb) at pc=0x000079720549fff4, pid=61437, tid=61460
#
# JRE version: OpenJDK Runtime Environment Temurin-17.0.19+10 (17.0.19+10) (build 17.0.19+10)
# Java VM: OpenJDK 64-Bit Server VM Temurin-17.0.19+10 (17.0.19+10, mixed mode, sharing, tiered, compressed oops, compressed class ptrs, g1 gc, linux-amd64)
# Problematic frame:
# C  [libc.so.6+0x9fff4]  pthread_mutex_lock+0x4
#
# Core dump will be written. Default location: Core dumps may be processed with "/usr/share/apport/apport -p%p -s%s -c%c -d%d -P%P -u%u -g%g -F%F -- %E" (or dumping to /home/grishberg/projects/java/opengl_kbd_render/cad3d/core.61437)
#
# If you would like to submit a bug report, please visit:
#   https://github.com/adoptium/adoptium-support/issues
# The crash happened outside the Java Virtual Machine in native code.
# See problematic frame for where to report the bug.
#

---------------  S U M M A R Y ------------

Command Line: -Dfile.encoding=UTF-8 -Duser.country=US -Duser.language=en -Duser.variant com.github.grishberg.cad3d.cli.CliRunnerKt --model matrix_right

Host: AMD Ryzen 7 5800X3D 8-Core Processor, 16 cores, 121G, Ubuntu 24.04.4 LTS
Time: Wed Jul 15 13:04:00 2026 MSK elapsed time: 0.242549 seconds (0d 0h 0m 0s)

---------------  T H R E A D  ---------------

Current thread (0x0000797108064d20):  JavaThread "DefaultDispatcher-worker-3" daemon [_thread_in_native, id=61460, stack(0x000079719c0ff000,0x000079719c1ff000)]

Stack: [0x000079719c0ff000,0x000079719c1ff000],  sp=0x000079719c1fc8b8,  free space=1014k
Native frames: (J=compiled Java code, j=interpreted, Vv=VM code, C=native code)
C  [libc.so.6+0x9fff4]  pthread_mutex_lock+0x4

Java frames: (J=compiled Java code, j=interpreted, Vv=VM code)
J 822  com.cadoodlecad.manifold.ManifoldBindings.jniUnion(JJJ)J (0 bytes) @ 0x00007971ecdd77ef [0x00007971ecdd77a0+0x000000000000004f]
j  com.cadoodlecad.manifold.ManifoldBindings.union(JJ)J+9
J 832 c1 eu.printingin3d.javascad.manifold.Manifold3dEngine.operateNative(JJI)J (82 bytes) @ 0x00007971e5375b9c [0x00007971e53759a0+0x00000000000001fc]
J 834 c1 eu.printingin3d.javascad.manifold.Manifold3dEngine.unionNative(JJ)J (8 bytes) @ 0x00007971e537683c [0x00007971e53767c0+0x000000000000007c]
j  eu.printingin3d.javascad.tranzitions.Union.toInnerNativeMesh(Leu/printingin3d/javascad/vrl/FacetGenerationContext;)J+61
J 807 c1 eu.printingin3d.javascad.models.Abstract3dModel.toNativeMesh(Leu/printingin3d/javascad/vrl/FacetGenerationContext;)J (128 bytes) @ 0x00007971e536fec4 [0x00007971e536f840+0x0000000000000684]
j  eu.printingin3d.javascad.tranzitions.Difference.toInnerNativeMesh(Leu/printingin3d/javascad/vrl/FacetGenerationContext;)J+5
J 807 c1 eu.printingin3d.javascad.models.Abstract3dModel.toNativeMesh(Leu/printingin3d/javascad/vrl/FacetGenerationContext;)J (128 bytes) @ 0x00007971e536fec4 [0x00007971e536f840+0x0000000000000684]
j  com.github.grishberg.cad3d.util.VertexHolderUtilsKt.fromModelNative(Leu/printingin3d/javascad/models/Abstract3dModel;I)Lcom/github/grishberg/cad3d/plugin/VertexHolder;+28
j  com.github.grishberg.cad3d.util.VertexHolderUtilsKt.fromModel(Leu/printingin3d/javascad/models/Abstract3dModel;I)Lcom/github/grishberg/cad3d/plugin/VertexHolder;+8
j  com.github.grishberg.cad3d.keyboard.ModelHolder$Companion.createVertexHolders(Lcom/github/grishberg/cad3d/keyboard/cfg/KeyboardConfig;Leu/printingin3d/javascad/models/Abstract3dModel;Ljava/util/List;)Ljava/util/List;+101
j  com.github.grishberg.cad3d.keyboard.ModelHolder.<init>(Lcom/github/grishberg/cad3d/keyboard/cfg/KeyboardConfig;Leu/printingin3d/javascad/models/Abstract3dModel;[Leu/printingin3d/javascad/models/Abstract3dModel;)V+29
j  com.github.grishberg.cad3d.KeyboardBuilder.createCaseModel(Lcom/github/grishberg/cad3d/keyboard/cfg/KeyboardConfig;Lcom/github/grishberg/cad3d/keyboard/KeyPlace;Lcom/github/grishberg/cad3d/keyboard/ThumbKeyPlace;Lcom/github/grishberg/cad3d/keyboard/screws/ScrewWallPlaces;Lcom/github/grishberg/cad3d/keyboard/casebody/Walls;Lcom/github/grishberg/cad3d/keyboard/casebody/controllers/ControllerPlace;Lcom/github/grishberg/cad3d/keyboard/casebody/controllers/SwitcherPlace;Lcom/github/grishberg/cad3d/keyboard/casebody/controllers/ControllerFactory;Lcom/github/grishberg/cad3d/keyboard/casebody/controllers/switcher/SwitcherFactory;Lcom/github/grishberg/cad3d/keyboard/casebody/controllers/Controller;Lcom/github/grishberg/cad3d/trackball/Trackball;Lcom/github/grishberg/cad3d/keyboard/casebody/thumb/ThumbBorders;Lcom/github/grishberg/cad3d/keyboard/casebody/thumb/ThumbWalls;)Lcom/github/grishberg/cad3d/keyboard/ModelHolder;+665
j  com.github.grishberg.cad3d.KeyboardBuilder.createCase(Lcom/github/grishberg/cad3d/keyboard/cfg/KeyboardConfig;Lcom/github/grishberg/cad3d/keyboard/KeyPlace;Lcom/github/grishberg/cad3d/keyboard/ThumbKeyPlace;Lcom/github/grishberg/cad3d/keyboard/screws/ScrewWallPlaces;Lcom/github/grishberg/cad3d/keyboard/casebody/Walls;Lcom/github/grishberg/cad3d/keyboard/casebody/controllers/ControllerPlace;Lcom/github/grishberg/cad3d/keyboard/casebody/controllers/SwitcherPlace;Lcom/github/grishberg/cad3d/keyboard/casebody/controllers/ControllerFactory;Lcom/github/grishberg/cad3d/keyboard/casebody/controllers/switcher/SwitcherFactory;Lcom/github/grishberg/cad3d/keyboard/casebody/controllers/Controller;Lcom/github/grishberg/cad3d/trackball/Trackball;Lcom/github/grishberg/cad3d/keyboard/casebody/thumb/ThumbBorders;Lcom/github/grishberg/cad3d/keyboard/casebody/thumb/ThumbWalls;)Ljava/util/List;+44
j  com.github.grishberg.cad3d.KeyboardBuilder.access$createCase(Lcom/github/grishberg/cad3d/KeyboardBuilder;Lcom/github/grishberg/cad3d/keyboard/cfg/KeyboardConfig;Lcom/github/grishberg/cad3d/keyboard/KeyPlace;Lcom/github/grishberg/cad3d/keyboard/ThumbKeyPlace;Lcom/github/grishberg/cad3d/keyboard/screws/ScrewWallPlaces;Lcom/github/grishberg/cad3d/keyboard/casebody/Walls;Lcom/github/grishberg/cad3d/keyboard/casebody/controllers/ControllerPlace;Lcom/github/grishberg/cad3d/keyboard/casebody/controllers/SwitcherPlace;Lcom/github/grishberg/cad3d/keyboard/casebody/controllers/ControllerFactory;Lcom/github/grishberg/cad3d/keyboard/casebody/controllers/switcher/SwitcherFactory;Lcom/github/grishberg/cad3d/keyboard/casebody/controllers/Controller;Lcom/github/grishberg/cad3d/trackball/Trackball;Lcom/github/grishberg/cad3d/keyboard/casebody/thumb/ThumbBorders;Lcom/github/grishberg/cad3d/keyboard/casebody/thumb/ThumbWalls;)Ljava/util/List;+24
j  com.github.grishberg.cad3d.KeyboardBuilder$exportStl$1$2.invokeSuspend(Ljava/lang/Object;)Ljava/lang/Object;+104
j  kotlin.coroutines.jvm.internal.BaseContinuationImpl.resumeWith(Ljava/lang/Object;)V+44
j  kotlinx.coroutines.DispatchedTask.run()V+317
j  kotlinx.coroutines.scheduling.CoroutineScheduler.runSafely(Lkotlinx/coroutines/scheduling/Task;)V+2
j  kotlinx.coroutines.scheduling.CoroutineScheduler$Worker.executeTask(Lkotlinx/coroutines/scheduling/Task;)V+30
j  kotlinx.coroutines.scheduling.CoroutineScheduler$Worker.runWorker()V+44
j  kotlinx.coroutines.scheduling.CoroutineScheduler$Worker.run()V+1
v  ~StubRoutines::call_stub

siginfo: si_signo: 11 (SIGSEGV), si_code: 1 (SEGV_MAPERR), si_addr: 0x0000797697183892

Registers:
RAX=0x0000797205b7f418, RBX=0x00007971000f2e00, RCX=0x0000000000000000, RDX=0x0000000000000000
RSP=0x000079719c1fc8b8, RBP=0x000079720549e820, RSI=0x00007971000f2e00, RDI=0x0000797697183882
R8 =0x00007971000f2e00, R9 =0x0000000000000000, R10=0x00007971ecdd77ef, R11=0x00007971ecdd77c0
R12=0x000079719c1fc900, R13=0x0000797697183882, R14=0x0000797100199230, R15=0x000079719c1fc900
RIP=0x000079720549fff4, EFLAGS=0x0000000000010202, CSGSFS=0x002b000000000033, ERR=0x0000000000000004
  TRAPNO=0x000000000000000e

XMM[0]=0x0000000000000000 0x0000000000000000
XMM[1]=0x0000000000000000 0x0000000000000000
XMM[2]=0x0000000000000000 0x3f1a36e2eb1c432d
XMM[3]=0x0000000000000000 0x3ff0000000000000
XMM[4]=0x0000000000000000 0x0000000000000000
XMM[5]=0xc021334a2aee9cea 0x3ff0000000000000
XMM[6]=0x3ff0000000000000 0x40477c23087a6128
XMM[7]=0x0000000000000000 0x0000000000000000
XMM[8]=0x0000000000000000 0x0000000000000000
XMM[9]=0x0000000000000000 0x0000000000000000
XMM[10]=0x0000000000000000 0x3ff0000000000000
XMM[11]=0x0000000000000000 0x0000000000000000
XMM[12]=0x0000000000000000 0x0000000000000000
XMM[13]=0x0000000000000000 0x0000000000000000
XMM[14]=0x0000000000000000 0x8000000000000000
XMM[15]=0x0000000000000000 0x0000000000000000
  MXCSR=0x00001fa4


Register to memory mapping:

RAX=0x0000797205b7f418: _ZTVN8manifold9CsgOpNodeE+0x0000000000000010 in /home/grishberg/projects/java/opengl_kbd_render/cad3d/build/manifold-natives/manifold3d/natives/linux-x86_64/libmanifold.so.3 at 0x0000797205800000
RBX=0x00007971000f2e00 points into unknown readable memory: 0x0000797697183882 | 82 38 18 97 76 79 00 00
RCX=0x0 is NULL
RDX=0x0 is NULL
RSP=0x000079719c1fc8b8 is pointing into the stack for thread: 0x0000797108064d20
RBP=0x000079720549e820: __pthread_key_create+0x0000000000000000 in /lib/x86_64-linux-gnu/libc.so.6 at 0x0000797205400000
RSI=0x00007971000f2e00 points into unknown readable memory: 0x0000797697183882 | 82 38 18 97 76 79 00 00
RDI=0x0000797697183882 is an unknown value
R8 =0x00007971000f2e00 points into unknown readable memory: 0x0000797697183882 | 82 38 18 97 76 79 00 00
R9 =0x0 is NULL
R10=0x00007971ecdd77ef is at entry_point+79 in (nmethod*)0x00007971ecdd7610
Compiled method (n/a) 243  822     n 0       com.cadoodlecad.manifold.ManifoldBindings::jniUnion (native)
 total in heap  [0x00007971ecdd7610,0x00007971ecdd7990] = 896
 relocation     [0x00007971ecdd7770,0x00007971ecdd77a0] = 48
 main code      [0x00007971ecdd77a0,0x00007971ecdd7988] = 488
 oops           [0x00007971ecdd7988,0x00007971ecdd7990] = 8
0x00007971ecdd77cf:   4c 8b c1 48 8b ca 48 8b d6 49 be a8 01 02 f5 00
0x00007971ecdd77df:   00 00 00 4c 89 74 24 30 4c 8d 74 24 30 49 8b f6
0x00007971ecdd77ef:   c5 f8 77 
R11=0x00007971ecdd77c0 is at entry_point+32 in (nmethod*)0x00007971ecdd7610
Compiled method (n/a) 243  822     n 0       com.cadoodlecad.manifold.ManifoldBindings::jniUnion (native)
 total in heap  [0x00007971ecdd7610,0x00007971ecdd7990] = 896
 relocation     [0x00007971ecdd7770,0x00007971ecdd77a0] = 48
 main code      [0x00007971ecdd77a0,0x00007971ecdd7988] = 488
 oops           [0x00007971ecdd7988,0x00007971ecdd7990] = 8
0x00007971ecdd77c0:   89 84 24 00 c0 fe ff 55 48 8b ec 48 83 ec 40 4c
0x00007971ecdd77d0:   8b c1 48 8b ca 48 8b d6 
R12=0x000079719c1fc900 is pointing into the stack for thread: 0x0000797108064d20
R13=0x0000797697183882 is an unknown value
R14=0x0000797100199230 points into unknown readable memory: 0x0000797205b7f418 | 18 f4 b7 05 72 79 00 00
R15=0x000079719c1fc900 is pointing into the stack for thread: 0x0000797108064d20


Top of Stack: (sp=0x000079719c1fc8b8)
0x000079719c1fc8b8:   00007972059eb40b 000079719c1fc900
0x000079719c1fc8c8:   0000797205957300 0000000000000000
0x000079719c1fc8d8:   000079719c1fc990 00007971000f2e00
0x000079719c1fc8e8:   00007972059ee14d 0000797100199230
0x000079719c1fc8f8:   0000797100199220 0000000000000002
0x000079719c1fc908:   00007971000f2df0 000079719c1fc950
0x000079719c1fc918:   00007972054addce 000079710010fe20
0x000079719c1fc928:   c0adb2ba80909600 0000000000000000
0x000079719c1fc938:   00007971435d1050 00007971000f2e00
0x000079719c1fc948:   000079719c1fc990 00007971000f2e00
0x000079719c1fc958:   000079719c1fca60 0000797108064d20
0x000079719c1fc968:   00007972059ee384 000079719c1fc9c0
0x000079719c1fc978:   c0adb2ba80909600 000079719c1fc990
0x000079719c1fc988:   0000797205c51957 0000000000000000
0x000079719c1fc998:   00007971000f2e00 0000797100199230
0x000079719c1fc9a8:   0000000000000001 0000797108064d20
0x000079719c1fc9b8:   0000797147001180 00000000f50201a8
0x000079719c1fc9c8:   c0adb2ba80909600 000079719c1fca20
0x000079719c1fc9d8:   0000000000000000 000079719c1fca90
0x000079719c1fc9e8:   0000797205287fbf 0000000000000000
0x000079719c1fc9f8:   00007971000f2e00 00007971000b2590
0x000079719c1fca08:   00007971000f2e00 000079719c1fca60
0x000079719c1fca18:   0000797108064fd0 000079719c1fca70
0x000079719c1fca28:   00007971ecdd7868 000079719c1fcab0
0x000079719c1fca38:   0000797205287d0a 000079719c1fca90
0x000079719c1fca48:   0000797108064fd0 000079719c1fcaa0
0x000079719c1fca58:   00007971ecdd10d7 00000000f50201a8
0x000079719c1fca68:   000079719c1fca68 000079719c1fcb08
0x000079719c1fca78:   00007971ec66832f 00007971435c44e0
0x000079719c1fca88:   00007971ec66832f 00007971000f2e00
0x000079719c1fca98:   0000000000000000 00007971000b2590
0x000079719c1fcaa8:   0000000000000000 00007971000f2e00 

Instructions: (pc=0x000079720549fff4)
0x000079720549fef4:   ff ff ff 83 f8 92 0f 84 68 ff ff ff 8d 50 26 83
0x000079720549ff04:   f8 da 72 14 48 b8 09 00 00 08 2c 00 00 00 48 0f
0x000079720549ff14:   a3 d0 0f 82 4c ff ff ff 48 8d 3d d5 10 13 00 e8
0x000079720549ff24:   18 0b ff ff 83 f8 f5 0f 84 a9 fd ff ff 83 f8 fc
0x000079720549ff34:   0f 84 a0 fd ff ff eb e0 0f 1f 40 00 be 80 00 00
0x000079720549ff44:   00 48 89 df e8 73 90 ff ff e9 16 ff ff ff 64 48
0x000079720549ff54:   c7 04 25 f0 02 00 00 00 00 00 00 b8 23 00 00 00
0x000079720549ff64:   e9 97 fa ff ff b8 0b 00 00 00 e9 8d fa ff ff 41
0x000079720549ff74:   8b 04 24 83 e0 7f 83 f8 12 74 d3 83 f8 11 0f 85
0x000079720549ff84:   2f fd ff ff e9 06 ff ff ff e8 2e 7f 09 00 48 8d
0x000079720549ff94:   0d e7 4d 13 00 ba bd 01 00 00 48 8d 35 c0 c4 12
0x000079720549ffa4:   00 48 8d 3d 74 11 13 00 e8 3f b3 f9 ff 48 8d 0d
0x000079720549ffb4:   c8 4d 13 00 ba c2 01 00 00 48 8d 35 a1 c4 12 00
0x000079720549ffc4:   48 8d 3d af c4 12 00 e8 20 b3 f9 ff 48 8d 0d a9
0x000079720549ffd4:   4d 13 00 ba 5f 02 00 00 48 8d 35 82 c4 12 00 48
0x000079720549ffe4:   8d 3d a6 c4 12 00 e8 01 b3 f9 ff 90 f3 0f 1e fa
0x000079720549fff4:   8b 47 10 89 c2 81 e2 7f 01 00 00 90 83 e0 7c 0f
0x00007972054a0004:   85 a7 00 00 00 55 48 89 e5 53 48 83 ec 18 85 d2
0x00007972054a0014:   0f 85 9e 00 00 00 44 8b 0d 0f 57 16 00 45 85 c9
0x00007972054a0024:   75 5a 8b 77 10 81 e6 80 00 00 00 75 09 80 3d 08
0x00007972054a0034:   b0 16 00 00 75 36 31 c0 ba 01 00 00 00 f0 0f b1
0x00007972054a0044:   17 0f 85 ad 00 00 00 8b 4f 08 85 c9 0f 85 54 01
0x00007972054a0054:   00 00 64 8b 04 25 d0 02 00 00 89 47 08 83 47 0c
0x00007972054a0064:   01 90 31 c0 48 8b 5d f8 c9 c3 66 90 44 8b 07 45
0x00007972054a0074:   85 c0 75 c2 c7 07 01 00 00 00 eb cb 8b 47 10 f6
0x00007972054a0084:   c4 03 74 08 f6 c4 01 74 99 eb 07 90 80 cc 01 89
0x00007972054a0094:   47 10 8b 57 10 48 8b 5d f8 48 8d 77 16 c9 81 e2
0x00007972054a00a4:   80 00 00 00 e9 a3 88 ff ff 0f 1f 00 e9 5b f8 ff
0x00007972054a00b4:   ff 0f 1f 00 81 fa 00 01 00 00 74 d6 8b 57 10 83
0x00007972054a00c4:   e2 7f 83 fa 01 0f 85 8e 00 00 00 64 8b 04 25 d0
0x00007972054a00d4:   02 00 00 39 47 08 75 2e 8b 47 04 83 f8 ff 0f 84
0x00007972054a00e4:   b8 00 00 00 83 c0 01 89 47 04 e9 73 ff ff ff 0f 


Stack slot to memory mapping:
stack at sp + 0 slots: 0x00007972059eb40b: _ZNK8manifold8Manifold9LoadPNodeEv+0x000000000000002b in /home/grishberg/projects/java/opengl_kbd_render/cad3d/build/manifold-natives/manifold3d/natives/linux-x86_64/libmanifold.so.3 at 0x0000797205800000
stack at sp + 1 slots: 0x000079719c1fc900 is pointing into the stack for thread: 0x0000797108064d20
stack at sp + 2 slots: 0x0000797205957300: _ZN8manifold9CsgOpNode7BooleanERKSt10shared_ptrINS_7CsgNodeEENS_6OpTypeE+0x0000000000000000 in /home/grishberg/projects/java/opengl_kbd_render/cad3d/build/manifold-natives/manifold3d/natives/linux-x86_64/libmanifold.so.3 at 0x0000797205800000
stack at sp + 3 slots: 0x0 is NULL
stack at sp + 4 slots: 0x000079719c1fc990 is pointing into the stack for thread: 0x0000797108064d20
stack at sp + 5 slots: 0x00007971000f2e00 points into unknown readable memory: 0x0000797697183882 | 82 38 18 97 76 79 00 00
stack at sp + 6 slots: 0x00007972059ee14d: _ZNK8manifold8Manifold7BooleanERKS0_NS_6OpTypeE+0x000000000000004d in /home/grishberg/projects/java/opengl_kbd_render/cad3d/build/manifold-natives/manifold3d/natives/linux-x86_64/libmanifold.so.3 at 0x0000797205800000
stack at sp + 7 slots: 0x0000797100199230 points into unknown readable memory: 0x0000797205b7f418 | 18 f4 b7 05 72 79 00 00


Compiled method (n/a) 246  822     n 0       com.cadoodlecad.manifold.ManifoldBindings::jniUnion (native)
 total in heap  [0x00007971ecdd7610,0x00007971ecdd7990] = 896
 relocation     [0x00007971ecdd7770,0x00007971ecdd77a0] = 48
 main code      [0x00007971ecdd77a0,0x00007971ecdd7988] = 488
 oops           [0x00007971ecdd7988,0x00007971ecdd7990] = 8

[Constant Pool (empty)]

[MachCode]
[Entry Point]
  # {method} {0x00007971435d1050} 'jniUnion' '(JJJ)J' in 'com/cadoodlecad/manifold/ManifoldBindings'
  # parm0:    rsi:rsi   = long
  # parm1:    rdx:rdx   = long
  # parm2:    rcx:rcx   = long
  #           [sp+0x50]  (sp of caller)
  0x00007971ecdd77a0: 448b 5608 | 49bb 0000 | 0047 7179 | 0000 4d03 | d349 3bc2 | 0f84 0600 

  0x00007971ecdd77b8: ;   {runtime_call ic_miss_stub}
  0x00007971ecdd77b8: 0000 e9c1 | 858d ff90 
[Verified Entry Point]
  0x00007971ecdd77c0: 8984 2400 | c0fe ff55 | 488b ec48 | 83ec 404c | 8bc1 488b | ca48 8bd6 

  0x00007971ecdd77d8: ;   {oop(a 'java/lang/Class'{0x00000000f50201a8} = 'com/cadoodlecad/manifold/ManifoldBindings')}
  0x00007971ecdd77d8: 49be a801 | 02f5 0000 | 0000 4c89 | 7424 304c | 8d74 2430 | 498b f6c5 

  0x00007971ecdd77f0: ;   {internal_word}
  0x00007971ecdd77f0: f877 49ba | ef77 ddec | 7179 0000 | 4d89 9798 | 0200 0049 | 89a7 9002 

  0x00007971ecdd7808: ;   {external_word}
  0x00007971ecdd7808: 0000 803d | 7459 1318 | 000f 843a | 0000 0056 | 5251 4150 

  0x00007971ecdd781c: ;   {metadata({method} {0x00007971435d1050} 'jniUnion' '(JJJ)J' in 'com/cadoodlecad/manifold/ManifoldBindings')}
  0x00007971ecdd781c: 48be 5010 | 5d43 7179 | 0000 498b | fff7 c40f | 0000 000f | 8412 0000 | 0048 83ec 

  0x00007971ecdd7838: ;   {runtime_call SharedRuntime::dtrace_method_entry(JavaThread*, Method*)}
  0x00007971ecdd7838: 08e8 62b2 | b017 4883 | c408 e905 

  0x00007971ecdd7844: ;   {runtime_call SharedRuntime::dtrace_method_entry(JavaThread*, Method*)}
  0x00007971ecdd7844: 0000 00e8 | 54b2 b017 | 4158 595a | 5e49 8dbf | b002 0000 | 41c7 8738 | 0300 0004 

  0x00007971ecdd7860: ;   {runtime_call Java_com_cadoodlecad_manifold_ManifoldBindings_jniUnion}
  0x00007971ecdd7860: 0000 00e8 | 2007 4b18 | c5f8 7741 | c787 3803 | 0000 0500 | 0000 f083 | 4424 c000 | 493b af40 
  0x00007971ecdd7880: 0300 000f | 8711 0000 | 0041 81bf | 2803 0000 | 0000 0000 | 0f84 2400 | 0000 c5f8 | 7748 8945 
  0x00007971ecdd78a0: f849 8bff | 4c8b e448 | 83ec 0048 

  0x00007971ecdd78ac: ;   {runtime_call JavaThread::check_special_condition_for_native_trans(JavaThread*)}
  0x00007971ecdd78ac: 83e4 f0e8 | 1c77 c917 | 498b e44d | 33e4 488b | 45f8 41c7 | 8738 0300 | 0008 0000 | 0041 81bf 
  0x00007971ecdd78cc: a803 0000 | 0200 0000 | 0f84 8400 

  0x00007971ecdd78d8: ;   {external_word}
  0x00007971ecdd78d8: 0000 803d | a458 1318 | 000f 8438 | 0000 0048 

  0x00007971ecdd78e8: ;   {metadata({method} {0x00007971435d1050} 'jniUnion' '(JJJ)J' in 'com/cadoodlecad/manifold/ManifoldBindings')}
  0x00007971ecdd78e8: 8945 f848 | be50 105d | 4371 7900 | 0049 8bff | f7c4 0f00 | 0000 0f84 | 1200 0000 | 4883 ec08 
  0x00007971ecdd7908: ;   {runtime_call SharedRuntime::dtrace_method_exit(JavaThread*, Method*)}
  0x00007971ecdd7908: e843 b2b0 | 1748 83c4 | 08e9 0500 

  0x00007971ecdd7914: ;   {runtime_call SharedRuntime::dtrace_method_exit(JavaThread*, Method*)}
  0x00007971ecdd7914: 0000 e835 | b2b0 1748 | 8b45 f849 | c787 9002 | 0000 0000 | 0000 49c7 | 8798 0200 | 0000 0000 
  0x00007971ecdd7934: 00c5 f877 | 498b 8fd8 | 0000 00c7 | 8100 0100 | 0000 0000 | 00c9 4981 | 7f08 0000 | 0000 0f85 
  0x00007971ecdd7954: 0100 0000 

  0x00007971ecdd7958: ;   {runtime_call StubRoutines (1)}
  0x00007971ecdd7958: c3e9 a282 | 88ff c5f8 | 7748 8945 | f84c 8be4 | 4883 ec00 | 4883 e4f0 

  0x00007971ecdd7970: ;   {runtime_call SharedRuntime::reguard_yellow_pages()}
  0x00007971ecdd7970: e84b c0b0 | 1749 8be4 | 4d33 e448 | 8b45 f8e9 | 56ff ffff | f4f4 f4f4 
[/MachCode]


Compiled method (c1) 253  832       3       eu.printingin3d.javascad.manifold.Manifold3dEngine::operateNative (82 bytes)
 total in heap  [0x00007971e5375790,0x00007971e5375fb0] = 2080
 relocation     [0x00007971e53758f0,0x00007971e53759a0] = 176
 main code      [0x00007971e53759a0,0x00007971e5375d60] = 960
 stub code      [0x00007971e5375d60,0x00007971e5375df0] = 144
 oops           [0x00007971e5375df0,0x00007971e5375df8] = 8
 metadata       [0x00007971e5375df8,0x00007971e5375e08] = 16
 scopes data    [0x00007971e5375e08,0x00007971e5375e98] = 144
 scopes pcs     [0x00007971e5375e98,0x00007971e5375f88] = 240
 dependencies   [0x00007971e5375f88,0x00007971e5375f90] = 8
 nul chk table  [0x00007971e5375f90,0x00007971e5375fb0] = 32

[Constant Pool (empty)]

[MachCode]
[Entry Point]
  # {method} {0x00007971435c9a78} 'operateNative' '(JJI)J' in 'eu/printingin3d/javascad/manifold/Manifold3dEngine'
  # this:     rsi:rsi   = 'eu/printingin3d/javascad/manifold/Manifold3dEngine'
  # parm0:    rdx:rdx   = long
  # parm1:    rcx:rcx   = long
  # parm2:    r8        = int
  #           [sp+0x70]  (sp of caller)
  0x00007971e53759a0: 448b 5608 | 49bb 0000 | 0047 7179 | 0000 4d03 | d34c 3bd0 

  0x00007971e53759b4: ;   {runtime_call ic_miss_stub}
  0x00007971e53759b4: 0f85 c6a3 | 3307 660f | 1f44 0000 
[Verified Entry Point]
  0x00007971e53759c0: 8984 2400 | c0fe ff55 | 4883 ec60 

  0x00007971e53759cc: ;   {metadata(method data for {method} {0x00007971435c9a78} 'operateNative' '(JJI)J' in 'eu/printingin3d/javascad/manifold/Manifold3dEngine')}
  0x00007971e53759cc: 48bf 380e | 6c43 7179 | 0000 8b9f | f400 0000 | 83c3 0289 | 9ff4 0000 | 0081 e3fe | 0700 0083 
  0x00007971e53759ec: fb00 0f84 | 9202 0000 | 4489 4424 | 3048 894c | 2440 4889 | 5424 3848 

  0x00007971e5375a04: ;   {metadata(method data for {method} {0x00007971435c9a78} 'operateNative' '(JJI)J' in 'eu/printingin3d/javascad/manifold/Manifold3dEngine')}
  0x00007971e5375a04: 8bfe 48bb | 380e 6c43 | 7179 0000 | 4883 8338 | 0100 0001 | 0f1f 8000 

  0x00007971e5375a1c: ;   {optimized virtual_call}
  0x00007971e5375a1c: 0000 00e8 

  0x00007971e5375a20: ; ImmutableOopMap {}
                      ;*invokespecial getBindings {reexecute=0 rethrow=0 return_oop=0}
                      ; - eu.printingin3d.javascad.manifold.Manifold3dEngine::operateNative@1 (line 217)
  0x00007971e5375a20: 9c7a feff 

  0x00007971e5375a24: ;   {metadata(method data for {method} {0x00007971435c9a78} 'operateNative' '(JJI)J' in 'eu/printingin3d/javascad/manifold/Manifold3dEngine')}
  0x00007971e5375a24: 48ba 380e | 6c43 7179 | 0000 48c7 | c150 0100 | 0044 8b44 | 2430 4183 | f800 488b | f148 c7c1 
  0x00007971e5375a44: 6001 0000 | 480f 45ce | 4183 f801 | 488b f148 | c7c1 7001 | 0000 480f | 45ce 4183 | f802 488b 
  0x00007971e5375a64: f148 c7c1 | 8001 0000 | 480f 45ce | 488b 340a | 49c7 c201 | 0000 0049 | 03f2 4889 | 340a 4183 
  0x00007971e5375a84: f800 0f84 | d300 0000 | 4183 f801 | 0f84 6900 | 0000 4183 | f802 0f85 | 1f01 0000 

  0x00007971e5375aa0: ; implicit exception: dispatches to 0x00007971e5375ca7
  0x00007971e5375aa0: 483b 0048 

  0x00007971e5375aa4: ;   {metadata(method data for {method} {0x00007971435c9a78} 'operateNative' '(JJI)J' in 'eu/printingin3d/javascad/manifold/Manifold3dEngine')}
  0x00007971e5375aa4: 8bd0 48b9 | 380e 6c43 | 7179 0000 

  0x00007971e5375ab0: ;   {metadata('com/cadoodlecad/manifold/ManifoldBindings')}
  0x00007971e5375ab0: 49ba 9064 | 0348 7179 | 0000 4c89 | 9148 0200 | 0048 8381 | 5002 0000 | 0148 8b54 | 2438 488b 
  0x00007971e5375ad0: 4c24 4048 

  0x00007971e5375ad4: ;   {optimized virtual_call}
  0x00007971e5375ad4: 8bf0 90e8 

  0x00007971e5375ad8: ; ImmutableOopMap {}
                      ;*invokevirtual intersection {reexecute=0 rethrow=0 return_oop=0}
                      ; - eu.printingin3d.javascad.manifold.Manifold3dEngine::operateNative@60 (line 221)
  0x00007971e5375ad8: a4a5 3307 

  0x00007971e5375adc: ;   {metadata(method data for {method} {0x00007971435c9a78} 'operateNative' '(JJI)J' in 'eu/printingin3d/javascad/manifold/Manifold3dEngine')}
  0x00007971e5375adc: 48ba 380e | 6c43 7179 | 0000 ff82 | 7002 0000 | 4883 c460 

  0x00007971e5375af0: ;   {poll_return}
  0x00007971e5375af0: 5d49 3ba7 | 4003 0000 | 0f87 ae01 | 0000 c348 | 3b00 488b 

  0x00007971e5375b04: ;   {metadata(method data for {method} {0x00007971435c9a78} 'operateNative' '(JJI)J' in 'eu/printingin3d/javascad/manifold/Manifold3dEngine')}
  0x00007971e5375b04: d048 b938 | 0e6c 4371 

  0x00007971e5375b0c: ;   {metadata('com/cadoodlecad/manifold/ManifoldBindings')}
  0x00007971e5375b0c: 7900 0049 | ba90 6403 | 4871 7900 | 004c 8991 | f801 0000 | 4883 8100 | 0200 0001 | 488b 5424 
  0x00007971e5375b2c: 3848 8b4c | 2440 488b 

  0x00007971e5375b34: ;   {optimized virtual_call}
  0x00007971e5375b34: f066 90e8 

  0x00007971e5375b38: ; ImmutableOopMap {}
                      ;*invokevirtual difference {reexecute=0 rethrow=0 return_oop=0}
                      ; - eu.printingin3d.javascad.manifold.Manifold3dEngine::operateNative@50 (line 220)
  0x00007971e5375b38: 4902 0000 

  0x00007971e5375b3c: ;   {metadata(method data for {method} {0x00007971435c9a78} 'operateNative' '(JJI)J' in 'eu/printingin3d/javascad/manifold/Manifold3dEngine')}
  0x00007971e5375b3c: 48ba 380e | 6c43 7179 | 0000 ff82 | 2002 0000 | 4883 c460 

  0x00007971e5375b50: ;   {poll_return}
  0x00007971e5375b50: 5d49 3ba7 | 4003 0000 | 0f87 6901 | 0000 c348 | 8b4c 2440 | 488b 5424 | 3848 3b00 

  0x00007971e5375b6c: ;   {metadata(method data for {method} {0x00007971435c9a78} 'operateNative' '(JJI)J' in 'eu/printingin3d/javascad/manifold/Manifold3dEngine')}
  0x00007971e5375b6c: 488b f048 | bf38 0e6c | 4371 7900 

  0x00007971e5375b78: ;   {metadata('com/cadoodlecad/manifold/ManifoldBindings')}
  0x00007971e5375b78: 0049 ba90 | 6403 4871 | 7900 004c | 8997 a801 | 0000 4883 | 87b0 0100 | 0001 488b 

  0x00007971e5375b94: ;   {optimized virtual_call}
  0x00007971e5375b94: f066 90e8 

  0x00007971e5375b98: ; ImmutableOopMap {}
                      ;*invokevirtual union {reexecute=0 rethrow=0 return_oop=0}
                      ; - eu.printingin3d.javascad.manifold.Manifold3dEngine::operateNative@40 (line 219)
  0x00007971e5375b98: c40c 0100 

  0x00007971e5375b9c: ;   {metadata(method data for {method} {0x00007971435c9a78} 'operateNative' '(JJI)J' in 'eu/printingin3d/javascad/manifold/Manifold3dEngine')}
  0x00007971e5375b9c: 48ba 380e | 6c43 7179 | 0000 ff82 | d001 0000 | 4883 c460 

  0x00007971e5375bb0: ;   {poll_return}
  0x00007971e5375bb0: 5d49 3ba7 | 4003 0000 | 0f87 2401 | 0000 c390 

  0x00007971e5375bc0: ;   {no_reloc}
  0x00007971e5375bc0: e942 0100 | 0000 0000 | 0000 498b | 8708 0100 | 0048 8d78 | 2849 3bbf | 1801 0000 | 0f87 2f01 
  0x00007971e5375be0: 0000 4989 | bf08 0100 | 0048 c700 | 0100 0000 | 488b ca49 | ba00 0000 | 4771 7900 | 0049 2bca 
  0x00007971e5375c00: 8948 0848 | 33c9 8948 | 0c48 33c9 | 4889 4810 | 4889 4818 | 4889 4820 

  0x00007971e5375c18: ;   {no_reloc}
  0x00007971e5375c18: e910 0100 | 0090 9090 | 9090 498b | f048 8944 | 2448 0f1f 

  0x00007971e5375c2c: ;   {static_call}
  0x00007971e5375c2c: 4400 00e8 

  0x00007971e5375c30: ; ImmutableOopMap {[72]=Oop }
                      ;*invokedynamic {reexecute=0 rethrow=0 return_oop=0}
                      ; - eu.printingin3d.javascad.manifold.Manifold3dEngine::operateNative@72 (line 222)
  0x00007971e5375c30: 4caa 3307 

  0x00007971e5375c34: ;   {metadata(method data for {method} {0x00007971435c9a78} 'operateNative' '(JJI)J' in 'eu/printingin3d/javascad/manifold/Manifold3dEngine')}
  0x00007971e5375c34: 48ba 380e | 6c43 7179 | 0000 488d | 9298 0200 | 0048 85c0 | 750e 48f7 | 0201 0000 | 0075 05f0 
  0x00007971e5375c54: 4883 0a01 | 488b 5424 

  0x00007971e5375c5c: ;   {metadata(method data for {method} {0x00007971435c9a78} 'operateNative' '(JJI)J' in 'eu/printingin3d/javascad/manifold/Manifold3dEngine')}
  0x00007971e5375c5c: 4848 be38 | 0e6c 4371 | 7900 0048 | 8386 a802 | 0000 0148 | 8bd0 488b 

  0x00007971e5375c74: ;   {optimized virtual_call}
  0x00007971e5375c74: 7424 48e8 

  0x00007971e5375c78: ; ImmutableOopMap {[72]=Oop }
                      ;*invokespecial <init> {reexecute=0 rethrow=0 return_oop=0}
                      ; - eu.printingin3d.javascad.manifold.Manifold3dEngine::operateNative@77 (line 222)
  0x00007971e5375c78: 04a4 3307 | 488b 4424 | 48e9 d000 

  0x00007971e5375c84: ;   {metadata({method} {0x00007971435c9a78} 'operateNative' '(JJI)J' in 'eu/printingin3d/javascad/manifold/Manifold3dEngine')}
  0x00007971e5375c84: 0000 49ba | 789a 5c43 | 7179 0000 | 4c89 5424 | 0848 c704 | 24ff ffff 

  0x00007971e5375c9c: ;   {runtime_call counter_overflow Runtime1 stub}
  0x00007971e5375c9c: ffe8 de1e 

  0x00007971e5375ca0: ; ImmutableOopMap {rsi=Oop }
                      ;*synchronization entry
                      ; - eu.printingin3d.javascad.manifold.Manifold3dEngine::operateNative@-1 (line 217)
  0x00007971e5375ca0: 3e07 e94d 

  0x00007971e5375ca4: ;   {runtime_call throw_null_pointer_exception Runtime1 stub}
  0x00007971e5375ca4: fdff ffe8 

  0x00007971e5375ca8: ; ImmutableOopMap {rax=Oop }
                      ;*invokevirtual intersection {reexecute=0 rethrow=0 return_oop=0}
                      ; - eu.printingin3d.javascad.manifold.Manifold3dEngine::operateNative@60 (line 221)
  0x00007971e5375ca8: f4c7 3d07 

  0x00007971e5375cac: ;   {internal_word}
  0x00007971e5375cac: 49ba f15a | 37e5 7179 | 0000 4d89 | 9758 0300 

  0x00007971e5375cbc: ;   {runtime_call SafepointBlob}
  0x00007971e5375cbc: 00e9 3e0a 

  0x00007971e5375cc0: ;   {runtime_call throw_null_pointer_exception Runtime1 stub}
  0x00007971e5375cc0: 3407 e8d9 

  0x00007971e5375cc4: ; ImmutableOopMap {rax=Oop }
                      ;*invokevirtual difference {reexecute=0 rethrow=0 return_oop=0}
                      ; - eu.printingin3d.javascad.manifold.Manifold3dEngine::operateNative@50 (line 220)
                      ;   {internal_word}
  0x00007971e5375cc4: c73d 0749 | ba51 5b37 | e571 7900 | 004d 8997 | 5803 0000 

  0x00007971e5375cd8: ;   {runtime_call SafepointBlob}
  0x00007971e5375cd8: e923 0a34 

  0x00007971e5375cdc: ;   {runtime_call throw_null_pointer_exception Runtime1 stub}
  0x00007971e5375cdc: 07e8 bec7 

  0x00007971e5375ce0: ; ImmutableOopMap {rax=Oop }
                      ;*invokevirtual union {reexecute=0 rethrow=0 return_oop=0}
                      ; - eu.printingin3d.javascad.manifold.Manifold3dEngine::operateNative@40 (line 219)
                      ;   {internal_word}
  0x00007971e5375ce0: 3d07 49ba | b15b 37e5 | 7179 0000 | 4d89 9758 

  0x00007971e5375cf0: ;   {runtime_call SafepointBlob}
  0x00007971e5375cf0: 0300 00e9 | 080a 3407 

  0x00007971e5375cf8: ;   {metadata(NULL)}
  0x00007971e5375cf8: 48ba 0000 | 0000 0000 | 0000 b800 

  0x00007971e5375d04: ;   {runtime_call load_klass_patching Runtime1 stub}
  0x00007971e5375d04: 0f05 0ae8 

  0x00007971e5375d08: ; ImmutableOopMap {}
                      ;*new {reexecute=1 rethrow=0 return_oop=0}
                      ; - (reexecute) eu.printingin3d.javascad.manifold.Manifold3dEngine::operateNative@66 (line 222)
  0x00007971e5375d08: f40d 3e07 | e9af feff | ff48 8bd2 

  0x00007971e5375d14: ;   {runtime_call fast_new_instance Runtime1 stub}
  0x00007971e5375d14: e867 d03d 

  0x00007971e5375d18: ; ImmutableOopMap {}
                      ;*new {reexecute=0 rethrow=0 return_oop=0}
                      ; - eu.printingin3d.javascad.manifold.Manifold3dEngine::operateNative@66 (line 222)
  0x00007971e5375d18: 07e9 fafe | ffff 48ba | 0000 0000 | 0000 0000 | b800 0f05 

  0x00007971e5375d2c: ;   {runtime_call load_appendix_patching Runtime1 stub}
  0x00007971e5375d2c: 0ae8 ce16 

  0x00007971e5375d30: ; ImmutableOopMap {rax=Oop }
                      ;*invokedynamic {reexecute=1 rethrow=0 return_oop=0}
                      ; - (reexecute) eu.printingin3d.javascad.manifold.Manifold3dEngine::operateNative@72 (line 222)
  0x00007971e5375d30: 3e07 e9e1 | feff ff90 | 9049 8b87 | d003 0000 | 49c7 87d0 | 0300 0000 | 0000 0049 | c787 d803 
  0x00007971e5375d50: 0000 0000 | 0000 4883 

  0x00007971e5375d58: ;   {runtime_call unwind_exception Runtime1 stub}
  0x00007971e5375d58: c460 5de9 | 20be 3d07 
[Stub Code]
  0x00007971e5375d60: ;   {no_reloc}
  0x00007971e5375d60: 0f1f 4400 

  0x00007971e5375d64: ;   {static_stub}
  0x00007971e5375d64: 0048 bb00 | 0000 0000 

  0x00007971e5375d6c: ;   {runtime_call}
  0x00007971e5375d6c: 0000 00e9 | fbff ffff 

  0x00007971e5375d74: ;   {static_stub}
  0x00007971e5375d74: 9048 bb00 | 0000 0000 

  0x00007971e5375d7c: ;   {runtime_call}
  0x00007971e5375d7c: 0000 00e9 | fbff ffff 

  0x00007971e5375d84: ;   {static_stub}
  0x00007971e5375d84: 9048 bbd8 | 545d 4371 

  0x00007971e5375d8c: ;   {runtime_call I2C/C2I adapters}
  0x00007971e5375d8c: 7900 00e9 | 4d42 3307 

  0x00007971e5375d94: ;   {static_stub}
  0x00007971e5375d94: 9048 bb08 | 545d 4371 

  0x00007971e5375d9c: ;   {runtime_call I2C/C2I adapters}
  0x00007971e5375d9c: 7900 00e9 | 3d42 3307 

  0x00007971e5375da4: ;   {static_stub}
  0x00007971e5375da4: 9048 bb00 | 0000 0000 

  0x00007971e5375dac: ;   {runtime_call}
  0x00007971e5375dac: 0000 00e9 | fbff ffff 

  0x00007971e5375db4: ;   {static_stub}
  0x00007971e5375db4: 9048 bb00 | 0000 0000 

  0x00007971e5375dbc: ;   {runtime_call}
  0x00007971e5375dbc: 0000 00e9 | fbff ffff 
[Exception Handler]
  0x00007971e5375dc4: ;   {runtime_call handle_exception_from_callee Runtime1 stub}
  0x00007971e5375dc4: e8b7 ea3d 

  0x00007971e5375dc8: ;   {external_word}
  0x00007971e5375dc8: 0748 bf52 | 57b9 0472 | 7900 0048 

  0x00007971e5375dd4: ;   {runtime_call MacroAssembler::debug64(char*, long, long*)}
  0x00007971e5375dd4: 83e4 f0e8 | 944d 391f 

  0x00007971e5375ddc: ;   {section_word}
  0x00007971e5375ddc: f449 badd | 5d37 e571 | 7900 0041 

  0x00007971e5375de8: ;   {runtime_call DeoptimizationBlob}
  0x00007971e5375de8: 52e9 b2fb | 3307 f4f4 
[/MachCode]


Compiled method (c1) 259  834       3       eu.printingin3d.javascad.manifold.Manifold3dEngine::unionNative (8 bytes)
 total in heap  [0x00007971e5376610,0x00007971e5376980] = 880
 relocation     [0x00007971e5376770,0x00007971e53767a8] = 56
 main code      [0x00007971e53767c0,0x00007971e53768c0] = 256
 stub code      [0x00007971e53768c0,0x00007971e5376900] = 64
 oops           [0x00007971e5376900,0x00007971e5376908] = 8
 metadata       [0x00007971e5376908,0x00007971e5376910] = 8
 scopes data    [0x00007971e5376910,0x00007971e5376938] = 40
 scopes pcs     [0x00007971e5376938,0x00007971e5376978] = 64
 dependencies   [0x00007971e5376978,0x00007971e5376980] = 8

[Constant Pool (empty)]

[MachCode]
[Entry Point]
  # {method} {0x00007971435c7e78} 'unionNative' '(JJ)J' in 'eu/printingin3d/javascad/manifold/Manifold3dEngine'
  # this:     rsi:rsi   = 'eu/printingin3d/javascad/manifold/Manifold3dEngine'
  # parm0:    rdx:rdx   = long
  # parm1:    rcx:rcx   = long
  #           [sp+0x50]  (sp of caller)
  0x00007971e53767c0: 448b 5608 | 49bb 0000 | 0047 7179 | 0000 4d03 | d34c 3bd0 

  0x00007971e53767d4: ;   {runtime_call ic_miss_stub}
  0x00007971e53767d4: 0f85 a695 | 3307 660f | 1f44 0000 
[Verified Entry Point]
  0x00007971e53767e0: 8984 2400 | c0fe ff55 | 4883 ec40 

  0x00007971e53767ec: ;   {metadata(method data for {method} {0x00007971435c7e78} 'unionNative' '(JJ)J' in 'eu/printingin3d/javascad/manifold/Manifold3dEngine')}
  0x00007971e53767ec: 49b8 a018 | 6c43 7179 | 0000 418b | b8f4 0000 | 0083 c702 | 4189 b8f4 | 0000 0081 | e7fe 0700 
  0x00007971e537680c: 0083 ff00 | 0f84 3900 | 0000 4c8b 

  0x00007971e5376818: ;   {metadata(method data for {method} {0x00007971435c7e78} 'unionNative' '(JJ)J' in 'eu/printingin3d/javascad/manifold/Manifold3dEngine')}
  0x00007971e5376818: c648 bfa0 | 186c 4371 | 7900 0048 | 8387 3801 | 0000 0141 | b800 0000 | 0066 0f1f 

  0x00007971e5376834: ;   {optimized virtual_call}
  0x00007971e5376834: 4400 00e8 

  0x00007971e5376838: ; ImmutableOopMap {}
                      ;*invokevirtual operateNative {reexecute=0 rethrow=0 return_oop=0}
                      ; - eu.printingin3d.javascad.manifold.Manifold3dEngine::unionNative@4 (line 35)
  0x00007971e5376838: 84f1 ffff | 4883 c440 

  0x00007971e5376840: ;   {poll_return}
  0x00007971e5376840: 5d49 3ba7 | 4003 0000 | 0f87 1f00 

  0x00007971e537684c: ;   {metadata({method} {0x00007971435c7e78} 'unionNative' '(JJ)J' in 'eu/printingin3d/javascad/manifold/Manifold3dEngine')}
  0x00007971e537684c: 0000 c349 | ba78 7e5c | 4371 7900 | 004c 8954 | 2408 48c7 | 0424 ffff 

  0x00007971e5376864: ;   {runtime_call counter_overflow Runtime1 stub}
  0x00007971e5376864: ffff e815 

  0x00007971e5376868: ; ImmutableOopMap {rsi=Oop }
                      ;*synchronization entry
                      ; - eu.printingin3d.javascad.manifold.Manifold3dEngine::unionNative@-1 (line 35)
  0x00007971e5376868: 133e 07eb 

  0x00007971e537686c: ;   {internal_word}
  0x00007971e537686c: a949 ba41 | 6837 e571 | 7900 004d | 8997 5803 

  0x00007971e537687c: ;   {runtime_call SafepointBlob}
  0x00007971e537687c: 0000 e97d | fe33 0790 | 9049 8b87 | d003 0000 | 49c7 87d0 | 0300 0000 | 0000 0049 | c787 d803 
  0x00007971e537689c: 0000 0000 | 0000 4883 

  0x00007971e53768a4: ;   {runtime_call unwind_exception Runtime1 stub}
  0x00007971e53768a4: c440 5de9 | d4b2 3d07 | f4f4 f4f4 | f4f4 f4f4 | f4f4 f4f4 | f4f4 f4f4 | f4f4 f4f4 
[Stub Code]
  0x00007971e53768c0: ;   {no_reloc}
  0x00007971e53768c0: 0f1f 4400 

  0x00007971e53768c4: ;   {static_stub}
  0x00007971e53768c4: 0048 bb00 | 0000 0000 

  0x00007971e53768cc: ;   {runtime_call}
  0x00007971e53768cc: 0000 00e9 | fbff ffff 
[Exception Handler]
  0x00007971e53768d4: ;   {runtime_call handle_exception_from_callee Runtime1 stub}
  0x00007971e53768d4: e8a7 df3d 

  0x00007971e53768d8: ;   {external_word}
  0x00007971e53768d8: 0748 bf52 | 57b9 0472 | 7900 0048 

  0x00007971e53768e4: ;   {runtime_call MacroAssembler::debug64(char*, long, long*)}
  0x00007971e53768e4: 83e4 f0e8 | 8442 391f 

  0x00007971e53768ec: ;   {section_word}
  0x00007971e53768ec: f449 baed | 6837 e571 | 7900 0041 

  0x00007971e53768f8: ;   {runtime_call DeoptimizationBlob}
  0x00007971e53768f8: 52e9 a2f0 | 3307 f4f4 
[/MachCode]


---------------  P R O C E S S  ---------------

Threads class SMR info:
_java_thread_list=0x000079711014fac0, length=23, elements={
0x00007971fc02a990, 0x00007971fc1e9520, 0x00007971fc1ea930, 0x00007971fc1efef0,
0x00007971fc1f12d0, 0x00007971fc1f2710, 0x00007971fc1f4170, 0x00007971fc1f56d0,
0x00007971fc1f6b70, 0x00007971fc1fe8a0, 0x00007971fc202090, 0x00007971280e8d10,
0x000079711005a310, 0x00007971fc474130, 0x00007971fc475290, 0x0000797108064d20,
0x000079710802fee0, 0x0000797108054d10, 0x0000797108057fb0, 0x000079711c19eaf0,
0x000079711c19fbf0, 0x00007970ec135450, 0x000079711008f5a0
}

Java Threads: ( => current thread )
  0x00007971fc02a990 JavaThread "main" [_thread_blocked, id=61438, stack(0x0000797205617000,0x0000797205717000)]
  0x00007971fc1e9520 JavaThread "Reference Handler" daemon [_thread_blocked, id=61445, stack(0x000079719d658000,0x000079719d758000)]
  0x00007971fc1ea930 JavaThread "Finalizer" daemon [_thread_blocked, id=61446, stack(0x000079719d558000,0x000079719d658000)]
  0x00007971fc1efef0 JavaThread "Signal Dispatcher" daemon [_thread_blocked, id=61447, stack(0x000079719d458000,0x000079719d558000)]
  0x00007971fc1f12d0 JavaThread "Service Thread" daemon [_thread_blocked, id=61448, stack(0x000079719cd00000,0x000079719ce00000)]
  0x00007971fc1f2710 JavaThread "Monitor Deflation Thread" daemon [_thread_blocked, id=61449, stack(0x000079719cc00000,0x000079719cd00000)]
  0x00007971fc1f4170 JavaThread "C2 CompilerThread0" daemon [_thread_blocked, id=61450, stack(0x000079719cb00000,0x000079719cc00000)]
  0x00007971fc1f56d0 JavaThread "C1 CompilerThread0" daemon [_thread_blocked, id=61451, stack(0x000079719ca00000,0x000079719cb00000)]
  0x00007971fc1f6b70 JavaThread "Sweeper thread" daemon [_thread_blocked, id=61452, stack(0x000079719c900000,0x000079719ca00000)]
  0x00007971fc1fe8a0 JavaThread "Notification Thread" daemon [_thread_blocked, id=61453, stack(0x000079719c800000,0x000079719c900000)]
  0x00007971fc202090 JavaThread "Common-Cleaner" daemon [_thread_blocked, id=61455, stack(0x000079719c5ff000,0x000079719c6ff000)]
  0x00007971280e8d10 JavaThread "C1 CompilerThread1" daemon [_thread_blocked, id=61456, stack(0x000079719c4ff000,0x000079719c5ff000)]
  0x000079711005a310 JavaThread "C2 CompilerThread1" daemon [_thread_blocked, id=61457, stack(0x000079719c3ff000,0x000079719c4ff000)]
  0x00007971fc474130 JavaThread "DefaultDispatcher-worker-1" daemon [_thread_blocked, id=61458, stack(0x000079719c2ff000,0x000079719c3ff000)]
  0x00007971fc475290 JavaThread "DefaultDispatcher-worker-2" daemon [_thread_in_native, id=61459, stack(0x000079719c1ff000,0x000079719c2ff000)]
=>0x0000797108064d20 JavaThread "DefaultDispatcher-worker-3" daemon [_thread_in_native, id=61460, stack(0x000079719c0ff000,0x000079719c1ff000)]
  0x000079710802fee0 JavaThread "DefaultDispatcher-worker-4" daemon [_thread_blocked, id=61461, stack(0x0000797142f00000,0x0000797143000000)]
  0x0000797108054d10 JavaThread "DefaultDispatcher-worker-5" daemon [_thread_blocked, id=61462, stack(0x0000797142e00000,0x0000797142f00000)]
  0x0000797108057fb0 JavaThread "DefaultDispatcher-worker-6" daemon [_thread_blocked, id=61463, stack(0x0000797142d00000,0x0000797142e00000)]
  0x000079711c19eaf0 JavaThread "C1 CompilerThread2" daemon [_thread_blocked, id=61464, stack(0x0000797142c00000,0x0000797142d00000)]
  0x000079711c19fbf0 JavaThread "C1 CompilerThread3" daemon [_thread_blocked, id=61465, stack(0x0000797142b00000,0x0000797142c00000)]
  0x00007970ec135450 JavaThread "Thread-6" daemon [_thread_in_native, id=61493, stack(0x00007970d5cf0000,0x00007970d5df0000)]
  0x000079711008f5a0 JavaThread "C2 CompilerThread2" daemon [_thread_blocked, id=61494, stack(0x00007970d5bf0000,0x00007970d5cf0000)]

Other Threads:
  0x00007971fc1e5520 VMThread "VM Thread" [stack: 0x000079719d759000,0x000079719d859000] [id=61444]
  0x00007971fc200210 WatcherThread [stack: 0x000079719c700000,0x000079719c800000] [id=61454]
  0x00007971fc060490 GCTaskThread "GC Thread#0" [stack: 0x0000797202b62000,0x0000797202c62000] [id=61439]
  0x000079713c006ce0 GCTaskThread "GC Thread#1" [stack: 0x0000797142a00000,0x0000797142b00000] [id=61481]
  0x000079713c007730 GCTaskThread "GC Thread#2" [stack: 0x00007971400f7000,0x00007971401f7000] [id=61482]
  0x000079713c008180 GCTaskThread "GC Thread#3" [stack: 0x00007970d66fa000,0x00007970d67fa000] [id=61483]
  0x000079713c008bd0 GCTaskThread "GC Thread#4" [stack: 0x00007970d65f9000,0x00007970d66f9000] [id=61484]
  0x000079713c009620 GCTaskThread "GC Thread#5" [stack: 0x00007970d64f8000,0x00007970d65f8000] [id=61485]
  0x000079713c00a0a0 GCTaskThread "GC Thread#6" [stack: 0x00007970d63f7000,0x00007970d64f7000] [id=61486]
  0x000079713c00ab20 GCTaskThread "GC Thread#7" [stack: 0x00007970d62f6000,0x00007970d63f6000] [id=61487]
  0x000079713c00b5a0 GCTaskThread "GC Thread#8" [stack: 0x00007970d61f5000,0x00007970d62f5000] [id=61488]
  0x000079713c00c040 GCTaskThread "GC Thread#9" [stack: 0x00007970d60f4000,0x00007970d61f4000] [id=61489]
  0x000079713c00cb00 GCTaskThread "GC Thread#10" [stack: 0x00007970d5ff3000,0x00007970d60f3000] [id=61490]
  0x000079713c00d9b0 GCTaskThread "GC Thread#11" [stack: 0x00007970d5ef2000,0x00007970d5ff2000] [id=61491]
  0x000079713c00e860 GCTaskThread "GC Thread#12" [stack: 0x00007970d5df1000,0x00007970d5ef1000] [id=61492]
  0x00007971fc070ab0 ConcurrentGCThread "G1 Main Marker" [stack: 0x0000797202a61000,0x0000797202b61000] [id=61440]
  0x00007971fc071a50 ConcurrentGCThread "G1 Conc#0" [stack: 0x0000797202960000,0x0000797202a60000] [id=61441]
  0x00007971fc1b2610 ConcurrentGCThread "G1 Refine#0" [stack: 0x000079719da2c000,0x000079719db2c000] [id=61442]
  0x00007971fc1b3540 ConcurrentGCThread "G1 Service" [stack: 0x000079719d92b000,0x000079719da2b000] [id=61443]

Threads with active compile tasks:

VM state: not at safepoint (normal execution)

VM Mutex/Monitor currently owned by a thread: None

Heap address: 0x0000000082000000, size: 30688 MB, Compressed Oops mode: Zero based, Oop shift amount: 3

CDS archive(s) mapped at: [0x0000797147000000-0x0000797147bca000-0x0000797147bca000), size 12361728, SharedBaseAddress: 0x0000797147000000, ArchiveRelocationMode: 1.
Compressed class space mapped at: 0x0000797148000000-0x0000797188000000, reserved size: 1073741824
Narrow klass base: 0x0000797147000000, Narrow klass shift: 0, Narrow klass range: 0x100000000

GC Precious Log:
 CPUs: 16 total, 16 available
 Memory: 121G
 Large Page Support: Disabled
 NUMA Support: Disabled
 Compressed Oops: Enabled (Zero based)
 Heap Region Size: 16M
 Heap Min Capacity: 16M
 Heap Initial Capacity: 1952M
 Heap Max Capacity: 30688M
 Pre-touch: Disabled
 Parallel Workers: 13
 Concurrent Workers: 3
 Concurrent Refinement Workers: 13
 Periodic GC: Disabled

Heap:
 garbage-first heap   total 2031616K, used 50796K [0x0000000082000000, 0x0000000800000000)
  region size 16384K, 4 young (65536K), 1 survivors (16384K)
 Metaspace       used 4867K, committed 5056K, reserved 1114112K
  class space    used 405K, committed 512K, reserved 1048576K

Heap Regions: E=young(eden), S=young(survivor), O=old, HS=humongous(starts), HC=humongous(continues), CS=collection set, F=free, OA=open archive, CA=closed archive, TAMS=top-at-mark-start (previous, next)
|   0|0x0000000082000000, 0x0000000082000000, 0x0000000083000000|  0%| F|  |TAMS 0x0000000082000000, 0x0000000082000000| Untracked 
|   1|0x0000000083000000, 0x0000000083000000, 0x0000000084000000|  0%| F|  |TAMS 0x0000000083000000, 0x0000000083000000| Untracked 
|   2|0x0000000084000000, 0x0000000084000000, 0x0000000085000000|  0%| F|  |TAMS 0x0000000084000000, 0x0000000084000000| Untracked 
|   3|0x0000000085000000, 0x0000000085000000, 0x0000000086000000|  0%| F|  |TAMS 0x0000000085000000, 0x0000000085000000| Untracked 
|   4|0x0000000086000000, 0x0000000086000000, 0x0000000087000000|  0%| F|  |TAMS 0x0000000086000000, 0x0000000086000000| Untracked 
|   5|0x0000000087000000, 0x0000000087000000, 0x0000000088000000|  0%| F|  |TAMS 0x0000000087000000, 0x0000000087000000| Untracked 
|   6|0x0000000088000000, 0x0000000088000000, 0x0000000089000000|  0%| F|  |TAMS 0x0000000088000000, 0x0000000088000000| Untracked 
|   7|0x0000000089000000, 0x0000000089000000, 0x000000008a000000|  0%| F|  |TAMS 0x0000000089000000, 0x0000000089000000| Untracked 
|   8|0x000000008a000000, 0x000000008a000000, 0x000000008b000000|  0%| F|  |TAMS 0x000000008a000000, 0x000000008a000000| Untracked 
|   9|0x000000008b000000, 0x000000008b000000, 0x000000008c000000|  0%| F|  |TAMS 0x000000008b000000, 0x000000008b000000| Untracked 
|  10|0x000000008c000000, 0x000000008c000000, 0x000000008d000000|  0%| F|  |TAMS 0x000000008c000000, 0x000000008c000000| Untracked 
|  11|0x000000008d000000, 0x000000008d000000, 0x000000008e000000|  0%| F|  |TAMS 0x000000008d000000, 0x000000008d000000| Untracked 
|  12|0x000000008e000000, 0x000000008e000000, 0x000000008f000000|  0%| F|  |TAMS 0x000000008e000000, 0x000000008e000000| Untracked 
|  13|0x000000008f000000, 0x000000008f000000, 0x0000000090000000|  0%| F|  |TAMS 0x000000008f000000, 0x000000008f000000| Untracked 
|  14|0x0000000090000000, 0x0000000090000000, 0x0000000091000000|  0%| F|  |TAMS 0x0000000090000000, 0x0000000090000000| Untracked 
|  15|0x0000000091000000, 0x0000000091000000, 0x0000000092000000|  0%| F|  |TAMS 0x0000000091000000, 0x0000000091000000| Untracked 
|  16|0x0000000092000000, 0x0000000092000000, 0x0000000093000000|  0%| F|  |TAMS 0x0000000092000000, 0x0000000092000000| Untracked 
|  17|0x0000000093000000, 0x0000000093000000, 0x0000000094000000|  0%| F|  |TAMS 0x0000000093000000, 0x0000000093000000| Untracked 
|  18|0x0000000094000000, 0x0000000094000000, 0x0000000095000000|  0%| F|  |TAMS 0x0000000094000000, 0x0000000094000000| Untracked 
|  19|0x0000000095000000, 0x0000000095000000, 0x0000000096000000|  0%| F|  |TAMS 0x0000000095000000, 0x0000000095000000| Untracked 
|  20|0x0000000096000000, 0x0000000096000000, 0x0000000097000000|  0%| F|  |TAMS 0x0000000096000000, 0x0000000096000000| Untracked 
|  21|0x0000000097000000, 0x0000000097000000, 0x0000000098000000|  0%| F|  |TAMS 0x0000000097000000, 0x0000000097000000| Untracked 
|  22|0x0000000098000000, 0x0000000098000000, 0x0000000099000000|  0%| F|  |TAMS 0x0000000098000000, 0x0000000098000000| Untracked 
|  23|0x0000000099000000, 0x0000000099000000, 0x000000009a000000|  0%| F|  |TAMS 0x0000000099000000, 0x0000000099000000| Untracked 
|  24|0x000000009a000000, 0x000000009a000000, 0x000000009b000000|  0%| F|  |TAMS 0x000000009a000000, 0x000000009a000000| Untracked 
|  25|0x000000009b000000, 0x000000009b000000, 0x000000009c000000|  0%| F|  |TAMS 0x000000009b000000, 0x000000009b000000| Untracked 
|  26|0x000000009c000000, 0x000000009c000000, 0x000000009d000000|  0%| F|  |TAMS 0x000000009c000000, 0x000000009c000000| Untracked 
|  27|0x000000009d000000, 0x000000009d000000, 0x000000009e000000|  0%| F|  |TAMS 0x000000009d000000, 0x000000009d000000| Untracked 
|  28|0x000000009e000000, 0x000000009e000000, 0x000000009f000000|  0%| F|  |TAMS 0x000000009e000000, 0x000000009e000000| Untracked 
|  29|0x000000009f000000, 0x000000009f000000, 0x00000000a0000000|  0%| F|  |TAMS 0x000000009f000000, 0x000000009f000000| Untracked 
|  30|0x00000000a0000000, 0x00000000a0000000, 0x00000000a1000000|  0%| F|  |TAMS 0x00000000a0000000, 0x00000000a0000000| Untracked 
|  31|0x00000000a1000000, 0x00000000a1000000, 0x00000000a2000000|  0%| F|  |TAMS 0x00000000a1000000, 0x00000000a1000000| Untracked 
|  32|0x00000000a2000000, 0x00000000a2000000, 0x00000000a3000000|  0%| F|  |TAMS 0x00000000a2000000, 0x00000000a2000000| Untracked 
|  33|0x00000000a3000000, 0x00000000a3000000, 0x00000000a4000000|  0%| F|  |TAMS 0x00000000a3000000, 0x00000000a3000000| Untracked 
|  34|0x00000000a4000000, 0x00000000a4000000, 0x00000000a5000000|  0%| F|  |TAMS 0x00000000a4000000, 0x00000000a4000000| Untracked 
|  35|0x00000000a5000000, 0x00000000a5000000, 0x00000000a6000000|  0%| F|  |TAMS 0x00000000a5000000, 0x00000000a5000000| Untracked 
|  36|0x00000000a6000000, 0x00000000a6000000, 0x00000000a7000000|  0%| F|  |TAMS 0x00000000a6000000, 0x00000000a6000000| Untracked 
|  37|0x00000000a7000000, 0x00000000a7000000, 0x00000000a8000000|  0%| F|  |TAMS 0x00000000a7000000, 0x00000000a7000000| Untracked 
|  38|0x00000000a8000000, 0x00000000a8000000, 0x00000000a9000000|  0%| F|  |TAMS 0x00000000a8000000, 0x00000000a8000000| Untracked 
|  39|0x00000000a9000000, 0x00000000a9000000, 0x00000000aa000000|  0%| F|  |TAMS 0x00000000a9000000, 0x00000000a9000000| Untracked 
|  40|0x00000000aa000000, 0x00000000aa000000, 0x00000000ab000000|  0%| F|  |TAMS 0x00000000aa000000, 0x00000000aa000000| Untracked 
|  41|0x00000000ab000000, 0x00000000ab000000, 0x00000000ac000000|  0%| F|  |TAMS 0x00000000ab000000, 0x00000000ab000000| Untracked 
|  42|0x00000000ac000000, 0x00000000ac000000, 0x00000000ad000000|  0%| F|  |TAMS 0x00000000ac000000, 0x00000000ac000000| Untracked 
|  43|0x00000000ad000000, 0x00000000ad000000, 0x00000000ae000000|  0%| F|  |TAMS 0x00000000ad000000, 0x00000000ad000000| Untracked 
|  44|0x00000000ae000000, 0x00000000ae000000, 0x00000000af000000|  0%| F|  |TAMS 0x00000000ae000000, 0x00000000ae000000| Untracked 
|  45|0x00000000af000000, 0x00000000af000000, 0x00000000b0000000|  0%| F|  |TAMS 0x00000000af000000, 0x00000000af000000| Untracked 
|  46|0x00000000b0000000, 0x00000000b0000000, 0x00000000b1000000|  0%| F|  |TAMS 0x00000000b0000000, 0x00000000b0000000| Untracked 
|  47|0x00000000b1000000, 0x00000000b1000000, 0x00000000b2000000|  0%| F|  |TAMS 0x00000000b1000000, 0x00000000b1000000| Untracked 
|  48|0x00000000b2000000, 0x00000000b2000000, 0x00000000b3000000|  0%| F|  |TAMS 0x00000000b2000000, 0x00000000b2000000| Untracked 
|  49|0x00000000b3000000, 0x00000000b3000000, 0x00000000b4000000|  0%| F|  |TAMS 0x00000000b3000000, 0x00000000b3000000| Untracked 
|  50|0x00000000b4000000, 0x00000000b4000000, 0x00000000b5000000|  0%| F|  |TAMS 0x00000000b4000000, 0x00000000b4000000| Untracked 
|  51|0x00000000b5000000, 0x00000000b5000000, 0x00000000b6000000|  0%| F|  |TAMS 0x00000000b5000000, 0x00000000b5000000| Untracked 
|  52|0x00000000b6000000, 0x00000000b6000000, 0x00000000b7000000|  0%| F|  |TAMS 0x00000000b6000000, 0x00000000b6000000| Untracked 
|  53|0x00000000b7000000, 0x00000000b7000000, 0x00000000b8000000|  0%| F|  |TAMS 0x00000000b7000000, 0x00000000b7000000| Untracked 
|  54|0x00000000b8000000, 0x00000000b8000000, 0x00000000b9000000|  0%| F|  |TAMS 0x00000000b8000000, 0x00000000b8000000| Untracked 
|  55|0x00000000b9000000, 0x00000000b9000000, 0x00000000ba000000|  0%| F|  |TAMS 0x00000000b9000000, 0x00000000b9000000| Untracked 
|  56|0x00000000ba000000, 0x00000000ba000000, 0x00000000bb000000|  0%| F|  |TAMS 0x00000000ba000000, 0x00000000ba000000| Untracked 
|  57|0x00000000bb000000, 0x00000000bb000000, 0x00000000bc000000|  0%| F|  |TAMS 0x00000000bb000000, 0x00000000bb000000| Untracked 
|  58|0x00000000bc000000, 0x00000000bc000000, 0x00000000bd000000|  0%| F|  |TAMS 0x00000000bc000000, 0x00000000bc000000| Untracked 
|  59|0x00000000bd000000, 0x00000000bd000000, 0x00000000be000000|  0%| F|  |TAMS 0x00000000bd000000, 0x00000000bd000000| Untracked 
|  60|0x00000000be000000, 0x00000000be000000, 0x00000000bf000000|  0%| F|  |TAMS 0x00000000be000000, 0x00000000be000000| Untracked 
|  61|0x00000000bf000000, 0x00000000bf000000, 0x00000000c0000000|  0%| F|  |TAMS 0x00000000bf000000, 0x00000000bf000000| Untracked 
|  62|0x00000000c0000000, 0x00000000c0000000, 0x00000000c1000000|  0%| F|  |TAMS 0x00000000c0000000, 0x00000000c0000000| Untracked 
|  63|0x00000000c1000000, 0x00000000c1000000, 0x00000000c2000000|  0%| F|  |TAMS 0x00000000c1000000, 0x00000000c1000000| Untracked 
|  64|0x00000000c2000000, 0x00000000c2000000, 0x00000000c3000000|  0%| F|  |TAMS 0x00000000c2000000, 0x00000000c2000000| Untracked 
|  65|0x00000000c3000000, 0x00000000c3000000, 0x00000000c4000000|  0%| F|  |TAMS 0x00000000c3000000, 0x00000000c3000000| Untracked 
|  66|0x00000000c4000000, 0x00000000c4000000, 0x00000000c5000000|  0%| F|  |TAMS 0x00000000c4000000, 0x00000000c4000000| Untracked 
|  67|0x00000000c5000000, 0x00000000c5000000, 0x00000000c6000000|  0%| F|  |TAMS 0x00000000c5000000, 0x00000000c5000000| Untracked 
|  68|0x00000000c6000000, 0x00000000c6000000, 0x00000000c7000000|  0%| F|  |TAMS 0x00000000c6000000, 0x00000000c6000000| Untracked 
|  69|0x00000000c7000000, 0x00000000c7000000, 0x00000000c8000000|  0%| F|  |TAMS 0x00000000c7000000, 0x00000000c7000000| Untracked 
|  70|0x00000000c8000000, 0x00000000c8000000, 0x00000000c9000000|  0%| F|  |TAMS 0x00000000c8000000, 0x00000000c8000000| Untracked 
|  71|0x00000000c9000000, 0x00000000c9000000, 0x00000000ca000000|  0%| F|  |TAMS 0x00000000c9000000, 0x00000000c9000000| Untracked 
|  72|0x00000000ca000000, 0x00000000ca000000, 0x00000000cb000000|  0%| F|  |TAMS 0x00000000ca000000, 0x00000000ca000000| Untracked 
|  73|0x00000000cb000000, 0x00000000cb000000, 0x00000000cc000000|  0%| F|  |TAMS 0x00000000cb000000, 0x00000000cb000000| Untracked 
|  74|0x00000000cc000000, 0x00000000cc000000, 0x00000000cd000000|  0%| F|  |TAMS 0x00000000cc000000, 0x00000000cc000000| Untracked 
|  75|0x00000000cd000000, 0x00000000cd000000, 0x00000000ce000000|  0%| F|  |TAMS 0x00000000cd000000, 0x00000000cd000000| Untracked 
|  76|0x00000000ce000000, 0x00000000ce000000, 0x00000000cf000000|  0%| F|  |TAMS 0x00000000ce000000, 0x00000000ce000000| Untracked 
|  77|0x00000000cf000000, 0x00000000cf000000, 0x00000000d0000000|  0%| F|  |TAMS 0x00000000cf000000, 0x00000000cf000000| Untracked 
|  78|0x00000000d0000000, 0x00000000d0000000, 0x00000000d1000000|  0%| F|  |TAMS 0x00000000d0000000, 0x00000000d0000000| Untracked 
|  79|0x00000000d1000000, 0x00000000d1000000, 0x00000000d2000000|  0%| F|  |TAMS 0x00000000d1000000, 0x00000000d1000000| Untracked 
|  80|0x00000000d2000000, 0x00000000d2000000, 0x00000000d3000000|  0%| F|  |TAMS 0x00000000d2000000, 0x00000000d2000000| Untracked 
|  81|0x00000000d3000000, 0x00000000d3000000, 0x00000000d4000000|  0%| F|  |TAMS 0x00000000d3000000, 0x00000000d3000000| Untracked 
|  82|0x00000000d4000000, 0x00000000d4000000, 0x00000000d5000000|  0%| F|  |TAMS 0x00000000d4000000, 0x00000000d4000000| Untracked 
|  83|0x00000000d5000000, 0x00000000d5000000, 0x00000000d6000000|  0%| F|  |TAMS 0x00000000d5000000, 0x00000000d5000000| Untracked 
|  84|0x00000000d6000000, 0x00000000d6000000, 0x00000000d7000000|  0%| F|  |TAMS 0x00000000d6000000, 0x00000000d6000000| Untracked 
|  85|0x00000000d7000000, 0x00000000d7000000, 0x00000000d8000000|  0%| F|  |TAMS 0x00000000d7000000, 0x00000000d7000000| Untracked 
|  86|0x00000000d8000000, 0x00000000d8000000, 0x00000000d9000000|  0%| F|  |TAMS 0x00000000d8000000, 0x00000000d8000000| Untracked 
|  87|0x00000000d9000000, 0x00000000d9000000, 0x00000000da000000|  0%| F|  |TAMS 0x00000000d9000000, 0x00000000d9000000| Untracked 
|  88|0x00000000da000000, 0x00000000da000000, 0x00000000db000000|  0%| F|  |TAMS 0x00000000da000000, 0x00000000da000000| Untracked 
|  89|0x00000000db000000, 0x00000000db000000, 0x00000000dc000000|  0%| F|  |TAMS 0x00000000db000000, 0x00000000db000000| Untracked 
|  90|0x00000000dc000000, 0x00000000dc000000, 0x00000000dd000000|  0%| F|  |TAMS 0x00000000dc000000, 0x00000000dc000000| Untracked 
|  91|0x00000000dd000000, 0x00000000dd000000, 0x00000000de000000|  0%| F|  |TAMS 0x00000000dd000000, 0x00000000dd000000| Untracked 
|  92|0x00000000de000000, 0x00000000de000000, 0x00000000df000000|  0%| F|  |TAMS 0x00000000de000000, 0x00000000de000000| Untracked 
|  93|0x00000000df000000, 0x00000000df000000, 0x00000000e0000000|  0%| F|  |TAMS 0x00000000df000000, 0x00000000df000000| Untracked 
|  94|0x00000000e0000000, 0x00000000e0000000, 0x00000000e1000000|  0%| F|  |TAMS 0x00000000e0000000, 0x00000000e0000000| Untracked 
|  95|0x00000000e1000000, 0x00000000e1000000, 0x00000000e2000000|  0%| F|  |TAMS 0x00000000e1000000, 0x00000000e1000000| Untracked 
|  96|0x00000000e2000000, 0x00000000e2000000, 0x00000000e3000000|  0%| F|  |TAMS 0x00000000e2000000, 0x00000000e2000000| Untracked 
|  97|0x00000000e3000000, 0x00000000e3000000, 0x00000000e4000000|  0%| F|  |TAMS 0x00000000e3000000, 0x00000000e3000000| Untracked 
|  98|0x00000000e4000000, 0x00000000e4000000, 0x00000000e5000000|  0%| F|  |TAMS 0x00000000e4000000, 0x00000000e4000000| Untracked 
|  99|0x00000000e5000000, 0x00000000e5000000, 0x00000000e6000000|  0%| F|  |TAMS 0x00000000e5000000, 0x00000000e5000000| Untracked 
| 100|0x00000000e6000000, 0x00000000e6000000, 0x00000000e7000000|  0%| F|  |TAMS 0x00000000e6000000, 0x00000000e6000000| Untracked 
| 101|0x00000000e7000000, 0x00000000e7000000, 0x00000000e8000000|  0%| F|  |TAMS 0x00000000e7000000, 0x00000000e7000000| Untracked 
| 102|0x00000000e8000000, 0x00000000e8000000, 0x00000000e9000000|  0%| F|  |TAMS 0x00000000e8000000, 0x00000000e8000000| Untracked 
| 103|0x00000000e9000000, 0x00000000e9000000, 0x00000000ea000000|  0%| F|  |TAMS 0x00000000e9000000, 0x00000000e9000000| Untracked 
| 104|0x00000000ea000000, 0x00000000ea000000, 0x00000000eb000000|  0%| F|  |TAMS 0x00000000ea000000, 0x00000000ea000000| Untracked 
| 105|0x00000000eb000000, 0x00000000eb000000, 0x00000000ec000000|  0%| F|  |TAMS 0x00000000eb000000, 0x00000000eb000000| Untracked 
| 106|0x00000000ec000000, 0x00000000ec000000, 0x00000000ed000000|  0%| F|  |TAMS 0x00000000ec000000, 0x00000000ec000000| Untracked 
| 107|0x00000000ed000000, 0x00000000ed000000, 0x00000000ee000000|  0%| F|  |TAMS 0x00000000ed000000, 0x00000000ed000000| Untracked 
| 108|0x00000000ee000000, 0x00000000ee000000, 0x00000000ef000000|  0%| F|  |TAMS 0x00000000ee000000, 0x00000000ee000000| Untracked 
| 109|0x00000000ef000000, 0x00000000ef000000, 0x00000000f0000000|  0%| F|  |TAMS 0x00000000ef000000, 0x00000000ef000000| Untracked 
| 110|0x00000000f0000000, 0x00000000f0000000, 0x00000000f1000000|  0%| F|  |TAMS 0x00000000f0000000, 0x00000000f0000000| Untracked 
| 111|0x00000000f1000000, 0x00000000f1000000, 0x00000000f2000000|  0%| F|  |TAMS 0x00000000f1000000, 0x00000000f1000000| Untracked 
| 112|0x00000000f2000000, 0x00000000f2000000, 0x00000000f3000000|  0%| F|  |TAMS 0x00000000f2000000, 0x00000000f2000000| Untracked 
| 113|0x00000000f3000000, 0x00000000f3000000, 0x00000000f4000000|  0%| F|  |TAMS 0x00000000f3000000, 0x00000000f3000000| Untracked 
| 114|0x00000000f4000000, 0x00000000f4000000, 0x00000000f5000000|  0%| F|  |TAMS 0x00000000f4000000, 0x00000000f4000000| Untracked 
| 115|0x00000000f5000000, 0x00000000f51ae0b8, 0x00000000f6000000| 10%| S|CS|TAMS 0x00000000f5000000, 0x00000000f5000000| Complete 
| 116|0x00000000f6000000, 0x00000000f6000000, 0x00000000f7000000|  0%| F|  |TAMS 0x00000000f6000000, 0x00000000f6000000| Untracked 
| 117|0x00000000f7000000, 0x00000000f7000000, 0x00000000f8000000|  0%| F|  |TAMS 0x00000000f7000000, 0x00000000f7000000| Untracked 
| 118|0x00000000f8000000, 0x00000000f8000000, 0x00000000f9000000|  0%| F|  |TAMS 0x00000000f8000000, 0x00000000f8000000| Untracked 
| 119|0x00000000f9000000, 0x00000000f991d040, 0x00000000fa000000| 56%| E|  |TAMS 0x00000000f9000000, 0x00000000f9000000| Complete 
| 120|0x00000000fa000000, 0x00000000fb000000, 0x00000000fb000000|100%| E|CS|TAMS 0x00000000fa000000, 0x00000000fa000000| Complete 
| 121|0x00000000fb000000, 0x00000000fc000000, 0x00000000fc000000|100%| E|CS|TAMS 0x00000000fb000000, 0x00000000fb000000| Complete 
|1916|0x00000007fe000000, 0x00000007fef75000, 0x00000007ff000000| 96%|OA|  |TAMS 0x00000007fe000000, 0x00000007fe000000| Untracked 
|1917|0x00000007ff000000, 0x00000007ff078000, 0x0000000800000000|  2%|CA|  |TAMS 0x00000007ff000000, 0x00000007ff000000| Untracked 

Card table byte_map: [0x00007971dda20000,0x00007971e1610000] _byte_map_base: 0x00007971dd610000

Marking Bits (Prev, Next): (CMBitMap*) 0x00007971fc060f50, (CMBitMap*) 0x00007971fc060f90
 Prev Bits: [0x00007971bbeb0000, 0x00007971d9e30000)
 Next Bits: [0x000079719df30000, 0x00007971bbeb0000)

Polling page: 0x0000797205c23000

Metaspace:

Usage:
  Non-class:      4.36 MB used.
      Class:    405.22 KB used.
       Both:      4.75 MB used.

Virtual space:
  Non-class space:       64.00 MB reserved,       4.44 MB (  7%) committed,  1 nodes.
      Class space:        1.00 GB reserved,     512.00 KB ( <1%) committed,  1 nodes.
             Both:        1.06 GB reserved,       4.94 MB ( <1%) committed. 

Chunk freelists:
   Non-Class:  9.17 MB
       Class:  15.47 MB
        Both:  24.64 MB

MaxMetaspaceSize: unlimited
CompressedClassSpaceSize: 1.00 GB
Initial GC threshold: 21.00 MB
Current GC threshold: 21.00 MB
CDS: on
MetaspaceReclaimPolicy: balanced
 - commit_granule_bytes: 65536.
 - commit_granule_words: 8192.
 - virtual_space_node_default_size: 8388608.
 - enlarge_chunks_in_place: 1.
 - new_chunks_are_fully_committed: 0.
 - uncommit_free_chunks: 1.
 - use_allocation_guard: 0.
 - handle_deallocations: 1.


Internal statistics:

num_allocs_failed_limit: 0.
num_arena_births: 52.
num_arena_deaths: 0.
num_vsnodes_births: 2.
num_vsnodes_deaths: 0.
num_space_committed: 79.
num_space_uncommitted: 0.
num_chunks_returned_to_freelist: 0.
num_chunks_taken_from_freelist: 177.
num_chunk_merges: 0.
num_chunk_splits: 140.
num_chunks_enlarged: 113.
num_inconsistent_stats: 0.

CodeHeap 'non-profiled nmethods': size=119168Kb used=311Kb max_used=311Kb free=118856Kb
 bounds [0x00007971ecda0000, 0x00007971ed010000, 0x00007971f4200000]
CodeHeap 'profiled nmethods': size=119164Kb used=1562Kb max_used=1562Kb free=117601Kb
 bounds [0x00007971e5200000, 0x00007971e5470000, 0x00007971ec65f000]
CodeHeap 'non-nmethods': size=7428Kb used=2892Kb max_used=2921Kb free=4535Kb
 bounds [0x00007971ec65f000, 0x00007971ec93f000, 0x00007971ecda0000]
 total_blobs=1400 nmethods=889 adapters=422
 compilation: enabled
              stopped_count=0, restarted_count=0
 full_count=0

Compilation events (20 events):
Event: 0.231 Thread 0x00007971280e8d10 nmethod 873 0x00007971ecddd710 code [0x00007971ecddd8a0, 0x00007971ecddd970]
Event: 0.231 Thread 0x00007971280e8d10  878       1       com.github.grishberg.cad3d.plugin.cfg.ThumbClusterSettings::getZOffset (5 bytes)
Event: 0.231 Thread 0x000079711c19eaf0 nmethod 876 0x00007971ecddda10 code [0x00007971ecdddba0, 0x00007971ecdddc70]
Event: 0.231 Thread 0x00007971280e8d10 nmethod 878 0x00007971ecdddd10 code [0x00007971ecdddea0, 0x00007971ecdddf70]
Event: 0.231 Thread 0x00007971fc1f56d0 nmethod 877 0x00007971ecdde010 code [0x00007971ecdde1a0, 0x00007971ecdde270]
Event: 0.231 Thread 0x000079711c19fbf0 nmethod 875 0x00007971e5383c90 code [0x00007971e5383ea0, 0x00007971e53842d0]
Event: 0.231 Thread 0x00007971fc1f56d0  879       3       com.github.grishberg.cad3d.keyboard.Utils::hull (26 bytes)
Event: 0.231 Thread 0x00007971fc1f4170 nmethod 845 0x00007971ecdde310 code [0x00007971ecdde520, 0x00007971ecdded48]
Event: 0.231 Thread 0x00007971fc1f4170  846       4       java.util.HashSet::iterator (13 bytes)
Event: 0.231 Thread 0x00007971fc1f56d0 nmethod 879 0x00007971e5384510 code [0x00007971e53847a0, 0x00007971e5385340]
Event: 0.233 Thread 0x00007971fc1f56d0  881       3       java.util.Arrays::asList (9 bytes)
Event: 0.233 Thread 0x000079711c19fbf0  882       3       java.util.Arrays$ArrayList::<init> (16 bytes)
Event: 0.233 Thread 0x00007971fc1f56d0 nmethod 881 0x00007971e5385790 code [0x00007971e5385960, 0x00007971e5385de0]
Event: 0.233 Thread 0x000079711c19fbf0 nmethod 882 0x00007971e5385f90 code [0x00007971e5386160, 0x00007971e5386540]
Event: 0.235 Thread 0x00007971fc1f4170 nmethod 846 0x00007971ecddf290 code [0x00007971ecddf440, 0x00007971ecddfa58]
Event: 0.236 Thread 0x00007971fc1f4170  880       4       java.lang.String::startsWith (138 bytes)
Event: 0.238 Thread 0x000079711008f5a0 nmethod 865 0x00007971ecddfd90 code [0x00007971ecddff40, 0x00007971ecde0498]
Event: 0.238 Thread 0x000079711008f5a0  847       4       java.util.HashMap::putAll (7 bytes)
Event: 0.238 Thread 0x00007971fc1f4170 nmethod 880 0x00007971ecde0790 code [0x00007971ecde0920, 0x00007971ecde0bf8]
Event: 0.238 Thread 0x00007971fc1f4170  849       4       eu.printingin3d.javascad.models.Abstract3dModel::cloneModel (85 bytes)

GC Heap History (2 events):
Event: 0.211 GC heap before
{Heap before GC invocations=0 (full 0):
 garbage-first heap   total 2031616K, used 114612K [0x0000000082000000, 0x0000000800000000)
  region size 16384K, 6 young (98304K), 0 survivors (0K)
 Metaspace       used 4768K, committed 4992K, reserved 1114112K
  class space    used 390K, committed 512K, reserved 1048576K
}
Event: 0.213 GC heap after
{Heap after GC invocations=1 (full 0):
 garbage-first heap   total 2031616K, used 18028K [0x0000000082000000, 0x0000000800000000)
  region size 16384K, 1 young (16384K), 1 survivors (16384K)
 Metaspace       used 4768K, committed 4992K, reserved 1114112K
  class space    used 390K, committed 512K, reserved 1048576K
}

Dll operation events (9 events):
Event: 0.001 Loaded shared library /home/grishberg/.gradle/jdks/eclipse_adoptium-17-amd64-linux/jdk-17.0.19+10/lib/libjava.so
Event: 0.015 Loaded shared library /home/grishberg/.gradle/jdks/eclipse_adoptium-17-amd64-linux/jdk-17.0.19+10/lib/libjsvml.so
Event: 0.023 Loaded shared library /home/grishberg/.gradle/jdks/eclipse_adoptium-17-amd64-linux/jdk-17.0.19+10/lib/libnio.so
Event: 0.024 Loaded shared library /home/grishberg/.gradle/jdks/eclipse_adoptium-17-amd64-linux/jdk-17.0.19+10/lib/libzip.so
Event: 0.127 Loaded shared library /home/grishberg/.gradle/jdks/eclipse_adoptium-17-amd64-linux/jdk-17.0.19+10/lib/libjimage.so
Event: 0.130 Loaded shared library /home/grishberg/.gradle/jdks/eclipse_adoptium-17-amd64-linux/jdk-17.0.19+10/lib/libnet.so
Event: 0.149 Loaded shared library /tmp/manifold3d7298801351634296612/libmanifold.so
Event: 0.166 Loaded shared library /tmp/manifold3d7298801351634296612/libmanifoldc.so
Event: 0.167 Loaded shared library /tmp/manifold3d7298801351634296612/libmanifold_jni.so

Deoptimization events (20 events):
Event: 0.049 Thread 0x00007971fc02a990 DEOPT PACKING pc=0x00007971e520ca3c sp=0x000079720570acb0
Event: 0.049 Thread 0x00007971fc02a990 DEOPT UNPACKING pc=0x00007971ec6b5e2f sp=0x000079720570a120 mode 0
Event: 0.054 Thread 0x00007971fc02a990 DEOPT PACKING pc=0x00007971e520ca3c sp=0x0000797205712b10
Event: 0.054 Thread 0x00007971fc02a990 DEOPT UNPACKING pc=0x00007971ec6b5e2f sp=0x0000797205711f80 mode 0
Event: 0.059 Thread 0x00007971fc02a990 DEOPT PACKING pc=0x00007971e52116b6 sp=0x0000797205710640
Event: 0.059 Thread 0x00007971fc02a990 DEOPT UNPACKING pc=0x00007971ec6b5e2f sp=0x000079720570fa80 mode 0
Event: 0.062 Thread 0x00007971fc02a990 DEOPT PACKING pc=0x00007971e5202342 sp=0x0000797205713ae0
Event: 0.062 Thread 0x00007971fc02a990 DEOPT UNPACKING pc=0x00007971ec6b5e2f sp=0x0000797205712f78 mode 0
Event: 0.111 Thread 0x000079710802fee0 Uncommon trap: trap_request=0xffffff45 fr.pc=0x00007971ecdae2f4 relative=0x0000000000000254
Event: 0.111 Thread 0x000079710802fee0 Uncommon trap: reason=unstable_if action=reinterpret pc=0x00007971ecdae2f4 method=java.lang.String.startsWith(Ljava/lang/String;I)Z @ 1 c2
Event: 0.111 Thread 0x000079710802fee0 DEOPT PACKING pc=0x00007971ecdae2f4 sp=0x0000797142ffcb10
Event: 0.111 Thread 0x000079710802fee0 DEOPT UNPACKING pc=0x00007971ec6b5699 sp=0x0000797142ffca98 mode 2
Event: 0.120 Thread 0x000079710802fee0 Uncommon trap: trap_request=0xffffff45 fr.pc=0x00007971ecdbeeb4 relative=0x0000000000000214
Event: 0.120 Thread 0x000079710802fee0 Uncommon trap: reason=unstable_if action=reinterpret pc=0x00007971ecdbeeb4 method=java.lang.String.startsWith(Ljava/lang/String;I)Z @ 14 c2
Event: 0.120 Thread 0x000079710802fee0 DEOPT PACKING pc=0x00007971ecdbeeb4 sp=0x0000797142ffd8f0
Event: 0.120 Thread 0x000079710802fee0 DEOPT UNPACKING pc=0x00007971ec6b5699 sp=0x0000797142ffd818 mode 2
Event: 0.123 Thread 0x000079710802fee0 Uncommon trap: trap_request=0xffffff6e fr.pc=0x00007971ecdabedc relative=0x000000000000033c
Event: 0.123 Thread 0x000079710802fee0 Uncommon trap: reason=loop_limit_check action=maybe_recompile pc=0x00007971ecdabedc method=java.lang.StringLatin1.indexOf([BI[BII)I @ 37 c2
Event: 0.123 Thread 0x000079710802fee0 DEOPT PACKING pc=0x00007971ecdabedc sp=0x0000797142ffddb0
Event: 0.123 Thread 0x000079710802fee0 DEOPT UNPACKING pc=0x00007971ec6b5699 sp=0x0000797142ffdd30 mode 2

Classes loaded (20 events):
Event: 0.130 Loading class sun/nio/ch/FileChannelImpl$Closer
Event: 0.130 Loading class sun/nio/ch/FileChannelImpl$Closer done
Event: 0.130 Loading class java/nio/channels/Channels
Event: 0.130 Loading class java/nio/channels/Channels done
Event: 0.130 Loading class java/nio/channels/Channels$1
Event: 0.130 Loading class java/nio/channels/Channels$1 done
Event: 0.130 Loading class java/nio/channels/SelectableChannel
Event: 0.130 Loading class java/nio/channels/SelectableChannel done
Event: 0.130 Loading class sun/nio/ch/NativeThread
Event: 0.130 Loading class sun/nio/ch/NativeThread done
Event: 0.130 Loading class sun/nio/ch/Util
Event: 0.130 Loading class sun/nio/ch/Util done
Event: 0.130 Loading class sun/nio/ch/Util$1
Event: 0.130 Loading class sun/nio/ch/Util$1 done
Event: 0.130 Loading class sun/nio/ch/Util$BufferCache
Event: 0.130 Loading class sun/nio/ch/Util$BufferCache done
Event: 0.130 Loading class java/nio/DirectByteBuffer$Deallocator
Event: 0.130 Loading class java/nio/DirectByteBuffer$Deallocator done
Event: 0.130 Loading class sun/nio/ch/IOStatus
Event: 0.130 Loading class sun/nio/ch/IOStatus done

Classes unloaded (0 events):
No events

Classes redefined (0 events):
No events

Internal exceptions (6 events):
Event: 0.129 Thread 0x000079710802fee0 Exception <a 'sun/nio/fs/UnixException'{0x00000000fa0dafd8}> (0x00000000fa0dafd8) 
thrown [src/hotspot/share/prims/jni.cpp, line 516]
Event: 0.149 Thread 0x000079710802fee0 Exception <a 'sun/nio/fs/UnixException'{0x00000000fa0e4cd0}> (0x00000000fa0e4cd0) 
thrown [src/hotspot/share/prims/jni.cpp, line 516]
Event: 0.165 Thread 0x000079710802fee0 Exception <a 'sun/nio/fs/UnixException'{0x00000000fa0eb3f0}> (0x00000000fa0eb3f0) 
thrown [src/hotspot/share/prims/jni.cpp, line 516]
Event: 0.166 Thread 0x000079710802fee0 Exception <a 'sun/nio/fs/UnixException'{0x00000000fa0f1c10}> (0x00000000fa0f1c10) 
thrown [src/hotspot/share/prims/jni.cpp, line 516]
Event: 0.167 Thread 0x000079710802fee0 Exception <a 'sun/nio/fs/UnixException'{0x00000000fa104288}> (0x00000000fa104288) 
thrown [src/hotspot/share/prims/jni.cpp, line 516]
Event: 0.226 Thread 0x0000797108057fb0 Exception <a 'java/lang/NoSuchMethodError'{0x00000000fb595690}: 'java.lang.Object java.lang.invoke.DirectMethodHandle$Holder.newInvokeSpecial(java.lang.Object, java.lang.Object, java.lang.Object, java.lang.Object, java.lang.Object, java.lang.Object)'> (0x00000000fb595690) 
thrown [src/hotspot/share/interpreter/linkResolver.cpp, line 758]

VM Operations (4 events):
Event: 0.129 Executing VM operation: HandshakeAllThreads
Event: 0.129 Executing VM operation: HandshakeAllThreads done
Event: 0.209 Executing VM operation: G1CollectForAllocation
Event: 0.213 Executing VM operation: G1CollectForAllocation done

Memory protections (20 events):
Event: 0.018 Protecting memory [0x000079719d458000,0x000079719d45c000] with protection modes 0
Event: 0.018 Protecting memory [0x000079719cd00000,0x000079719cd04000] with protection modes 0
Event: 0.018 Protecting memory [0x000079719cc00000,0x000079719cc04000] with protection modes 0
Event: 0.018 Protecting memory [0x000079719cb00000,0x000079719cb04000] with protection modes 0
Event: 0.018 Protecting memory [0x000079719ca00000,0x000079719ca04000] with protection modes 0
Event: 0.018 Protecting memory [0x000079719c900000,0x000079719c904000] with protection modes 0
Event: 0.020 Protecting memory [0x000079719c800000,0x000079719c804000] with protection modes 0
Event: 0.021 Protecting memory [0x000079719c5ff000,0x000079719c603000] with protection modes 0
Event: 0.054 Protecting memory [0x000079719c4ff000,0x000079719c503000] with protection modes 0
Event: 0.058 Protecting memory [0x000079719c3ff000,0x000079719c403000] with protection modes 0
Event: 0.096 Protecting memory [0x000079719c2ff000,0x000079719c303000] with protection modes 0
Event: 0.097 Protecting memory [0x000079719c1ff000,0x000079719c203000] with protection modes 0
Event: 0.104 Protecting memory [0x000079719c0ff000,0x000079719c103000] with protection modes 0
Event: 0.104 Protecting memory [0x0000797142f00000,0x0000797142f04000] with protection modes 0
Event: 0.104 Protecting memory [0x0000797142e00000,0x0000797142e04000] with protection modes 0
Event: 0.105 Protecting memory [0x0000797142d00000,0x0000797142d04000] with protection modes 0
Event: 0.142 Protecting memory [0x0000797142c00000,0x0000797142c04000] with protection modes 0
Event: 0.142 Protecting memory [0x0000797142b00000,0x0000797142b04000] with protection modes 0
Event: 0.226 Protecting memory [0x00007970d5cf0000,0x00007970d5cf4000] with protection modes 0
Event: 0.230 Protecting memory [0x00007970d5bf0000,0x00007970d5bf4000] with protection modes 0

Nmethod flushes (0 events):
No events

Events (20 events):
Event: 0.018 Thread 0x00007971fc02a990 Thread added: 0x00007971fc1efef0
Event: 0.018 Thread 0x00007971fc02a990 Thread added: 0x00007971fc1f12d0
Event: 0.018 Thread 0x00007971fc02a990 Thread added: 0x00007971fc1f2710
Event: 0.018 Thread 0x00007971fc02a990 Thread added: 0x00007971fc1f4170
Event: 0.018 Thread 0x00007971fc02a990 Thread added: 0x00007971fc1f56d0
Event: 0.018 Thread 0x00007971fc02a990 Thread added: 0x00007971fc1f6b70
Event: 0.020 Thread 0x00007971fc02a990 Thread added: 0x00007971fc1fe8a0
Event: 0.021 Thread 0x00007971fc02a990 Thread added: 0x00007971fc202090
Event: 0.054 Thread 0x00007971fc1f4170 Thread added: 0x00007971280e8d10
Event: 0.058 Thread 0x00007971280e8d10 Thread added: 0x000079711005a310
Event: 0.096 Thread 0x00007971fc02a990 Thread added: 0x00007971fc474130
Event: 0.097 Thread 0x00007971fc02a990 Thread added: 0x00007971fc475290
Event: 0.104 Thread 0x00007971fc474130 Thread added: 0x0000797108064d20
Event: 0.104 Thread 0x00007971fc474130 Thread added: 0x000079710802fee0
Event: 0.104 Thread 0x00007971fc474130 Thread added: 0x0000797108054d10
Event: 0.105 Thread 0x00007971fc474130 Thread added: 0x0000797108057fb0
Event: 0.142 Thread 0x00007971fc1f56d0 Thread added: 0x000079711c19eaf0
Event: 0.142 Thread 0x00007971fc1f56d0 Thread added: 0x000079711c19fbf0
Event: 0.226 Thread 0x0000797108057fb0 Thread added: 0x00007970ec135450
Event: 0.230 Thread 0x00007971280e8d10 Thread added: 0x000079711008f5a0


Dynamic libraries:
82000000-fc000000 rw-p 00000000 00:00 0 
fc000000-7fe000000 ---p 00000000 00:00 0 
7fe000000-7fef00000 rw-p 00000000 00:00 0 
7fef00000-7fef75000 rw-p 00c7a000 103:01 75498865                        /home/grishberg/.gradle/jdks/eclipse_adoptium-17-amd64-linux/jdk-17.0.19+10/lib/server/classes.jsa
7fef75000-7ff000000 rw-p 00000000 00:00 0 
7ff000000-7ff078000 rw-p 00c02000 103:01 75498865                        /home/grishberg/.gradle/jdks/eclipse_adoptium-17-amd64-linux/jdk-17.0.19+10/lib/server/classes.jsa
7ff078000-800000000 rw-p 00000000 00:00 0 
558a91f22000-558a91f23000 r--p 00000000 103:01 75498845                  /home/grishberg/.gradle/jdks/eclipse_adoptium-17-amd64-linux/jdk-17.0.19+10/bin/java
558a91f23000-558a91f24000 r-xp 00001000 103:01 75498845                  /home/grishberg/.gradle/jdks/eclipse_adoptium-17-amd64-linux/jdk-17.0.19+10/bin/java
558a91f24000-558a91f25000 r--p 00002000 103:01 75498845                  /home/grishberg/.gradle/jdks/eclipse_adoptium-17-amd64-linux/jdk-17.0.19+10/bin/java
558a91f25000-558a91f26000 r--p 00002000 103:01 75498845                  /home/grishberg/.gradle/jdks/eclipse_adoptium-17-amd64-linux/jdk-17.0.19+10/bin/java
558a91f26000-558a91f27000 rw-p 00003000 103:01 75498845                  /home/grishberg/.gradle/jdks/eclipse_adoptium-17-amd64-linux/jdk-17.0.19+10/bin/java
558ab7868000-558ab78ad000 rw-p 00000000 00:00 0                          [heap]
797064000000-79706409e000 rw-p 00000000 00:00 0 
79706409e000-797068000000 ---p 00000000 00:00 0 
79706c000000-79706c021000 rw-p 00000000 00:00 0 
79706c021000-797070000000 ---p 00000000 00:00 0 
797070000000-7970709cb000 rw-p 00000000 00:00 0 
7970709cb000-797074000000 ---p 00000000 00:00 0 
797074000000-797074021000 rw-p 00000000 00:00 0 
797074021000-797078000000 ---p 00000000 00:00 0 
797078000000-797078021000 rw-p 00000000 00:00 0 
797078021000-79707c000000 ---p 00000000 00:00 0 
79707c000000-79707c021000 rw-p 00000000 00:00 0 
79707c021000-797080000000 ---p 00000000 00:00 0 
797080000000-797080021000 rw-p 00000000 00:00 0 
797080021000-797084000000 ---p 00000000 00:00 0 
797084000000-797084021000 rw-p 00000000 00:00 0 
797084021000-797088000000 ---p 00000000 00:00 0 
797088000000-797088021000 rw-p 00000000 00:00 0 
797088021000-79708c000000 ---p 00000000 00:00 0 
79708c000000-79708c021000 rw-p 00000000 00:00 0 
79708c021000-797090000000 ---p 00000000 00:00 0 
797090000000-797090021000 rw-p 00000000 00:00 0 
797090021000-797094000000 ---p 00000000 00:00 0 
797094000000-797094021000 rw-p 00000000 00:00 0 
797094021000-797098000000 ---p 00000000 00:00 0 
797098000000-797098021000 rw-p 00000000 00:00 0 
797098021000-79709c000000 ---p 00000000 00:00 0 
79709c000000-79709c021000 rw-p 00000000 00:00 0 
79709c021000-7970a0000000 ---p 00000000 00:00 0 
7970a0000000-7970a0021000 rw-p 00000000 00:00 0 
7970a0021000-7970a4000000 ---p 00000000 00:00 0 
7970a4000000-7970a4074000 rw-p 00000000 00:00 0 
7970a4074000-7970a8000000 ---p 00000000 00:00 0 
7970a8000000-7970a8021000 rw-p 00000000 00:00 0 
7970a8021000-7970ac000000 ---p 00000000 00:00 0 
7970ac000000-7970ac021000 rw-p 00000000 00:00 0 
7970ac021000-7970b0000000 ---p 00000000 00:00 0 
7970b4000000-7970b4021000 rw-p 00000000 00:00 0 
7970b4021000-7970b8000000 ---p 00000000 00:00 0 
7970b8000000-7970b8021000 rw-p 00000000 00:00 0 
7970b8021000-7970bc000000 ---p 00000000 00:00 0 
7970bc000000-7970bc021000 rw-p 00000000 00:00 0 
7970bc021000-7970c0000000 ---p 00000000 00:00 0 
7970c4000000-7970c4021000 rw-p 00000000 00:00 0 
7970c4021000-7970c8000000 ---p 00000000 00:00 0 
7970c8000000-7970c8021000 rw-p 00000000 00:00 0 
7970c8021000-7970cc000000 ---p 00000000 00:00 0 
7970cc000000-7970cc021000 rw-p 00000000 00:00 0 
7970cc021000-7970d0000000 ---p 00000000 00:00 0 
7970d0000000-7970d0021000 rw-p 00000000 00:00 0 
7970d0021000-7970d4000000 ---p 00000000 00:00 0 
7970d5808000-7970d5bf0000 rw-p 00000000 00:00 0 
7970d5bf0000-7970d5bf4000 ---p 00000000 00:00 0 
7970d5bf4000-7970d5cf0000 rw-p 00000000 00:00 0 
7970d5cf0000-7970d5cf4000 ---p 00000000 00:00 0 
7970d5cf4000-7970d5df0000 rw-p 00000000 00:00 0 
7970d5df0000-7970d5df1000 ---p 00000000 00:00 0 
7970d5df1000-7970d5ef1000 rw-p 00000000 00:00 0 
7970d5ef1000-7970d5ef2000 ---p 00000000 00:00 0 
7970d5ef2000-7970d5ff2000 rw-p 00000000 00:00 0 
7970d5ff2000-7970d5ff3000 ---p 00000000 00:00 0 
7970d5ff3000-7970d60f3000 rw-p 00000000 00:00 0 
7970d60f3000-7970d60f4000 ---p 00000000 00:00 0 
7970d60f4000-7970d61f4000 rw-p 00000000 00:00 0 
7970d61f4000-7970d61f5000 ---p 00000000 00:00 0 
7970d61f5000-7970d62f5000 rw-p 00000000 00:00 0 
7970d62f5000-7970d62f6000 ---p 00000000 00:00 0 
7970d62f6000-7970d63f6000 rw-p 00000000 00:00 0 
7970d63f6000-7970d63f7000 ---p 00000000 00:00 0 
7970d63f7000-7970d64f7000 rw-p 00000000 00:00 0 
7970d64f7000-7970d64f8000 ---p 00000000 00:00 0 
7970d64f8000-7970d65f8000 rw-p 00000000 00:00 0 
7970d65f8000-7970d65f9000 ---p 00000000 00:00 0 
7970d65f9000-7970d66f9000 rw-p 00000000 00:00 0 
7970d66f9000-7970d66fa000 ---p 00000000 00:00 0 
7970d66fa000-7970d67fa000 rw-p 00000000 00:00 0 
7970d67fa000-7970d67fb000 ---p 00000000 00:00 0 
7970d67fb000-7970d6bfb000 rw-p 00000000 00:00 0 
7970d6bfb000-7970d6bfc000 ---p 00000000 00:00 0 
7970d6bfc000-7970d6ffc000 rw-p 00000000 00:00 0 
7970d6ffc000-7970d6ffd000 ---p 00000000 00:00 0 
7970d6ffd000-7970d73fd000 rw-p 00000000 00:00 0 
7970d73fd000-7970d73fe000 ---p 00000000 00:00 0 
7970d73fe000-7970d77fe000 rw-p 00000000 00:00 0 
7970d77fe000-7970d77ff000 ---p 00000000 00:00 0 
7970d77ff000-7970d7bff000 rw-p 00000000 00:00 0 
7970d7bff000-7970d7c00000 ---p 00000000 00:00 0 
7970d7c00000-7970d8000000 rw-p 00000000 00:00 0 
7970d8000000-7970d8021000 rw-p 00000000 00:00 0 
7970d8021000-7970dc000000 ---p 00000000 00:00 0 
7970dc000000-7970dc021000 rw-p 00000000 00:00 0 
7970dc021000-7970e0000000 ---p 00000000 00:00 0 
7970e0000000-7970e0021000 rw-p 00000000 00:00 0 
7970e0021000-7970e4000000 ---p 00000000 00:00 0 
7970e4000000-7970e4155000 rw-p 00000000 00:00 0 
7970e4155000-7970e8000000 ---p 00000000 00:00 0 
7970e8000000-7970e8021000 rw-p 00000000 00:00 0 
7970e8021000-7970ec000000 ---p 00000000 00:00 0 
7970ec000000-7970ec1ab000 rw-p 00000000 00:00 0 
7970ec1ab000-7970f0000000 ---p 00000000 00:00 0 
7970f0000000-7970f00dc000 rw-p 00000000 00:00 0 
7970f00dc000-7970f4000000 ---p 00000000 00:00 0 
7970f4000000-7970f40a4000 rw-p 00000000 00:00 0 
7970f40a4000-7970f8000000 ---p 00000000 00:00 0 
7970f8000000-7970f8052000 rw-p 00000000 00:00 0 
7970f8052000-7970fc000000 ---p 00000000 00:00 0 
7970fc000000-7970fc5df000 rw-p 00000000 00:00 0 
7970fc5df000-797100000000 ---p 00000000 00:00 0 
797100000000-797100201000 rw-p 00000000 00:00 0 
797100201000-797104000000 ---p 00000000 00:00 0 
797104000000-797104681000 rw-p 00000000 00:00 0 
797104681000-797108000000 ---p 00000000 00:00 0 
797108000000-797108067000 rw-p 00000000 00:00 0 
797108067000-79710c000000 ---p 00000000 00:00 0 
79710c000000-79710c021000 rw-p 00000000 00:00 0 
79710c021000-797110000000 ---p 00000000 00:00 0 
797110000000-797110160000 rw-p 00000000 00:00 0 
797110160000-797114000000 ---p 00000000 00:00 0 
797114000000-797114021000 rw-p 00000000 00:00 0 
797114021000-797118000000 ---p 00000000 00:00 0 
797118000000-797118021000 rw-p 00000000 00:00 0 
797118021000-79711c000000 ---p 00000000 00:00 0 
79711c000000-79711c3b9000 rw-p 00000000 00:00 0 
79711c3b9000-797120000000 ---p 00000000 00:00 0 
797120000000-797120021000 rw-p 00000000 00:00 0 
797120021000-797124000000 ---p 00000000 00:00 0 
797124000000-797124021000 rw-p 00000000 00:00 0 
797124021000-797128000000 ---p 00000000 00:00 0 
797128000000-797128526000 rw-p 00000000 00:00 0 
797128526000-79712c000000 ---p 00000000 00:00 0 
79712c000000-79712c021000 rw-p 00000000 00:00 0 
79712c021000-797130000000 ---p 00000000 00:00 0 
797130000000-797130021000 rw-p 00000000 00:00 0 
797130021000-797134000000 ---p 00000000 00:00 0 
797134000000-797134021000 rw-p 00000000 00:00 0 
797134021000-797138000000 ---p 00000000 00:00 0 
797138000000-797138021000 rw-p 00000000 00:00 0 
797138021000-79713c000000 ---p 00000000 00:00 0 
79713c000000-79713c021000 rw-p 00000000 00:00 0 
79713c021000-797140000000 ---p 00000000 00:00 0 
7971400f6000-7971400f7000 ---p 00000000 00:00 0 
7971400f7000-7971401f7000 rw-p 00000000 00:00 0 
7971401f7000-7971401f8000 ---p 00000000 00:00 0 
7971401f8000-7971405f8000 rw-p 00000000 00:00 0 
7971405f8000-7971405f9000 ---p 00000000 00:00 0 
7971405f9000-7971409f9000 rw-p 00000000 00:00 0 
7971409f9000-7971409fa000 ---p 00000000 00:00 0 
7971409fa000-797140dfa000 rw-p 00000000 00:00 0 
797140dfa000-797140dfb000 ---p 00000000 00:00 0 
797140dfb000-7971411fb000 rw-p 00000000 00:00 0 
7971411fb000-7971411fc000 ---p 00000000 00:00 0 
7971411fc000-7971415fc000 rw-p 00000000 00:00 0 
7971415fc000-7971415fd000 ---p 00000000 00:00 0 
7971415fd000-7971419fd000 rw-p 00000000 00:00 0 
7971419fd000-7971419fe000 ---p 00000000 00:00 0 
7971419fe000-797141dfe000 rw-p 00000000 00:00 0 
797141dfe000-797141dff000 ---p 00000000 00:00 0 
797141dff000-7971421ff000 rw-p 00000000 00:00 0 
7971421ff000-797142200000 ---p 00000000 00:00 0 
797142200000-797142600000 rw-p 00000000 00:00 0 
797142600000-7971426b9000 r--p 00000000 103:01 51523240                  /tmp/manifold3d7298801351634296612/libmanifold.so
7971426b9000-797142904000 r-xp 000b9000 103:01 51523240                  /tmp/manifold3d7298801351634296612/libmanifold.so
797142904000-797142977000 r--p 00304000 103:01 51523240                  /tmp/manifold3d7298801351634296612/libmanifold.so
797142977000-797142985000 r--p 00376000 103:01 51523240                  /tmp/manifold3d7298801351634296612/libmanifold.so
797142985000-79714298a000 rw-p 00384000 103:01 51523240                  /tmp/manifold3d7298801351634296612/libmanifold.so
79714298a000-79714299f000 rw-p 00000000 00:00 0 
7971429ff000-797142a00000 ---p 00000000 00:00 0 
797142a00000-797142b00000 rw-p 00000000 00:00 0 
797142b00000-797142b04000 ---p 00000000 00:00 0 
797142b04000-797142c00000 rw-p 00000000 00:00 0 
797142c00000-797142c04000 ---p 00000000 00:00 0 
797142c04000-797142d00000 rw-p 00000000 00:00 0 
797142d00000-797142d04000 ---p 00000000 00:00 0 
797142d04000-797142e00000 rw-p 00000000 00:00 0 
797142e00000-797142e04000 ---p 00000000 00:00 0 
797142e04000-797142f00000 rw-p 00000000 00:00 0 
797142f00000-797142f04000 ---p 00000000 00:00 0 
797142f04000-797143000000 rw-p 00000000 00:00 0 
797143000000-797143190000 rw-p 00000000 00:00 0 
797143190000-797143400000 ---p 00000000 00:00 0 
797143400000-7971436e0000 rw-p 00000000 00:00 0 
7971436e0000-797147000000 ---p 00000000 00:00 0 
797147000000-797147bca000 rw-p 00001000 103:01 75498865                  /home/grishberg/.gradle/jdks/eclipse_adoptium-17-amd64-linux/jdk-17.0.19+10/lib/server/classes.jsa
797147bca000-797148000000 ---p 00000000 00:00 0 
797148000000-797148040000 rw-p 00000000 00:00 0 
797148040000-797148070000 rw-p 00000000 00:00 0 
797148070000-797148080000 ---p 00000000 00:00 0 
797148080000-797148090000 rw-p 00000000 00:00 0 
797148090000-797188000000 ---p 00000000 00:00 0 
797188000000-797188021000 rw-p 00000000 00:00 0 
797188021000-79718c000000 ---p 00000000 00:00 0 
79718c000000-79718c021000 rw-p 00000000 00:00 0 
79718c021000-797190000000 ---p 00000000 00:00 0 
797190000000-797190021000 rw-p 00000000 00:00 0 
797190021000-797194000000 ---p 00000000 00:00 0 
797194000000-797194021000 rw-p 00000000 00:00 0 
797194021000-797198000000 ---p 00000000 00:00 0 
797198000000-797198021000 rw-p 00000000 00:00 0 
797198021000-79719c000000 ---p 00000000 00:00 0 
79719c0ff000-79719c103000 ---p 00000000 00:00 0 
79719c103000-79719c1ff000 rw-p 00000000 00:00 0 
79719c1ff000-79719c203000 ---p 00000000 00:00 0 
79719c203000-79719c2ff000 rw-p 00000000 00:00 0 
79719c2ff000-79719c303000 ---p 00000000 00:00 0 
79719c303000-79719c3ff000 rw-p 00000000 00:00 0 
79719c3ff000-79719c403000 ---p 00000000 00:00 0 
79719c403000-79719c4ff000 rw-p 00000000 00:00 0 
79719c4ff000-79719c503000 ---p 00000000 00:00 0 
79719c503000-79719c5ff000 rw-p 00000000 00:00 0 
79719c5ff000-79719c603000 ---p 00000000 00:00 0 
79719c603000-79719c6ff000 rw-p 00000000 00:00 0 
79719c6ff000-79719c700000 ---p 00000000 00:00 0 
79719c700000-79719c800000 rw-p 00000000 00:00 0 
79719c800000-79719c804000 ---p 00000000 00:00 0 
79719c804000-79719c900000 rw-p 00000000 00:00 0 
79719c900000-79719c904000 ---p 00000000 00:00 0 
79719c904000-79719ca00000 rw-p 00000000 00:00 0 
79719ca00000-79719ca04000 ---p 00000000 00:00 0 
79719ca04000-79719cb00000 rw-p 00000000 00:00 0 
79719cb00000-79719cb04000 ---p 00000000 00:00 0 
79719cb04000-79719cc00000 rw-p 00000000 00:00 0 
79719cc00000-79719cc04000 ---p 00000000 00:00 0 
79719cc04000-79719cd00000 rw-p 00000000 00:00 0 
79719cd00000-79719cd04000 ---p 00000000 00:00 0 
79719cd04000-79719ce00000 rw-p 00000000 00:00 0 
79719ce00000-79719d375000 r--p 00000000 103:01 90475490                  /usr/lib/locale/locale-archive
79719d458000-79719d45c000 ---p 00000000 00:00 0 
79719d45c000-79719d558000 rw-p 00000000 00:00 0 
79719d558000-79719d55c000 ---p 00000000 00:00 0 
79719d55c000-79719d658000 rw-p 00000000 00:00 0 
79719d658000-79719d65c000 ---p 00000000 00:00 0 
79719d65c000-79719d758000 rw-p 00000000 00:00 0 
79719d758000-79719d759000 ---p 00000000 00:00 0 
79719d759000-79719d859000 rw-p 00000000 00:00 0 
79719d859000-79719d85e000 r--p 00000000 103:01 75498881                  /home/grishberg/.gradle/jdks/eclipse_adoptium-17-amd64-linux/jdk-17.0.19+10/lib/libjsvml.so
79719d85e000-79719d89f000 r-xp 00005000 103:01 75498881                  /home/grishberg/.gradle/jdks/eclipse_adoptium-17-amd64-linux/jdk-17.0.19+10/lib/libjsvml.so
79719d89f000-79719d928000 r--p 00046000 103:01 75498881                  /home/grishberg/.gradle/jdks/eclipse_adoptium-17-amd64-linux/jdk-17.0.19+10/lib/libjsvml.so
79719d928000-79719d929000 r--p 000ce000 103:01 75498881                  /home/grishberg/.gradle/jdks/eclipse_adoptium-17-amd64-linux/jdk-17.0.19+10/lib/libjsvml.so
79719d929000-79719d92a000 rw-p 000cf000 103:01 75498881                  /home/grishberg/.gradle/jdks/eclipse_adoptium-17-amd64-linux/jdk-17.0.19+10/lib/libjsvml.so
79719d92a000-79719d92b000 ---p 00000000 00:00 0 
79719d92b000-79719da2b000 rw-p 00000000 00:00 0 
79719da2b000-79719da2c000 ---p 00000000 00:00 0 
79719da2c000-79719db2c000 rw-p 00000000 00:00 0 
79719db2c000-79719fdb0000 rw-p 00000000 00:00 0 
79719fdb0000-7971bbe30000 ---p 00000000 00:00 0 
7971bbe30000-7971bdd30000 rw-p 00000000 00:00 0 
7971bdd30000-7971d9db0000 ---p 00000000 00:00 0 
7971d9db0000-7971da200000 rw-p 00000000 00:00 0 
7971da200000-7971dda10000 ---p 00000000 00:00 0 
7971dda10000-7971dddf0000 rw-p 00000000 00:00 0 
7971dddf0000-7971e1600000 ---p 00000000 00:00 0 
7971e1600000-7971e19e0000 rw-p 00000000 00:00 0 
7971e19e0000-7971e51f0000 ---p 00000000 00:00 0 
7971e51f0000-7971e5200000 rw-p 00000000 00:00 0 
7971e5200000-7971e5470000 rwxp 00000000 00:00 0 
7971e5470000-7971ec65f000 ---p 00000000 00:00 0 
7971ec65f000-7971ec93f000 rwxp 00000000 00:00 0 
7971ec93f000-7971ecda0000 ---p 00000000 00:00 0 
7971ecda0000-7971ed010000 rwxp 00000000 00:00 0 
7971ed010000-7971f4200000 ---p 00000000 00:00 0 
7971f4200000-7971fbe3b000 r--s 00000000 103:01 75498899                  /home/grishberg/.gradle/jdks/eclipse_adoptium-17-amd64-linux/jdk-17.0.19+10/lib/modules
7971fbe76000-7971fbe82000 r--p 00000000 103:01 51523242                  /tmp/manifold3d7298801351634296612/libmanifoldc.so
7971fbe82000-7971fbe93000 r-xp 0000c000 103:01 51523242                  /tmp/manifold3d7298801351634296612/libmanifoldc.so
7971fbe93000-7971fbe9a000 r--p 0001d000 103:01 51523242                  /tmp/manifold3d7298801351634296612/libmanifoldc.so
7971fbe9a000-7971fbe9b000 ---p 00024000 103:01 51523242                  /tmp/manifold3d7298801351634296612/libmanifoldc.so
7971fbe9b000-7971fbe9c000 r--p 00024000 103:01 51523242                  /tmp/manifold3d7298801351634296612/libmanifoldc.so
7971fbe9c000-7971fbe9d000 rw-p 00025000 103:01 51523242                  /tmp/manifold3d7298801351634296612/libmanifoldc.so
7971fbeff000-7971fc487000 rw-p 00000000 00:00 0 
7971fc487000-797200000000 ---p 00000000 00:00 0 
79720001d000-797202800000 rw-p 00000000 00:00 0 
79720281d000-79720295f000 rw-p 00000000 00:00 0 
79720295f000-797202960000 ---p 00000000 00:00 0 
797202960000-797202a60000 rw-p 00000000 00:00 0 
797202a60000-797202a61000 ---p 00000000 00:00 0 
797202a61000-797202b61000 rw-p 00000000 00:00 0 
797202b61000-797202b62000 ---p 00000000 00:00 0 
797202b62000-797202c62000 rw-p 00000000 00:00 0 
797202c62000-797203b1c000 rw-p 00000000 00:00 0 
797203b1c000-797203c00000 ---p 00000000 00:00 0 
797203c00000-797203e53000 r--p 00000000 103:01 75498866                  /home/grishberg/.gradle/jdks/eclipse_adoptium-17-amd64-linux/jdk-17.0.19+10/lib/server/libjvm.so
797203e53000-797204b7b000 r-xp 00253000 103:01 75498866                  /home/grishberg/.gradle/jdks/eclipse_adoptium-17-amd64-linux/jdk-17.0.19+10/lib/server/libjvm.so
797204b7b000-797204e08000 r--p 00f7b000 103:01 75498866                  /home/grishberg/.gradle/jdks/eclipse_adoptium-17-amd64-linux/jdk-17.0.19+10/lib/server/libjvm.so
797204e08000-797204e09000 ---p 01208000 103:01 75498866                  /home/grishberg/.gradle/jdks/eclipse_adoptium-17-amd64-linux/jdk-17.0.19+10/lib/server/libjvm.so
797204e09000-797204ec2000 r--p 01208000 103:01 75498866                  /home/grishberg/.gradle/jdks/eclipse_adoptium-17-amd64-linux/jdk-17.0.19+10/lib/server/libjvm.so
797204ec2000-797204ef7000 rw-p 012c1000 103:01 75498866                  /home/grishberg/.gradle/jdks/eclipse_adoptium-17-amd64-linux/jdk-17.0.19+10/lib/server/libjvm.so
797204ef7000-797204f52000 rw-p 00000000 00:00 0 
797204f69000-797204f6b000 r--p 00000000 103:01 75498880                  /home/grishberg/.gradle/jdks/eclipse_adoptium-17-amd64-linux/jdk-17.0.19+10/lib/libzip.so
797204f6b000-797204f7e000 r-xp 00002000 103:01 75498880                  /home/grishberg/.gradle/jdks/eclipse_adoptium-17-amd64-linux/jdk-17.0.19+10/lib/libzip.so
797204f7e000-797204f85000 r--p 00015000 103:01 75498880                  /home/grishberg/.gradle/jdks/eclipse_adoptium-17-amd64-linux/jdk-17.0.19+10/lib/libzip.so
797204f85000-797204f86000 ---p 0001c000 103:01 75498880                  /home/grishberg/.gradle/jdks/eclipse_adoptium-17-amd64-linux/jdk-17.0.19+10/lib/libzip.so
797204f86000-797204f87000 r--p 0001c000 103:01 75498880                  /home/grishberg/.gradle/jdks/eclipse_adoptium-17-amd64-linux/jdk-17.0.19+10/lib/libzip.so
797204f87000-797204f88000 rw-p 0001d000 103:01 75498880                  /home/grishberg/.gradle/jdks/eclipse_adoptium-17-amd64-linux/jdk-17.0.19+10/lib/libzip.so
797204f88000-797205000000 rw-p 00000000 00:00 0 
797205000000-79720509d000 r--p 00000000 103:01 90443236                  /usr/lib/x86_64-linux-gnu/libstdc++.so.6.0.33
79720509d000-7972051e5000 r-xp 0009d000 103:01 90443236                  /usr/lib/x86_64-linux-gnu/libstdc++.so.6.0.33
7972051e5000-79720526c000 r--p 001e5000 103:01 90443236                  /usr/lib/x86_64-linux-gnu/libstdc++.so.6.0.33
79720526c000-797205277000 r--p 0026b000 103:01 90443236                  /usr/lib/x86_64-linux-gnu/libstdc++.so.6.0.33
797205277000-79720527a000 rw-p 00276000 103:01 90443236                  /usr/lib/x86_64-linux-gnu/libstdc++.so.6.0.33
79720527a000-79720527e000 rw-p 00000000 00:00 0 
797205282000-797205287000 r--p 00000000 103:01 51523244                  /tmp/manifold3d7298801351634296612/libmanifold_jni.so
797205287000-79720528a000 r-xp 00005000 103:01 51523244                  /tmp/manifold3d7298801351634296612/libmanifold_jni.so
79720528a000-79720528b000 r--p 00008000 103:01 51523244                  /tmp/manifold3d7298801351634296612/libmanifold_jni.so
79720528b000-79720528c000 r--p 00009000 103:01 51523244                  /tmp/manifold3d7298801351634296612/libmanifold_jni.so
79720528c000-79720528d000 rw-p 0000a000 103:01 51523244                  /tmp/manifold3d7298801351634296612/libmanifold_jni.so
79720528d000-7972052be000 rw-p 00000000 00:00 0 
7972052be000-7972052c2000 r--p 00000000 103:01 75498890                  /home/grishberg/.gradle/jdks/eclipse_adoptium-17-amd64-linux/jdk-17.0.19+10/lib/libnet.so
7972052c2000-7972052d0000 r-xp 00004000 103:01 75498890                  /home/grishberg/.gradle/jdks/eclipse_adoptium-17-amd64-linux/jdk-17.0.19+10/lib/libnet.so
7972052d0000-7972052d4000 r--p 00012000 103:01 75498890                  /home/grishberg/.gradle/jdks/eclipse_adoptium-17-amd64-linux/jdk-17.0.19+10/lib/libnet.so
7972052d4000-7972052d5000 r--p 00015000 103:01 75498890                  /home/grishberg/.gradle/jdks/eclipse_adoptium-17-amd64-linux/jdk-17.0.19+10/lib/libnet.so
7972052d5000-7972052d6000 rw-p 00016000 103:01 75498890                  /home/grishberg/.gradle/jdks/eclipse_adoptium-17-amd64-linux/jdk-17.0.19+10/lib/libnet.so
7972052d6000-7972052dd000 r--p 00000000 103:01 75498910                  /home/grishberg/.gradle/jdks/eclipse_adoptium-17-amd64-linux/jdk-17.0.19+10/lib/libnio.so
7972052dd000-7972052e6000 r-xp 00007000 103:01 75498910                  /home/grishberg/.gradle/jdks/eclipse_adoptium-17-amd64-linux/jdk-17.0.19+10/lib/libnio.so
7972052e6000-7972052ea000 r--p 00010000 103:01 75498910                  /home/grishberg/.gradle/jdks/eclipse_adoptium-17-amd64-linux/jdk-17.0.19+10/lib/libnio.so
7972052ea000-7972052eb000 ---p 00014000 103:01 75498910                  /home/grishberg/.gradle/jdks/eclipse_adoptium-17-amd64-linux/jdk-17.0.19+10/lib/libnio.so
7972052eb000-7972052ec000 r--p 00014000 103:01 75498910                  /home/grishberg/.gradle/jdks/eclipse_adoptium-17-amd64-linux/jdk-17.0.19+10/lib/libnio.so
7972052ec000-7972052ed000 rw-p 00015000 103:01 75498910                  /home/grishberg/.gradle/jdks/eclipse_adoptium-17-amd64-linux/jdk-17.0.19+10/lib/libnio.so
7972052ed000-7972052f2000 rw-p 00000000 00:00 0 
7972052f2000-7972053d6000 ---p 00000000 00:00 0 
7972053d6000-7972053e4000 r--p 00000000 103:01 75498920                  /home/grishberg/.gradle/jdks/eclipse_adoptium-17-amd64-linux/jdk-17.0.19+10/lib/libjava.so
7972053e4000-7972053f6000 r-xp 0000e000 103:01 75498920                  /home/grishberg/.gradle/jdks/eclipse_adoptium-17-amd64-linux/jdk-17.0.19+10/lib/libjava.so
7972053f6000-7972053fc000 r--p 00020000 103:01 75498920                  /home/grishberg/.gradle/jdks/eclipse_adoptium-17-amd64-linux/jdk-17.0.19+10/lib/libjava.so
7972053fc000-7972053fd000 ---p 00026000 103:01 75498920                  /home/grishberg/.gradle/jdks/eclipse_adoptium-17-amd64-linux/jdk-17.0.19+10/lib/libjava.so
7972053fd000-7972053fe000 r--p 00026000 103:01 75498920                  /home/grishberg/.gradle/jdks/eclipse_adoptium-17-amd64-linux/jdk-17.0.19+10/lib/libjava.so
7972053fe000-7972053ff000 rw-p 00027000 103:01 75498920                  /home/grishberg/.gradle/jdks/eclipse_adoptium-17-amd64-linux/jdk-17.0.19+10/lib/libjava.so
7972053ff000-797205400000 rw-p 00000000 00:00 0 
797205400000-797205428000 r--p 00000000 103:01 90442148                  /usr/lib/x86_64-linux-gnu/libc.so.6
797205428000-7972055b0000 r-xp 00028000 103:01 90442148                  /usr/lib/x86_64-linux-gnu/libc.so.6
7972055b0000-7972055ff000 r--p 001b0000 103:01 90442148                  /usr/lib/x86_64-linux-gnu/libc.so.6
7972055ff000-797205603000 r--p 001fe000 103:01 90442148                  /usr/lib/x86_64-linux-gnu/libc.so.6
797205603000-797205605000 rw-p 00202000 103:01 90442148                  /usr/lib/x86_64-linux-gnu/libc.so.6
797205605000-797205612000 rw-p 00000000 00:00 0 
797205617000-79720561b000 ---p 00000000 00:00 0 
79720561b000-797205717000 rw-p 00000000 00:00 0 
797205717000-797205727000 r--p 00000000 103:01 90442151                  /usr/lib/x86_64-linux-gnu/libm.so.6
797205727000-7972057a6000 r-xp 00010000 103:01 90442151                  /usr/lib/x86_64-linux-gnu/libm.so.6
7972057a6000-7972057fe000 r--p 0008f000 103:01 90442151                  /usr/lib/x86_64-linux-gnu/libm.so.6
7972057fe000-7972057ff000 r--p 000e7000 103:01 90442151                  /usr/lib/x86_64-linux-gnu/libm.so.6
7972057ff000-797205800000 rw-p 000e8000 103:01 90442151                  /usr/lib/x86_64-linux-gnu/libm.so.6
797205800000-7972058b9000 r--p 00000000 103:01 51521774                  /home/grishberg/projects/java/opengl_kbd_render/cad3d/build/manifold-natives/manifold3d/natives/linux-x86_64/libmanifold.so.3
7972058b9000-797205b04000 r-xp 000b9000 103:01 51521774                  /home/grishberg/projects/java/opengl_kbd_render/cad3d/build/manifold-natives/manifold3d/natives/linux-x86_64/libmanifold.so.3
797205b04000-797205b77000 r--p 00304000 103:01 51521774                  /home/grishberg/projects/java/opengl_kbd_render/cad3d/build/manifold-natives/manifold3d/natives/linux-x86_64/libmanifold.so.3
797205b77000-797205b85000 r--p 00376000 103:01 51521774                  /home/grishberg/projects/java/opengl_kbd_render/cad3d/build/manifold-natives/manifold3d/natives/linux-x86_64/libmanifold.so.3
797205b85000-797205b8a000 rw-p 00384000 103:01 51521774                  /home/grishberg/projects/java/opengl_kbd_render/cad3d/build/manifold-natives/manifold3d/natives/linux-x86_64/libmanifold.so.3
797205b8a000-797205b9f000 rw-p 00000000 00:00 0 
797205ba0000-797205ba6000 rw-p 00000000 00:00 0 
797205ba6000-797205baf000 ---p 00000000 00:00 0 
797205baf000-797205bb3000 r--p 00000000 103:01 75498904                  /home/grishberg/.gradle/jdks/eclipse_adoptium-17-amd64-linux/jdk-17.0.19+10/lib/libjimage.so
797205bb3000-797205bc6000 r-xp 00004000 103:01 75498904                  /home/grishberg/.gradle/jdks/eclipse_adoptium-17-amd64-linux/jdk-17.0.19+10/lib/libjimage.so
797205bc6000-797205bcc000 r--p 00017000 103:01 75498904                  /home/grishberg/.gradle/jdks/eclipse_adoptium-17-amd64-linux/jdk-17.0.19+10/lib/libjimage.so
797205bcc000-797205bce000 r--p 0001c000 103:01 75498904                  /home/grishberg/.gradle/jdks/eclipse_adoptium-17-amd64-linux/jdk-17.0.19+10/lib/libjimage.so
797205bce000-797205bcf000 rw-p 0001e000 103:01 75498904                  /home/grishberg/.gradle/jdks/eclipse_adoptium-17-amd64-linux/jdk-17.0.19+10/lib/libjimage.so
797205bcf000-797205bd0000 r--p 00000000 103:01 90442162                  /usr/lib/x86_64-linux-gnu/librt.so.1
797205bd0000-797205bd1000 r-xp 00001000 103:01 90442162                  /usr/lib/x86_64-linux-gnu/librt.so.1
797205bd1000-797205bd2000 r--p 00002000 103:01 90442162                  /usr/lib/x86_64-linux-gnu/librt.so.1
797205bd2000-797205bd3000 r--p 00002000 103:01 90442162                  /usr/lib/x86_64-linux-gnu/librt.so.1
797205bd3000-797205bd4000 rw-p 00003000 103:01 90442162                  /usr/lib/x86_64-linux-gnu/librt.so.1
797205bd4000-797205bd9000 rw-p 00000000 00:00 0 
797205bd9000-797205bdd000 r--p 00000000 103:01 90443244                  /usr/lib/x86_64-linux-gnu/libgcc_s.so.1
797205bdd000-797205c01000 r-xp 00004000 103:01 90443244                  /usr/lib/x86_64-linux-gnu/libgcc_s.so.1
797205c01000-797205c05000 r--p 00028000 103:01 90443244                  /usr/lib/x86_64-linux-gnu/libgcc_s.so.1
797205c05000-797205c06000 r--p 0002b000 103:01 90443244                  /usr/lib/x86_64-linux-gnu/libgcc_s.so.1
797205c06000-797205c07000 rw-p 0002c000 103:01 90443244                  /usr/lib/x86_64-linux-gnu/libgcc_s.so.1
797205c07000-797205c08000 r--p 00000000 103:01 90442150                  /usr/lib/x86_64-linux-gnu/libdl.so.2
797205c08000-797205c09000 r-xp 00001000 103:01 90442150                  /usr/lib/x86_64-linux-gnu/libdl.so.2
797205c09000-797205c0a000 r--p 00002000 103:01 90442150                  /usr/lib/x86_64-linux-gnu/libdl.so.2
797205c0a000-797205c0b000 r--p 00002000 103:01 90442150                  /usr/lib/x86_64-linux-gnu/libdl.so.2
797205c0b000-797205c0c000 rw-p 00003000 103:01 90442150                  /usr/lib/x86_64-linux-gnu/libdl.so.2
797205c0c000-797205c0e000 rw-p 00000000 00:00 0 
797205c0e000-797205c0f000 r--p 00000000 103:01 90442160                  /usr/lib/x86_64-linux-gnu/libpthread.so.0
797205c0f000-797205c10000 r-xp 00001000 103:01 90442160                  /usr/lib/x86_64-linux-gnu/libpthread.so.0
797205c10000-797205c11000 r--p 00002000 103:01 90442160                  /usr/lib/x86_64-linux-gnu/libpthread.so.0
797205c11000-797205c12000 r--p 00002000 103:01 90442160                  /usr/lib/x86_64-linux-gnu/libpthread.so.0
797205c12000-797205c13000 rw-p 00003000 103:01 90442160                  /usr/lib/x86_64-linux-gnu/libpthread.so.0
797205c14000-797205c1b000 r--s 00000000 103:01 90442137                  /usr/lib/x86_64-linux-gnu/gconv/gconv-modules.cache
797205c1b000-797205c23000 rw-s 00000000 103:01 51523238                  /tmp/hsperfdata_grishberg/61437
797205c23000-797205c24000 ---p 00000000 00:00 0 
797205c24000-797205c25000 r--p 00000000 00:00 0 
797205c25000-797205c26000 ---p 00000000 00:00 0 
797205c26000-797205c29000 r--p 00000000 103:01 75498874                  /home/grishberg/.gradle/jdks/eclipse_adoptium-17-amd64-linux/jdk-17.0.19+10/lib/libjli.so
797205c29000-797205c39000 r-xp 00003000 103:01 75498874                  /home/grishberg/.gradle/jdks/eclipse_adoptium-17-amd64-linux/jdk-17.0.19+10/lib/libjli.so
797205c39000-797205c40000 r--p 00013000 103:01 75498874                  /home/grishberg/.gradle/jdks/eclipse_adoptium-17-amd64-linux/jdk-17.0.19+10/lib/libjli.so
797205c40000-797205c41000 r--p 00019000 103:01 75498874                  /home/grishberg/.gradle/jdks/eclipse_adoptium-17-amd64-linux/jdk-17.0.19+10/lib/libjli.so
797205c41000-797205c42000 rw-p 0001a000 103:01 75498874                  /home/grishberg/.gradle/jdks/eclipse_adoptium-17-amd64-linux/jdk-17.0.19+10/lib/libjli.so
797205c42000-797205c4e000 r--p 00000000 103:01 51521778                  /home/grishberg/projects/java/opengl_kbd_render/cad3d/build/manifold-natives/manifold3d/natives/linux-x86_64/libmanifoldc.so.3
797205c4e000-797205c5f000 r-xp 0000c000 103:01 51521778                  /home/grishberg/projects/java/opengl_kbd_render/cad3d/build/manifold-natives/manifold3d/natives/linux-x86_64/libmanifoldc.so.3
797205c5f000-797205c66000 r--p 0001d000 103:01 51521778                  /home/grishberg/projects/java/opengl_kbd_render/cad3d/build/manifold-natives/manifold3d/natives/linux-x86_64/libmanifoldc.so.3
797205c66000-797205c67000 ---p 00024000 103:01 51521778                  /home/grishberg/projects/java/opengl_kbd_render/cad3d/build/manifold-natives/manifold3d/natives/linux-x86_64/libmanifoldc.so.3
797205c67000-797205c68000 r--p 00024000 103:01 51521778                  /home/grishberg/projects/java/opengl_kbd_render/cad3d/build/manifold-natives/manifold3d/natives/linux-x86_64/libmanifoldc.so.3
797205c68000-797205c69000 rw-p 00025000 103:01 51521778                  /home/grishberg/projects/java/opengl_kbd_render/cad3d/build/manifold-natives/manifold3d/natives/linux-x86_64/libmanifoldc.so.3
797205c69000-797205c6b000 rw-p 00000000 00:00 0 
797205c6b000-797205c6f000 r--p 00000000 00:00 0                          [vvar]
797205c6f000-797205c71000 r--p 00000000 00:00 0                          [vvar_vclock]
797205c71000-797205c73000 r-xp 00000000 00:00 0                          [vdso]
797205c73000-797205c74000 r--p 00000000 103:01 90442145                  /usr/lib/x86_64-linux-gnu/ld-linux-x86-64.so.2
797205c74000-797205c9f000 r-xp 00001000 103:01 90442145                  /usr/lib/x86_64-linux-gnu/ld-linux-x86-64.so.2
797205c9f000-797205ca9000 r--p 0002c000 103:01 90442145                  /usr/lib/x86_64-linux-gnu/ld-linux-x86-64.so.2
797205ca9000-797205cab000 r--p 00036000 103:01 90442145                  /usr/lib/x86_64-linux-gnu/ld-linux-x86-64.so.2
797205cab000-797205cad000 rw-p 00038000 103:01 90442145                  /usr/lib/x86_64-linux-gnu/ld-linux-x86-64.so.2
7ffd3119d000-7ffd311bf000 rw-p 00000000 00:00 0                          [stack]
ffffffffff600000-ffffffffff601000 --xp 00000000 00:00 0                  [vsyscall]


VM Arguments:
jvm_args: -Dfile.encoding=UTF-8 -Duser.country=US -Duser.language=en -Duser.variant 
java_command: com.github.grishberg.cad3d.cli.CliRunnerKt --model matrix_right
java_class_path (initial): /home/grishberg/projects/java/opengl_kbd_render/cad3d/build/classes/java/main:/home/grishberg/projects/java/opengl_kbd_render/cad3d/build/classes/kotlin/main:/home/grishberg/projects/java/opengl_kbd_render/cad3d/build/resources/main:/home/grishberg/projects/java/opengl_kbd_render/common/build/libs/common-1.0.1.jar:/home/grishberg/projects/java/opengl_kbd_render/kbd_core/build/libs/kbd_core-1.0.1.jar:/home/grishberg/projects/java/opengl_kbd_render/plugin/build/libs/plugin-1.0.jar:/home/grishberg/projects/java/opengl_kbd_render/javascad/build/libs/javascad-1.0.jar:/home/grishberg/projects/java/opengl_kbd_render/libs/manifold3d-3.2.13.jar:/home/grishberg/.gradle/caches/modules-2/files-2.1/org.jetbrains.kotlin/kotlin-stdlib-jdk8/1.9.22/dea0c11e2fa503ab891c8a090e3b54754472975d/kotlin-stdlib-jdk8-1.9.22.jar:/home/grishberg/.gradle/caches/modules-2/files-2.1/org.jetbrains.kotlinx/kotlinx-coroutines-core-jvm/1.8.0/ac1dc37a30a93150b704022f8d895ee1bd3a36b3/kotlinx-coroutines-core-jvm-1.8.0.jar:/home/grishberg/.gradle/caches/modules-2/files-2.1/org.jetbrains.kotlin/kotlin-stdlib-jdk7/1.9.22/c4b17283ad7939e778989663f8301d871987fa5e/kotlin-stdlib-jdk7-1.9.22.jar:/home/grishberg/.gradle/caches/modules-2/files-2.1/org.jetbrains.kotlinx/kotlinx-serialization-core-jvm/1.6.2/384c2492c987f1d92bfa186580de058c284b2ad9/kotlinx-serialization-core-jvm-1.6.2.jar:/home/grishberg/.gradle/caches/modules-2/files-2.1/org.jetbrains.kotlinx/kotlinx-serialization-json-jvm/1.6.2/8f4df208edf91a3012e7a27ccd02f386d4bfc8c6/kotlinx-serialization-json-jvm-1.6.2.jar:/home/grishberg/.gradle/caches/modules-2/files-2.1/org.jetbrains.kotlin/kotlin-stdlib/1.9.22/d6c44cd08d8f3f9bece8101216dbe6553365c6e3/kotlin-stdlib-1.9.22.jar:/home/grishberg/.gradle/caches/modules-2/files-2.1/org.jetbrains/annotations/23.0.0/8cc20c07506ec18e0834947b84a864bfc094484e/annotations-23.0.0.jar
Launcher Type: SUN_STANDARD

[Global flags]
     intx CICompilerCount                          = 12                                        {product} {ergonomic}
     uint ConcGCThreads                            = 3                                         {product} {ergonomic}
     uint G1ConcRefinementThreads                  = 13                                        {product} {ergonomic}
   size_t G1HeapRegionSize                         = 16777216                                  {product} {ergonomic}
    uintx GCDrainStackTargetSize                   = 64                                        {product} {ergonomic}
   size_t InitialHeapSize                          = 2046820352                                {product} {ergonomic}
   size_t MarkStackSize                            = 4194304                                   {product} {ergonomic}
   size_t MaxHeapSize                              = 32178700288                               {product} {ergonomic}
   size_t MaxNewSize                               = 19293798400                               {product} {ergonomic}
   size_t MinHeapDeltaBytes                        = 16777216                                  {product} {ergonomic}
   size_t MinHeapSize                              = 16777216                                  {product} {ergonomic}
    uintx NonNMethodCodeHeapSize                   = 7602480                                {pd product} {ergonomic}
    uintx NonProfiledCodeHeapSize                  = 122027880                              {pd product} {ergonomic}
    uintx ProfiledCodeHeapSize                     = 122027880                              {pd product} {ergonomic}
    uintx ReservedCodeCacheSize                    = 251658240                              {pd product} {ergonomic}
     bool SegmentedCodeCache                       = true                                      {product} {ergonomic}
   size_t SoftMaxHeapSize                          = 32178700288                            {manageable} {ergonomic}
     bool UseCompressedClassPointers               = true                           {product lp64_product} {ergonomic}
     bool UseCompressedOops                        = true                           {product lp64_product} {ergonomic}
     bool UseG1GC                                  = true                                      {product} {ergonomic}

Logging:
Log output configuration:
 #0: stdout all=warning uptime,level,tags
 #1: stderr all=off uptime,level,tags

Environment Variables:
PATH=/home/grishberg/projects/ts/opencode/bot/venv/bin:/home/grishberg/android-sdk/platform-tools:/home/grishberg/.local/bin:/usr/local/sbin:/usr/local/bin:/usr/sbin:/usr/bin:/sbin:/bin:/usr/games:/usr/local/games:/snap/bin:/snap/bin
USERNAME=grishberg
LD_PRELOAD=/home/grishberg/projects/java/opengl_kbd_render/cad3d/build/manifold-natives/manifold3d/natives/linux-x86_64/libmanifold.so.3:/home/grishberg/projects/java/opengl_kbd_render/cad3d/build/manifold-natives/manifold3d/natives/linux-x86_64/libmanifoldc.so.3
SHELL=/bin/bash
DISPLAY=:0
LANG=en_US.UTF-8

Active Locale:
LC_ALL=en_US.UTF-8
LC_COLLATE=en_US.UTF-8
LC_CTYPE=en_US.UTF-8
LC_MESSAGES=en_US.UTF-8
LC_MONETARY=en_US.UTF-8
LC_NUMERIC=en_US.UTF-8
LC_TIME=en_US.UTF-8

Signal Handlers:
   SIGSEGV: crash_handler in libjvm.so, mask=11100100010111111101111111111110, flags=SA_RESTART|SA_SIGINFO, unblocked
    SIGBUS: crash_handler in libjvm.so, mask=11100100010111111101111111111110, flags=SA_RESTART|SA_SIGINFO, unblocked
    SIGFPE: crash_handler in libjvm.so, mask=11100100010111111101111111111110, flags=SA_RESTART|SA_SIGINFO, unblocked
   SIGPIPE: javaSignalHandler in libjvm.so, mask=11100100010111111101111111111110, flags=SA_RESTART|SA_SIGINFO, blocked
   SIGXFSZ: javaSignalHandler in libjvm.so, mask=11100100010111111101111111111110, flags=SA_RESTART|SA_SIGINFO, blocked
    SIGILL: crash_handler in libjvm.so, mask=11100100010111111101111111111110, flags=SA_RESTART|SA_SIGINFO, unblocked
   SIGUSR2: SR_handler in libjvm.so, mask=00000000000000000000000000000000, flags=SA_RESTART|SA_SIGINFO, blocked
    SIGHUP: UserHandler in libjvm.so, mask=11100100010111111101111111111110, flags=SA_RESTART|SA_SIGINFO, blocked
    SIGINT: UserHandler in libjvm.so, mask=11100100010111111101111111111110, flags=SA_RESTART|SA_SIGINFO, blocked
   SIGTERM: UserHandler in libjvm.so, mask=11100100010111111101111111111110, flags=SA_RESTART|SA_SIGINFO, blocked
   SIGQUIT: UserHandler in libjvm.so, mask=11100100010111111101111111111110, flags=SA_RESTART|SA_SIGINFO, blocked
   SIGTRAP: crash_handler in libjvm.so, mask=11100100010111111101111111111110, flags=SA_RESTART|SA_SIGINFO, unblocked


Periodic native trim disabled


---------------  S Y S T E M  ---------------

OS:
DISTRIB_ID=Ubuntu
DISTRIB_RELEASE=24.04
DISTRIB_CODENAME=noble
DISTRIB_DESCRIPTION="Ubuntu 24.04.4 LTS"
uname: Linux 6.17.0-35-generic #35~24.04.1-Ubuntu SMP PREEMPT_DYNAMIC Tue May 26 19:30:42 UTC 2 x86_64
OS uptime: 0 days 5:42 hours
libc: glibc 2.39 NPTL 2.39 
rlimit (soft/hard): STACK 8192k/infinity , CORE 0k/infinity , NPROC 496841/496841 , NOFILE 1048576/1048576 , AS infinity/infinity , CPU infinity/infinity , DATA infinity/infinity , FSIZE infinity/infinity , MEMLOCK 15919580k/15919580k
load average: 0.59 0.27 0.36

/proc/meminfo:
MemTotal:       127356652 kB
MemFree:        45182016 kB
MemAvailable:   84468516 kB
Buffers:           83064 kB
Cached:         43104828 kB
SwapCached:            0 kB
Active:         41798764 kB
Inactive:       38083960 kB
Active(anon):   39731748 kB
Inactive(anon):        0 kB
Active(file):    2067016 kB
Inactive(file): 38083960 kB
Unevictable:           0 kB
Mlocked:               0 kB
SwapTotal:       8388604 kB
SwapFree:        8388604 kB
Zswap:                 0 kB
Zswapped:              0 kB
Dirty:             54980 kB
Writeback:             0 kB
AnonPages:      36695804 kB
Mapped:          4233660 kB
Shmem:           3036928 kB
KReclaimable:     311456 kB
Slab:             579532 kB
SReclaimable:     311456 kB
SUnreclaim:       268076 kB
KernelStack:       24416 kB
PageTables:       111428 kB
SecPageTables:      2180 kB
NFS_Unstable:          0 kB
Bounce:                0 kB
WritebackTmp:          0 kB
CommitLimit:    72066928 kB
Committed_AS:   56110248 kB
VmallocTotal:   34359738367 kB
VmallocUsed:      166604 kB
VmallocChunk:          0 kB
Percpu:            15040 kB
HardwareCorrupted:     0 kB
AnonHugePages:         0 kB
ShmemHugePages:        0 kB
ShmemPmdMapped:        0 kB
FileHugePages:    321536 kB
FilePmdMapped:      2048 kB
CmaTotal:              0 kB
CmaFree:               0 kB
Unaccepted:            0 kB
Balloon:               0 kB
HugePages_Total:       0
HugePages_Free:        0
HugePages_Rsvd:        0
HugePages_Surp:        0
Hugepagesize:       2048 kB
Hugetlb:               0 kB
DirectMap4k:      508068 kB
DirectMap2M:    13033472 kB
DirectMap1G:    121634816 kB

/sys/kernel/mm/transparent_hugepage/enabled: always [madvise] never
/sys/kernel/mm/transparent_hugepage/hpage_pmd_size: 2097152
/sys/kernel/mm/transparent_hugepage/defrag (defrag/compaction efforts parameter): always defer defer+madvise [madvise] never

Process Memory:
Virtual Size: 38044544K (peak: 38106444K)
Resident Set Size: 196748K (peak: 196748K) (anon: 169716K, file: 27032K, shmem: 0K)
Swapped out: 0K
C-Heap outstanding allocations: 65490K, retained: 16317K
glibc malloc tunables: (default)

/proc/sys/kernel/threads-max (system-wide limit on the number of threads): 993683
/proc/sys/vm/max_map_count (maximum number of memory map areas a process may have): 1048576
/proc/sys/vm/swappiness (control to define how aggressively the kernel swaps out anonymous memory): 60
/proc/sys/kernel/pid_max (system-wide limit on number of process identifiers): 4194304

container (cgroup) information:
container_type: cgroupv2
cpu_cpuset_cpus: not supported
cpu_memory_nodes: not supported
active_processor_count: 16
cpu_quota: not supported
cpu_period: not supported
cpu_shares: not supported
memory_limit_in_bytes: unlimited
memory_and_swap_limit_in_bytes: unlimited
memory_soft_limit_in_bytes: 0
memory_usage_in_bytes: 74953880 k
memory_max_usage_in_bytes: not supported
rss_usage_in_bytes: 35405912 k
cache_usage_in_bytes: 39382372 k
memory_swap_current_in_bytes: 0
memory_swap_max_limit_in_bytes: unlimited
maximum number of tasks: 149052
current number of tasks: 665

Steal ticks since vm start: 0
Steal ticks percentage since vm start:  0.000

CPU: total 16 (initial active 16) (16 cores per cpu, 2 threads per core) family 25 model 33 stepping 2 microcode 0xa201213, cx8, cmov, fxsr, ht, mmx, 3dnowpref, sse, sse2, sse3, ssse3, sse4a, sse4.1, sse4.2, popcnt, lzcnt, tsc, tscinvbit, avx, avx2, aes, erms, clmul, bmi1, bmi2, adx, sha, fma, vzeroupper, clflush, clflushopt
CPU Model and flags from /proc/cpuinfo:
model name	: AMD Ryzen 7 5800X3D 8-Core Processor
flags		: fpu vme de pse tsc msr pae mce cx8 apic sep mtrr pge mca cmov pat pse36 clflush mmx fxsr sse sse2 ht syscall nx mmxext fxsr_opt pdpe1gb rdtscp lm constant_tsc rep_good nopl xtopology nonstop_tsc cpuid extd_apicid aperfmperf rapl pni pclmulqdq monitor ssse3 fma cx16 sse4_1 sse4_2 x2apic movbe popcnt aes xsave avx f16c rdrand lahf_lm cmp_legacy svm extapic cr8_legacy abm sse4a misalignsse 3dnowprefetch osvw ibs skinit wdt tce topoext perfctr_core perfctr_nb bpext perfctr_llc mwaitx cpb cat_l3 cdp_l3 hw_pstate ssbd mba ibrs ibpb stibp vmmcall fsgsbase bmi1 avx2 smep bmi2 erms invpcid cqm rdt_a rdseed adx smap clflushopt clwb sha_ni xsaveopt xsavec xgetbv1 xsaves cqm_llc cqm_occup_llc cqm_mbm_total cqm_mbm_local user_shstk clzero irperf xsaveerptr rdpru wbnoinvd arat npt lbrv svm_lock nrip_save tsc_scale vmcb_clean flushbyasid decodeassists pausefilter pfthreshold avic v_vmsave_vmload vgif v_spec_ctrl umip pku ospke vaes vpclmulqdq rdpid overflow_recov succor smca fsrm debug_swap

Online cpus: 0-15
Offline cpus: 
BIOS frequency limitation: <Not Available>
Frequency switch latency (ns): 0
Available cpu frequencies: <Not Available>
Current governor: powersave
Core performance/turbo boost: 1

Memory: 4k page, physical 127356652k(45182016k free), swap 8388604k(8388604k free)
Page Sizes: 4k

vm_info: OpenJDK 64-Bit Server VM (17.0.19+10) for linux-amd64 JRE (17.0.19+10), built on Apr 21 2026 00:00:00 by "admin" with gcc 10.3.0

END.
