#
# A fatal error has been detected by the Java Runtime Environment:
#
#  SIGSEGV (0xb) at pc=0x0000705be7a9fff4, pid=69328, tid=69357
#
# JRE version: OpenJDK Runtime Environment Temurin-17.0.19+10 (17.0.19+10) (build 17.0.19+10)
# Java VM: OpenJDK 64-Bit Server VM Temurin-17.0.19+10 (17.0.19+10, mixed mode, sharing, tiered, compressed oops, compressed class ptrs, g1 gc, linux-amd64)
# Problematic frame:
# C  [libc.so.6+0x9fff4]  pthread_mutex_lock+0x4
#
# Core dump will be written. Default location: Core dumps may be processed with "/usr/share/apport/apport -p%p -s%s -c%c -d%d -P%P -u%u -g%g -F%F -- %E" (or dumping to /home/grishberg/projects/java/opengl_kbd_render/cad3d/core.69328)
#
# If you would like to submit a bug report, please visit:
#   https://github.com/adoptium/adoptium-support/issues
# The crash happened outside the Java Virtual Machine in native code.
# See problematic frame for where to report the bug.
#

---------------  S U M M A R Y ------------

Command Line: -Dfile.encoding=UTF-8 -Duser.country=US -Duser.language=en -Duser.variant com.github.grishberg.cad3d.cli.CliRunnerKt --model matrix_right

Host: AMD Ryzen 7 5800X3D 8-Core Processor, 16 cores, 121G, Ubuntu 24.04.4 LTS
Time: Wed Jul 15 13:49:31 2026 MSK elapsed time: 0.274053 seconds (0d 0h 0m 0s)

---------------  T H R E A D  ---------------

Current thread (0x0000705ad8064e00):  JavaThread "DefaultDispatcher-worker-3" daemon [_thread_in_native, id=69357, stack(0x0000705b80000000,0x0000705b80100000)]

Stack: [0x0000705b80000000,0x0000705b80100000],  sp=0x0000705b800fd968,  free space=1014k
Native frames: (J=compiled Java code, j=interpreted, Vv=VM code, C=native code)
C  [libc.so.6+0x9fff4]  pthread_mutex_lock+0x4

Java frames: (J=compiled Java code, j=interpreted, Vv=VM code)
J 804  com.cadoodlecad.manifold.ManifoldBindings.jniUnion(JJJ)J (0 bytes) @ 0x0000705bd0dd516f [0x0000705bd0dd5120+0x000000000000004f]
J 875 c1 com.cadoodlecad.manifold.ManifoldBindings.union(JJ)J (13 bytes) @ 0x0000705bc938d064 [0x0000705bc938cfc0+0x00000000000000a4]
J 821 c1 eu.printingin3d.javascad.manifold.Manifold3dEngine.operateNative(JJI)J (82 bytes) @ 0x0000705bc937361c [0x0000705bc9373420+0x00000000000001fc]
J 824 c1 eu.printingin3d.javascad.manifold.Manifold3dEngine.unionNative(JJ)J (8 bytes) @ 0x0000705bc937503c [0x0000705bc9374fc0+0x000000000000007c]
j  eu.printingin3d.javascad.tranzitions.Union.toInnerNativeMesh(Leu/printingin3d/javascad/vrl/FacetGenerationContext;)J+61
J 799 c1 eu.printingin3d.javascad.models.Abstract3dModel.toNativeMesh(Leu/printingin3d/javascad/vrl/FacetGenerationContext;)J (128 bytes) @ 0x0000705bc93695c4 [0x0000705bc9368f40+0x0000000000000684]
j  eu.printingin3d.javascad.tranzitions.Difference.toInnerNativeMesh(Leu/printingin3d/javascad/vrl/FacetGenerationContext;)J+5
J 799 c1 eu.printingin3d.javascad.models.Abstract3dModel.toNativeMesh(Leu/printingin3d/javascad/vrl/FacetGenerationContext;)J (128 bytes) @ 0x0000705bc93695c4 [0x0000705bc9368f40+0x0000000000000684]
j  com.github.grishberg.cad3d.util.VertexHolderUtilsKt.fromModelNative(Leu/printingin3d/javascad/models/Abstract3dModel;I)Lcom/github/grishberg/cad3d/plugin/VertexHolder;+28
j  com.github.grishberg.cad3d.util.VertexHolderUtilsKt.fromModel(Leu/printingin3d/javascad/models/Abstract3dModel;I)Lcom/github/grishberg/cad3d/plugin/VertexHolder;+8
j  com.github.grishberg.cad3d.keyboard.ModelHolder$Companion.createVertexHolders(Lcom/github/grishberg/cad3d/keyboard/cfg/KeyboardConfig;Leu/printingin3d/javascad/models/Abstract3dModel;Ljava/util/List;)Ljava/util/List;+101
j  com.github.grishberg.cad3d.keyboard.ModelHolder.<init>(Lcom/github/grishberg/cad3d/keyboard/cfg/KeyboardConfig;Leu/printingin3d/javascad/models/Abstract3dModel;[Leu/printingin3d/javascad/models/Abstract3dModel;)V+29
j  com.github.grishberg.cad3d.KeyboardBuilder.createCaseModel(Lcom/github/grishberg/cad3d/keyboard/cfg/KeyboardConfig;Lcom/github/grishberg/cad3d/keyboard/KeyPlace;Lcom/github/grishberg/cad3d/keyboard/ThumbKeyPlace;Lcom/github/grishberg/cad3d/keyboard/screws/ScrewWallPlaces;Lcom/github/grishberg/cad3d/keyboard/casebody/Walls;Lcom/github/grishberg/cad3d/keyboard/casebody/controllers/ControllerPlace;Lcom/github/grishberg/cad3d/keyboard/casebody/controllers/SwitcherPlace;Lcom/github/grishberg/cad3d/keyboard/casebody/controllers/ControllerFactory;Lcom/github/grishberg/cad3d/keyboard/casebody/controllers/switcher/SwitcherFactory;Lcom/github/grishberg/cad3d/keyboard/casebody/controllers/Controller;Lcom/github/grishberg/cad3d/trackball/Trackball;Lcom/github/grishberg/cad3d/keyboard/casebody/thumb/ThumbBorders;Lcom/github/grishberg/cad3d/keyboard/casebody/thumb/ThumbWalls;)Lcom/github/grishberg/cad3d/keyboard/ModelHolder;+665
j  com.github.grishberg.cad3d.KeyboardBuilder.createCase(Lcom/github/grishberg/cad3d/keyboard/cfg/KeyboardConfig;Lcom/github/grishberg/cad3d/keyboard/KeyPlace;Lcom/github/grishberg/cad3d/keyboard/ThumbKeyPlace;Lcom/github/grishberg/cad3d/keyboard/screws/ScrewWallPlaces;Lcom/github/grishberg/cad3d/keyboard/casebody/Walls;Lcom/github/grishberg/cad3d/keyboard/casebody/controllers/ControllerPlace;Lcom/github/grishberg/cad3d/keyboard/casebody/controllers/SwitcherPlace;Lcom/github/grishberg/cad3d/keyboard/casebody/controllers/ControllerFactory;Lcom/github/grishberg/cad3d/keyboard/casebody/controllers/switcher/SwitcherFactory;Lcom/github/grishberg/cad3d/keyboard/casebody/controllers/Controller;Lcom/github/grishberg/cad3d/trackball/Trackball;Lcom/github/grishberg/cad3d/keyboard/casebody/thumb/ThumbBorders;Lcom/github/grishberg/cad3d/keyboard/casebody/thumb/ThumbWalls;)Ljava/util/List;+44
j  com.github.grishberg.cad3d.KeyboardBuilder.access$createCase(Lcom/github/grishberg/cad3d/KeyboardBuilder;Lcom/github/grishberg/cad3d/keyboard/cfg/KeyboardConfig;Lcom/github/grishberg/cad3d/keyboard/KeyPlace;Lcom/github/grishberg/cad3d/keyboard/ThumbKeyPlace;Lcom/github/grishberg/cad3d/keyboard/screws/ScrewWallPlaces;Lcom/github/grishberg/cad3d/keyboard/casebody/Walls;Lcom/github/grishberg/cad3d/keyboard/casebody/controllers/ControllerPlace;Lcom/github/grishberg/cad3d/keyboard/casebody/controllers/SwitcherPlace;Lcom/github/grishberg/cad3d/keyboard/casebody/controllers/ControllerFactory;Lcom/github/grishberg/cad3d/keyboard/casebody/controllers/switcher/SwitcherFactory;Lcom/github/grishberg/cad3d/keyboard/casebody/controllers/Controller;Lcom/github/grishberg/cad3d/trackball/Trackball;Lcom/github/grishberg/cad3d/keyboard/casebody/thumb/ThumbBorders;Lcom/github/grishberg/cad3d/keyboard/casebody/thumb/ThumbWalls;)Ljava/util/List;+24
j  com.github.grishberg.cad3d.KeyboardBuilder$exportStl$1$2.invokeSuspend(Ljava/lang/Object;)Ljava/lang/Object;+104
j  kotlin.coroutines.jvm.internal.BaseContinuationImpl.resumeWith(Ljava/lang/Object;)V+44
j  kotlinx.coroutines.DispatchedTask.run()V+317
j  kotlinx.coroutines.scheduling.CoroutineScheduler.runSafely(Lkotlinx/coroutines/scheduling/Task;)V+2
j  kotlinx.coroutines.scheduling.CoroutineScheduler$Worker.executeTask(Lkotlinx/coroutines/scheduling/Task;)V+30
j  kotlinx.coroutines.scheduling.CoroutineScheduler$Worker.runWorker()V+44
j  kotlinx.coroutines.scheduling.CoroutineScheduler$Worker.run()V+1
v  ~StubRoutines::call_stub

siginfo: si_signo: 11 (SIGSEGV), si_code: 1 (SEGV_MAPERR), si_addr: 0x0000705dd5afb81e

Registers:
RAX=0x0000705b8097f418, RBX=0x0000705ad004e600, RCX=0x0000000000000000, RDX=0x0000000000000000
RSP=0x0000705b800fd968, RBP=0x0000705be7a9e820, RSI=0x0000705ad004e600, RDI=0x0000705dd5afb80e
R8 =0x0000705ad004e600, R9 =0x0000000000000000, R10=0x0000705bd0dd516f, R11=0x0000705bc9374fe0
R12=0x0000705b800fd9b0, R13=0x0000705dd5afb80e, R14=0x0000705ad00c38b0, R15=0x0000705b800fd9b0
RIP=0x0000705be7a9fff4, EFLAGS=0x0000000000010202, CSGSFS=0x002b000000000033, ERR=0x0000000000000004
  TRAPNO=0x000000000000000e

XMM[0]=0x0000000000000000 0x0000000000000000
XMM[1]=0x0000000000000000 0x0000000000000000
XMM[2]=0x0000000000000000 0x3f1a36e2eb1c432d
XMM[3]=0x0000000000000000 0x3ff0000000000000
XMM[4]=0x0000000000000000 0x0000000000000000
XMM[5]=0xc021334a2aee9cea 0x3ff0000000000000
XMM[6]=0x3ff0000000000000 0x40477c23087a6128
XMM[7]=0x0000000000000000 0x0000000000000000
XMM[8]=0x0000000000000000 0x0000000000000000
XMM[9]=0x0000000000000000 0x0000000000000000
XMM[10]=0x0000000000000000 0x3ff0000000000000
XMM[11]=0x0000000000000000 0x0000000000000000
XMM[12]=0x0000000000000000 0x0000000000000000
XMM[13]=0x0000000000000000 0x0000000000000000
XMM[14]=0x0000000000000000 0x8000000000000000
XMM[15]=0x0000000000000000 0x0000000000000000
  MXCSR=0x00001fa4


Register to memory mapping:

RAX=0x0000705b8097f418: _ZTVN8manifold9CsgOpNodeE+0x0000000000000010 in /tmp/manifold3d9036814758946108172/libmanifold.so.3 at 0x0000705b80600000
RBX=0x0000705ad004e600 points into unknown readable memory: 0x0000705dd5afb80e | 0e b8 af d5 5d 70 00 00
RCX=0x0 is NULL
RDX=0x0 is NULL
RSP=0x0000705b800fd968 is pointing into the stack for thread: 0x0000705ad8064e00
RBP=0x0000705be7a9e820: __pthread_key_create+0x0000000000000000 in /lib/x86_64-linux-gnu/libc.so.6 at 0x0000705be7a00000
RSI=0x0000705ad004e600 points into unknown readable memory: 0x0000705dd5afb80e | 0e b8 af d5 5d 70 00 00
RDI=0x0000705dd5afb80e is an unknown value
R8 =0x0000705ad004e600 points into unknown readable memory: 0x0000705dd5afb80e | 0e b8 af d5 5d 70 00 00
R9 =0x0 is NULL
R10=0x0000705bd0dd516f is at entry_point+79 in (nmethod*)0x0000705bd0dd4f90
Compiled method (n/a) 274  804     n 0       com.cadoodlecad.manifold.ManifoldBindings::jniUnion (native)
 total in heap  [0x0000705bd0dd4f90,0x0000705bd0dd5310] = 896
 relocation     [0x0000705bd0dd50f0,0x0000705bd0dd5120] = 48
 main code      [0x0000705bd0dd5120,0x0000705bd0dd5308] = 488
 oops           [0x0000705bd0dd5308,0x0000705bd0dd5310] = 8
0x0000705bd0dd514f:   4c 8b c1 48 8b ca 48 8b d6 49 be 98 01 01 f5 00
0x0000705bd0dd515f:   00 00 00 4c 89 74 24 30 4c 8d 74 24 30 49 8b f6
0x0000705bd0dd516f:   c5 f8 77 
R11=0x0000705bc9374fe0 is at entry_point+32 in (nmethod*)0x0000705bc9374e10
Compiled method (c1) 275  824       3       eu.printingin3d.javascad.manifold.Manifold3dEngine::unionNative (8 bytes)
 total in heap  [0x0000705bc9374e10,0x0000705bc9375180] = 880
 relocation     [0x0000705bc9374f70,0x0000705bc9374fa8] = 56
 main code      [0x0000705bc9374fc0,0x0000705bc93750c0] = 256
 stub code      [0x0000705bc93750c0,0x0000705bc9375100] = 64
 oops           [0x0000705bc9375100,0x0000705bc9375108] = 8
 metadata       [0x0000705bc9375108,0x0000705bc9375110] = 8
 scopes data    [0x0000705bc9375110,0x0000705bc9375138] = 40
 scopes pcs     [0x0000705bc9375138,0x0000705bc9375178] = 64
 dependencies   [0x0000705bc9375178,0x0000705bc9375180] = 8
0x0000705bc9374fe0:   89 84 24 00 c0 fe ff 55 48 83 ec 40 
R12=0x0000705b800fd9b0 is pointing into the stack for thread: 0x0000705ad8064e00
R13=0x0000705dd5afb80e is an unknown value
R14=0x0000705ad00c38b0 points into unknown readable memory: 0x0000705b8097f418 | 18 f4 97 80 5b 70 00 00
R15=0x0000705b800fd9b0 is pointing into the stack for thread: 0x0000705ad8064e00


Top of Stack: (sp=0x0000705b800fd968)
0x0000705b800fd968:   0000705b807eb40b 0000000000000000
0x0000705b800fd978:   0000705b80757300 0000000000000000
0x0000705b800fd988:   0000705b800fda40 0000705ad004e600
0x0000705b800fd998:   0000705b807ee14d 0000705ad00c38b0
0x0000705b800fd9a8:   0000705ad00c38a0 0000705b800fda00
0x0000705b800fd9b8:   0000705ad80650b0 0000705b800fda10
0x0000705b800fd9c8:   0000705bd0dd37dc 0000000000000000
0x0000705b800fd9d8:   0ba7f52bd2397200 0000000000000002
0x0000705b800fd9e8:   0000000000000158 0000705ad004e600
0x0000705b800fd9f8:   0000705b800fda40 0000705ad004e600
0x0000705b800fda08:   0000705b800fdb10 0000705ad8064e00
0x0000705b800fda18:   0000705b807ee384 0000705bd0668260
0x0000705b800fda28:   0ba7f52bd2397200 0000705b800fda40
0x0000705b800fda38:   0000705be4042957 0000705b1f409dab
0x0000705b800fda48:   0000705b800fdaa0 0000705b1f40c860
0x0000705b800fda58:   0000705ad004e600 00000000f5055618
0x0000705b800fda68:   0000000000000030 0000000000000000
0x0000705b800fda78:   0ba7f52bd2397200 0000705b800fdad0
0x0000705b800fda88:   0000000000000000 0000705b800fdc58
0x0000705b800fda98:   0000705be7c1cfbf 0000705b800fdad0
0x0000705b800fdaa8:   0000705ad004e600 0000705ad0020da0
0x0000705b800fdab8:   0000705ad004e600 0000705b800fdb10
0x0000705b800fdac8:   0000705ad80650b0 0000705b800fdb20
0x0000705b800fdad8:   0000705bd0dd51e8 0000000000000000
0x0000705b800fdae8:   0000705b800fdb40 0000705b800fdcc8
0x0000705b800fdaf8:   0000705bc93695c4 0000000000000001
0x0000705b800fdb08:   0000705ad004e600 00000000f5010198
0x0000705b800fdb18:   0000000000000001 0000705b800fdcc8
0x0000705b800fdb28:   0000705bc938d064 00000000f50abf40
0x0000705b800fdb38:   0000705bc93695c4 0000000000000000
0x0000705b800fdb48:   0000000000000138 0000000000000000
0x0000705b800fdb58:   0000000000000138 0000000000000000 

Instructions: (pc=0x0000705be7a9fff4)
0x0000705be7a9fef4:   ff ff ff 83 f8 92 0f 84 68 ff ff ff 8d 50 26 83
0x0000705be7a9ff04:   f8 da 72 14 48 b8 09 00 00 08 2c 00 00 00 48 0f
0x0000705be7a9ff14:   a3 d0 0f 82 4c ff ff ff 48 8d 3d d5 10 13 00 e8
0x0000705be7a9ff24:   18 0b ff ff 83 f8 f5 0f 84 a9 fd ff ff 83 f8 fc
0x0000705be7a9ff34:   0f 84 a0 fd ff ff eb e0 0f 1f 40 00 be 80 00 00
0x0000705be7a9ff44:   00 48 89 df e8 73 90 ff ff e9 16 ff ff ff 64 48
0x0000705be7a9ff54:   c7 04 25 f0 02 00 00 00 00 00 00 b8 23 00 00 00
0x0000705be7a9ff64:   e9 97 fa ff ff b8 0b 00 00 00 e9 8d fa ff ff 41
0x0000705be7a9ff74:   8b 04 24 83 e0 7f 83 f8 12 74 d3 83 f8 11 0f 85
0x0000705be7a9ff84:   2f fd ff ff e9 06 ff ff ff e8 2e 7f 09 00 48 8d
0x0000705be7a9ff94:   0d e7 4d 13 00 ba bd 01 00 00 48 8d 35 c0 c4 12
0x0000705be7a9ffa4:   00 48 8d 3d 74 11 13 00 e8 3f b3 f9 ff 48 8d 0d
0x0000705be7a9ffb4:   c8 4d 13 00 ba c2 01 00 00 48 8d 35 a1 c4 12 00
0x0000705be7a9ffc4:   48 8d 3d af c4 12 00 e8 20 b3 f9 ff 48 8d 0d a9
0x0000705be7a9ffd4:   4d 13 00 ba 5f 02 00 00 48 8d 35 82 c4 12 00 48
0x0000705be7a9ffe4:   8d 3d a6 c4 12 00 e8 01 b3 f9 ff 90 f3 0f 1e fa
0x0000705be7a9fff4:   8b 47 10 89 c2 81 e2 7f 01 00 00 90 83 e0 7c 0f
0x0000705be7aa0004:   85 a7 00 00 00 55 48 89 e5 53 48 83 ec 18 85 d2
0x0000705be7aa0014:   0f 85 9e 00 00 00 44 8b 0d 0f 57 16 00 45 85 c9
0x0000705be7aa0024:   75 5a 8b 77 10 81 e6 80 00 00 00 75 09 80 3d 08
0x0000705be7aa0034:   b0 16 00 00 75 36 31 c0 ba 01 00 00 00 f0 0f b1
0x0000705be7aa0044:   17 0f 85 ad 00 00 00 8b 4f 08 85 c9 0f 85 54 01
0x0000705be7aa0054:   00 00 64 8b 04 25 d0 02 00 00 89 47 08 83 47 0c
0x0000705be7aa0064:   01 90 31 c0 48 8b 5d f8 c9 c3 66 90 44 8b 07 45
0x0000705be7aa0074:   85 c0 75 c2 c7 07 01 00 00 00 eb cb 8b 47 10 f6
0x0000705be7aa0084:   c4 03 74 08 f6 c4 01 74 99 eb 07 90 80 cc 01 89
0x0000705be7aa0094:   47 10 8b 57 10 48 8b 5d f8 48 8d 77 16 c9 81 e2
0x0000705be7aa00a4:   80 00 00 00 e9 a3 88 ff ff 0f 1f 00 e9 5b f8 ff
0x0000705be7aa00b4:   ff 0f 1f 00 81 fa 00 01 00 00 74 d6 8b 57 10 83
0x0000705be7aa00c4:   e2 7f 83 fa 01 0f 85 8e 00 00 00 64 8b 04 25 d0
0x0000705be7aa00d4:   02 00 00 39 47 08 75 2e 8b 47 04 83 f8 ff 0f 84
0x0000705be7aa00e4:   b8 00 00 00 83 c0 01 89 47 04 e9 73 ff ff ff 0f 


Stack slot to memory mapping:
stack at sp + 0 slots: 0x0000705b807eb40b: _ZNK8manifold8Manifold9LoadPNodeEv+0x000000000000002b in /tmp/manifold3d9036814758946108172/libmanifold.so.3 at 0x0000705b80600000
stack at sp + 1 slots: 0x0 is NULL
stack at sp + 2 slots: 0x0000705b80757300: _ZN8manifold9CsgOpNode7BooleanERKSt10shared_ptrINS_7CsgNodeEENS_6OpTypeE+0x0000000000000000 in /tmp/manifold3d9036814758946108172/libmanifold.so.3 at 0x0000705b80600000
stack at sp + 3 slots: 0x0 is NULL
stack at sp + 4 slots: 0x0000705b800fda40 is pointing into the stack for thread: 0x0000705ad8064e00
stack at sp + 5 slots: 0x0000705ad004e600 points into unknown readable memory: 0x0000705dd5afb80e | 0e b8 af d5 5d 70 00 00
stack at sp + 6 slots: 0x0000705b807ee14d: _ZNK8manifold8Manifold7BooleanERKS0_NS_6OpTypeE+0x000000000000004d in /tmp/manifold3d9036814758946108172/libmanifold.so.3 at 0x0000705b80600000
stack at sp + 7 slots: 0x0000705ad00c38b0 points into unknown readable memory: 0x0000705b8097f418 | 18 f4 97 80 5b 70 00 00


Compiled method (n/a) 278  804     n 0       com.cadoodlecad.manifold.ManifoldBindings::jniUnion (native)
 total in heap  [0x0000705bd0dd4f90,0x0000705bd0dd5310] = 896
 relocation     [0x0000705bd0dd50f0,0x0000705bd0dd5120] = 48
 main code      [0x0000705bd0dd5120,0x0000705bd0dd5308] = 488
 oops           [0x0000705bd0dd5308,0x0000705bd0dd5310] = 8

[Constant Pool (empty)]

[MachCode]
[Entry Point]
  # {method} {0x0000705b1f413880} 'jniUnion' '(JJJ)J' in 'com/cadoodlecad/manifold/ManifoldBindings'
  # parm0:    rsi:rsi   = long
  # parm1:    rdx:rdx   = long
  # parm2:    rcx:rcx   = long
  #           [sp+0x50]  (sp of caller)
  0x0000705bd0dd5120: 448b 5608 | 49bb 0000 | 0023 5b70 | 0000 4d03 | d349 3bc2 | 0f84 0600 

  0x0000705bd0dd5138: ;   {runtime_call ic_miss_stub}
  0x0000705bd0dd5138: 0000 e941 | ac8d ff90 
[Verified Entry Point]
  0x0000705bd0dd5140: 8984 2400 | c0fe ff55 | 488b ec48 | 83ec 404c | 8bc1 488b | ca48 8bd6 

  0x0000705bd0dd5158: ;   {oop(a 'java/lang/Class'{0x00000000f5010198} = 'com/cadoodlecad/manifold/ManifoldBindings')}
  0x0000705bd0dd5158: 49be 9801 | 01f5 0000 | 0000 4c89 | 7424 304c | 8d74 2430 | 498b f6c5 

  0x0000705bd0dd5170: ;   {internal_word}
  0x0000705bd0dd5170: f877 49ba | 6f51 ddd0 | 5b70 0000 | 4d89 9798 | 0200 0049 | 89a7 9002 

  0x0000705bd0dd5188: ;   {external_word}
  0x0000705bd0dd5188: 0000 803d | f47f b316 | 000f 843a | 0000 0056 | 5251 4150 

  0x0000705bd0dd519c: ;   {metadata({method} {0x0000705b1f413880} 'jniUnion' '(JJJ)J' in 'com/cadoodlecad/manifold/ManifoldBindings')}
  0x0000705bd0dd519c: 48be 8038 | 411f 5b70 | 0000 498b | fff7 c40f | 0000 000f | 8412 0000 | 0048 83ec 

  0x0000705bd0dd51b8: ;   {runtime_call SharedRuntime::dtrace_method_entry(JavaThread*, Method*)}
  0x0000705bd0dd51b8: 08e8 e2d8 | 5016 4883 | c408 e905 

  0x0000705bd0dd51c4: ;   {runtime_call SharedRuntime::dtrace_method_entry(JavaThread*, Method*)}
  0x0000705bd0dd51c4: 0000 00e8 | d4d8 5016 | 4158 595a | 5e49 8dbf | b002 0000 | 41c7 8738 | 0300 0004 

  0x0000705bd0dd51e0: ;   {runtime_call Java_com_cadoodlecad_manifold_ManifoldBindings_jniUnion}
  0x0000705bd0dd51e0: 0000 00e8 | a07d e416 | c5f8 7741 | c787 3803 | 0000 0500 | 0000 f083 | 4424 c000 | 493b af40 
  0x0000705bd0dd5200: 0300 000f | 8711 0000 | 0041 81bf | 2803 0000 | 0000 0000 | 0f84 2400 | 0000 c5f8 | 7748 8945 
  0x0000705bd0dd5220: f849 8bff | 4c8b e448 | 83ec 0048 

  0x0000705bd0dd522c: ;   {runtime_call JavaThread::check_special_condition_for_native_trans(JavaThread*)}
  0x0000705bd0dd522c: 83e4 f0e8 | 9c9d 6916 | 498b e44d | 33e4 488b | 45f8 41c7 | 8738 0300 | 0008 0000 | 0041 81bf 
  0x0000705bd0dd524c: a803 0000 | 0200 0000 | 0f84 8400 

  0x0000705bd0dd5258: ;   {external_word}
  0x0000705bd0dd5258: 0000 803d | 247f b316 | 000f 8438 | 0000 0048 

  0x0000705bd0dd5268: ;   {metadata({method} {0x0000705b1f413880} 'jniUnion' '(JJJ)J' in 'com/cadoodlecad/manifold/ManifoldBindings')}
  0x0000705bd0dd5268: 8945 f848 | be80 3841 | 1f5b 7000 | 0049 8bff | f7c4 0f00 | 0000 0f84 | 1200 0000 | 4883 ec08 
  0x0000705bd0dd5288: ;   {runtime_call SharedRuntime::dtrace_method_exit(JavaThread*, Method*)}
  0x0000705bd0dd5288: e8c3 d850 | 1648 83c4 | 08e9 0500 

  0x0000705bd0dd5294: ;   {runtime_call SharedRuntime::dtrace_method_exit(JavaThread*, Method*)}
  0x0000705bd0dd5294: 0000 e8b5 | d850 1648 | 8b45 f849 | c787 9002 | 0000 0000 | 0000 49c7 | 8798 0200 | 0000 0000 
  0x0000705bd0dd52b4: 00c5 f877 | 498b 8fd8 | 0000 00c7 | 8100 0100 | 0000 0000 | 00c9 4981 | 7f08 0000 | 0000 0f85 
  0x0000705bd0dd52d4: 0100 0000 

  0x0000705bd0dd52d8: ;   {runtime_call StubRoutines (1)}
  0x0000705bd0dd52d8: c3e9 22a9 | 88ff c5f8 | 7748 8945 | f84c 8be4 | 4883 ec00 | 4883 e4f0 

  0x0000705bd0dd52f0: ;   {runtime_call SharedRuntime::reguard_yellow_pages()}
  0x0000705bd0dd52f0: e8cb e650 | 1649 8be4 | 4d33 e448 | 8b45 f8e9 | 56ff ffff | f4f4 f4f4 
[/MachCode]


Compiled method (c1) 284  875       3       com.cadoodlecad.manifold.ManifoldBindings::union (13 bytes)
 total in heap  [0x0000705bc938ce10,0x0000705bc938d1e0] = 976
 relocation     [0x0000705bc938cf70,0x0000705bc938cfb8] = 72
 main code      [0x0000705bc938cfc0,0x0000705bc938d0e0] = 288
 stub code      [0x0000705bc938d0e0,0x0000705bc938d130] = 80
 oops           [0x0000705bc938d130,0x0000705bc938d138] = 8
 metadata       [0x0000705bc938d138,0x0000705bc938d140] = 8
 scopes data    [0x0000705bc938d140,0x0000705bc938d188] = 72
 scopes pcs     [0x0000705bc938d188,0x0000705bc938d1d8] = 80
 dependencies   [0x0000705bc938d1d8,0x0000705bc938d1e0] = 8

[Constant Pool (empty)]

[MachCode]
[Entry Point]
  # {method} {0x0000705b1f417908} 'union' '(JJ)J' in 'com/cadoodlecad/manifold/ManifoldBindings'
  # this:     rsi:rsi   = 'com/cadoodlecad/manifold/ManifoldBindings'
  # parm0:    rdx:rdx   = long
  # parm1:    rcx:rcx   = long
  #           [sp+0x60]  (sp of caller)
  0x0000705bc938cfc0: 448b 5608 | 49bb 0000 | 0023 5b70 | 0000 4d03 | d34c 3bd0 

  0x0000705bc938cfd4: ;   {runtime_call ic_miss_stub}
  0x0000705bc938cfd4: 0f85 a62d | 3207 660f | 1f44 0000 
[Verified Entry Point]
  0x0000705bc938cfe0: 8984 2400 | c0fe ff55 | 4883 ec50 

  0x0000705bc938cfec: ;   {metadata(method data for {method} {0x0000705b1f417908} 'union' '(JJ)J' in 'com/cadoodlecad/manifold/ManifoldBindings')}
  0x0000705bc938cfec: 48bf 7033 | 6b1f 5b70 | 0000 8b9f | f400 0000 | 83c3 0289 | 9ff4 0000 | 0081 e3fe | 0700 0083 
  0x0000705bc938d00c: fb00 0f84 | 6300 0000 | 4889 4c24 | 4048 8954 

  0x0000705bc938d01c: ;   {metadata(method data for {method} {0x0000705b1f417908} 'union' '(JJ)J' in 'com/cadoodlecad/manifold/ManifoldBindings')}
  0x0000705bc938d01c: 2438 48be | 7033 6b1f | 5b70 0000 | 4883 8638 | 0100 0001 | 0f1f 8000 

  0x0000705bc938d034: ;   {static_call}
  0x0000705bc938d034: 0000 00e8 

  0x0000705bc938d038: ; ImmutableOopMap {}
                      ;*invokestatic jniAllocManifold {reexecute=0 rethrow=0 return_oop=0}
                      ; - com.cadoodlecad.manifold.ManifoldBindings::union@0 (line 431)
  0x0000705bc938d038: 8463 a407 

  0x0000705bc938d03c: ;   {metadata(method data for {method} {0x0000705b1f417908} 'union' '(JJ)J' in 'com/cadoodlecad/manifold/ManifoldBindings')}
  0x0000705bc938d03c: 48be 7033 | 6b1f 5b70 | 0000 4883 | 8648 0100 | 0001 488b | f048 8b54 | 2438 488b | 4c24 400f 
  0x0000705bc938d05c: ;   {static_call}
  0x0000705bc938d05c: 1f40 00e8 

  0x0000705bc938d060: ; ImmutableOopMap {}
                      ;*invokestatic jniUnion {reexecute=0 rethrow=0 return_oop=0}
                      ; - com.cadoodlecad.manifold.ManifoldBindings::union@9 (line 432)
  0x0000705bc938d060: dc80 a407 | 4883 c450 

  0x0000705bc938d068: ;   {poll_return}
  0x0000705bc938d068: 5d49 3ba7 | 4003 0000 | 0f87 2200 

  0x0000705bc938d074: ;   {metadata({method} {0x0000705b1f417908} 'union' '(JJ)J' in 'com/cadoodlecad/manifold/ManifoldBindings')}
  0x0000705bc938d074: 0000 c349 | ba08 7941 | 1f5b 7000 | 004c 8954 | 2408 48c7 | 0424 ffff 

  0x0000705bc938d08c: ;   {runtime_call counter_overflow Runtime1 stub}
  0x0000705bc938d08c: ffff e8ed 

  0x0000705bc938d090: ; ImmutableOopMap {rsi=Oop }
                      ;*synchronization entry
                      ; - com.cadoodlecad.manifold.ManifoldBindings::union@-1 (line 431)
  0x0000705bc938d090: aa3c 07e9 | 7cff ffff 

  0x0000705bc938d098: ;   {internal_word}
  0x0000705bc938d098: 49ba 69d0 | 38c9 5b70 | 0000 4d89 | 9758 0300 

  0x0000705bc938d0a8: ;   {runtime_call SafepointBlob}
  0x0000705bc938d0a8: 00e9 5296 | 3207 9090 | 498b 87d0 | 0300 0049 | c787 d003 | 0000 0000 | 0000 49c7 | 87d8 0300 
  0x0000705bc938d0c8: 0000 0000 | 0048 83c4 

  0x0000705bc938d0d0: ;   {runtime_call unwind_exception Runtime1 stub}
  0x0000705bc938d0d0: 505d e929 | 6533 07f4 | f4f4 f4f4 | f4f4 f4f4 
[Stub Code]
  0x0000705bc938d0e0: ;   {no_reloc}
  0x0000705bc938d0e0: 0f1f 4400 

  0x0000705bc938d0e4: ;   {static_stub}
  0x0000705bc938d0e4: 0048 bb00 | 0000 0000 

  0x0000705bc938d0ec: ;   {runtime_call}
  0x0000705bc938d0ec: 0000 00e9 | fbff ffff 

  0x0000705bc938d0f4: ;   {static_stub}
  0x0000705bc938d0f4: 9048 bb00 | 0000 0000 

  0x0000705bc938d0fc: ;   {runtime_call}
  0x0000705bc938d0fc: 0000 00e9 | fbff ffff 
[Exception Handler]
  0x0000705bc938d104: ;   {runtime_call handle_exception_from_callee Runtime1 stub}
  0x0000705bc938d104: e877 713c 

  0x0000705bc938d108: ;   {external_word}
  0x0000705bc938d108: 0748 bf52 | 5759 e75b | 7000 0048 

  0x0000705bc938d114: ;   {runtime_call MacroAssembler::debug64(char*, long, long*)}
  0x0000705bc938d114: 83e4 f0e8 | 54da d71d 

  0x0000705bc938d11c: ;   {section_word}
  0x0000705bc938d11c: f449 ba1d | d138 c95b | 7000 0041 

  0x0000705bc938d128: ;   {runtime_call DeoptimizationBlob}
  0x0000705bc938d128: 52e9 7288 | 3207 f4f4 
[/MachCode]


Compiled method (c1) 287  821       3       eu.printingin3d.javascad.manifold.Manifold3dEngine::operateNative (82 bytes)
 total in heap  [0x0000705bc9373210,0x0000705bc9373a30] = 2080
 relocation     [0x0000705bc9373370,0x0000705bc9373420] = 176
 main code      [0x0000705bc9373420,0x0000705bc93737e0] = 960
 stub code      [0x0000705bc93737e0,0x0000705bc9373870] = 144
 oops           [0x0000705bc9373870,0x0000705bc9373878] = 8
 metadata       [0x0000705bc9373878,0x0000705bc9373888] = 16
 scopes data    [0x0000705bc9373888,0x0000705bc9373918] = 144
 scopes pcs     [0x0000705bc9373918,0x0000705bc9373a08] = 240
 dependencies   [0x0000705bc9373a08,0x0000705bc9373a10] = 8
 nul chk table  [0x0000705bc9373a10,0x0000705bc9373a30] = 32

[Constant Pool (empty)]

[MachCode]
[Entry Point]
  # {method} {0x0000705b1f40ae18} 'operateNative' '(JJI)J' in 'eu/printingin3d/javascad/manifold/Manifold3dEngine'
  # this:     rsi:rsi   = 'eu/printingin3d/javascad/manifold/Manifold3dEngine'
  # parm0:    rdx:rdx   = long
  # parm1:    rcx:rcx   = long
  # parm2:    r8        = int
  #           [sp+0x70]  (sp of caller)
  0x0000705bc9373420: 448b 5608 | 49bb 0000 | 0023 5b70 | 0000 4d03 | d34c 3bd0 

  0x0000705bc9373434: ;   {runtime_call ic_miss_stub}
  0x0000705bc9373434: 0f85 46c9 | 3307 660f | 1f44 0000 
[Verified Entry Point]
  0x0000705bc9373440: 8984 2400 | c0fe ff55 | 4883 ec60 

  0x0000705bc937344c: ;   {metadata(method data for {method} {0x0000705b1f40ae18} 'operateNative' '(JJI)J' in 'eu/printingin3d/javascad/manifold/Manifold3dEngine')}
  0x0000705bc937344c: 48bf 482d | 6b1f 5b70 | 0000 8b9f | f400 0000 | 83c3 0289 | 9ff4 0000 | 0081 e3fe | 0700 0083 
  0x0000705bc937346c: fb00 0f84 | 9202 0000 | 4489 4424 | 3048 894c | 2440 4889 | 5424 3848 

  0x0000705bc9373484: ;   {metadata(method data for {method} {0x0000705b1f40ae18} 'operateNative' '(JJI)J' in 'eu/printingin3d/javascad/manifold/Manifold3dEngine')}
  0x0000705bc9373484: 8bfe 48bb | 482d 6b1f | 5b70 0000 | 4883 8338 | 0100 0001 | 0f1f 8000 

  0x0000705bc937349c: ;   {optimized virtual_call}
  0x0000705bc937349c: 0000 00e8 

  0x0000705bc93734a0: ; ImmutableOopMap {}
                      ;*invokespecial getBindings {reexecute=0 rethrow=0 return_oop=0}
                      ; - eu.printingin3d.javascad.manifold.Manifold3dEngine::operateNative@1 (line 221)
  0x0000705bc93734a0: 9c96 feff 

  0x0000705bc93734a4: ;   {metadata(method data for {method} {0x0000705b1f40ae18} 'operateNative' '(JJI)J' in 'eu/printingin3d/javascad/manifold/Manifold3dEngine')}
  0x0000705bc93734a4: 48ba 482d | 6b1f 5b70 | 0000 48c7 | c150 0100 | 0044 8b44 | 2430 4183 | f800 488b | f148 c7c1 
  0x0000705bc93734c4: 6001 0000 | 480f 45ce | 4183 f801 | 488b f148 | c7c1 7001 | 0000 480f | 45ce 4183 | f802 488b 
  0x0000705bc93734e4: f148 c7c1 | 8001 0000 | 480f 45ce | 488b 340a | 49c7 c201 | 0000 0049 | 03f2 4889 | 340a 4183 
  0x0000705bc9373504: f800 0f84 | d300 0000 | 4183 f801 | 0f84 6900 | 0000 4183 | f802 0f85 | 1f01 0000 

  0x0000705bc9373520: ; implicit exception: dispatches to 0x0000705bc9373727
  0x0000705bc9373520: 483b 0048 

  0x0000705bc9373524: ;   {metadata(method data for {method} {0x0000705b1f40ae18} 'operateNative' '(JJI)J' in 'eu/printingin3d/javascad/manifold/Manifold3dEngine')}
  0x0000705bc9373524: 8bd0 48b9 | 482d 6b1f | 5b70 0000 

  0x0000705bc9373530: ;   {metadata('com/cadoodlecad/manifold/ManifoldBindings')}
  0x0000705bc9373530: 49ba 0020 | 0024 5b70 | 0000 4c89 | 9148 0200 | 0048 8381 | 5002 0000 | 0148 8b54 | 2438 488b 
  0x0000705bc9373550: 4c24 4048 

  0x0000705bc9373554: ;   {optimized virtual_call}
  0x0000705bc9373554: 8bf0 90e8 

  0x0000705bc9373558: ; ImmutableOopMap {}
                      ;*invokevirtual intersection {reexecute=0 rethrow=0 return_oop=0}
                      ; - eu.printingin3d.javascad.manifold.Manifold3dEngine::operateNative@60 (line 225)
  0x0000705bc9373558: 24cb 3307 

  0x0000705bc937355c: ;   {metadata(method data for {method} {0x0000705b1f40ae18} 'operateNative' '(JJI)J' in 'eu/printingin3d/javascad/manifold/Manifold3dEngine')}
  0x0000705bc937355c: 48ba 482d | 6b1f 5b70 | 0000 ff82 | 7002 0000 | 4883 c460 

  0x0000705bc9373570: ;   {poll_return}
  0x0000705bc9373570: 5d49 3ba7 | 4003 0000 | 0f87 ae01 | 0000 c348 | 3b00 488b 

  0x0000705bc9373584: ;   {metadata(method data for {method} {0x0000705b1f40ae18} 'operateNative' '(JJI)J' in 'eu/printingin3d/javascad/manifold/Manifold3dEngine')}
  0x0000705bc9373584: d048 b948 | 2d6b 1f5b 

  0x0000705bc937358c: ;   {metadata('com/cadoodlecad/manifold/ManifoldBindings')}
  0x0000705bc937358c: 7000 0049 | ba00 2000 | 245b 7000 | 004c 8991 | f801 0000 | 4883 8100 | 0200 0001 | 488b 5424 
  0x0000705bc93735ac: 3848 8b4c | 2440 488b 

  0x0000705bc93735b4: ;   {optimized virtual_call}
  0x0000705bc93735b4: f066 90e8 

  0x0000705bc93735b8: ; ImmutableOopMap {}
                      ;*invokevirtual difference {reexecute=0 rethrow=0 return_oop=0}
                      ; - eu.printingin3d.javascad.manifold.Manifold3dEngine::operateNative@50 (line 224)
  0x0000705bc93735b8: 4902 0000 

  0x0000705bc93735bc: ;   {metadata(method data for {method} {0x0000705b1f40ae18} 'operateNative' '(JJI)J' in 'eu/printingin3d/javascad/manifold/Manifold3dEngine')}
  0x0000705bc93735bc: 48ba 482d | 6b1f 5b70 | 0000 ff82 | 2002 0000 | 4883 c460 

  0x0000705bc93735d0: ;   {poll_return}
  0x0000705bc93735d0: 5d49 3ba7 | 4003 0000 | 0f87 6901 | 0000 c348 | 8b4c 2440 | 488b 5424 | 3848 3b00 

  0x0000705bc93735ec: ;   {metadata(method data for {method} {0x0000705b1f40ae18} 'operateNative' '(JJI)J' in 'eu/printingin3d/javascad/manifold/Manifold3dEngine')}
  0x0000705bc93735ec: 488b f048 | bf48 2d6b | 1f5b 7000 

  0x0000705bc93735f8: ;   {metadata('com/cadoodlecad/manifold/ManifoldBindings')}
  0x0000705bc93735f8: 0049 ba00 | 2000 245b | 7000 004c | 8997 a801 | 0000 4883 | 87b0 0100 | 0001 488b 

  0x0000705bc9373614: ;   {optimized virtual_call}
  0x0000705bc9373614: f066 90e8 

  0x0000705bc9373618: ; ImmutableOopMap {}
                      ;*invokevirtual union {reexecute=0 rethrow=0 return_oop=0}
                      ; - eu.printingin3d.javascad.manifold.Manifold3dEngine::operateNative@40 (line 223)
  0x0000705bc9373618: c499 0100 

  0x0000705bc937361c: ;   {metadata(method data for {method} {0x0000705b1f40ae18} 'operateNative' '(JJI)J' in 'eu/printingin3d/javascad/manifold/Manifold3dEngine')}
  0x0000705bc937361c: 48ba 482d | 6b1f 5b70 | 0000 ff82 | d001 0000 | 4883 c460 

  0x0000705bc9373630: ;   {poll_return}
  0x0000705bc9373630: 5d49 3ba7 | 4003 0000 | 0f87 2401 | 0000 c390 

  0x0000705bc9373640: ;   {no_reloc}
  0x0000705bc9373640: e942 0100 | 0000 0000 | 0000 498b | 8708 0100 | 0048 8d78 | 2849 3bbf | 1801 0000 | 0f87 2f01 
  0x0000705bc9373660: 0000 4989 | bf08 0100 | 0048 c700 | 0100 0000 | 488b ca49 | ba00 0000 | 235b 7000 | 0049 2bca 
  0x0000705bc9373680: 8948 0848 | 33c9 8948 | 0c48 33c9 | 4889 4810 | 4889 4818 | 4889 4820 

  0x0000705bc9373698: ;   {no_reloc}
  0x0000705bc9373698: e910 0100 | 0090 9090 | 9090 498b | f048 8944 | 2448 0f1f 

  0x0000705bc93736ac: ;   {static_call}
  0x0000705bc93736ac: 4400 00e8 

  0x0000705bc93736b0: ; ImmutableOopMap {[72]=Oop }
                      ;*invokedynamic {reexecute=0 rethrow=0 return_oop=0}
                      ; - eu.printingin3d.javascad.manifold.Manifold3dEngine::operateNative@72 (line 226)
  0x0000705bc93736b0: cccf 3307 

  0x0000705bc93736b4: ;   {metadata(method data for {method} {0x0000705b1f40ae18} 'operateNative' '(JJI)J' in 'eu/printingin3d/javascad/manifold/Manifold3dEngine')}
  0x0000705bc93736b4: 48ba 482d | 6b1f 5b70 | 0000 488d | 9298 0200 | 0048 85c0 | 750e 48f7 | 0201 0000 | 0075 05f0 
  0x0000705bc93736d4: 4883 0a01 | 488b 5424 

  0x0000705bc93736dc: ;   {metadata(method data for {method} {0x0000705b1f40ae18} 'operateNative' '(JJI)J' in 'eu/printingin3d/javascad/manifold/Manifold3dEngine')}
  0x0000705bc93736dc: 4848 be48 | 2d6b 1f5b | 7000 0048 | 8386 a802 | 0000 0148 | 8bd0 488b 

  0x0000705bc93736f4: ;   {optimized virtual_call}
  0x0000705bc93736f4: 7424 48e8 

  0x0000705bc93736f8: ; ImmutableOopMap {[72]=Oop }
                      ;*invokespecial <init> {reexecute=0 rethrow=0 return_oop=0}
                      ; - eu.printingin3d.javascad.manifold.Manifold3dEngine::operateNative@77 (line 226)
  0x0000705bc93736f8: 84c9 3307 | 488b 4424 | 48e9 d000 

  0x0000705bc9373704: ;   {metadata({method} {0x0000705b1f40ae18} 'operateNative' '(JJI)J' in 'eu/printingin3d/javascad/manifold/Manifold3dEngine')}
  0x0000705bc9373704: 0000 49ba | 18ae 401f | 5b70 0000 | 4c89 5424 | 0848 c704 | 24ff ffff 

  0x0000705bc937371c: ;   {runtime_call counter_overflow Runtime1 stub}
  0x0000705bc937371c: ffe8 5e44 

  0x0000705bc9373720: ; ImmutableOopMap {rsi=Oop }
                      ;*synchronization entry
                      ; - eu.printingin3d.javascad.manifold.Manifold3dEngine::operateNative@-1 (line 221)
  0x0000705bc9373720: 3e07 e94d 

  0x0000705bc9373724: ;   {runtime_call throw_null_pointer_exception Runtime1 stub}
  0x0000705bc9373724: fdff ffe8 

  0x0000705bc9373728: ; ImmutableOopMap {rax=Oop }
                      ;*invokevirtual intersection {reexecute=0 rethrow=0 return_oop=0}
                      ; - eu.printingin3d.javascad.manifold.Manifold3dEngine::operateNative@60 (line 225)
  0x0000705bc9373728: 74ea 3d07 

  0x0000705bc937372c: ;   {internal_word}
  0x0000705bc937372c: 49ba 7135 | 37c9 5b70 | 0000 4d89 | 9758 0300 

  0x0000705bc937373c: ;   {runtime_call SafepointBlob}
  0x0000705bc937373c: 00e9 be2f 

  0x0000705bc9373740: ;   {runtime_call throw_null_pointer_exception Runtime1 stub}
  0x0000705bc9373740: 3407 e859 

  0x0000705bc9373744: ; ImmutableOopMap {rax=Oop }
                      ;*invokevirtual difference {reexecute=0 rethrow=0 return_oop=0}
                      ; - eu.printingin3d.javascad.manifold.Manifold3dEngine::operateNative@50 (line 224)
                      ;   {internal_word}
  0x0000705bc9373744: ea3d 0749 | bad1 3537 | c95b 7000 | 004d 8997 | 5803 0000 

  0x0000705bc9373758: ;   {runtime_call SafepointBlob}
  0x0000705bc9373758: e9a3 2f34 

  0x0000705bc937375c: ;   {runtime_call throw_null_pointer_exception Runtime1 stub}
  0x0000705bc937375c: 07e8 3eea 

  0x0000705bc9373760: ; ImmutableOopMap {rax=Oop }
                      ;*invokevirtual union {reexecute=0 rethrow=0 return_oop=0}
                      ; - eu.printingin3d.javascad.manifold.Manifold3dEngine::operateNative@40 (line 223)
                      ;   {internal_word}
  0x0000705bc9373760: 3d07 49ba | 3136 37c9 | 5b70 0000 | 4d89 9758 

  0x0000705bc9373770: ;   {runtime_call SafepointBlob}
  0x0000705bc9373770: 0300 00e9 | 882f 3407 

  0x0000705bc9373778: ;   {metadata(NULL)}
  0x0000705bc9373778: 48ba 0000 | 0000 0000 | 0000 b800 

  0x0000705bc9373784: ;   {runtime_call load_klass_patching Runtime1 stub}
  0x0000705bc9373784: 0f05 0ae8 

  0x0000705bc9373788: ; ImmutableOopMap {}
                      ;*new {reexecute=1 rethrow=0 return_oop=0}
                      ; - (reexecute) eu.printingin3d.javascad.manifold.Manifold3dEngine::operateNative@66 (line 226)
  0x0000705bc9373788: 7433 3e07 | e9af feff | ff48 8bd2 

  0x0000705bc9373794: ;   {runtime_call fast_new_instance Runtime1 stub}
  0x0000705bc9373794: e8e7 f23d 

  0x0000705bc9373798: ; ImmutableOopMap {}
                      ;*new {reexecute=0 rethrow=0 return_oop=0}
                      ; - eu.printingin3d.javascad.manifold.Manifold3dEngine::operateNative@66 (line 226)
  0x0000705bc9373798: 07e9 fafe | ffff 48ba | 0000 0000 | 0000 0000 | b800 0f05 

  0x0000705bc93737ac: ;   {runtime_call load_appendix_patching Runtime1 stub}
  0x0000705bc93737ac: 0ae8 4e3c 

  0x0000705bc93737b0: ; ImmutableOopMap {rax=Oop }
                      ;*invokedynamic {reexecute=1 rethrow=0 return_oop=0}
                      ; - (reexecute) eu.printingin3d.javascad.manifold.Manifold3dEngine::operateNative@72 (line 226)
  0x0000705bc93737b0: 3e07 e9e1 | feff ff90 | 9049 8b87 | d003 0000 | 49c7 87d0 | 0300 0000 | 0000 0049 | c787 d803 
  0x0000705bc93737d0: 0000 0000 | 0000 4883 

  0x0000705bc93737d8: ;   {runtime_call unwind_exception Runtime1 stub}
  0x0000705bc93737d8: c460 5de9 | 20fe 3407 
[Stub Code]
  0x0000705bc93737e0: ;   {no_reloc}
  0x0000705bc93737e0: 0f1f 4400 

  0x0000705bc93737e4: ;   {static_stub}
  0x0000705bc93737e4: 0048 bb00 | 0000 0000 

  0x0000705bc93737ec: ;   {runtime_call}
  0x0000705bc93737ec: 0000 00e9 | fbff ffff 

  0x0000705bc93737f4: ;   {static_stub}
  0x0000705bc93737f4: 9048 bb00 | 0000 0000 

  0x0000705bc93737fc: ;   {runtime_call}
  0x0000705bc93737fc: 0000 00e9 | fbff ffff 

  0x0000705bc9373804: ;   {static_stub}
  0x0000705bc9373804: 9048 bbd8 | 7941 1f5b 

  0x0000705bc937380c: ;   {runtime_call I2C/C2I adapters}
  0x0000705bc937380c: 7000 00e9 | cd67 3307 

  0x0000705bc9373814: ;   {static_stub}
  0x0000705bc9373814: 9048 bb08 | 7941 1f5b 

  0x0000705bc937381c: ;   {runtime_call I2C/C2I adapters}
  0x0000705bc937381c: 7000 00e9 | bd67 3307 

  0x0000705bc9373824: ;   {static_stub}
  0x0000705bc9373824: 9048 bb00 | 0000 0000 

  0x0000705bc937382c: ;   {runtime_call}
  0x0000705bc937382c: 0000 00e9 | fbff ffff 

  0x0000705bc9373834: ;   {static_stub}
  0x0000705bc9373834: 9048 bb00 | 0000 0000 

  0x0000705bc937383c: ;   {runtime_call}
  0x0000705bc937383c: 0000 00e9 | fbff ffff 
[Exception Handler]
  0x0000705bc9373844: ;   {runtime_call handle_exception_from_callee Runtime1 stub}
  0x0000705bc9373844: e837 0a3e 

  0x0000705bc9373848: ;   {external_word}
  0x0000705bc9373848: 0748 bf52 | 5759 e75b | 7000 0048 

  0x0000705bc9373854: ;   {runtime_call MacroAssembler::debug64(char*, long, long*)}
  0x0000705bc9373854: 83e4 f0e8 | 1473 d91d 

  0x0000705bc937385c: ;   {section_word}
  0x0000705bc937385c: f449 ba5d | 3837 c95b | 7000 0041 

  0x0000705bc9373868: ;   {runtime_call DeoptimizationBlob}
  0x0000705bc9373868: 52e9 3221 | 3407 f4f4 
[/MachCode]


---------------  P R O C E S S  ---------------

Threads class SMR info:
_java_thread_list=0x0000705acc01e430, length=22, elements={
0x0000705be002a990, 0x0000705be01e9450, 0x0000705be01ea830, 0x0000705be01efdc0,
0x0000705be01f1170, 0x0000705be01f2580, 0x0000705be01f3fb0, 0x0000705be01f54e0,
0x0000705be01f6950, 0x0000705be01fe690, 0x0000705be0201e20, 0x0000705b0407e740,
0x0000705b040f2d70, 0x0000705b040f3ec0, 0x0000705ae80d8eb0, 0x0000705be043f740,
0x0000705be04403a0, 0x0000705ad8064e00, 0x0000705ad80572e0, 0x0000705ad802ff10,
0x0000705ad8053900, 0x0000705acc0ed010
}

Java Threads: ( => current thread )
  0x0000705be002a990 JavaThread "main" [_thread_blocked, id=69332, stack(0x0000705be6500000,0x0000705be6600000)]
  0x0000705be01e9450 JavaThread "Reference Handler" daemon [_thread_blocked, id=69339, stack(0x0000705b81e30000,0x0000705b81f30000)]
  0x0000705be01ea830 JavaThread "Finalizer" daemon [_thread_blocked, id=69340, stack(0x0000705b81d30000,0x0000705b81e30000)]
  0x0000705be01efdc0 JavaThread "Signal Dispatcher" daemon [_thread_blocked, id=69341, stack(0x0000705b81c30000,0x0000705b81d30000)]
  0x0000705be01f1170 JavaThread "Service Thread" daemon [_thread_blocked, id=69342, stack(0x0000705b81500000,0x0000705b81600000)]
  0x0000705be01f2580 JavaThread "Monitor Deflation Thread" daemon [_thread_blocked, id=69343, stack(0x0000705b81400000,0x0000705b81500000)]
  0x0000705be01f3fb0 JavaThread "C2 CompilerThread0" daemon [_thread_blocked, id=69344, stack(0x0000705b81300000,0x0000705b81400000)]
  0x0000705be01f54e0 JavaThread "C1 CompilerThread0" daemon [_thread_blocked, id=69345, stack(0x0000705b81200000,0x0000705b81300000)]
  0x0000705be01f6950 JavaThread "Sweeper thread" daemon [_thread_blocked, id=69346, stack(0x0000705b81100000,0x0000705b81200000)]
  0x0000705be01fe690 JavaThread "Notification Thread" daemon [_thread_blocked, id=69347, stack(0x0000705b81000000,0x0000705b81100000)]
  0x0000705be0201e20 JavaThread "Common-Cleaner" daemon [_thread_blocked, id=69349, stack(0x0000705b80dff000,0x0000705b80eff000)]
  0x0000705b0407e740 JavaThread "C1 CompilerThread1" daemon [_thread_blocked, id=69350, stack(0x0000705b80cff000,0x0000705b80dff000)]
  0x0000705b040f2d70 JavaThread "C1 CompilerThread2" daemon [_thread_blocked, id=69351, stack(0x0000705b80bff000,0x0000705b80cff000)]
  0x0000705b040f3ec0 JavaThread "C1 CompilerThread3" daemon [_thread_blocked, id=69352, stack(0x0000705b80aff000,0x0000705b80bff000)]
  0x0000705ae80d8eb0 JavaThread "C2 CompilerThread1" daemon [_thread_in_native, id=69354, stack(0x0000705b809ff000,0x0000705b80aff000)]
  0x0000705be043f740 JavaThread "DefaultDispatcher-worker-1" daemon [_thread_blocked, id=69355, stack(0x0000705b80500000,0x0000705b80600000)]
  0x0000705be04403a0 JavaThread "DefaultDispatcher-worker-2" daemon [_thread_in_native, id=69356, stack(0x0000705b80100000,0x0000705b80200000)]
=>0x0000705ad8064e00 JavaThread "DefaultDispatcher-worker-3" daemon [_thread_in_native, id=69357, stack(0x0000705b80000000,0x0000705b80100000)]
  0x0000705ad80572e0 JavaThread "DefaultDispatcher-worker-4" daemon [_thread_blocked, id=69358, stack(0x0000705b71f00000,0x0000705b72000000)]
  0x0000705ad802ff10 JavaThread "DefaultDispatcher-worker-5" daemon [_thread_blocked, id=69359, stack(0x0000705b71e00000,0x0000705b71f00000)]
  0x0000705ad8053900 JavaThread "DefaultDispatcher-worker-6" daemon [_thread_blocked, id=69360, stack(0x0000705b71d00000,0x0000705b71e00000)]
  0x0000705acc0ed010 JavaThread "Thread-6" daemon [_thread_in_native, id=69376, stack(0x0000705b1cef8000,0x0000705b1cff8000)]

Other Threads:
  0x0000705be01e5480 VMThread "VM Thread" [stack: 0x0000705bdff00000,0x0000705be0000000] [id=69338]
  0x0000705be01fffd0 WatcherThread [stack: 0x0000705b80f00000,0x0000705b81000000] [id=69348]
  0x0000705be00604e0 GCTaskThread "GC Thread#0" [stack: 0x0000705be5379000,0x0000705be5479000] [id=69333]
  0x0000705b680068e0 GCTaskThread "GC Thread#1" [stack: 0x0000705b1cdf8000,0x0000705b1cef8000] [id=69377]
  0x0000705b68007360 GCTaskThread "GC Thread#2" [stack: 0x0000705b1ccf7000,0x0000705b1cdf7000] [id=69378]
  0x0000705b68007de0 GCTaskThread "GC Thread#3" [stack: 0x0000705b1cbf6000,0x0000705b1ccf6000] [id=69379]
  0x0000705b68008860 GCTaskThread "GC Thread#4" [stack: 0x0000705b1caf5000,0x0000705b1cbf5000] [id=69380]
  0x0000705b680092e0 GCTaskThread "GC Thread#5" [stack: 0x0000705b1c9f4000,0x0000705b1caf4000] [id=69381]
  0x0000705b68009d90 GCTaskThread "GC Thread#6" [stack: 0x0000705b1c8f3000,0x0000705b1c9f3000] [id=69382]
  0x0000705b6800a840 GCTaskThread "GC Thread#7" [stack: 0x0000705b1c7f2000,0x0000705b1c8f2000] [id=69383]
  0x0000705b6800b2f0 GCTaskThread "GC Thread#8" [stack: 0x0000705b1c6f1000,0x0000705b1c7f1000] [id=69384]
  0x0000705b6800bda0 GCTaskThread "GC Thread#9" [stack: 0x0000705b1c5f0000,0x0000705b1c6f0000] [id=69385]
  0x0000705b6800c850 GCTaskThread "GC Thread#10" [stack: 0x0000705b1c4ef000,0x0000705b1c5ef000] [id=69386]
  0x0000705b6800d300 GCTaskThread "GC Thread#11" [stack: 0x0000705b1c3ee000,0x0000705b1c4ee000] [id=69387]
  0x0000705b6800ddb0 GCTaskThread "GC Thread#12" [stack: 0x0000705b1c2ed000,0x0000705b1c3ed000] [id=69388]
  0x0000705be0070ad0 ConcurrentGCThread "G1 Main Marker" [stack: 0x0000705be5278000,0x0000705be5378000] [id=69334]
  0x0000705be0071a40 ConcurrentGCThread "G1 Conc#0" [stack: 0x0000705be5177000,0x0000705be5277000] [id=69335]
  0x0000705be01b25d0 ConcurrentGCThread "G1 Refine#0" [stack: 0x0000705be4369000,0x0000705be4469000] [id=69336]
  0x0000705be01b34d0 ConcurrentGCThread "G1 Service" [stack: 0x0000705be4268000,0x0000705be4368000] [id=69337]

Threads with active compile tasks:
C2 CompilerThread1  296  785       4       eu.printingin3d.javascad.coords.Angles3d::rotate (392 bytes)

VM state: not at safepoint (normal execution)

VM Mutex/Monitor currently owned by a thread: None

Heap address: 0x0000000082000000, size: 30688 MB, Compressed Oops mode: Zero based, Oop shift amount: 3

CDS archive(s) mapped at: [0x0000705b23000000-0x0000705b23bca000-0x0000705b23bca000), size 12361728, SharedBaseAddress: 0x0000705b23000000, ArchiveRelocationMode: 1.
Compressed class space mapped at: 0x0000705b24000000-0x0000705b64000000, reserved size: 1073741824
Narrow klass base: 0x0000705b23000000, Narrow klass shift: 0, Narrow klass range: 0x100000000

GC Precious Log:
 CPUs: 16 total, 16 available
 Memory: 121G
 Large Page Support: Disabled
 NUMA Support: Disabled
 Compressed Oops: Enabled (Zero based)
 Heap Region Size: 16M
 Heap Min Capacity: 16M
 Heap Initial Capacity: 1952M
 Heap Max Capacity: 30688M
 Pre-touch: Disabled
 Parallel Workers: 13
 Concurrent Workers: 3
 Concurrent Refinement Workers: 13
 Periodic GC: Disabled

Heap:
 garbage-first heap   total 2031616K, used 50701K [0x0000000082000000, 0x0000000800000000)
  region size 16384K, 4 young (65536K), 1 survivors (16384K)
 Metaspace       used 4875K, committed 5056K, reserved 1114112K
  class space    used 405K, committed 512K, reserved 1048576K

Heap Regions: E=young(eden), S=young(survivor), O=old, HS=humongous(starts), HC=humongous(continues), CS=collection set, F=free, OA=open archive, CA=closed archive, TAMS=top-at-mark-start (previous, next)
|   0|0x0000000082000000, 0x0000000082000000, 0x0000000083000000|  0%| F|  |TAMS 0x0000000082000000, 0x0000000082000000| Untracked 
|   1|0x0000000083000000, 0x0000000083000000, 0x0000000084000000|  0%| F|  |TAMS 0x0000000083000000, 0x0000000083000000| Untracked 
|   2|0x0000000084000000, 0x0000000084000000, 0x0000000085000000|  0%| F|  |TAMS 0x0000000084000000, 0x0000000084000000| Untracked 
|   3|0x0000000085000000, 0x0000000085000000, 0x0000000086000000|  0%| F|  |TAMS 0x0000000085000000, 0x0000000085000000| Untracked 
|   4|0x0000000086000000, 0x0000000086000000, 0x0000000087000000|  0%| F|  |TAMS 0x0000000086000000, 0x0000000086000000| Untracked 
|   5|0x0000000087000000, 0x0000000087000000, 0x0000000088000000|  0%| F|  |TAMS 0x0000000087000000, 0x0000000087000000| Untracked 
|   6|0x0000000088000000, 0x0000000088000000, 0x0000000089000000|  0%| F|  |TAMS 0x0000000088000000, 0x0000000088000000| Untracked 
|   7|0x0000000089000000, 0x0000000089000000, 0x000000008a000000|  0%| F|  |TAMS 0x0000000089000000, 0x0000000089000000| Untracked 
|   8|0x000000008a000000, 0x000000008a000000, 0x000000008b000000|  0%| F|  |TAMS 0x000000008a000000, 0x000000008a000000| Untracked 
|   9|0x000000008b000000, 0x000000008b000000, 0x000000008c000000|  0%| F|  |TAMS 0x000000008b000000, 0x000000008b000000| Untracked 
|  10|0x000000008c000000, 0x000000008c000000, 0x000000008d000000|  0%| F|  |TAMS 0x000000008c000000, 0x000000008c000000| Untracked 
|  11|0x000000008d000000, 0x000000008d000000, 0x000000008e000000|  0%| F|  |TAMS 0x000000008d000000, 0x000000008d000000| Untracked 
|  12|0x000000008e000000, 0x000000008e000000, 0x000000008f000000|  0%| F|  |TAMS 0x000000008e000000, 0x000000008e000000| Untracked 
|  13|0x000000008f000000, 0x000000008f000000, 0x0000000090000000|  0%| F|  |TAMS 0x000000008f000000, 0x000000008f000000| Untracked 
|  14|0x0000000090000000, 0x0000000090000000, 0x0000000091000000|  0%| F|  |TAMS 0x0000000090000000, 0x0000000090000000| Untracked 
|  15|0x0000000091000000, 0x0000000091000000, 0x0000000092000000|  0%| F|  |TAMS 0x0000000091000000, 0x0000000091000000| Untracked 
|  16|0x0000000092000000, 0x0000000092000000, 0x0000000093000000|  0%| F|  |TAMS 0x0000000092000000, 0x0000000092000000| Untracked 
|  17|0x0000000093000000, 0x0000000093000000, 0x0000000094000000|  0%| F|  |TAMS 0x0000000093000000, 0x0000000093000000| Untracked 
|  18|0x0000000094000000, 0x0000000094000000, 0x0000000095000000|  0%| F|  |TAMS 0x0000000094000000, 0x0000000094000000| Untracked 
|  19|0x0000000095000000, 0x0000000095000000, 0x0000000096000000|  0%| F|  |TAMS 0x0000000095000000, 0x0000000095000000| Untracked 
|  20|0x0000000096000000, 0x0000000096000000, 0x0000000097000000|  0%| F|  |TAMS 0x0000000096000000, 0x0000000096000000| Untracked 
|  21|0x0000000097000000, 0x0000000097000000, 0x0000000098000000|  0%| F|  |TAMS 0x0000000097000000, 0x0000000097000000| Untracked 
|  22|0x0000000098000000, 0x0000000098000000, 0x0000000099000000|  0%| F|  |TAMS 0x0000000098000000, 0x0000000098000000| Untracked 
|  23|0x0000000099000000, 0x0000000099000000, 0x000000009a000000|  0%| F|  |TAMS 0x0000000099000000, 0x0000000099000000| Untracked 
|  24|0x000000009a000000, 0x000000009a000000, 0x000000009b000000|  0%| F|  |TAMS 0x000000009a000000, 0x000000009a000000| Untracked 
|  25|0x000000009b000000, 0x000000009b000000, 0x000000009c000000|  0%| F|  |TAMS 0x000000009b000000, 0x000000009b000000| Untracked 
|  26|0x000000009c000000, 0x000000009c000000, 0x000000009d000000|  0%| F|  |TAMS 0x000000009c000000, 0x000000009c000000| Untracked 
|  27|0x000000009d000000, 0x000000009d000000, 0x000000009e000000|  0%| F|  |TAMS 0x000000009d000000, 0x000000009d000000| Untracked 
|  28|0x000000009e000000, 0x000000009e000000, 0x000000009f000000|  0%| F|  |TAMS 0x000000009e000000, 0x000000009e000000| Untracked 
|  29|0x000000009f000000, 0x000000009f000000, 0x00000000a0000000|  0%| F|  |TAMS 0x000000009f000000, 0x000000009f000000| Untracked 
|  30|0x00000000a0000000, 0x00000000a0000000, 0x00000000a1000000|  0%| F|  |TAMS 0x00000000a0000000, 0x00000000a0000000| Untracked 
|  31|0x00000000a1000000, 0x00000000a1000000, 0x00000000a2000000|  0%| F|  |TAMS 0x00000000a1000000, 0x00000000a1000000| Untracked 
|  32|0x00000000a2000000, 0x00000000a2000000, 0x00000000a3000000|  0%| F|  |TAMS 0x00000000a2000000, 0x00000000a2000000| Untracked 
|  33|0x00000000a3000000, 0x00000000a3000000, 0x00000000a4000000|  0%| F|  |TAMS 0x00000000a3000000, 0x00000000a3000000| Untracked 
|  34|0x00000000a4000000, 0x00000000a4000000, 0x00000000a5000000|  0%| F|  |TAMS 0x00000000a4000000, 0x00000000a4000000| Untracked 
|  35|0x00000000a5000000, 0x00000000a5000000, 0x00000000a6000000|  0%| F|  |TAMS 0x00000000a5000000, 0x00000000a5000000| Untracked 
|  36|0x00000000a6000000, 0x00000000a6000000, 0x00000000a7000000|  0%| F|  |TAMS 0x00000000a6000000, 0x00000000a6000000| Untracked 
|  37|0x00000000a7000000, 0x00000000a7000000, 0x00000000a8000000|  0%| F|  |TAMS 0x00000000a7000000, 0x00000000a7000000| Untracked 
|  38|0x00000000a8000000, 0x00000000a8000000, 0x00000000a9000000|  0%| F|  |TAMS 0x00000000a8000000, 0x00000000a8000000| Untracked 
|  39|0x00000000a9000000, 0x00000000a9000000, 0x00000000aa000000|  0%| F|  |TAMS 0x00000000a9000000, 0x00000000a9000000| Untracked 
|  40|0x00000000aa000000, 0x00000000aa000000, 0x00000000ab000000|  0%| F|  |TAMS 0x00000000aa000000, 0x00000000aa000000| Untracked 
|  41|0x00000000ab000000, 0x00000000ab000000, 0x00000000ac000000|  0%| F|  |TAMS 0x00000000ab000000, 0x00000000ab000000| Untracked 
|  42|0x00000000ac000000, 0x00000000ac000000, 0x00000000ad000000|  0%| F|  |TAMS 0x00000000ac000000, 0x00000000ac000000| Untracked 
|  43|0x00000000ad000000, 0x00000000ad000000, 0x00000000ae000000|  0%| F|  |TAMS 0x00000000ad000000, 0x00000000ad000000| Untracked 
|  44|0x00000000ae000000, 0x00000000ae000000, 0x00000000af000000|  0%| F|  |TAMS 0x00000000ae000000, 0x00000000ae000000| Untracked 
|  45|0x00000000af000000, 0x00000000af000000, 0x00000000b0000000|  0%| F|  |TAMS 0x00000000af000000, 0x00000000af000000| Untracked 
|  46|0x00000000b0000000, 0x00000000b0000000, 0x00000000b1000000|  0%| F|  |TAMS 0x00000000b0000000, 0x00000000b0000000| Untracked 
|  47|0x00000000b1000000, 0x00000000b1000000, 0x00000000b2000000|  0%| F|  |TAMS 0x00000000b1000000, 0x00000000b1000000| Untracked 
|  48|0x00000000b2000000, 0x00000000b2000000, 0x00000000b3000000|  0%| F|  |TAMS 0x00000000b2000000, 0x00000000b2000000| Untracked 
|  49|0x00000000b3000000, 0x00000000b3000000, 0x00000000b4000000|  0%| F|  |TAMS 0x00000000b3000000, 0x00000000b3000000| Untracked 
|  50|0x00000000b4000000, 0x00000000b4000000, 0x00000000b5000000|  0%| F|  |TAMS 0x00000000b4000000, 0x00000000b4000000| Untracked 
|  51|0x00000000b5000000, 0x00000000b5000000, 0x00000000b6000000|  0%| F|  |TAMS 0x00000000b5000000, 0x00000000b5000000| Untracked 
|  52|0x00000000b6000000, 0x00000000b6000000, 0x00000000b7000000|  0%| F|  |TAMS 0x00000000b6000000, 0x00000000b6000000| Untracked 
|  53|0x00000000b7000000, 0x00000000b7000000, 0x00000000b8000000|  0%| F|  |TAMS 0x00000000b7000000, 0x00000000b7000000| Untracked 
|  54|0x00000000b8000000, 0x00000000b8000000, 0x00000000b9000000|  0%| F|  |TAMS 0x00000000b8000000, 0x00000000b8000000| Untracked 
|  55|0x00000000b9000000, 0x00000000b9000000, 0x00000000ba000000|  0%| F|  |TAMS 0x00000000b9000000, 0x00000000b9000000| Untracked 
|  56|0x00000000ba000000, 0x00000000ba000000, 0x00000000bb000000|  0%| F|  |TAMS 0x00000000ba000000, 0x00000000ba000000| Untracked 
|  57|0x00000000bb000000, 0x00000000bb000000, 0x00000000bc000000|  0%| F|  |TAMS 0x00000000bb000000, 0x00000000bb000000| Untracked 
|  58|0x00000000bc000000, 0x00000000bc000000, 0x00000000bd000000|  0%| F|  |TAMS 0x00000000bc000000, 0x00000000bc000000| Untracked 
|  59|0x00000000bd000000, 0x00000000bd000000, 0x00000000be000000|  0%| F|  |TAMS 0x00000000bd000000, 0x00000000bd000000| Untracked 
|  60|0x00000000be000000, 0x00000000be000000, 0x00000000bf000000|  0%| F|  |TAMS 0x00000000be000000, 0x00000000be000000| Untracked 
|  61|0x00000000bf000000, 0x00000000bf000000, 0x00000000c0000000|  0%| F|  |TAMS 0x00000000bf000000, 0x00000000bf000000| Untracked 
|  62|0x00000000c0000000, 0x00000000c0000000, 0x00000000c1000000|  0%| F|  |TAMS 0x00000000c0000000, 0x00000000c0000000| Untracked 
|  63|0x00000000c1000000, 0x00000000c1000000, 0x00000000c2000000|  0%| F|  |TAMS 0x00000000c1000000, 0x00000000c1000000| Untracked 
|  64|0x00000000c2000000, 0x00000000c2000000, 0x00000000c3000000|  0%| F|  |TAMS 0x00000000c2000000, 0x00000000c2000000| Untracked 
|  65|0x00000000c3000000, 0x00000000c3000000, 0x00000000c4000000|  0%| F|  |TAMS 0x00000000c3000000, 0x00000000c3000000| Untracked 
|  66|0x00000000c4000000, 0x00000000c4000000, 0x00000000c5000000|  0%| F|  |TAMS 0x00000000c4000000, 0x00000000c4000000| Untracked 
|  67|0x00000000c5000000, 0x00000000c5000000, 0x00000000c6000000|  0%| F|  |TAMS 0x00000000c5000000, 0x00000000c5000000| Untracked 
|  68|0x00000000c6000000, 0x00000000c6000000, 0x00000000c7000000|  0%| F|  |TAMS 0x00000000c6000000, 0x00000000c6000000| Untracked 
|  69|0x00000000c7000000, 0x00000000c7000000, 0x00000000c8000000|  0%| F|  |TAMS 0x00000000c7000000, 0x00000000c7000000| Untracked 
|  70|0x00000000c8000000, 0x00000000c8000000, 0x00000000c9000000|  0%| F|  |TAMS 0x00000000c8000000, 0x00000000c8000000| Untracked 
|  71|0x00000000c9000000, 0x00000000c9000000, 0x00000000ca000000|  0%| F|  |TAMS 0x00000000c9000000, 0x00000000c9000000| Untracked 
|  72|0x00000000ca000000, 0x00000000ca000000, 0x00000000cb000000|  0%| F|  |TAMS 0x00000000ca000000, 0x00000000ca000000| Untracked 
|  73|0x00000000cb000000, 0x00000000cb000000, 0x00000000cc000000|  0%| F|  |TAMS 0x00000000cb000000, 0x00000000cb000000| Untracked 
|  74|0x00000000cc000000, 0x00000000cc000000, 0x00000000cd000000|  0%| F|  |TAMS 0x00000000cc000000, 0x00000000cc000000| Untracked 
|  75|0x00000000cd000000, 0x00000000cd000000, 0x00000000ce000000|  0%| F|  |TAMS 0x00000000cd000000, 0x00000000cd000000| Untracked 
|  76|0x00000000ce000000, 0x00000000ce000000, 0x00000000cf000000|  0%| F|  |TAMS 0x00000000ce000000, 0x00000000ce000000| Untracked 
|  77|0x00000000cf000000, 0x00000000cf000000, 0x00000000d0000000|  0%| F|  |TAMS 0x00000000cf000000, 0x00000000cf000000| Untracked 
|  78|0x00000000d0000000, 0x00000000d0000000, 0x00000000d1000000|  0%| F|  |TAMS 0x00000000d0000000, 0x00000000d0000000| Untracked 
|  79|0x00000000d1000000, 0x00000000d1000000, 0x00000000d2000000|  0%| F|  |TAMS 0x00000000d1000000, 0x00000000d1000000| Untracked 
|  80|0x00000000d2000000, 0x00000000d2000000, 0x00000000d3000000|  0%| F|  |TAMS 0x00000000d2000000, 0x00000000d2000000| Untracked 
|  81|0x00000000d3000000, 0x00000000d3000000, 0x00000000d4000000|  0%| F|  |TAMS 0x00000000d3000000, 0x00000000d3000000| Untracked 
|  82|0x00000000d4000000, 0x00000000d4000000, 0x00000000d5000000|  0%| F|  |TAMS 0x00000000d4000000, 0x00000000d4000000| Untracked 
|  83|0x00000000d5000000, 0x00000000d5000000, 0x00000000d6000000|  0%| F|  |TAMS 0x00000000d5000000, 0x00000000d5000000| Untracked 
|  84|0x00000000d6000000, 0x00000000d6000000, 0x00000000d7000000|  0%| F|  |TAMS 0x00000000d6000000, 0x00000000d6000000| Untracked 
|  85|0x00000000d7000000, 0x00000000d7000000, 0x00000000d8000000|  0%| F|  |TAMS 0x00000000d7000000, 0x00000000d7000000| Untracked 
|  86|0x00000000d8000000, 0x00000000d8000000, 0x00000000d9000000|  0%| F|  |TAMS 0x00000000d8000000, 0x00000000d8000000| Untracked 
|  87|0x00000000d9000000, 0x00000000d9000000, 0x00000000da000000|  0%| F|  |TAMS 0x00000000d9000000, 0x00000000d9000000| Untracked 
|  88|0x00000000da000000, 0x00000000da000000, 0x00000000db000000|  0%| F|  |TAMS 0x00000000da000000, 0x00000000da000000| Untracked 
|  89|0x00000000db000000, 0x00000000db000000, 0x00000000dc000000|  0%| F|  |TAMS 0x00000000db000000, 0x00000000db000000| Untracked 
|  90|0x00000000dc000000, 0x00000000dc000000, 0x00000000dd000000|  0%| F|  |TAMS 0x00000000dc000000, 0x00000000dc000000| Untracked 
|  91|0x00000000dd000000, 0x00000000dd000000, 0x00000000de000000|  0%| F|  |TAMS 0x00000000dd000000, 0x00000000dd000000| Untracked 
|  92|0x00000000de000000, 0x00000000de000000, 0x00000000df000000|  0%| F|  |TAMS 0x00000000de000000, 0x00000000de000000| Untracked 
|  93|0x00000000df000000, 0x00000000df000000, 0x00000000e0000000|  0%| F|  |TAMS 0x00000000df000000, 0x00000000df000000| Untracked 
|  94|0x00000000e0000000, 0x00000000e0000000, 0x00000000e1000000|  0%| F|  |TAMS 0x00000000e0000000, 0x00000000e0000000| Untracked 
|  95|0x00000000e1000000, 0x00000000e1000000, 0x00000000e2000000|  0%| F|  |TAMS 0x00000000e1000000, 0x00000000e1000000| Untracked 
|  96|0x00000000e2000000, 0x00000000e2000000, 0x00000000e3000000|  0%| F|  |TAMS 0x00000000e2000000, 0x00000000e2000000| Untracked 
|  97|0x00000000e3000000, 0x00000000e3000000, 0x00000000e4000000|  0%| F|  |TAMS 0x00000000e3000000, 0x00000000e3000000| Untracked 
|  98|0x00000000e4000000, 0x00000000e4000000, 0x00000000e5000000|  0%| F|  |TAMS 0x00000000e4000000, 0x00000000e4000000| Untracked 
|  99|0x00000000e5000000, 0x00000000e5000000, 0x00000000e6000000|  0%| F|  |TAMS 0x00000000e5000000, 0x00000000e5000000| Untracked 
| 100|0x00000000e6000000, 0x00000000e6000000, 0x00000000e7000000|  0%| F|  |TAMS 0x00000000e6000000, 0x00000000e6000000| Untracked 
| 101|0x00000000e7000000, 0x00000000e7000000, 0x00000000e8000000|  0%| F|  |TAMS 0x00000000e7000000, 0x00000000e7000000| Untracked 
| 102|0x00000000e8000000, 0x00000000e8000000, 0x00000000e9000000|  0%| F|  |TAMS 0x00000000e8000000, 0x00000000e8000000| Untracked 
| 103|0x00000000e9000000, 0x00000000e9000000, 0x00000000ea000000|  0%| F|  |TAMS 0x00000000e9000000, 0x00000000e9000000| Untracked 
| 104|0x00000000ea000000, 0x00000000ea000000, 0x00000000eb000000|  0%| F|  |TAMS 0x00000000ea000000, 0x00000000ea000000| Untracked 
| 105|0x00000000eb000000, 0x00000000eb000000, 0x00000000ec000000|  0%| F|  |TAMS 0x00000000eb000000, 0x00000000eb000000| Untracked 
| 106|0x00000000ec000000, 0x00000000ec000000, 0x00000000ed000000|  0%| F|  |TAMS 0x00000000ec000000, 0x00000000ec000000| Untracked 
| 107|0x00000000ed000000, 0x00000000ed000000, 0x00000000ee000000|  0%| F|  |TAMS 0x00000000ed000000, 0x00000000ed000000| Untracked 
| 108|0x00000000ee000000, 0x00000000ee000000, 0x00000000ef000000|  0%| F|  |TAMS 0x00000000ee000000, 0x00000000ee000000| Untracked 
| 109|0x00000000ef000000, 0x00000000ef000000, 0x00000000f0000000|  0%| F|  |TAMS 0x00000000ef000000, 0x00000000ef000000| Untracked 
| 110|0x00000000f0000000, 0x00000000f0000000, 0x00000000f1000000|  0%| F|  |TAMS 0x00000000f0000000, 0x00000000f0000000| Untracked 
| 111|0x00000000f1000000, 0x00000000f1000000, 0x00000000f2000000|  0%| F|  |TAMS 0x00000000f1000000, 0x00000000f1000000| Untracked 
| 112|0x00000000f2000000, 0x00000000f2000000, 0x00000000f3000000|  0%| F|  |TAMS 0x00000000f2000000, 0x00000000f2000000| Untracked 
| 113|0x00000000f3000000, 0x00000000f3000000, 0x00000000f4000000|  0%| F|  |TAMS 0x00000000f3000000, 0x00000000f3000000| Untracked 
| 114|0x00000000f4000000, 0x00000000f4000000, 0x00000000f5000000|  0%| F|  |TAMS 0x00000000f4000000, 0x00000000f4000000| Untracked 
| 115|0x00000000f5000000, 0x00000000f5196628, 0x00000000f6000000|  9%| S|CS|TAMS 0x00000000f5000000, 0x00000000f5000000| Complete 
| 116|0x00000000f6000000, 0x00000000f6000000, 0x00000000f7000000|  0%| F|  |TAMS 0x00000000f6000000, 0x00000000f6000000| Untracked 
| 117|0x00000000f7000000, 0x00000000f7000000, 0x00000000f8000000|  0%| F|  |TAMS 0x00000000f7000000, 0x00000000f7000000| Untracked 
| 118|0x00000000f8000000, 0x00000000f8000000, 0x00000000f9000000|  0%| F|  |TAMS 0x00000000f8000000, 0x00000000f8000000| Untracked 
| 119|0x00000000f9000000, 0x00000000f999ed30, 0x00000000fa000000| 60%| E|  |TAMS 0x00000000f9000000, 0x00000000f9000000| Complete 
| 120|0x00000000fa000000, 0x00000000fb000000, 0x00000000fb000000|100%| E|CS|TAMS 0x00000000fa000000, 0x00000000fa000000| Complete 
| 121|0x00000000fb000000, 0x00000000fc000000, 0x00000000fc000000|100%| E|CS|TAMS 0x00000000fb000000, 0x00000000fb000000| Complete 
|1916|0x00000007fe000000, 0x00000007fef75000, 0x00000007ff000000| 96%|OA|  |TAMS 0x00000007fe000000, 0x00000007fe000000| Untracked 
|1917|0x00000007ff000000, 0x00000007ff078000, 0x0000000800000000|  2%|CA|  |TAMS 0x00000007ff000000, 0x00000007ff000000| Untracked 

Card table byte_map: [0x0000705bc1a20000,0x0000705bc5610000] _byte_map_base: 0x0000705bc1610000

Marking Bits (Prev, Next): (CMBitMap*) 0x0000705be0060f70, (CMBitMap*) 0x0000705be0060fb0
 Prev Bits: [0x0000705b9feb0000, 0x0000705bbde30000)
 Next Bits: [0x0000705b81f30000, 0x0000705b9feb0000)

Polling page: 0x0000705be7dfd000

Metaspace:

Usage:
  Non-class:      4.37 MB used.
      Class:    405.08 KB used.
       Both:      4.76 MB used.

Virtual space:
  Non-class space:       64.00 MB reserved,       4.44 MB (  7%) committed,  1 nodes.
      Class space:        1.00 GB reserved,     512.00 KB ( <1%) committed,  1 nodes.
             Both:        1.06 GB reserved,       4.94 MB ( <1%) committed. 

Chunk freelists:
   Non-Class:  9.17 MB
       Class:  15.47 MB
        Both:  24.64 MB

MaxMetaspaceSize: unlimited
CompressedClassSpaceSize: 1.00 GB
Initial GC threshold: 21.00 MB
Current GC threshold: 21.00 MB
CDS: on
MetaspaceReclaimPolicy: balanced
 - commit_granule_bytes: 65536.
 - commit_granule_words: 8192.
 - virtual_space_node_default_size: 8388608.
 - enlarge_chunks_in_place: 1.
 - new_chunks_are_fully_committed: 0.
 - uncommit_free_chunks: 1.
 - use_allocation_guard: 0.
 - handle_deallocations: 1.


Internal statistics:

num_allocs_failed_limit: 0.
num_arena_births: 52.
num_arena_deaths: 0.
num_vsnodes_births: 2.
num_vsnodes_deaths: 0.
num_space_committed: 79.
num_space_uncommitted: 0.
num_chunks_returned_to_freelist: 0.
num_chunks_taken_from_freelist: 183.
num_chunk_merges: 0.
num_chunk_splits: 138.
num_chunks_enlarged: 113.
num_inconsistent_stats: 0.

CodeHeap 'non-profiled nmethods': size=119168Kb used=267Kb max_used=267Kb free=118900Kb
 bounds [0x0000705bd0da0000, 0x0000705bd1010000, 0x0000705bd8200000]
CodeHeap 'profiled nmethods': size=119164Kb used=1605Kb max_used=1605Kb free=117558Kb
 bounds [0x0000705bc9200000, 0x0000705bc9470000, 0x0000705bd065f000]
CodeHeap 'non-nmethods': size=7428Kb used=2895Kb max_used=2910Kb free=4533Kb
 bounds [0x0000705bd065f000, 0x0000705bd093f000, 0x0000705bd0da0000]
 total_blobs=1410 nmethods=899 adapters=422
 compilation: enabled
              stopped_count=0, restarted_count=0
 full_count=0

Compilation events (20 events):
Event: 0.262 Thread 0x0000705be01f3fb0  888       4       java.lang.ThreadLocal::get (38 bytes)
Event: 0.264 Thread 0x0000705be01f3fb0 nmethod 888 0x0000705bd0de0110 code [0x0000705bd0de02a0, 0x0000705bd0de03f8]
Event: 0.264 Thread 0x0000705be01f3fb0  889       4       jdk.internal.misc.Unsafe::allocateUninitializedArray (55 bytes)
Event: 0.264 Thread 0x0000705be01f3fb0 nmethod 889 0x0000705bd0de0590 code [0x0000705bd0de0720, 0x0000705bd0de08d8]
Event: 0.264 Thread 0x0000705be01f3fb0  890       4       java.lang.StringConcatHelper::mix (27 bytes)
Event: 0.265 Thread 0x0000705be01f3fb0 nmethod 890 0x0000705bd0de0a10 code [0x0000705bd0de0ba0, 0x0000705bd0de0c58]
Event: 0.265 Thread 0x0000705b0407e740  893       3       java.util.Arrays$ArrayList::<init> (16 bytes)
Event: 0.265 Thread 0x0000705be01f3fb0  891       4       jdk.internal.misc.Unsafe::allocateUninitializedArray (55 bytes)
Event: 0.265 Thread 0x0000705b040f3ec0  892       3       java.util.Arrays::asList (9 bytes)
Event: 0.265 Thread 0x0000705b040f2d70  894       3       java.util.Arrays::rangeCheck (74 bytes)
Event: 0.265 Thread 0x0000705b0407e740 nmethod 893 0x0000705bc938f710 code [0x0000705bc938f8e0, 0x0000705bc938fcc0]
Event: 0.265 Thread 0x0000705b040f3ec0 nmethod 892 0x0000705bc938fe10 code [0x0000705bc938ffe0, 0x0000705bc9390460]
Event: 0.265 Thread 0x0000705b040f2d70 nmethod 894 0x0000705bc9390610 code [0x0000705bc93908c0, 0x0000705bc93912c0]
Event: 0.266 Thread 0x0000705be01f3fb0 nmethod 891 0x0000705bd0de0d90 code [0x0000705bd0de0f20, 0x0000705bd0de10d8]
Event: 0.266 Thread 0x0000705be01f3fb0  895       4       eu.printingin3d.javascad.coords.V3d::create (9 bytes)
Event: 0.266 Thread 0x0000705be01f3fb0 nmethod 895 0x0000705bd0de1210 code [0x0000705bd0de13a0, 0x0000705bd0de1498]
Event: 0.267 Thread 0x0000705b040f3ec0  896       1       com.github.grishberg.cad3d.keyboard.casebody.Walls::access$getCfg$p (5 bytes)
Event: 0.267 Thread 0x0000705b040f3ec0 nmethod 896 0x0000705bd0de1590 code [0x0000705bd0de1720, 0x0000705bd0de17d0]
Event: 0.271 Thread 0x0000705be01f3fb0  897       4       eu.printingin3d.javascad.coords.Basic3dFunc::add (32 bytes)
Event: 0.272 Thread 0x0000705be01f3fb0 nmethod 897 0x0000705bd0de1890 code [0x0000705bd0de1a20, 0x0000705bd0de1b78]

GC Heap History (2 events):
Event: 0.237 GC heap before
{Heap before GC invocations=0 (full 0):
 garbage-first heap   total 2031616K, used 114612K [0x0000000082000000, 0x0000000800000000)
  region size 16384K, 6 young (98304K), 0 survivors (0K)
 Metaspace       used 4807K, committed 4992K, reserved 1114112K
  class space    used 393K, committed 512K, reserved 1048576K
}
Event: 0.238 GC heap after
{Heap after GC invocations=1 (full 0):
 garbage-first heap   total 2031616K, used 17933K [0x0000000082000000, 0x0000000800000000)
  region size 16384K, 1 young (16384K), 1 survivors (16384K)
 Metaspace       used 4807K, committed 4992K, reserved 1114112K
  class space    used 393K, committed 512K, reserved 1048576K
}

Dll operation events (9 events):
Event: 0.001 Loaded shared library /home/grishberg/.gradle/jdks/eclipse_adoptium-17-amd64-linux/jdk-17.0.19+10/lib/libjava.so
Event: 0.014 Loaded shared library /home/grishberg/.gradle/jdks/eclipse_adoptium-17-amd64-linux/jdk-17.0.19+10/lib/libjsvml.so
Event: 0.021 Loaded shared library /home/grishberg/.gradle/jdks/eclipse_adoptium-17-amd64-linux/jdk-17.0.19+10/lib/libnio.so
Event: 0.022 Loaded shared library /home/grishberg/.gradle/jdks/eclipse_adoptium-17-amd64-linux/jdk-17.0.19+10/lib/libzip.so
Event: 0.054 Loaded shared library /home/grishberg/.gradle/jdks/eclipse_adoptium-17-amd64-linux/jdk-17.0.19+10/lib/libjimage.so
Event: 0.057 Loaded shared library /home/grishberg/.gradle/jdks/eclipse_adoptium-17-amd64-linux/jdk-17.0.19+10/lib/libnet.so
Event: 0.077 Loaded shared library /tmp/manifold3d9036814758946108172/libmanifold.so.3
Event: 0.079 Loaded shared library /tmp/manifold3d9036814758946108172/libmanifoldc.so.3
Event: 0.080 Loaded shared library /tmp/manifold3d9036814758946108172/libmanifold_jni.so

Deoptimization events (20 events):
Event: 0.265 Thread 0x0000705be04403a0 Uncommon trap: trap_request=0xffffffde fr.pc=0x0000705bd0de0828 relative=0x0000000000000108
Event: 0.265 Thread 0x0000705be04403a0 Uncommon trap: reason=class_check action=maybe_recompile pc=0x0000705bd0de0828 method=jdk.internal.misc.Unsafe.allocateUninitializedArray(Ljava/lang/Class;I)Ljava/lang/Object; @ 51 c2
Event: 0.265 Thread 0x0000705be04403a0 DEOPT PACKING pc=0x0000705bd0de0828 sp=0x0000705b801fddf0
Event: 0.265 Thread 0x0000705be04403a0 DEOPT UNPACKING pc=0x0000705bd06b5699 sp=0x0000705b801fdd98 mode 2
Event: 0.265 Thread 0x0000705be04403a0 Uncommon trap: trap_request=0xffffffde fr.pc=0x0000705bd0de0828 relative=0x0000000000000108
Event: 0.265 Thread 0x0000705be04403a0 Uncommon trap: reason=class_check action=maybe_recompile pc=0x0000705bd0de0828 method=jdk.internal.misc.Unsafe.allocateUninitializedArray(Ljava/lang/Class;I)Ljava/lang/Object; @ 51 c2
Event: 0.265 Thread 0x0000705be04403a0 DEOPT PACKING pc=0x0000705bd0de0828 sp=0x0000705b801fdc90
Event: 0.265 Thread 0x0000705be04403a0 DEOPT UNPACKING pc=0x0000705bd06b5699 sp=0x0000705b801fdc38 mode 2
Event: 0.265 Thread 0x0000705be04403a0 Uncommon trap: trap_request=0xffffffde fr.pc=0x0000705bd0de0828 relative=0x0000000000000108
Event: 0.265 Thread 0x0000705be04403a0 Uncommon trap: reason=class_check action=maybe_recompile pc=0x0000705bd0de0828 method=jdk.internal.misc.Unsafe.allocateUninitializedArray(Ljava/lang/Class;I)Ljava/lang/Object; @ 51 c2
Event: 0.265 Thread 0x0000705be04403a0 DEOPT PACKING pc=0x0000705bd0de0828 sp=0x0000705b801fdd70
Event: 0.265 Thread 0x0000705be04403a0 DEOPT UNPACKING pc=0x0000705bd06b5699 sp=0x0000705b801fdd18 mode 2
Event: 0.265 Thread 0x0000705ad8064e00 Uncommon trap: trap_request=0xffffffde fr.pc=0x0000705bd0de0828 relative=0x0000000000000108
Event: 0.265 Thread 0x0000705ad8064e00 Uncommon trap: reason=class_check action=maybe_recompile pc=0x0000705bd0de0828 method=jdk.internal.misc.Unsafe.allocateUninitializedArray(Ljava/lang/Class;I)Ljava/lang/Object; @ 51 c2
Event: 0.265 Thread 0x0000705be04403a0 Uncommon trap: trap_request=0xffffffde fr.pc=0x0000705bd0de0828 relative=0x0000000000000108
Event: 0.265 Thread 0x0000705be04403a0 Uncommon trap: reason=class_check action=maybe_recompile pc=0x0000705bd0de0828 method=jdk.internal.misc.Unsafe.allocateUninitializedArray(Ljava/lang/Class;I)Ljava/lang/Object; @ 51 c2
Event: 0.265 Thread 0x0000705ad8064e00 DEOPT PACKING pc=0x0000705bd0de0828 sp=0x0000705b800fdd90
Event: 0.265 Thread 0x0000705be04403a0 DEOPT PACKING pc=0x0000705bd0de0828 sp=0x0000705b801fdce0
Event: 0.265 Thread 0x0000705be04403a0 DEOPT UNPACKING pc=0x0000705bd06b5699 sp=0x0000705b801fdc88 mode 2
Event: 0.265 Thread 0x0000705ad8064e00 DEOPT UNPACKING pc=0x0000705bd06b5699 sp=0x0000705b800fdd38 mode 2

Classes loaded (20 events):
Event: 0.105 Loading class java/util/concurrent/atomic/AtomicIntegerFieldUpdater$AtomicIntegerFieldUpdaterImpl
Event: 0.105 Loading class java/util/concurrent/atomic/AtomicIntegerFieldUpdater$AtomicIntegerFieldUpdaterImpl done
Event: 0.105 Loading class java/util/concurrent/atomic/AtomicIntegerFieldUpdater$AtomicIntegerFieldUpdaterImpl$1
Event: 0.105 Loading class java/util/concurrent/atomic/AtomicIntegerFieldUpdater$AtomicIntegerFieldUpdaterImpl$1 done
Event: 0.105 Loading class java/util/concurrent/atomic/AtomicReferenceFieldUpdater
Event: 0.105 Loading class java/util/concurrent/atomic/AtomicReferenceFieldUpdater done
Event: 0.105 Loading class java/util/concurrent/atomic/AtomicReferenceFieldUpdater$AtomicReferenceFieldUpdaterImpl
Event: 0.105 Loading class java/util/concurrent/atomic/AtomicReferenceFieldUpdater$AtomicReferenceFieldUpdaterImpl done
Event: 0.105 Loading class java/util/concurrent/atomic/AtomicReferenceFieldUpdater$AtomicReferenceFieldUpdaterImpl$1
Event: 0.105 Loading class java/util/concurrent/atomic/AtomicReferenceFieldUpdater$AtomicReferenceFieldUpdaterImpl$1 done
Event: 0.106 Loading class java/util/concurrent/atomic/AtomicReferenceArray
Event: 0.106 Loading class java/util/concurrent/atomic/AtomicReferenceArray done
Event: 0.117 Loading class java/lang/NoSuchFieldError
Event: 0.117 Loading class java/lang/NoSuchFieldError done
Event: 0.122 Loading class java/lang/StrictMath
Event: 0.123 Loading class java/lang/StrictMath done
Event: 0.136 Loading class java/util/concurrent/CancellationException
Event: 0.136 Loading class java/util/concurrent/CancellationException done
Event: 0.150 Loading class java/util/Collections$SingletonList
Event: 0.150 Loading class java/util/Collections$SingletonList done

Classes unloaded (0 events):
No events

Classes redefined (0 events):
No events

Internal exceptions (4 events):
Event: 0.056 Thread 0x0000705be002a990 Exception <a 'sun/nio/fs/UnixException'{0x00000000fb186d68}> (0x00000000fb186d68) 
thrown [src/hotspot/share/prims/jni.cpp, line 516]
Event: 0.078 Thread 0x0000705be002a990 Exception <a 'sun/nio/fs/UnixException'{0x00000000fb190a60}> (0x00000000fb190a60) 
thrown [src/hotspot/share/prims/jni.cpp, line 516]
Event: 0.079 Thread 0x0000705be002a990 Exception <a 'sun/nio/fs/UnixException'{0x00000000fb1a3160}> (0x00000000fb1a3160) 
thrown [src/hotspot/share/prims/jni.cpp, line 516]
Event: 0.217 Thread 0x0000705ad8053900 Exception <a 'java/lang/NoSuchMethodError'{0x00000000f8360a20}: 'java.lang.Object java.lang.invoke.DirectMethodHandle$Holder.newInvokeSpecial(java.lang.Object, java.lang.Object, java.lang.Object, java.lang.Object, java.lang.Object, java.lang.Object)'> (0x00000000f8360a20) 
thrown [src/hotspot/share/interpreter/linkResolver.cpp, line 758]

VM Operations (2 events):
Event: 0.237 Executing VM operation: G1CollectForAllocation
Event: 0.238 Executing VM operation: G1CollectForAllocation done

Memory protections (20 events):
Event: 0.015 Protecting memory [0x0000705b81d30000,0x0000705b81d34000] with protection modes 0
Event: 0.016 Protecting memory [0x0000705b81c30000,0x0000705b81c34000] with protection modes 0
Event: 0.017 Protecting memory [0x0000705b81500000,0x0000705b81504000] with protection modes 0
Event: 0.017 Protecting memory [0x0000705b81400000,0x0000705b81404000] with protection modes 0
Event: 0.017 Protecting memory [0x0000705b81300000,0x0000705b81304000] with protection modes 0
Event: 0.017 Protecting memory [0x0000705b81200000,0x0000705b81204000] with protection modes 0
Event: 0.017 Protecting memory [0x0000705b81100000,0x0000705b81104000] with protection modes 0
Event: 0.019 Protecting memory [0x0000705b81000000,0x0000705b81004000] with protection modes 0
Event: 0.020 Protecting memory [0x0000705b80dff000,0x0000705b80e03000] with protection modes 0
Event: 0.040 Protecting memory [0x0000705b80cff000,0x0000705b80d03000] with protection modes 0
Event: 0.070 Protecting memory [0x0000705b80bff000,0x0000705b80c03000] with protection modes 0
Event: 0.070 Protecting memory [0x0000705b80aff000,0x0000705b80b03000] with protection modes 0
Event: 0.109 Protecting memory [0x0000705b809ff000,0x0000705b80a03000] with protection modes 0
Event: 0.136 Protecting memory [0x0000705b80500000,0x0000705b80504000] with protection modes 0
Event: 0.136 Protecting memory [0x0000705b80100000,0x0000705b80104000] with protection modes 0
Event: 0.143 Protecting memory [0x0000705b80000000,0x0000705b80004000] with protection modes 0
Event: 0.143 Protecting memory [0x0000705b71f00000,0x0000705b71f04000] with protection modes 0
Event: 0.144 Protecting memory [0x0000705b71e00000,0x0000705b71e04000] with protection modes 0
Event: 0.144 Protecting memory [0x0000705b71d00000,0x0000705b71d04000] with protection modes 0
Event: 0.222 Protecting memory [0x0000705b1cef8000,0x0000705b1cefc000] with protection modes 0

Nmethod flushes (0 events):
No events

Events (20 events):
Event: 0.015 Thread 0x0000705be002a990 Thread added: 0x0000705be01ea830
Event: 0.016 Thread 0x0000705be002a990 Thread added: 0x0000705be01efdc0
Event: 0.016 Thread 0x0000705be002a990 Thread added: 0x0000705be01f1170
Event: 0.017 Thread 0x0000705be002a990 Thread added: 0x0000705be01f2580
Event: 0.017 Thread 0x0000705be002a990 Thread added: 0x0000705be01f3fb0
Event: 0.017 Thread 0x0000705be002a990 Thread added: 0x0000705be01f54e0
Event: 0.017 Thread 0x0000705be002a990 Thread added: 0x0000705be01f6950
Event: 0.019 Thread 0x0000705be002a990 Thread added: 0x0000705be01fe690
Event: 0.020 Thread 0x0000705be002a990 Thread added: 0x0000705be0201e20
Event: 0.040 Thread 0x0000705be01f54e0 Thread added: 0x0000705b0407e740
Event: 0.070 Thread 0x0000705be01f54e0 Thread added: 0x0000705b040f2d70
Event: 0.070 Thread 0x0000705be01f54e0 Thread added: 0x0000705b040f3ec0
Event: 0.109 Thread 0x0000705b0407e740 Thread added: 0x0000705ae80d8eb0
Event: 0.136 Thread 0x0000705be002a990 Thread added: 0x0000705be043f740
Event: 0.136 Thread 0x0000705be002a990 Thread added: 0x0000705be04403a0
Event: 0.143 Thread 0x0000705be043f740 Thread added: 0x0000705ad8064e00
Event: 0.143 Thread 0x0000705be043f740 Thread added: 0x0000705ad80572e0
Event: 0.144 Thread 0x0000705be043f740 Thread added: 0x0000705ad802ff10
Event: 0.144 Thread 0x0000705be043f740 Thread added: 0x0000705ad8053900
Event: 0.222 Thread 0x0000705ad8053900 Thread added: 0x0000705acc0ed010


Dynamic libraries:
82000000-fc000000 rw-p 00000000 00:00 0 
fc000000-7fe000000 ---p 00000000 00:00 0 
7fe000000-7fef00000 rw-p 00000000 00:00 0 
7fef00000-7fef75000 rw-p 00c7a000 103:01 75498865                        /home/grishberg/.gradle/jdks/eclipse_adoptium-17-amd64-linux/jdk-17.0.19+10/lib/server/classes.jsa
7fef75000-7ff000000 rw-p 00000000 00:00 0 
7ff000000-7ff078000 rw-p 00c02000 103:01 75498865                        /home/grishberg/.gradle/jdks/eclipse_adoptium-17-amd64-linux/jdk-17.0.19+10/lib/server/classes.jsa
7ff078000-800000000 rw-p 00000000 00:00 0 
5790d0dc7000-5790d0dc8000 r--p 00000000 103:01 75498845                  /home/grishberg/.gradle/jdks/eclipse_adoptium-17-amd64-linux/jdk-17.0.19+10/bin/java
5790d0dc8000-5790d0dc9000 r-xp 00001000 103:01 75498845                  /home/grishberg/.gradle/jdks/eclipse_adoptium-17-amd64-linux/jdk-17.0.19+10/bin/java
5790d0dc9000-5790d0dca000 r--p 00002000 103:01 75498845                  /home/grishberg/.gradle/jdks/eclipse_adoptium-17-amd64-linux/jdk-17.0.19+10/bin/java
5790d0dca000-5790d0dcb000 r--p 00002000 103:01 75498845                  /home/grishberg/.gradle/jdks/eclipse_adoptium-17-amd64-linux/jdk-17.0.19+10/bin/java
5790d0dcb000-5790d0dcc000 rw-p 00003000 103:01 75498845                  /home/grishberg/.gradle/jdks/eclipse_adoptium-17-amd64-linux/jdk-17.0.19+10/bin/java
579103fa8000-579103ff0000 rw-p 00000000 00:00 0                          [heap]
705a50000000-705a50021000 rw-p 00000000 00:00 0 
705a50021000-705a54000000 ---p 00000000 00:00 0 
705a58000000-705a58021000 rw-p 00000000 00:00 0 
705a58021000-705a5c000000 ---p 00000000 00:00 0 
705a5c000000-705a5c021000 rw-p 00000000 00:00 0 
705a5c021000-705a60000000 ---p 00000000 00:00 0 
705a60000000-705a60021000 rw-p 00000000 00:00 0 
705a60021000-705a64000000 ---p 00000000 00:00 0 
705a64000000-705a64021000 rw-p 00000000 00:00 0 
705a64021000-705a68000000 ---p 00000000 00:00 0 
705a68000000-705a68021000 rw-p 00000000 00:00 0 
705a68021000-705a6c000000 ---p 00000000 00:00 0 
705a6c000000-705a6c021000 rw-p 00000000 00:00 0 
705a6c021000-705a70000000 ---p 00000000 00:00 0 
705a70000000-705a70021000 rw-p 00000000 00:00 0 
705a70021000-705a74000000 ---p 00000000 00:00 0 
705a74000000-705a74021000 rw-p 00000000 00:00 0 
705a74021000-705a78000000 ---p 00000000 00:00 0 
705a78000000-705a78021000 rw-p 00000000 00:00 0 
705a78021000-705a7c000000 ---p 00000000 00:00 0 
705a7c000000-705a7c021000 rw-p 00000000 00:00 0 
705a7c021000-705a80000000 ---p 00000000 00:00 0 
705a80000000-705a809d2000 rw-p 00000000 00:00 0 
705a809d2000-705a84000000 ---p 00000000 00:00 0 
705a84000000-705a84021000 rw-p 00000000 00:00 0 
705a84021000-705a88000000 ---p 00000000 00:00 0 
705a88000000-705a88021000 rw-p 00000000 00:00 0 
705a88021000-705a8c000000 ---p 00000000 00:00 0 
705a8c000000-705a8c043000 rw-p 00000000 00:00 0 
705a8c043000-705a90000000 ---p 00000000 00:00 0 
705a90000000-705a90021000 rw-p 00000000 00:00 0 
705a90021000-705a94000000 ---p 00000000 00:00 0 
705a97d6e000-705a98021000 rw-p 00000000 00:00 0 
705a98021000-705a9c000000 ---p 00000000 00:00 0 
705a9c000000-705a9c021000 rw-p 00000000 00:00 0 
705a9c021000-705aa0000000 ---p 00000000 00:00 0 
705aa0000000-705aa0021000 rw-p 00000000 00:00 0 
705aa0021000-705aa4000000 ---p 00000000 00:00 0 
705aa4000000-705aa4021000 rw-p 00000000 00:00 0 
705aa4021000-705aa8000000 ---p 00000000 00:00 0 
705aa8000000-705aa8021000 rw-p 00000000 00:00 0 
705aa8021000-705aac000000 ---p 00000000 00:00 0 
705aac000000-705aac021000 rw-p 00000000 00:00 0 
705aac021000-705ab0000000 ---p 00000000 00:00 0 
705ab0000000-705ab0031000 rw-p 00000000 00:00 0 
705ab0031000-705ab4000000 ---p 00000000 00:00 0 
705ab4000000-705ab4078000 rw-p 00000000 00:00 0 
705ab4078000-705ab8000000 ---p 00000000 00:00 0 
705ab8000000-705ab8021000 rw-p 00000000 00:00 0 
705ab8021000-705abc000000 ---p 00000000 00:00 0 
705abc000000-705abc0d3000 rw-p 00000000 00:00 0 
705abc0d3000-705ac0000000 ---p 00000000 00:00 0 
705ac0000000-705ac0021000 rw-p 00000000 00:00 0 
705ac0021000-705ac4000000 ---p 00000000 00:00 0 
705ac4000000-705ac4025000 rw-p 00000000 00:00 0 
705ac4025000-705ac8000000 ---p 00000000 00:00 0 
705ac8000000-705ac8031000 rw-p 00000000 00:00 0 
705ac8031000-705acc000000 ---p 00000000 00:00 0 
705acc000000-705acc197000 rw-p 00000000 00:00 0 
705acc197000-705ad0000000 ---p 00000000 00:00 0 
705ad0000000-705ad0141000 rw-p 00000000 00:00 0 
705ad0141000-705ad4000000 ---p 00000000 00:00 0 
705ad4000000-705ad40b0000 rw-p 00000000 00:00 0 
705ad40b0000-705ad8000000 ---p 00000000 00:00 0 
705ad8000000-705ad8067000 rw-p 00000000 00:00 0 
705ad8067000-705adc000000 ---p 00000000 00:00 0 
705adc000000-705adc53d000 rw-p 00000000 00:00 0 
705adc53d000-705ae0000000 ---p 00000000 00:00 0 
705ae0000000-705ae0144000 rw-p 00000000 00:00 0 
705ae0144000-705ae4000000 ---p 00000000 00:00 0 
705ae4000000-705ae4634000 rw-p 00000000 00:00 0 
705ae4634000-705ae8000000 ---p 00000000 00:00 0 
705ae8000000-705ae81d9000 rw-p 00000000 00:00 0 
705ae81d9000-705aec000000 ---p 00000000 00:00 0 
705aec000000-705aec13c000 rw-p 00000000 00:00 0 
705aec13c000-705af0000000 ---p 00000000 00:00 0 
705af0000000-705af0021000 rw-p 00000000 00:00 0 
705af0021000-705af4000000 ---p 00000000 00:00 0 
705af4000000-705af4021000 rw-p 00000000 00:00 0 
705af4021000-705af8000000 ---p 00000000 00:00 0 
705af8000000-705af8021000 rw-p 00000000 00:00 0 
705af8021000-705afc000000 ---p 00000000 00:00 0 
705afc000000-705afc021000 rw-p 00000000 00:00 0 
705afc021000-705b00000000 ---p 00000000 00:00 0 
705b00000000-705b0048d000 rw-p 00000000 00:00 0 
705b0048d000-705b04000000 ---p 00000000 00:00 0 
705b04000000-705b04297000 rw-p 00000000 00:00 0 
705b04297000-705b08000000 ---p 00000000 00:00 0 
705b08000000-705b08021000 rw-p 00000000 00:00 0 
705b08021000-705b0c000000 ---p 00000000 00:00 0 
705b0c000000-705b0c021000 rw-p 00000000 00:00 0 
705b0c021000-705b10000000 ---p 00000000 00:00 0 
705b10000000-705b10021000 rw-p 00000000 00:00 0 
705b10021000-705b14000000 ---p 00000000 00:00 0 
705b14000000-705b14021000 rw-p 00000000 00:00 0 
705b14021000-705b18000000 ---p 00000000 00:00 0 
705b18000000-705b18021000 rw-p 00000000 00:00 0 
705b18021000-705b1c000000 ---p 00000000 00:00 0 
705b1c196000-705b1c2ec000 rw-p 00000000 00:00 0 
705b1c2ec000-705b1c2ed000 ---p 00000000 00:00 0 
705b1c2ed000-705b1c3ed000 rw-p 00000000 00:00 0 
705b1c3ed000-705b1c3ee000 ---p 00000000 00:00 0 
705b1c3ee000-705b1c4ee000 rw-p 00000000 00:00 0 
705b1c4ee000-705b1c4ef000 ---p 00000000 00:00 0 
705b1c4ef000-705b1c5ef000 rw-p 00000000 00:00 0 
705b1c5ef000-705b1c5f0000 ---p 00000000 00:00 0 
705b1c5f0000-705b1c6f0000 rw-p 00000000 00:00 0 
705b1c6f0000-705b1c6f1000 ---p 00000000 00:00 0 
705b1c6f1000-705b1c7f1000 rw-p 00000000 00:00 0 
705b1c7f1000-705b1c7f2000 ---p 00000000 00:00 0 
705b1c7f2000-705b1c8f2000 rw-p 00000000 00:00 0 
705b1c8f2000-705b1c8f3000 ---p 00000000 00:00 0 
705b1c8f3000-705b1c9f3000 rw-p 00000000 00:00 0 
705b1c9f3000-705b1c9f4000 ---p 00000000 00:00 0 
705b1c9f4000-705b1caf4000 rw-p 00000000 00:00 0 
705b1caf4000-705b1caf5000 ---p 00000000 00:00 0 
705b1caf5000-705b1cbf5000 rw-p 00000000 00:00 0 
705b1cbf5000-705b1cbf6000 ---p 00000000 00:00 0 
705b1cbf6000-705b1ccf6000 rw-p 00000000 00:00 0 
705b1ccf6000-705b1ccf7000 ---p 00000000 00:00 0 
705b1ccf7000-705b1cdf7000 rw-p 00000000 00:00 0 
705b1cdf7000-705b1cdf8000 ---p 00000000 00:00 0 
705b1cdf8000-705b1cef8000 rw-p 00000000 00:00 0 
705b1cef8000-705b1cefc000 ---p 00000000 00:00 0 
705b1cefc000-705b1cff8000 rw-p 00000000 00:00 0 
705b1cff8000-705b1cff9000 ---p 00000000 00:00 0 
705b1cff9000-705b1d3f9000 rw-p 00000000 00:00 0 
705b1d3f9000-705b1d3fa000 ---p 00000000 00:00 0 
705b1d3fa000-705b1d7fa000 rw-p 00000000 00:00 0 
705b1d7fa000-705b1d7fb000 ---p 00000000 00:00 0 
705b1d7fb000-705b1dbfb000 rw-p 00000000 00:00 0 
705b1dbfb000-705b1dbfc000 ---p 00000000 00:00 0 
705b1dbfc000-705b1dffc000 rw-p 00000000 00:00 0 
705b1dffc000-705b1dffd000 ---p 00000000 00:00 0 
705b1dffd000-705b1e3fd000 rw-p 00000000 00:00 0 
705b1e3fd000-705b1e3fe000 ---p 00000000 00:00 0 
705b1e3fe000-705b1e7fe000 rw-p 00000000 00:00 0 
705b1e7fe000-705b1e7ff000 ---p 00000000 00:00 0 
705b1e7ff000-705b1ebff000 rw-p 00000000 00:00 0 
705b1ebff000-705b1ec00000 ---p 00000000 00:00 0 
705b1ec00000-705b1f000000 rw-p 00000000 00:00 0 
705b1f000000-705b1f190000 rw-p 00000000 00:00 0 
705b1f190000-705b1f400000 ---p 00000000 00:00 0 
705b1f400000-705b1f6e0000 rw-p 00000000 00:00 0 
705b1f6e0000-705b23000000 ---p 00000000 00:00 0 
705b23000000-705b23bca000 rw-p 00001000 103:01 75498865                  /home/grishberg/.gradle/jdks/eclipse_adoptium-17-amd64-linux/jdk-17.0.19+10/lib/server/classes.jsa
705b23bca000-705b24000000 ---p 00000000 00:00 0 
705b24000000-705b24040000 rw-p 00000000 00:00 0 
705b24040000-705b24070000 rw-p 00000000 00:00 0 
705b24070000-705b24080000 ---p 00000000 00:00 0 
705b24080000-705b24090000 rw-p 00000000 00:00 0 
705b24090000-705b64000000 ---p 00000000 00:00 0 
705b64000000-705b64021000 rw-p 00000000 00:00 0 
705b64021000-705b68000000 ---p 00000000 00:00 0 
705b68000000-705b68021000 rw-p 00000000 00:00 0 
705b68021000-705b6c000000 ---p 00000000 00:00 0 
705b6c000000-705b6c021000 rw-p 00000000 00:00 0 
705b6c021000-705b70000000 ---p 00000000 00:00 0 
705b700f9000-705b700fa000 ---p 00000000 00:00 0 
705b700fa000-705b704fa000 rw-p 00000000 00:00 0 
705b704fa000-705b704fb000 ---p 00000000 00:00 0 
705b704fb000-705b708fb000 rw-p 00000000 00:00 0 
705b708fb000-705b708fc000 ---p 00000000 00:00 0 
705b708fc000-705b70cfc000 rw-p 00000000 00:00 0 
705b70cfc000-705b70cfd000 ---p 00000000 00:00 0 
705b70cfd000-705b710fd000 rw-p 00000000 00:00 0 
705b710fd000-705b710fe000 ---p 00000000 00:00 0 
705b710fe000-705b714fe000 rw-p 00000000 00:00 0 
705b714fe000-705b714ff000 ---p 00000000 00:00 0 
705b714ff000-705b718ff000 rw-p 00000000 00:00 0 
705b718ff000-705b71900000 ---p 00000000 00:00 0 
705b71900000-705b71d00000 rw-p 00000000 00:00 0 
705b71d00000-705b71d04000 ---p 00000000 00:00 0 
705b71d04000-705b71e00000 rw-p 00000000 00:00 0 
705b71e00000-705b71e04000 ---p 00000000 00:00 0 
705b71e04000-705b71f00000 rw-p 00000000 00:00 0 
705b71f00000-705b71f04000 ---p 00000000 00:00 0 
705b71f04000-705b72000000 rw-p 00000000 00:00 0 
705b72000000-705b74021000 rw-p 00000000 00:00 0 
705b74021000-705b78000000 ---p 00000000 00:00 0 
705b78000000-705b78021000 rw-p 00000000 00:00 0 
705b78021000-705b7c000000 ---p 00000000 00:00 0 
705b7c000000-705b7c021000 rw-p 00000000 00:00 0 
705b7c021000-705b80004000 ---p 00000000 00:00 0 
705b80004000-705b80100000 rw-p 00000000 00:00 0 
705b80100000-705b80104000 ---p 00000000 00:00 0 
705b80104000-705b80200000 rw-p 00000000 00:00 0 
705b80200000-705b8029d000 r--p 00000000 103:01 90443236                  /usr/lib/x86_64-linux-gnu/libstdc++.so.6.0.33
705b8029d000-705b803e5000 r-xp 0009d000 103:01 90443236                  /usr/lib/x86_64-linux-gnu/libstdc++.so.6.0.33
705b803e5000-705b8046c000 r--p 001e5000 103:01 90443236                  /usr/lib/x86_64-linux-gnu/libstdc++.so.6.0.33
705b8046c000-705b80477000 r--p 0026b000 103:01 90443236                  /usr/lib/x86_64-linux-gnu/libstdc++.so.6.0.33
705b80477000-705b8047a000 rw-p 00276000 103:01 90443236                  /usr/lib/x86_64-linux-gnu/libstdc++.so.6.0.33
705b8047a000-705b8047e000 rw-p 00000000 00:00 0 
705b80500000-705b80504000 ---p 00000000 00:00 0 
705b80504000-705b80600000 rw-p 00000000 00:00 0 
705b80600000-705b806b9000 r--p 00000000 103:01 51523580                  /tmp/manifold3d9036814758946108172/libmanifold.so.3
705b806b9000-705b80904000 r-xp 000b9000 103:01 51523580                  /tmp/manifold3d9036814758946108172/libmanifold.so.3
705b80904000-705b80977000 r--p 00304000 103:01 51523580                  /tmp/manifold3d9036814758946108172/libmanifold.so.3
705b80977000-705b80985000 r--p 00376000 103:01 51523580                  /tmp/manifold3d9036814758946108172/libmanifold.so.3
705b80985000-705b8098a000 rw-p 00384000 103:01 51523580                  /tmp/manifold3d9036814758946108172/libmanifold.so.3
705b8098a000-705b8099f000 rw-p 00000000 00:00 0 
705b809ff000-705b80a03000 ---p 00000000 00:00 0 
705b80a03000-705b80aff000 rw-p 00000000 00:00 0 
705b80aff000-705b80b03000 ---p 00000000 00:00 0 
705b80b03000-705b80bff000 rw-p 00000000 00:00 0 
705b80bff000-705b80c03000 ---p 00000000 00:00 0 
705b80c03000-705b80cff000 rw-p 00000000 00:00 0 
705b80cff000-705b80d03000 ---p 00000000 00:00 0 
705b80d03000-705b80dff000 rw-p 00000000 00:00 0 
705b80dff000-705b80e03000 ---p 00000000 00:00 0 
705b80e03000-705b80eff000 rw-p 00000000 00:00 0 
705b80eff000-705b80f00000 ---p 00000000 00:00 0 
705b80f00000-705b81000000 rw-p 00000000 00:00 0 
705b81000000-705b81004000 ---p 00000000 00:00 0 
705b81004000-705b81100000 rw-p 00000000 00:00 0 
705b81100000-705b81104000 ---p 00000000 00:00 0 
705b81104000-705b81200000 rw-p 00000000 00:00 0 
705b81200000-705b81204000 ---p 00000000 00:00 0 
705b81204000-705b81300000 rw-p 00000000 00:00 0 
705b81300000-705b81304000 ---p 00000000 00:00 0 
705b81304000-705b81400000 rw-p 00000000 00:00 0 
705b81400000-705b81404000 ---p 00000000 00:00 0 
705b81404000-705b81500000 rw-p 00000000 00:00 0 
705b81500000-705b81504000 ---p 00000000 00:00 0 
705b81504000-705b81600000 rw-p 00000000 00:00 0 
705b81600000-705b81b75000 r--p 00000000 103:01 90475490                  /usr/lib/locale/locale-archive
705b81c30000-705b81c34000 ---p 00000000 00:00 0 
705b81c34000-705b81d30000 rw-p 00000000 00:00 0 
705b81d30000-705b81d34000 ---p 00000000 00:00 0 
705b81d34000-705b81e30000 rw-p 00000000 00:00 0 
705b81e30000-705b81e34000 ---p 00000000 00:00 0 
705b81e34000-705b81f30000 rw-p 00000000 00:00 0 
705b81f30000-705b83db0000 rw-p 00000000 00:00 0 
705b83db0000-705b9fe30000 ---p 00000000 00:00 0 
705b9fe30000-705ba1d30000 rw-p 00000000 00:00 0 
705ba1d30000-705bbddb0000 ---p 00000000 00:00 0 
705bbddb0000-705bbe200000 rw-p 00000000 00:00 0 
705bbe200000-705bc1a10000 ---p 00000000 00:00 0 
705bc1a10000-705bc1df0000 rw-p 00000000 00:00 0 
705bc1df0000-705bc5600000 ---p 00000000 00:00 0 
705bc5600000-705bc59e0000 rw-p 00000000 00:00 0 
705bc59e0000-705bc91f0000 ---p 00000000 00:00 0 
705bc91f0000-705bc9200000 rw-p 00000000 00:00 0 
705bc9200000-705bc9470000 rwxp 00000000 00:00 0 
705bc9470000-705bd065f000 ---p 00000000 00:00 0 
705bd065f000-705bd093f000 rwxp 00000000 00:00 0 
705bd093f000-705bd0da0000 ---p 00000000 00:00 0 
705bd0da0000-705bd1010000 rwxp 00000000 00:00 0 
705bd1010000-705bd8200000 ---p 00000000 00:00 0 
705bd8200000-705bdfe3b000 r--s 00000000 103:01 75498899                  /home/grishberg/.gradle/jdks/eclipse_adoptium-17-amd64-linux/jdk-17.0.19+10/lib/modules
705bdfeff000-705bdff00000 ---p 00000000 00:00 0 
705bdff00000-705be0000000 rw-p 00000000 00:00 0 
705be0000000-705be045a000 rw-p 00000000 00:00 0 
705be045a000-705be4000000 ---p 00000000 00:00 0 
705be4033000-705be403f000 r--p 00000000 103:01 51523631                  /tmp/manifold3d9036814758946108172/libmanifoldc.so.3
705be403f000-705be4050000 r-xp 0000c000 103:01 51523631                  /tmp/manifold3d9036814758946108172/libmanifoldc.so.3
705be4050000-705be4057000 r--p 0001d000 103:01 51523631                  /tmp/manifold3d9036814758946108172/libmanifoldc.so.3
705be4057000-705be4058000 ---p 00024000 103:01 51523631                  /tmp/manifold3d9036814758946108172/libmanifoldc.so.3
705be4058000-705be4059000 r--p 00024000 103:01 51523631                  /tmp/manifold3d9036814758946108172/libmanifoldc.so.3
705be4059000-705be405a000 rw-p 00025000 103:01 51523631                  /tmp/manifold3d9036814758946108172/libmanifoldc.so.3
705be405a000-705be405e000 r--p 00000000 103:01 90443244                  /usr/lib/x86_64-linux-gnu/libgcc_s.so.1
705be405e000-705be4082000 r-xp 00004000 103:01 90443244                  /usr/lib/x86_64-linux-gnu/libgcc_s.so.1
705be4082000-705be4086000 r--p 00028000 103:01 90443244                  /usr/lib/x86_64-linux-gnu/libgcc_s.so.1
705be4086000-705be4087000 r--p 0002b000 103:01 90443244                  /usr/lib/x86_64-linux-gnu/libgcc_s.so.1
705be4087000-705be4088000 rw-p 0002c000 103:01 90443244                  /usr/lib/x86_64-linux-gnu/libgcc_s.so.1
705be409b000-705be409d000 r--p 00000000 103:01 75498880                  /home/grishberg/.gradle/jdks/eclipse_adoptium-17-amd64-linux/jdk-17.0.19+10/lib/libzip.so
705be409d000-705be40b0000 r-xp 00002000 103:01 75498880                  /home/grishberg/.gradle/jdks/eclipse_adoptium-17-amd64-linux/jdk-17.0.19+10/lib/libzip.so
705be40b0000-705be40b7000 r--p 00015000 103:01 75498880                  /home/grishberg/.gradle/jdks/eclipse_adoptium-17-amd64-linux/jdk-17.0.19+10/lib/libzip.so
705be40b7000-705be40b8000 ---p 0001c000 103:01 75498880                  /home/grishberg/.gradle/jdks/eclipse_adoptium-17-amd64-linux/jdk-17.0.19+10/lib/libzip.so
705be40b8000-705be40b9000 r--p 0001c000 103:01 75498880                  /home/grishberg/.gradle/jdks/eclipse_adoptium-17-amd64-linux/jdk-17.0.19+10/lib/libzip.so
705be40b9000-705be40ba000 rw-p 0001d000 103:01 75498880                  /home/grishberg/.gradle/jdks/eclipse_adoptium-17-amd64-linux/jdk-17.0.19+10/lib/libzip.so
705be40ba000-705be40bf000 r--p 00000000 103:01 75498881                  /home/grishberg/.gradle/jdks/eclipse_adoptium-17-amd64-linux/jdk-17.0.19+10/lib/libjsvml.so
705be40bf000-705be4100000 r-xp 00005000 103:01 75498881                  /home/grishberg/.gradle/jdks/eclipse_adoptium-17-amd64-linux/jdk-17.0.19+10/lib/libjsvml.so
705be4100000-705be4189000 r--p 00046000 103:01 75498881                  /home/grishberg/.gradle/jdks/eclipse_adoptium-17-amd64-linux/jdk-17.0.19+10/lib/libjsvml.so
705be4189000-705be418a000 r--p 000ce000 103:01 75498881                  /home/grishberg/.gradle/jdks/eclipse_adoptium-17-amd64-linux/jdk-17.0.19+10/lib/libjsvml.so
705be418a000-705be418b000 rw-p 000cf000 103:01 75498881                  /home/grishberg/.gradle/jdks/eclipse_adoptium-17-amd64-linux/jdk-17.0.19+10/lib/libjsvml.so
705be418b000-705be4267000 rw-p 00000000 00:00 0 
705be4267000-705be4268000 ---p 00000000 00:00 0 
705be4268000-705be4368000 rw-p 00000000 00:00 0 
705be4368000-705be4369000 ---p 00000000 00:00 0 
705be4369000-705be4469000 rw-p 00000000 00:00 0 
705be4469000-705be5176000 rw-p 00000000 00:00 0 
705be5176000-705be5177000 ---p 00000000 00:00 0 
705be5177000-705be5277000 rw-p 00000000 00:00 0 
705be5277000-705be5278000 ---p 00000000 00:00 0 
705be5278000-705be5378000 rw-p 00000000 00:00 0 
705be5378000-705be5379000 ---p 00000000 00:00 0 
705be5379000-705be5479000 rw-p 00000000 00:00 0 
705be5479000-705be6333000 rw-p 00000000 00:00 0 
705be6333000-705be6417000 ---p 00000000 00:00 0 
705be6417000-705be641c000 rw-p 00000000 00:00 0 
705be641c000-705be6500000 ---p 00000000 00:00 0 
705be6500000-705be6504000 ---p 00000000 00:00 0 
705be6504000-705be6600000 rw-p 00000000 00:00 0 
705be6600000-705be6853000 r--p 00000000 103:01 75498866                  /home/grishberg/.gradle/jdks/eclipse_adoptium-17-amd64-linux/jdk-17.0.19+10/lib/server/libjvm.so
705be6853000-705be757b000 r-xp 00253000 103:01 75498866                  /home/grishberg/.gradle/jdks/eclipse_adoptium-17-amd64-linux/jdk-17.0.19+10/lib/server/libjvm.so
705be757b000-705be7808000 r--p 00f7b000 103:01 75498866                  /home/grishberg/.gradle/jdks/eclipse_adoptium-17-amd64-linux/jdk-17.0.19+10/lib/server/libjvm.so
705be7808000-705be7809000 ---p 01208000 103:01 75498866                  /home/grishberg/.gradle/jdks/eclipse_adoptium-17-amd64-linux/jdk-17.0.19+10/lib/server/libjvm.so
705be7809000-705be78c2000 r--p 01208000 103:01 75498866                  /home/grishberg/.gradle/jdks/eclipse_adoptium-17-amd64-linux/jdk-17.0.19+10/lib/server/libjvm.so
705be78c2000-705be78f7000 rw-p 012c1000 103:01 75498866                  /home/grishberg/.gradle/jdks/eclipse_adoptium-17-amd64-linux/jdk-17.0.19+10/lib/server/libjvm.so
705be78f7000-705be7952000 rw-p 00000000 00:00 0 
705be7957000-705be79c9000 rw-p 00000000 00:00 0 
705be79d1000-705be79d5000 r--p 00000000 103:01 75498890                  /home/grishberg/.gradle/jdks/eclipse_adoptium-17-amd64-linux/jdk-17.0.19+10/lib/libnet.so
705be79d5000-705be79e3000 r-xp 00004000 103:01 75498890                  /home/grishberg/.gradle/jdks/eclipse_adoptium-17-amd64-linux/jdk-17.0.19+10/lib/libnet.so
705be79e3000-705be79e7000 r--p 00012000 103:01 75498890                  /home/grishberg/.gradle/jdks/eclipse_adoptium-17-amd64-linux/jdk-17.0.19+10/lib/libnet.so
705be79e7000-705be79e8000 r--p 00015000 103:01 75498890                  /home/grishberg/.gradle/jdks/eclipse_adoptium-17-amd64-linux/jdk-17.0.19+10/lib/libnet.so
705be79e8000-705be79e9000 rw-p 00016000 103:01 75498890                  /home/grishberg/.gradle/jdks/eclipse_adoptium-17-amd64-linux/jdk-17.0.19+10/lib/libnet.so
705be79e9000-705be79f0000 r--p 00000000 103:01 75498910                  /home/grishberg/.gradle/jdks/eclipse_adoptium-17-amd64-linux/jdk-17.0.19+10/lib/libnio.so
705be79f0000-705be79f9000 r-xp 00007000 103:01 75498910                  /home/grishberg/.gradle/jdks/eclipse_adoptium-17-amd64-linux/jdk-17.0.19+10/lib/libnio.so
705be79f9000-705be79fd000 r--p 00010000 103:01 75498910                  /home/grishberg/.gradle/jdks/eclipse_adoptium-17-amd64-linux/jdk-17.0.19+10/lib/libnio.so
705be79fd000-705be79fe000 ---p 00014000 103:01 75498910                  /home/grishberg/.gradle/jdks/eclipse_adoptium-17-amd64-linux/jdk-17.0.19+10/lib/libnio.so
705be79fe000-705be79ff000 r--p 00014000 103:01 75498910                  /home/grishberg/.gradle/jdks/eclipse_adoptium-17-amd64-linux/jdk-17.0.19+10/lib/libnio.so
705be79ff000-705be7a00000 rw-p 00015000 103:01 75498910                  /home/grishberg/.gradle/jdks/eclipse_adoptium-17-amd64-linux/jdk-17.0.19+10/lib/libnio.so
705be7a00000-705be7a28000 r--p 00000000 103:01 90442148                  /usr/lib/x86_64-linux-gnu/libc.so.6
705be7a28000-705be7bb0000 r-xp 00028000 103:01 90442148                  /usr/lib/x86_64-linux-gnu/libc.so.6
705be7bb0000-705be7bff000 r--p 001b0000 103:01 90442148                  /usr/lib/x86_64-linux-gnu/libc.so.6
705be7bff000-705be7c03000 r--p 001fe000 103:01 90442148                  /usr/lib/x86_64-linux-gnu/libc.so.6
705be7c03000-705be7c05000 rw-p 00202000 103:01 90442148                  /usr/lib/x86_64-linux-gnu/libc.so.6
705be7c05000-705be7c12000 rw-p 00000000 00:00 0 
705be7c17000-705be7c1c000 r--p 00000000 103:01 51523646                  /tmp/manifold3d9036814758946108172/libmanifold_jni.so
705be7c1c000-705be7c1f000 r-xp 00005000 103:01 51523646                  /tmp/manifold3d9036814758946108172/libmanifold_jni.so
705be7c1f000-705be7c20000 r--p 00008000 103:01 51523646                  /tmp/manifold3d9036814758946108172/libmanifold_jni.so
705be7c20000-705be7c21000 r--p 00009000 103:01 51523646                  /tmp/manifold3d9036814758946108172/libmanifold_jni.so
705be7c21000-705be7c22000 rw-p 0000a000 103:01 51523646                  /tmp/manifold3d9036814758946108172/libmanifold_jni.so
705be7c22000-705be7ca0000 rw-p 00000000 00:00 0 
705be7ca0000-705be7ca9000 ---p 00000000 00:00 0 
705be7ca9000-705be7cb7000 r--p 00000000 103:01 75498920                  /home/grishberg/.gradle/jdks/eclipse_adoptium-17-amd64-linux/jdk-17.0.19+10/lib/libjava.so
705be7cb7000-705be7cc9000 r-xp 0000e000 103:01 75498920                  /home/grishberg/.gradle/jdks/eclipse_adoptium-17-amd64-linux/jdk-17.0.19+10/lib/libjava.so
705be7cc9000-705be7ccf000 r--p 00020000 103:01 75498920                  /home/grishberg/.gradle/jdks/eclipse_adoptium-17-amd64-linux/jdk-17.0.19+10/lib/libjava.so
705be7ccf000-705be7cd0000 ---p 00026000 103:01 75498920                  /home/grishberg/.gradle/jdks/eclipse_adoptium-17-amd64-linux/jdk-17.0.19+10/lib/libjava.so
705be7cd0000-705be7cd1000 r--p 00026000 103:01 75498920                  /home/grishberg/.gradle/jdks/eclipse_adoptium-17-amd64-linux/jdk-17.0.19+10/lib/libjava.so
705be7cd1000-705be7cd2000 rw-p 00027000 103:01 75498920                  /home/grishberg/.gradle/jdks/eclipse_adoptium-17-amd64-linux/jdk-17.0.19+10/lib/libjava.so
705be7cd2000-705be7cd3000 rw-p 00000000 00:00 0 
705be7cd3000-705be7cd7000 r--p 00000000 103:01 75498904                  /home/grishberg/.gradle/jdks/eclipse_adoptium-17-amd64-linux/jdk-17.0.19+10/lib/libjimage.so
705be7cd7000-705be7cea000 r-xp 00004000 103:01 75498904                  /home/grishberg/.gradle/jdks/eclipse_adoptium-17-amd64-linux/jdk-17.0.19+10/lib/libjimage.so
705be7cea000-705be7cf0000 r--p 00017000 103:01 75498904                  /home/grishberg/.gradle/jdks/eclipse_adoptium-17-amd64-linux/jdk-17.0.19+10/lib/libjimage.so
705be7cf0000-705be7cf2000 r--p 0001c000 103:01 75498904                  /home/grishberg/.gradle/jdks/eclipse_adoptium-17-amd64-linux/jdk-17.0.19+10/lib/libjimage.so
705be7cf2000-705be7cf3000 rw-p 0001e000 103:01 75498904                  /home/grishberg/.gradle/jdks/eclipse_adoptium-17-amd64-linux/jdk-17.0.19+10/lib/libjimage.so
705be7cf3000-705be7d03000 r--p 00000000 103:01 90442151                  /usr/lib/x86_64-linux-gnu/libm.so.6
705be7d03000-705be7d82000 r-xp 00010000 103:01 90442151                  /usr/lib/x86_64-linux-gnu/libm.so.6
705be7d82000-705be7dda000 r--p 0008f000 103:01 90442151                  /usr/lib/x86_64-linux-gnu/libm.so.6
705be7dda000-705be7ddb000 r--p 000e7000 103:01 90442151                  /usr/lib/x86_64-linux-gnu/libm.so.6
705be7ddb000-705be7ddc000 rw-p 000e8000 103:01 90442151                  /usr/lib/x86_64-linux-gnu/libm.so.6
705be7ddc000-705be7ddd000 r--p 00000000 103:01 90442162                  /usr/lib/x86_64-linux-gnu/librt.so.1
705be7ddd000-705be7dde000 r-xp 00001000 103:01 90442162                  /usr/lib/x86_64-linux-gnu/librt.so.1
705be7dde000-705be7ddf000 r--p 00002000 103:01 90442162                  /usr/lib/x86_64-linux-gnu/librt.so.1
705be7ddf000-705be7de0000 r--p 00002000 103:01 90442162                  /usr/lib/x86_64-linux-gnu/librt.so.1
705be7de0000-705be7de1000 rw-p 00003000 103:01 90442162                  /usr/lib/x86_64-linux-gnu/librt.so.1
705be7de1000-705be7de3000 rw-p 00000000 00:00 0 
705be7de3000-705be7de4000 r--p 00000000 103:01 90442150                  /usr/lib/x86_64-linux-gnu/libdl.so.2
705be7de4000-705be7de5000 r-xp 00001000 103:01 90442150                  /usr/lib/x86_64-linux-gnu/libdl.so.2
705be7de5000-705be7de6000 r--p 00002000 103:01 90442150                  /usr/lib/x86_64-linux-gnu/libdl.so.2
705be7de6000-705be7de7000 r--p 00002000 103:01 90442150                  /usr/lib/x86_64-linux-gnu/libdl.so.2
705be7de7000-705be7de8000 rw-p 00003000 103:01 90442150                  /usr/lib/x86_64-linux-gnu/libdl.so.2
705be7de8000-705be7de9000 r--p 00000000 103:01 90442160                  /usr/lib/x86_64-linux-gnu/libpthread.so.0
705be7de9000-705be7dea000 r-xp 00001000 103:01 90442160                  /usr/lib/x86_64-linux-gnu/libpthread.so.0
705be7dea000-705be7deb000 r--p 00002000 103:01 90442160                  /usr/lib/x86_64-linux-gnu/libpthread.so.0
705be7deb000-705be7dec000 r--p 00002000 103:01 90442160                  /usr/lib/x86_64-linux-gnu/libpthread.so.0
705be7dec000-705be7ded000 rw-p 00003000 103:01 90442160                  /usr/lib/x86_64-linux-gnu/libpthread.so.0
705be7dee000-705be7df5000 r--s 00000000 103:01 90442137                  /usr/lib/x86_64-linux-gnu/gconv/gconv-modules.cache
705be7df5000-705be7dfd000 rw-s 00000000 103:01 51522952                  /tmp/hsperfdata_grishberg/69328
705be7dfd000-705be7dfe000 ---p 00000000 00:00 0 
705be7dfe000-705be7dff000 r--p 00000000 00:00 0 
705be7dff000-705be7e00000 ---p 00000000 00:00 0 
705be7e00000-705be7e03000 r--p 00000000 103:01 75498874                  /home/grishberg/.gradle/jdks/eclipse_adoptium-17-amd64-linux/jdk-17.0.19+10/lib/libjli.so
705be7e03000-705be7e13000 r-xp 00003000 103:01 75498874                  /home/grishberg/.gradle/jdks/eclipse_adoptium-17-amd64-linux/jdk-17.0.19+10/lib/libjli.so
705be7e13000-705be7e1a000 r--p 00013000 103:01 75498874                  /home/grishberg/.gradle/jdks/eclipse_adoptium-17-amd64-linux/jdk-17.0.19+10/lib/libjli.so
705be7e1a000-705be7e1b000 r--p 00019000 103:01 75498874                  /home/grishberg/.gradle/jdks/eclipse_adoptium-17-amd64-linux/jdk-17.0.19+10/lib/libjli.so
705be7e1b000-705be7e1c000 rw-p 0001a000 103:01 75498874                  /home/grishberg/.gradle/jdks/eclipse_adoptium-17-amd64-linux/jdk-17.0.19+10/lib/libjli.so
705be7e1c000-705be7e1e000 rw-p 00000000 00:00 0 
705be7e1e000-705be7e22000 r--p 00000000 00:00 0                          [vvar]
705be7e22000-705be7e24000 r--p 00000000 00:00 0                          [vvar_vclock]
705be7e24000-705be7e26000 r-xp 00000000 00:00 0                          [vdso]
705be7e26000-705be7e27000 r--p 00000000 103:01 90442145                  /usr/lib/x86_64-linux-gnu/ld-linux-x86-64.so.2
705be7e27000-705be7e52000 r-xp 00001000 103:01 90442145                  /usr/lib/x86_64-linux-gnu/ld-linux-x86-64.so.2
705be7e52000-705be7e5c000 r--p 0002c000 103:01 90442145                  /usr/lib/x86_64-linux-gnu/ld-linux-x86-64.so.2
705be7e5c000-705be7e5e000 r--p 00036000 103:01 90442145                  /usr/lib/x86_64-linux-gnu/ld-linux-x86-64.so.2
705be7e5e000-705be7e60000 rw-p 00038000 103:01 90442145                  /usr/lib/x86_64-linux-gnu/ld-linux-x86-64.so.2
7ffcba9c9000-7ffcba9eb000 rw-p 00000000 00:00 0                          [stack]
ffffffffff600000-ffffffffff601000 --xp 00000000 00:00 0                  [vsyscall]


VM Arguments:
jvm_args: -Dfile.encoding=UTF-8 -Duser.country=US -Duser.language=en -Duser.variant 
java_command: com.github.grishberg.cad3d.cli.CliRunnerKt --model matrix_right
java_class_path (initial): /home/grishberg/projects/java/opengl_kbd_render/cad3d/build/classes/java/main:/home/grishberg/projects/java/opengl_kbd_render/cad3d/build/classes/kotlin/main:/home/grishberg/projects/java/opengl_kbd_render/cad3d/build/resources/main:/home/grishberg/projects/java/opengl_kbd_render/common/build/libs/common-1.0.1.jar:/home/grishberg/projects/java/opengl_kbd_render/kbd_core/build/libs/kbd_core-1.0.1.jar:/home/grishberg/projects/java/opengl_kbd_render/plugin/build/libs/plugin-1.0.jar:/home/grishberg/projects/java/opengl_kbd_render/javascad/build/libs/javascad-1.0.jar:/home/grishberg/projects/java/opengl_kbd_render/libs/manifold3d-3.2.13.jar:/home/grishberg/.gradle/caches/modules-2/files-2.1/org.jetbrains.kotlin/kotlin-stdlib-jdk8/1.9.22/dea0c11e2fa503ab891c8a090e3b54754472975d/kotlin-stdlib-jdk8-1.9.22.jar:/home/grishberg/.gradle/caches/modules-2/files-2.1/org.jetbrains.kotlinx/kotlinx-coroutines-core-jvm/1.8.0/ac1dc37a30a93150b704022f8d895ee1bd3a36b3/kotlinx-coroutines-core-jvm-1.8.0.jar:/home/grishberg/.gradle/caches/modules-2/files-2.1/org.jetbrains.kotlin/kotlin-stdlib-jdk7/1.9.22/c4b17283ad7939e778989663f8301d871987fa5e/kotlin-stdlib-jdk7-1.9.22.jar:/home/grishberg/.gradle/caches/modules-2/files-2.1/org.jetbrains.kotlinx/kotlinx-serialization-core-jvm/1.6.2/384c2492c987f1d92bfa186580de058c284b2ad9/kotlinx-serialization-core-jvm-1.6.2.jar:/home/grishberg/.gradle/caches/modules-2/files-2.1/org.jetbrains.kotlinx/kotlinx-serialization-json-jvm/1.6.2/8f4df208edf91a3012e7a27ccd02f386d4bfc8c6/kotlinx-serialization-json-jvm-1.6.2.jar:/home/grishberg/.gradle/caches/modules-2/files-2.1/org.jetbrains.kotlin/kotlin-stdlib/1.9.22/d6c44cd08d8f3f9bece8101216dbe6553365c6e3/kotlin-stdlib-1.9.22.jar:/home/grishberg/.gradle/caches/modules-2/files-2.1/org.jetbrains/annotations/23.0.0/8cc20c07506ec18e0834947b84a864bfc094484e/annotations-23.0.0.jar
Launcher Type: SUN_STANDARD

[Global flags]
     intx CICompilerCount                          = 12                                        {product} {ergonomic}
     uint ConcGCThreads                            = 3                                         {product} {ergonomic}
     uint G1ConcRefinementThreads                  = 13                                        {product} {ergonomic}
   size_t G1HeapRegionSize                         = 16777216                                  {product} {ergonomic}
    uintx GCDrainStackTargetSize                   = 64                                        {product} {ergonomic}
   size_t InitialHeapSize                          = 2046820352                                {product} {ergonomic}
   size_t MarkStackSize                            = 4194304                                   {product} {ergonomic}
   size_t MaxHeapSize                              = 32178700288                               {product} {ergonomic}
   size_t MaxNewSize                               = 19293798400                               {product} {ergonomic}
   size_t MinHeapDeltaBytes                        = 16777216                                  {product} {ergonomic}
   size_t MinHeapSize                              = 16777216                                  {product} {ergonomic}
    uintx NonNMethodCodeHeapSize                   = 7602480                                {pd product} {ergonomic}
    uintx NonProfiledCodeHeapSize                  = 122027880                              {pd product} {ergonomic}
    uintx ProfiledCodeHeapSize                     = 122027880                              {pd product} {ergonomic}
    uintx ReservedCodeCacheSize                    = 251658240                              {pd product} {ergonomic}
     bool SegmentedCodeCache                       = true                                      {product} {ergonomic}
   size_t SoftMaxHeapSize                          = 32178700288                            {manageable} {ergonomic}
     bool UseCompressedClassPointers               = true                           {product lp64_product} {ergonomic}
     bool UseCompressedOops                        = true                           {product lp64_product} {ergonomic}
     bool UseG1GC                                  = true                                      {product} {ergonomic}

Logging:
Log output configuration:
 #0: stdout all=warning uptime,level,tags
 #1: stderr all=off uptime,level,tags

Environment Variables:
PATH=/home/grishberg/projects/ts/opencode/bot/venv/bin:/home/grishberg/android-sdk/platform-tools:/home/grishberg/.local/bin:/usr/local/sbin:/usr/local/bin:/usr/sbin:/usr/bin:/sbin:/bin:/usr/games:/usr/local/games:/snap/bin:/snap/bin
USERNAME=grishberg
SHELL=/bin/bash
DISPLAY=:0
LANG=en_US.UTF-8

Active Locale:
LC_ALL=en_US.UTF-8
LC_COLLATE=en_US.UTF-8
LC_CTYPE=en_US.UTF-8
LC_MESSAGES=en_US.UTF-8
LC_MONETARY=en_US.UTF-8
LC_NUMERIC=en_US.UTF-8
LC_TIME=en_US.UTF-8

Signal Handlers:
   SIGSEGV: crash_handler in libjvm.so, mask=11100100010111111101111111111110, flags=SA_RESTART|SA_SIGINFO, unblocked
    SIGBUS: crash_handler in libjvm.so, mask=11100100010111111101111111111110, flags=SA_RESTART|SA_SIGINFO, unblocked
    SIGFPE: crash_handler in libjvm.so, mask=11100100010111111101111111111110, flags=SA_RESTART|SA_SIGINFO, unblocked
   SIGPIPE: javaSignalHandler in libjvm.so, mask=11100100010111111101111111111110, flags=SA_RESTART|SA_SIGINFO, blocked
   SIGXFSZ: javaSignalHandler in libjvm.so, mask=11100100010111111101111111111110, flags=SA_RESTART|SA_SIGINFO, blocked
    SIGILL: crash_handler in libjvm.so, mask=11100100010111111101111111111110, flags=SA_RESTART|SA_SIGINFO, unblocked
   SIGUSR2: SR_handler in libjvm.so, mask=00000000000000000000000000000000, flags=SA_RESTART|SA_SIGINFO, blocked
    SIGHUP: UserHandler in libjvm.so, mask=11100100010111111101111111111110, flags=SA_RESTART|SA_SIGINFO, blocked
    SIGINT: UserHandler in libjvm.so, mask=11100100010111111101111111111110, flags=SA_RESTART|SA_SIGINFO, blocked
   SIGTERM: UserHandler in libjvm.so, mask=11100100010111111101111111111110, flags=SA_RESTART|SA_SIGINFO, blocked
   SIGQUIT: UserHandler in libjvm.so, mask=11100100010111111101111111111110, flags=SA_RESTART|SA_SIGINFO, blocked
   SIGTRAP: crash_handler in libjvm.so, mask=11100100010111111101111111111110, flags=SA_RESTART|SA_SIGINFO, unblocked


Periodic native trim disabled


---------------  S Y S T E M  ---------------

OS:
DISTRIB_ID=Ubuntu
DISTRIB_RELEASE=24.04
DISTRIB_CODENAME=noble
DISTRIB_DESCRIPTION="Ubuntu 24.04.4 LTS"
uname: Linux 6.17.0-35-generic #35~24.04.1-Ubuntu SMP PREEMPT_DYNAMIC Tue May 26 19:30:42 UTC 2 x86_64
OS uptime: 0 days 6:27 hours
libc: glibc 2.39 NPTL 2.39 
rlimit (soft/hard): STACK 8192k/infinity , CORE 0k/infinity , NPROC 496841/496841 , NOFILE 1048576/1048576 , AS infinity/infinity , CPU infinity/infinity , DATA infinity/infinity , FSIZE infinity/infinity , MEMLOCK 15919580k/15919580k
load average: 1.44 0.98 0.70

/proc/meminfo:
MemTotal:       127356652 kB
MemFree:        42251848 kB
MemAvailable:   81673356 kB
Buffers:          169044 kB
Cached:         43150680 kB
SwapCached:            0 kB
Active:         44572748 kB
Inactive:       38193228 kB
Active(anon):   42483168 kB
Inactive(anon):        0 kB
Active(file):    2089580 kB
Inactive(file): 38193228 kB
Unevictable:           0 kB
Mlocked:               0 kB
SwapTotal:       8388604 kB
SwapFree:        8388604 kB
Zswap:                 0 kB
Zswapped:              0 kB
Dirty:             12144 kB
Writeback:             0 kB
AnonPages:      39447392 kB
Mapped:          4232728 kB
Shmem:           3036928 kB
KReclaimable:     317808 kB
Slab:             587888 kB
SReclaimable:     317808 kB
SUnreclaim:       270080 kB
KernelStack:       25168 kB
PageTables:       116580 kB
SecPageTables:      2180 kB
NFS_Unstable:          0 kB
Bounce:                0 kB
WritebackTmp:          0 kB
CommitLimit:    72066928 kB
Committed_AS:   59329376 kB
VmallocTotal:   34359738367 kB
VmallocUsed:      167356 kB
VmallocChunk:          0 kB
Percpu:            15232 kB
HardwareCorrupted:     0 kB
AnonHugePages:         0 kB
ShmemHugePages:        0 kB
ShmemPmdMapped:        0 kB
FileHugePages:    337920 kB
FilePmdMapped:      2048 kB
CmaTotal:              0 kB
CmaFree:               0 kB
Unaccepted:            0 kB
Balloon:               0 kB
HugePages_Total:       0
HugePages_Free:        0
HugePages_Rsvd:        0
HugePages_Surp:        0
Hugepagesize:       2048 kB
Hugetlb:               0 kB
DirectMap4k:      508068 kB
DirectMap2M:    13033472 kB
DirectMap1G:    121634816 kB

/sys/kernel/mm/transparent_hugepage/enabled: always [madvise] never
/sys/kernel/mm/transparent_hugepage/hpage_pmd_size: 2097152
/sys/kernel/mm/transparent_hugepage/defrag (defrag/compaction efforts parameter): always defer defer+madvise [madvise] never

Process Memory:
Virtual Size: 37974112K (peak: 38035620K)
Resident Set Size: 199004K (peak: 199004K) (anon: 173196K, file: 25808K, shmem: 0K)
Swapped out: 0K
C-Heap outstanding allocations: 66595K, retained: 16224K
glibc malloc tunables: (default)

/proc/sys/kernel/threads-max (system-wide limit on the number of threads): 993683
/proc/sys/vm/max_map_count (maximum number of memory map areas a process may have): 1048576
/proc/sys/vm/swappiness (control to define how aggressively the kernel swaps out anonymous memory): 60
/proc/sys/kernel/pid_max (system-wide limit on number of process identifiers): 4194304

container (cgroup) information:
container_type: cgroupv2
cpu_cpuset_cpus: not supported
cpu_memory_nodes: not supported
active_processor_count: 16
cpu_quota: not supported
cpu_period: not supported
cpu_shares: not supported
memory_limit_in_bytes: unlimited
memory_and_swap_limit_in_bytes: unlimited
memory_soft_limit_in_bytes: 0
memory_usage_in_bytes: 77846280 k
memory_max_usage_in_bytes: not supported
rss_usage_in_bytes: 38160448 k
cache_usage_in_bytes: 39508180 k
memory_swap_current_in_bytes: 0
memory_swap_max_limit_in_bytes: unlimited
maximum number of tasks: 149052
current number of tasks: 713

Steal ticks since vm start: 0
Steal ticks percentage since vm start:  0.000

CPU: total 16 (initial active 16) (16 cores per cpu, 2 threads per core) family 25 model 33 stepping 2 microcode 0xa201213, cx8, cmov, fxsr, ht, mmx, 3dnowpref, sse, sse2, sse3, ssse3, sse4a, sse4.1, sse4.2, popcnt, lzcnt, tsc, tscinvbit, avx, avx2, aes, erms, clmul, bmi1, bmi2, adx, sha, fma, vzeroupper, clflush, clflushopt
CPU Model and flags from /proc/cpuinfo:
model name	: AMD Ryzen 7 5800X3D 8-Core Processor
flags		: fpu vme de pse tsc msr pae mce cx8 apic sep mtrr pge mca cmov pat pse36 clflush mmx fxsr sse sse2 ht syscall nx mmxext fxsr_opt pdpe1gb rdtscp lm constant_tsc rep_good nopl xtopology nonstop_tsc cpuid extd_apicid aperfmperf rapl pni pclmulqdq monitor ssse3 fma cx16 sse4_1 sse4_2 x2apic movbe popcnt aes xsave avx f16c rdrand lahf_lm cmp_legacy svm extapic cr8_legacy abm sse4a misalignsse 3dnowprefetch osvw ibs skinit wdt tce topoext perfctr_core perfctr_nb bpext perfctr_llc mwaitx cpb cat_l3 cdp_l3 hw_pstate ssbd mba ibrs ibpb stibp vmmcall fsgsbase bmi1 avx2 smep bmi2 erms invpcid cqm rdt_a rdseed adx smap clflushopt clwb sha_ni xsaveopt xsavec xgetbv1 xsaves cqm_llc cqm_occup_llc cqm_mbm_total cqm_mbm_local user_shstk clzero irperf xsaveerptr rdpru wbnoinvd arat npt lbrv svm_lock nrip_save tsc_scale vmcb_clean flushbyasid decodeassists pausefilter pfthreshold avic v_vmsave_vmload vgif v_spec_ctrl umip pku ospke vaes vpclmulqdq rdpid overflow_recov succor smca fsrm debug_swap

Online cpus: 0-15
Offline cpus: 
BIOS frequency limitation: <Not Available>
Frequency switch latency (ns): 0
Available cpu frequencies: <Not Available>
Current governor: powersave
Core performance/turbo boost: 1

Memory: 4k page, physical 127356652k(42247852k free), swap 8388604k(8388604k free)
Page Sizes: 4k

vm_info: OpenJDK 64-Bit Server VM (17.0.19+10) for linux-amd64 JRE (17.0.19+10), built on Apr 21 2026 00:00:00 by "admin" with gcc 10.3.0

END.
