#
# A fatal error has been detected by the Java Runtime Environment:
#
#  SIGSEGV (0xb) at pc=0x000070e3d1a9fff4, pid=92851, tid=92876
#
# JRE version: OpenJDK Runtime Environment Temurin-17.0.19+10 (17.0.19+10) (build 17.0.19+10)
# Java VM: OpenJDK 64-Bit Server VM Temurin-17.0.19+10 (17.0.19+10, mixed mode, sharing, tiered, compressed oops, compressed class ptrs, g1 gc, linux-amd64)
# Problematic frame:
# C  [libc.so.6+0x9fff4]  pthread_mutex_lock+0x4
#
# Core dump will be written. Default location: Core dumps may be processed with "/usr/share/apport/apport -p%p -s%s -c%c -d%d -P%P -u%u -g%g -F%F -- %E" (or dumping to /home/grishberg/projects/java/opengl_kbd_render/cad3d/core.92851)
#
# If you would like to submit a bug report, please visit:
#   https://github.com/adoptium/adoptium-support/issues
# The crash happened outside the Java Virtual Machine in native code.
# See problematic frame for where to report the bug.
#

---------------  S U M M A R Y ------------

Command Line: -Djava.library.path=/home/grishberg/projects/java/opengl_kbd_render/cad3d/build/manifold-natives/manifold3d/natives/linux-x86_64 -Dfile.encoding=UTF-8 -Duser.country=US -Duser.language=en -Duser.variant com.github.grishberg.cad3d.cli.CliRunnerKt --model matrix_right

Host: AMD Ryzen 7 5800X3D 8-Core Processor, 16 cores, 121G, Ubuntu 24.04.4 LTS
Time: Wed Jul 15 14:28:25 2026 MSK elapsed time: 0.286247 seconds (0d 0h 0m 0s)

---------------  T H R E A D  ---------------

Current thread (0x000070e2c4064fd0):  JavaThread "DefaultDispatcher-worker-3" daemon [_thread_in_native, id=92876, stack(0x000070e35c100000,0x000070e35c200000)]

Stack: [0x000070e35c100000,0x000070e35c200000],  sp=0x000070e35c1fd918,  free space=1014k
Native frames: (J=compiled Java code, j=interpreted, Vv=VM code, C=native code)
C  [libc.so.6+0x9fff4]  pthread_mutex_lock+0x4

Java frames: (J=compiled Java code, j=interpreted, Vv=VM code)
J 804  com.cadoodlecad.manifold.ManifoldBindings.jniUnion(JJJ)J (0 bytes) @ 0x000070e3bcdd526f [0x000070e3bcdd5220+0x000000000000004f]
J 859 c1 com.cadoodlecad.manifold.ManifoldBindings.union(JJ)J (13 bytes) @ 0x000070e3b5386164 [0x000070e3b53860c0+0x00000000000000a4]
J 828 c1 eu.printingin3d.javascad.manifold.Manifold3dEngine.operateNative(JJI)J (113 bytes) @ 0x000070e3b5372ddc [0x000070e3b5372bc0+0x000000000000021c]
J 829 c1 eu.printingin3d.javascad.manifold.Manifold3dEngine.unionNative(JJ)J (8 bytes) @ 0x000070e3b537373c [0x000070e3b53736c0+0x000000000000007c]
j  eu.printingin3d.javascad.tranzitions.Union.toInnerNativeMesh(Leu/printingin3d/javascad/vrl/FacetGenerationContext;)J+67
J 801 c1 eu.printingin3d.javascad.models.Abstract3dModel.toNativeMesh(Leu/printingin3d/javascad/vrl/FacetGenerationContext;)J (160 bytes) @ 0x000070e3b5367ad4 [0x000070e3b5367400+0x00000000000006d4]
j  eu.printingin3d.javascad.tranzitions.Difference.toInnerNativeMesh(Leu/printingin3d/javascad/vrl/FacetGenerationContext;)J+5
J 801 c1 eu.printingin3d.javascad.models.Abstract3dModel.toNativeMesh(Leu/printingin3d/javascad/vrl/FacetGenerationContext;)J (160 bytes) @ 0x000070e3b5367ad4 [0x000070e3b5367400+0x00000000000006d4]
j  com.github.grishberg.cad3d.util.VertexHolderUtilsKt.fromModelNative(Leu/printingin3d/javascad/models/Abstract3dModel;I)Lcom/github/grishberg/cad3d/plugin/VertexHolder;+28
j  com.github.grishberg.cad3d.util.VertexHolderUtilsKt.fromModel(Leu/printingin3d/javascad/models/Abstract3dModel;I)Lcom/github/grishberg/cad3d/plugin/VertexHolder;+8
j  com.github.grishberg.cad3d.keyboard.ModelHolder$Companion.createVertexHolders(Lcom/github/grishberg/cad3d/keyboard/cfg/KeyboardConfig;Leu/printingin3d/javascad/models/Abstract3dModel;Ljava/util/List;)Ljava/util/List;+101
j  com.github.grishberg.cad3d.keyboard.ModelHolder.<init>(Lcom/github/grishberg/cad3d/keyboard/cfg/KeyboardConfig;Leu/printingin3d/javascad/models/Abstract3dModel;[Leu/printingin3d/javascad/models/Abstract3dModel;)V+29
j  com.github.grishberg.cad3d.KeyboardBuilder.createCaseModel(Lcom/github/grishberg/cad3d/keyboard/cfg/KeyboardConfig;Lcom/github/grishberg/cad3d/keyboard/KeyPlace;Lcom/github/grishberg/cad3d/keyboard/ThumbKeyPlace;Lcom/github/grishberg/cad3d/keyboard/screws/ScrewWallPlaces;Lcom/github/grishberg/cad3d/keyboard/casebody/Walls;Lcom/github/grishberg/cad3d/keyboard/casebody/controllers/ControllerPlace;Lcom/github/grishberg/cad3d/keyboard/casebody/controllers/SwitcherPlace;Lcom/github/grishberg/cad3d/keyboard/casebody/controllers/ControllerFactory;Lcom/github/grishberg/cad3d/keyboard/casebody/controllers/switcher/SwitcherFactory;Lcom/github/grishberg/cad3d/keyboard/casebody/controllers/Controller;Lcom/github/grishberg/cad3d/trackball/Trackball;Lcom/github/grishberg/cad3d/keyboard/casebody/thumb/ThumbBorders;Lcom/github/grishberg/cad3d/keyboard/casebody/thumb/ThumbWalls;)Lcom/github/grishberg/cad3d/keyboard/ModelHolder;+665
j  com.github.grishberg.cad3d.KeyboardBuilder.createCase(Lcom/github/grishberg/cad3d/keyboard/cfg/KeyboardConfig;Lcom/github/grishberg/cad3d/keyboard/KeyPlace;Lcom/github/grishberg/cad3d/keyboard/ThumbKeyPlace;Lcom/github/grishberg/cad3d/keyboard/screws/ScrewWallPlaces;Lcom/github/grishberg/cad3d/keyboard/casebody/Walls;Lcom/github/grishberg/cad3d/keyboard/casebody/controllers/ControllerPlace;Lcom/github/grishberg/cad3d/keyboard/casebody/controllers/SwitcherPlace;Lcom/github/grishberg/cad3d/keyboard/casebody/controllers/ControllerFactory;Lcom/github/grishberg/cad3d/keyboard/casebody/controllers/switcher/SwitcherFactory;Lcom/github/grishberg/cad3d/keyboard/casebody/controllers/Controller;Lcom/github/grishberg/cad3d/trackball/Trackball;Lcom/github/grishberg/cad3d/keyboard/casebody/thumb/ThumbBorders;Lcom/github/grishberg/cad3d/keyboard/casebody/thumb/ThumbWalls;)Ljava/util/List;+44
j  com.github.grishberg.cad3d.KeyboardBuilder.access$createCase(Lcom/github/grishberg/cad3d/KeyboardBuilder;Lcom/github/grishberg/cad3d/keyboard/cfg/KeyboardConfig;Lcom/github/grishberg/cad3d/keyboard/KeyPlace;Lcom/github/grishberg/cad3d/keyboard/ThumbKeyPlace;Lcom/github/grishberg/cad3d/keyboard/screws/ScrewWallPlaces;Lcom/github/grishberg/cad3d/keyboard/casebody/Walls;Lcom/github/grishberg/cad3d/keyboard/casebody/controllers/ControllerPlace;Lcom/github/grishberg/cad3d/keyboard/casebody/controllers/SwitcherPlace;Lcom/github/grishberg/cad3d/keyboard/casebody/controllers/ControllerFactory;Lcom/github/grishberg/cad3d/keyboard/casebody/controllers/switcher/SwitcherFactory;Lcom/github/grishberg/cad3d/keyboard/casebody/controllers/Controller;Lcom/github/grishberg/cad3d/trackball/Trackball;Lcom/github/grishberg/cad3d/keyboard/casebody/thumb/ThumbBorders;Lcom/github/grishberg/cad3d/keyboard/casebody/thumb/ThumbWalls;)Ljava/util/List;+24
j  com.github.grishberg.cad3d.KeyboardBuilder$exportStl$1$2.invokeSuspend(Ljava/lang/Object;)Ljava/lang/Object;+104
j  kotlin.coroutines.jvm.internal.BaseContinuationImpl.resumeWith(Ljava/lang/Object;)V+44
j  kotlinx.coroutines.DispatchedTask.run()V+317
j  kotlinx.coroutines.scheduling.CoroutineScheduler.runSafely(Lkotlinx/coroutines/scheduling/Task;)V+2
j  kotlinx.coroutines.scheduling.CoroutineScheduler$Worker.executeTask(Lkotlinx/coroutines/scheduling/Task;)V+30
j  kotlinx.coroutines.scheduling.CoroutineScheduler$Worker.runWorker()V+44
j  kotlinx.coroutines.scheduling.CoroutineScheduler$Worker.run()V+1
v  ~StubRoutines::call_stub

siginfo: si_signo: 11 (SIGSEGV), si_code: 1 (SEGV_MAPERR), si_addr: 0x000070e5b2258028

Registers:
RAX=0x000070e35cb7f418, RBX=0x000070e2bc058320, RCX=0x0000000000000000, RDX=0x0000000000000000
RSP=0x000070e35c1fd918, RBP=0x000070e3d1a9e820, RSI=0x000070e2bc058320, RDI=0x000070e5b2258018
R8 =0x000070e2bc058320, R9 =0x0000000000000000, R10=0x000070e3bcdd526f, R11=0x000070e3b53736e0
R12=0x000070e35c1fd960, R13=0x000070e5b2258018, R14=0x000070e2bc047e80, R15=0x000070e35c1fd960
RIP=0x000070e3d1a9fff4, EFLAGS=0x0000000000010202, CSGSFS=0x002b000000000033, ERR=0x0000000000000004
  TRAPNO=0x000000000000000e

XMM[0]=0x0000000000000000 0x0000000000000000
XMM[1]=0x0000000000000000 0x0000000000000000
XMM[2]=0x0000000000000000 0x3f1a36e2eb1c432d
XMM[3]=0x0000000000000000 0x3ff0000000000000
XMM[4]=0x0000000000000000 0x0000000000000000
XMM[5]=0x0000000000000000 0x3ff0000000000000
XMM[6]=0x0000000000000000 0x40477c23087a6128
XMM[7]=0x0000000000000000 0x0000000000000000
XMM[8]=0x0000000000000000 0x0000000000000000
XMM[9]=0x0000000000000000 0x0000000000000000
XMM[10]=0x0000000000000000 0x3ff0000000000000
XMM[11]=0x0000000000000000 0x0000000000000000
XMM[12]=0x0000000000000000 0x0000000000000000
XMM[13]=0x0000000000000000 0x0000000000000000
XMM[14]=0x0000000000000000 0x8000000000000000
XMM[15]=0x0000000000000000 0x0000000000000000
  MXCSR=0x00001fa4


Register to memory mapping:

RAX=0x000070e35cb7f418: _ZTVN8manifold9CsgOpNodeE+0x0000000000000010 in /tmp/manifold3d2888826101356522717/libmanifold.so.3 at 0x000070e35c800000
RBX=0x000070e2bc058320 points into unknown readable memory: 0x000070e5b2258018 | 18 80 25 b2 e5 70 00 00
RCX=0x0 is NULL
RDX=0x0 is NULL
RSP=0x000070e35c1fd918 is pointing into the stack for thread: 0x000070e2c4064fd0
RBP=0x000070e3d1a9e820: __pthread_key_create+0x0000000000000000 in /lib/x86_64-linux-gnu/libc.so.6 at 0x000070e3d1a00000
RSI=0x000070e2bc058320 points into unknown readable memory: 0x000070e5b2258018 | 18 80 25 b2 e5 70 00 00
RDI=0x000070e5b2258018 is an unknown value
R8 =0x000070e2bc058320 points into unknown readable memory: 0x000070e5b2258018 | 18 80 25 b2 e5 70 00 00
R9 =0x0 is NULL
R10=0x000070e3bcdd526f is at entry_point+79 in (nmethod*)0x000070e3bcdd5090
Compiled method (n/a) 288  804     n 0       com.cadoodlecad.manifold.ManifoldBindings::jniUnion (native)
 total in heap  [0x000070e3bcdd5090,0x000070e3bcdd5410] = 896
 relocation     [0x000070e3bcdd51f0,0x000070e3bcdd5220] = 48
 main code      [0x000070e3bcdd5220,0x000070e3bcdd5408] = 488
 oops           [0x000070e3bcdd5408,0x000070e3bcdd5410] = 8
0x000070e3bcdd524f:   4c 8b c1 48 8b ca 48 8b d6 49 be 48 83 02 f5 00
0x000070e3bcdd525f:   00 00 00 4c 89 74 24 30 4c 8d 74 24 30 49 8b f6
0x000070e3bcdd526f:   c5 f8 77 
R11=0x000070e3b53736e0 is at entry_point+32 in (nmethod*)0x000070e3b5373510
Compiled method (c1) 288  829       3       eu.printingin3d.javascad.manifold.Manifold3dEngine::unionNative (8 bytes)
 total in heap  [0x000070e3b5373510,0x000070e3b5373880] = 880
 relocation     [0x000070e3b5373670,0x000070e3b53736a8] = 56
 main code      [0x000070e3b53736c0,0x000070e3b53737c0] = 256
 stub code      [0x000070e3b53737c0,0x000070e3b5373800] = 64
 oops           [0x000070e3b5373800,0x000070e3b5373808] = 8
 metadata       [0x000070e3b5373808,0x000070e3b5373810] = 8
 scopes data    [0x000070e3b5373810,0x000070e3b5373838] = 40
 scopes pcs     [0x000070e3b5373838,0x000070e3b5373878] = 64
 dependencies   [0x000070e3b5373878,0x000070e3b5373880] = 8
0x000070e3b53736e0:   89 84 24 00 c0 fe ff 55 48 83 ec 40 
R12=0x000070e35c1fd960 is pointing into the stack for thread: 0x000070e2c4064fd0
R13=0x000070e5b2258018 is an unknown value
R14=0x000070e2bc047e80 points into unknown readable memory: 0x000070e35cb7f418 | 18 f4 b7 5c e3 70 00 00
R15=0x000070e35c1fd960 is pointing into the stack for thread: 0x000070e2c4064fd0


Top of Stack: (sp=0x000070e35c1fd918)
0x000070e35c1fd918:   000070e35c9eb40b 0000000000000000
0x000070e35c1fd928:   000070e35c957300 0000000000000000
0x000070e35c1fd938:   000070e35c1fd9f0 000070e2bc058320
0x000070e35c1fd948:   000070e35c9ee14d 000070e2bc047e80
0x000070e35c1fd958:   000070e2bc047e70 0000000000000007
0x000070e35c1fd968:   000070e2bc0008e0 00000000f50301a8
0x000070e35c1fd978:   ffffffff6be04002 000070e35c1fd9b0
0x000070e35c1fd988:   92493b5ac17c6300 0000000000000138
0x000070e35c1fd998:   0000000000000156 000070e2bc058320
0x000070e35c1fd9a8:   000070e35c1fd9f0 000070e2bc058320
0x000070e35c1fd9b8:   000070e35c1fdac0 000070e2c4064fd0
0x000070e35c1fd9c8:   000070e35c9ee384 000070e3bc668260
0x000070e35c1fd9d8:   92493b5ac17c6300 000070e35c1fd9f0
0x000070e35c1fd9e8:   000070e35ddb9957 000070e30b40a04b
0x000070e35c1fd9f8:   000070e2bc058320 ffffffff6be04002
0x000070e35c1fda08:   00000000f50301a8 00000000f501ce48
0x000070e35c1fda18:   0000000000000030 0000000000000000
0x000070e35c1fda28:   92493b5ac17c6300 000070e35c1fda80
0x000070e35c1fda38:   0000000000000000 000070e35c1fdc18
0x000070e35c1fda48:   000070e3d196afbf 000070e35c1fda80
0x000070e35c1fda58:   000070e2bc058320 000070e2bc02eb30
0x000070e35c1fda68:   000070e2bc058320 000070e35c1fdac0
0x000070e35c1fda78:   000070e2c4065280 000070e35c1fdad0
0x000070e35c1fda88:   000070e3bcdd52e8 0000000000000007
0x000070e35c1fda98:   000070e2bc0008e0 00000000f50301a8
0x000070e35c1fdaa8:   000070e2bc058320 000070e2c4064fd0
0x000070e35c1fdab8:   000070e35c1fdd00 00000000f5028348
0x000070e35c1fdac8:   0000000000000000 000070e35c1fdc98
0x000070e35c1fdad8:   000070e3b5386164 0000000000000007
0x000070e35c1fdae8:   0000000000000000 000070e35c1fdb90
0x000070e35c1fdaf8:   00000000f50301a8 000070e35c1fdb30
0x000070e35c1fdb08:   0000000000000138 000070e30b409e40 

Instructions: (pc=0x000070e3d1a9fff4)
0x000070e3d1a9fef4:   ff ff ff 83 f8 92 0f 84 68 ff ff ff 8d 50 26 83
0x000070e3d1a9ff04:   f8 da 72 14 48 b8 09 00 00 08 2c 00 00 00 48 0f
0x000070e3d1a9ff14:   a3 d0 0f 82 4c ff ff ff 48 8d 3d d5 10 13 00 e8
0x000070e3d1a9ff24:   18 0b ff ff 83 f8 f5 0f 84 a9 fd ff ff 83 f8 fc
0x000070e3d1a9ff34:   0f 84 a0 fd ff ff eb e0 0f 1f 40 00 be 80 00 00
0x000070e3d1a9ff44:   00 48 89 df e8 73 90 ff ff e9 16 ff ff ff 64 48
0x000070e3d1a9ff54:   c7 04 25 f0 02 00 00 00 00 00 00 b8 23 00 00 00
0x000070e3d1a9ff64:   e9 97 fa ff ff b8 0b 00 00 00 e9 8d fa ff ff 41
0x000070e3d1a9ff74:   8b 04 24 83 e0 7f 83 f8 12 74 d3 83 f8 11 0f 85
0x000070e3d1a9ff84:   2f fd ff ff e9 06 ff ff ff e8 2e 7f 09 00 48 8d
0x000070e3d1a9ff94:   0d e7 4d 13 00 ba bd 01 00 00 48 8d 35 c0 c4 12
0x000070e3d1a9ffa4:   00 48 8d 3d 74 11 13 00 e8 3f b3 f9 ff 48 8d 0d
0x000070e3d1a9ffb4:   c8 4d 13 00 ba c2 01 00 00 48 8d 35 a1 c4 12 00
0x000070e3d1a9ffc4:   48 8d 3d af c4 12 00 e8 20 b3 f9 ff 48 8d 0d a9
0x000070e3d1a9ffd4:   4d 13 00 ba 5f 02 00 00 48 8d 35 82 c4 12 00 48
0x000070e3d1a9ffe4:   8d 3d a6 c4 12 00 e8 01 b3 f9 ff 90 f3 0f 1e fa
0x000070e3d1a9fff4:   8b 47 10 89 c2 81 e2 7f 01 00 00 90 83 e0 7c 0f
0x000070e3d1aa0004:   85 a7 00 00 00 55 48 89 e5 53 48 83 ec 18 85 d2
0x000070e3d1aa0014:   0f 85 9e 00 00 00 44 8b 0d 0f 57 16 00 45 85 c9
0x000070e3d1aa0024:   75 5a 8b 77 10 81 e6 80 00 00 00 75 09 80 3d 08
0x000070e3d1aa0034:   b0 16 00 00 75 36 31 c0 ba 01 00 00 00 f0 0f b1
0x000070e3d1aa0044:   17 0f 85 ad 00 00 00 8b 4f 08 85 c9 0f 85 54 01
0x000070e3d1aa0054:   00 00 64 8b 04 25 d0 02 00 00 89 47 08 83 47 0c
0x000070e3d1aa0064:   01 90 31 c0 48 8b 5d f8 c9 c3 66 90 44 8b 07 45
0x000070e3d1aa0074:   85 c0 75 c2 c7 07 01 00 00 00 eb cb 8b 47 10 f6
0x000070e3d1aa0084:   c4 03 74 08 f6 c4 01 74 99 eb 07 90 80 cc 01 89
0x000070e3d1aa0094:   47 10 8b 57 10 48 8b 5d f8 48 8d 77 16 c9 81 e2
0x000070e3d1aa00a4:   80 00 00 00 e9 a3 88 ff ff 0f 1f 00 e9 5b f8 ff
0x000070e3d1aa00b4:   ff 0f 1f 00 81 fa 00 01 00 00 74 d6 8b 57 10 83
0x000070e3d1aa00c4:   e2 7f 83 fa 01 0f 85 8e 00 00 00 64 8b 04 25 d0
0x000070e3d1aa00d4:   02 00 00 39 47 08 75 2e 8b 47 04 83 f8 ff 0f 84
0x000070e3d1aa00e4:   b8 00 00 00 83 c0 01 89 47 04 e9 73 ff ff ff 0f 


Stack slot to memory mapping:
stack at sp + 0 slots: 0x000070e35c9eb40b: _ZNK8manifold8Manifold9LoadPNodeEv+0x000000000000002b in /tmp/manifold3d2888826101356522717/libmanifold.so.3 at 0x000070e35c800000
stack at sp + 1 slots: 0x0 is NULL
stack at sp + 2 slots: 0x000070e35c957300: _ZN8manifold9CsgOpNode7BooleanERKSt10shared_ptrINS_7CsgNodeEENS_6OpTypeE+0x0000000000000000 in /tmp/manifold3d2888826101356522717/libmanifold.so.3 at 0x000070e35c800000
stack at sp + 3 slots: 0x0 is NULL
stack at sp + 4 slots: 0x000070e35c1fd9f0 is pointing into the stack for thread: 0x000070e2c4064fd0
stack at sp + 5 slots: 0x000070e2bc058320 points into unknown readable memory: 0x000070e5b2258018 | 18 80 25 b2 e5 70 00 00
stack at sp + 6 slots: 0x000070e35c9ee14d: _ZNK8manifold8Manifold7BooleanERKS0_NS_6OpTypeE+0x000000000000004d in /tmp/manifold3d2888826101356522717/libmanifold.so.3 at 0x000070e35c800000
stack at sp + 7 slots: 0x000070e2bc047e80 points into unknown readable memory: 0x000070e35cb7f418 | 18 f4 b7 5c e3 70 00 00


Compiled method (n/a) 291  804     n 0       com.cadoodlecad.manifold.ManifoldBindings::jniUnion (native)
 total in heap  [0x000070e3bcdd5090,0x000070e3bcdd5410] = 896
 relocation     [0x000070e3bcdd51f0,0x000070e3bcdd5220] = 48
 main code      [0x000070e3bcdd5220,0x000070e3bcdd5408] = 488
 oops           [0x000070e3bcdd5408,0x000070e3bcdd5410] = 8

[Constant Pool (empty)]

[MachCode]
[Entry Point]
  # {method} {0x000070e30b413880} 'jniUnion' '(JJJ)J' in 'com/cadoodlecad/manifold/ManifoldBindings'
  # parm0:    rsi:rsi   = long
  # parm1:    rdx:rdx   = long
  # parm2:    rcx:rcx   = long
  #           [sp+0x50]  (sp of caller)
  0x000070e3bcdd5220: 448b 5608 | 49bb 0000 | 000f e370 | 0000 4d03 | d349 3bc2 | 0f84 0600 

  0x000070e3bcdd5238: ;   {runtime_call ic_miss_stub}
  0x000070e3bcdd5238: 0000 e941 | ab8d ff90 
[Verified Entry Point]
  0x000070e3bcdd5240: 8984 2400 | c0fe ff55 | 488b ec48 | 83ec 404c | 8bc1 488b | ca48 8bd6 

  0x000070e3bcdd5258: ;   {oop(a 'java/lang/Class'{0x00000000f5028348} = 'com/cadoodlecad/manifold/ManifoldBindings')}
  0x000070e3bcdd5258: 49be 4883 | 02f5 0000 | 0000 4c89 | 7424 304c | 8d74 2430 | 498b f6c5 

  0x000070e3bcdd5270: ;   {internal_word}
  0x000070e3bcdd5270: f877 49ba | 6f52 ddbc | e370 0000 | 4d89 9798 | 0200 0049 | 89a7 9002 

  0x000070e3bcdd5288: ;   {external_word}
  0x000070e3bcdd5288: 0000 803d | f47e b314 | 000f 843a | 0000 0056 | 5251 4150 

  0x000070e3bcdd529c: ;   {metadata({method} {0x000070e30b413880} 'jniUnion' '(JJJ)J' in 'com/cadoodlecad/manifold/ManifoldBindings')}
  0x000070e3bcdd529c: 48be 8038 | 410b e370 | 0000 498b | fff7 c40f | 0000 000f | 8412 0000 | 0048 83ec 

  0x000070e3bcdd52b8: ;   {runtime_call SharedRuntime::dtrace_method_entry(JavaThread*, Method*)}
  0x000070e3bcdd52b8: 08e8 e2d7 | 5014 4883 | c408 e905 

  0x000070e3bcdd52c4: ;   {runtime_call SharedRuntime::dtrace_method_entry(JavaThread*, Method*)}
  0x000070e3bcdd52c4: 0000 00e8 | d4d7 5014 | 4158 595a | 5e49 8dbf | b002 0000 | 41c7 8738 | 0300 0004 

  0x000070e3bcdd52e0: ;   {runtime_call Java_com_cadoodlecad_manifold_ManifoldBindings_jniUnion}
  0x000070e3bcdd52e0: 0000 00e8 | a05c b914 | c5f8 7741 | c787 3803 | 0000 0500 | 0000 f083 | 4424 c000 | 493b af40 
  0x000070e3bcdd5300: 0300 000f | 8711 0000 | 0041 81bf | 2803 0000 | 0000 0000 | 0f84 2400 | 0000 c5f8 | 7748 8945 
  0x000070e3bcdd5320: f849 8bff | 4c8b e448 | 83ec 0048 

  0x000070e3bcdd532c: ;   {runtime_call JavaThread::check_special_condition_for_native_trans(JavaThread*)}
  0x000070e3bcdd532c: 83e4 f0e8 | 9c9c 6914 | 498b e44d | 33e4 488b | 45f8 41c7 | 8738 0300 | 0008 0000 | 0041 81bf 
  0x000070e3bcdd534c: a803 0000 | 0200 0000 | 0f84 8400 

  0x000070e3bcdd5358: ;   {external_word}
  0x000070e3bcdd5358: 0000 803d | 247e b314 | 000f 8438 | 0000 0048 

  0x000070e3bcdd5368: ;   {metadata({method} {0x000070e30b413880} 'jniUnion' '(JJJ)J' in 'com/cadoodlecad/manifold/ManifoldBindings')}
  0x000070e3bcdd5368: 8945 f848 | be80 3841 | 0be3 7000 | 0049 8bff | f7c4 0f00 | 0000 0f84 | 1200 0000 | 4883 ec08 
  0x000070e3bcdd5388: ;   {runtime_call SharedRuntime::dtrace_method_exit(JavaThread*, Method*)}
  0x000070e3bcdd5388: e8c3 d750 | 1448 83c4 | 08e9 0500 

  0x000070e3bcdd5394: ;   {runtime_call SharedRuntime::dtrace_method_exit(JavaThread*, Method*)}
  0x000070e3bcdd5394: 0000 e8b5 | d750 1448 | 8b45 f849 | c787 9002 | 0000 0000 | 0000 49c7 | 8798 0200 | 0000 0000 
  0x000070e3bcdd53b4: 00c5 f877 | 498b 8fd8 | 0000 00c7 | 8100 0100 | 0000 0000 | 00c9 4981 | 7f08 0000 | 0000 0f85 
  0x000070e3bcdd53d4: 0100 0000 

  0x000070e3bcdd53d8: ;   {runtime_call StubRoutines (1)}
  0x000070e3bcdd53d8: c3e9 22a8 | 88ff c5f8 | 7748 8945 | f84c 8be4 | 4883 ec00 | 4883 e4f0 

  0x000070e3bcdd53f0: ;   {runtime_call SharedRuntime::reguard_yellow_pages()}
  0x000070e3bcdd53f0: e8cb e550 | 1449 8be4 | 4d33 e448 | 8b45 f8e9 | 56ff ffff | f4f4 f4f4 
[/MachCode]


Compiled method (c1) 298  859       3       com.cadoodlecad.manifold.ManifoldBindings::union (13 bytes)
 total in heap  [0x000070e3b5385f10,0x000070e3b53862e0] = 976
 relocation     [0x000070e3b5386070,0x000070e3b53860b8] = 72
 main code      [0x000070e3b53860c0,0x000070e3b53861e0] = 288
 stub code      [0x000070e3b53861e0,0x000070e3b5386230] = 80
 oops           [0x000070e3b5386230,0x000070e3b5386238] = 8
 metadata       [0x000070e3b5386238,0x000070e3b5386240] = 8
 scopes data    [0x000070e3b5386240,0x000070e3b5386288] = 72
 scopes pcs     [0x000070e3b5386288,0x000070e3b53862d8] = 80
 dependencies   [0x000070e3b53862d8,0x000070e3b53862e0] = 8

[Constant Pool (empty)]

[MachCode]
[Entry Point]
  # {method} {0x000070e30b417908} 'union' '(JJ)J' in 'com/cadoodlecad/manifold/ManifoldBindings'
  # this:     rsi:rsi   = 'com/cadoodlecad/manifold/ManifoldBindings'
  # parm0:    rdx:rdx   = long
  # parm1:    rcx:rcx   = long
  #           [sp+0x60]  (sp of caller)
  0x000070e3b53860c0: 448b 5608 | 49bb 0000 | 000f e370 | 0000 4d03 | d34c 3bd0 

  0x000070e3b53860d4: ;   {runtime_call ic_miss_stub}
  0x000070e3b53860d4: 0f85 a69c | 3207 660f | 1f44 0000 
[Verified Entry Point]
  0x000070e3b53860e0: 8984 2400 | c0fe ff55 | 4883 ec50 

  0x000070e3b53860ec: ;   {metadata(method data for {method} {0x000070e30b417908} 'union' '(JJ)J' in 'com/cadoodlecad/manifold/ManifoldBindings')}
  0x000070e3b53860ec: 48bf 4066 | 6b0b e370 | 0000 8b9f | f400 0000 | 83c3 0289 | 9ff4 0000 | 0081 e3fe | 0700 0083 
  0x000070e3b538610c: fb00 0f84 | 6300 0000 | 4889 4c24 | 4048 8954 

  0x000070e3b538611c: ;   {metadata(method data for {method} {0x000070e30b417908} 'union' '(JJ)J' in 'com/cadoodlecad/manifold/ManifoldBindings')}
  0x000070e3b538611c: 2438 48be | 4066 6b0b | e370 0000 | 4883 8638 | 0100 0001 | 0f1f 8000 

  0x000070e3b5386134: ;   {static_call}
  0x000070e3b5386134: 0000 00e8 

  0x000070e3b5386138: ; ImmutableOopMap {}
                      ;*invokestatic jniAllocManifold {reexecute=0 rethrow=0 return_oop=0}
                      ; - com.cadoodlecad.manifold.ManifoldBindings::union@0 (line 431)
  0x000070e3b5386138: 84d6 a407 

  0x000070e3b538613c: ;   {metadata(method data for {method} {0x000070e30b417908} 'union' '(JJ)J' in 'com/cadoodlecad/manifold/ManifoldBindings')}
  0x000070e3b538613c: 48be 4066 | 6b0b e370 | 0000 4883 | 8648 0100 | 0001 488b | f048 8b54 | 2438 488b | 4c24 400f 
  0x000070e3b538615c: ;   {static_call}
  0x000070e3b538615c: 1f40 00e8 

  0x000070e3b5386160: ; ImmutableOopMap {}
                      ;*invokestatic jniUnion {reexecute=0 rethrow=0 return_oop=0}
                      ; - com.cadoodlecad.manifold.ManifoldBindings::union@9 (line 432)
  0x000070e3b5386160: dcf0 a407 | 4883 c450 

  0x000070e3b5386168: ;   {poll_return}
  0x000070e3b5386168: 5d49 3ba7 | 4003 0000 | 0f87 2200 

  0x000070e3b5386174: ;   {metadata({method} {0x000070e30b417908} 'union' '(JJ)J' in 'com/cadoodlecad/manifold/ManifoldBindings')}
  0x000070e3b5386174: 0000 c349 | ba08 7941 | 0be3 7000 | 004c 8954 | 2408 48c7 | 0424 ffff 

  0x000070e3b538618c: ;   {runtime_call counter_overflow Runtime1 stub}
  0x000070e3b538618c: ffff e8ed 

  0x000070e3b5386190: ; ImmutableOopMap {rsi=Oop }
                      ;*synchronization entry
                      ; - com.cadoodlecad.manifold.ManifoldBindings::union@-1 (line 431)
  0x000070e3b5386190: 193d 07e9 | 7cff ffff 

  0x000070e3b5386198: ;   {internal_word}
  0x000070e3b5386198: 49ba 6961 | 38b5 e370 | 0000 4d89 | 9758 0300 

  0x000070e3b53861a8: ;   {runtime_call SafepointBlob}
  0x000070e3b53861a8: 00e9 5205 | 3307 9090 | 498b 87d0 | 0300 0049 | c787 d003 | 0000 0000 | 0000 49c7 | 87d8 0300 
  0x000070e3b53861c8: 0000 0000 | 0048 83c4 

  0x000070e3b53861d0: ;   {runtime_call unwind_exception Runtime1 stub}
  0x000070e3b53861d0: 505d e9a9 | aa3c 07f4 | f4f4 f4f4 | f4f4 f4f4 
[Stub Code]
  0x000070e3b53861e0: ;   {no_reloc}
  0x000070e3b53861e0: 0f1f 4400 

  0x000070e3b53861e4: ;   {static_stub}
  0x000070e3b53861e4: 0048 bb00 | 0000 0000 

  0x000070e3b53861ec: ;   {runtime_call}
  0x000070e3b53861ec: 0000 00e9 | fbff ffff 

  0x000070e3b53861f4: ;   {static_stub}
  0x000070e3b53861f4: 9048 bb00 | 0000 0000 

  0x000070e3b53861fc: ;   {runtime_call}
  0x000070e3b53861fc: 0000 00e9 | fbff ffff 
[Exception Handler]
  0x000070e3b5386204: ;   {runtime_call handle_exception_from_callee Runtime1 stub}
  0x000070e3b5386204: e877 e03c 

  0x000070e3b5386208: ;   {external_word}
  0x000070e3b5386208: 0748 bf52 | 5759 d1e3 | 7000 0048 

  0x000070e3b5386214: ;   {runtime_call MacroAssembler::debug64(char*, long, long*)}
  0x000070e3b5386214: 83e4 f0e8 | 5449 d81b 

  0x000070e3b538621c: ;   {section_word}
  0x000070e3b538621c: f449 ba1d | 6238 b5e3 | 7000 0041 

  0x000070e3b5386228: ;   {runtime_call DeoptimizationBlob}
  0x000070e3b5386228: 52e9 72f7 | 3207 f4f4 
[/MachCode]


Compiled method (c1) 302  828   !   3       eu.printingin3d.javascad.manifold.Manifold3dEngine::operateNative (113 bytes)
 total in heap  [0x000070e3b5372990,0x000070e3b5373488] = 2808
 relocation     [0x000070e3b5372af0,0x000070e3b5372ba8] = 184
 main code      [0x000070e3b5372bc0,0x000070e3b5373060] = 1184
 stub code      [0x000070e3b5373060,0x000070e3b53730f0] = 144
 oops           [0x000070e3b53730f0,0x000070e3b5373100] = 16
 metadata       [0x000070e3b5373100,0x000070e3b5373110] = 16
 scopes data    [0x000070e3b5373110,0x000070e3b5373200] = 240
 scopes pcs     [0x000070e3b5373200,0x000070e3b5373320] = 288
 dependencies   [0x000070e3b5373320,0x000070e3b5373328] = 8
 handler table  [0x000070e3b5373328,0x000070e3b5373460] = 312
 nul chk table  [0x000070e3b5373460,0x000070e3b5373488] = 40

[Constant Pool (empty)]

[MachCode]
[Entry Point]
  # {method} {0x000070e30b40b8e8} 'operateNative' '(JJI)J' in 'eu/printingin3d/javascad/manifold/Manifold3dEngine'
  # this:     rsi:rsi   = 'eu/printingin3d/javascad/manifold/Manifold3dEngine'
  # parm0:    rdx:rdx   = long
  # parm1:    rcx:rcx   = long
  # parm2:    r8        = int
  #           [sp+0x80]  (sp of caller)
  0x000070e3b5372bc0: 448b 5608 | 49bb 0000 | 000f e370 | 0000 4d03 | d34c 3bd0 

  0x000070e3b5372bd4: ;   {runtime_call ic_miss_stub}
  0x000070e3b5372bd4: 0f85 a6d1 | 3307 660f | 1f44 0000 
[Verified Entry Point]
  0x000070e3b5372be0: 8984 2400 | c0fe ff55 | 4883 ec70 

  0x000070e3b5372bec: ;   {metadata(method data for {method} {0x000070e30b40b8e8} 'operateNative' '(JJI)J' in 'eu/printingin3d/javascad/manifold/Manifold3dEngine')}
  0x000070e3b5372bec: 48b8 0863 | 6b0b e370 | 0000 8bb8 | f400 0000 | 83c7 0289 | b8f4 0000 | 0081 e7fe | 0700 0083 
  0x000070e3b5372c0c: ff00 0f84 | 4d03 0000 

  0x000070e3b5372c14: ;   {oop(a 'java/lang/Object'{0x00000000f50301a8})}
  0x000070e3b5372c14: 48be a801 | 03f5 0000 | 0000 488d | 7c24 5048 | 8977 0848 | 8b06 4883 | c801 4889 | 07f0 480f 
  0x000070e3b5372c34: b13e 0f84 | 1300 0000 | 482b c448 | 81e0 07f0 | ffff 4889 | 070f 8538 | 0300 0044 | 8944 2430 
  0x000070e3b5372c54: 4889 4c24 | 4048 8954 

  0x000070e3b5372c5c: ;   {oop(a 'eu/printingin3d/javascad/manifold/Manifold3dEngine'{0x00000000f50301b8})}
  0x000070e3b5372c5c: 2438 48be | b801 03f5 | 0000 0000 

  0x000070e3b5372c68: ;   {metadata(method data for {method} {0x000070e30b40b8e8} 'operateNative' '(JJI)J' in 'eu/printingin3d/javascad/manifold/Manifold3dEngine')}
  0x000070e3b5372c68: 488b fe48 | bb08 636b | 0be3 7000 | 0048 8383 | 3801 0000 

  0x000070e3b5372c7c: ;   {optimized virtual_call}
  0x000070e3b5372c7c: 0166 90e8 

  0x000070e3b5372c80: ; ImmutableOopMap {[88]=Oop }
                      ;*invokespecial getBindings {reexecute=0 rethrow=0 return_oop=0}
                      ; - eu.printingin3d.javascad.manifold.Manifold3dEngine::operateNative@15 (line 226)
  0x000070e3b5372c80: bc7a feff 

  0x000070e3b5372c84: ;   {metadata(method data for {method} {0x000070e30b40b8e8} 'operateNative' '(JJI)J' in 'eu/printingin3d/javascad/manifold/Manifold3dEngine')}
  0x000070e3b5372c84: 48ba 0863 | 6b0b e370 | 0000 48c7 | c150 0100 | 0044 8b44 | 2430 4183 | f800 488b | f148 c7c1 
  0x000070e3b5372ca4: 6001 0000 | 480f 45ce | 4183 f801 | 488b f148 | c7c1 7001 | 0000 480f | 45ce 4183 | f802 488b 
  0x000070e3b5372cc4: f148 c7c1 | 8001 0000 | 480f 45ce | 488b 340a | 49c7 c201 | 0000 0049 | 03f2 4889 | 340a 4183 
  0x000070e3b5372ce4: f800 0f84 | b500 0000 | 4183 f801 | 0f84 5b00 | 0000 4183 | f802 0f85 | 3f01 0000 

  0x000070e3b5372d00: ; implicit exception: dispatches to 0x000070e3b5372f9a
  0x000070e3b5372d00: 483b 0048 

  0x000070e3b5372d04: ;   {metadata(method data for {method} {0x000070e30b40b8e8} 'operateNative' '(JJI)J' in 'eu/printingin3d/javascad/manifold/Manifold3dEngine')}
  0x000070e3b5372d04: 8bd0 48b9 | 0863 6b0b | e370 0000 

  0x000070e3b5372d10: ;   {metadata('com/cadoodlecad/manifold/ManifoldBindings')}
  0x000070e3b5372d10: 49ba 0020 | 0010 e370 | 0000 4c89 | 9148 0200 | 0048 8381 | 5002 0000 | 0148 8b54 | 2438 488b 
  0x000070e3b5372d30: 4c24 4048 

  0x000070e3b5372d34: ;   {optimized virtual_call}
  0x000070e3b5372d34: 8bf0 90e8 

  0x000070e3b5372d38: ; ImmutableOopMap {[88]=Oop }
                      ;*invokevirtual intersection {reexecute=0 rethrow=0 return_oop=0}
                      ; - eu.printingin3d.javascad.manifold.Manifold3dEngine::operateNative@72 (line 230)
  0x000070e3b5372d38: 44d3 3307 

  0x000070e3b5372d3c: ;   {metadata(method data for {method} {0x000070e30b40b8e8} 'operateNative' '(JJI)J' in 'eu/printingin3d/javascad/manifold/Manifold3dEngine')}
  0x000070e3b5372d3c: 48ba 0863 | 6b0b e370 | 0000 ff82 | 7002 0000 | e99b 0000 | 0048 3b00 

  0x000070e3b5372d54: ;   {metadata(method data for {method} {0x000070e30b40b8e8} 'operateNative' '(JJI)J' in 'eu/printingin3d/javascad/manifold/Manifold3dEngine')}
  0x000070e3b5372d54: 488b d048 | b908 636b | 0be3 7000 

  0x000070e3b5372d60: ;   {metadata('com/cadoodlecad/manifold/ManifoldBindings')}
  0x000070e3b5372d60: 0049 ba00 | 2000 10e3 | 7000 004c | 8991 f801 | 0000 4883 | 8100 0200 | 0001 488b | 5424 3848 
  0x000070e3b5372d80: 8b4c 2440 

  0x000070e3b5372d84: ;   {optimized virtual_call}
  0x000070e3b5372d84: 488b f0e8 

  0x000070e3b5372d88: ; ImmutableOopMap {[88]=Oop }
                      ;*invokevirtual difference {reexecute=0 rethrow=0 return_oop=0}
                      ; - eu.printingin3d.javascad.manifold.Manifold3dEngine::operateNative@62 (line 229)
  0x000070e3b5372d88: f902 0000 

  0x000070e3b5372d8c: ;   {metadata(method data for {method} {0x000070e30b40b8e8} 'operateNative' '(JJI)J' in 'eu/printingin3d/javascad/manifold/Manifold3dEngine')}
  0x000070e3b5372d8c: 48ba 0863 | 6b0b e370 | 0000 ff82 | 2002 0000 | e94b 0000 | 0048 8b4c | 2440 488b | 5424 3848 
  0x000070e3b5372dac: 3b00 488b 

  0x000070e3b5372db0: ;   {metadata(method data for {method} {0x000070e30b40b8e8} 'operateNative' '(JJI)J' in 'eu/printingin3d/javascad/manifold/Manifold3dEngine')}
  0x000070e3b5372db0: f048 bf08 | 636b 0be3 

  0x000070e3b5372db8: ;   {metadata('com/cadoodlecad/manifold/ManifoldBindings')}
  0x000070e3b5372db8: 7000 0049 | ba00 2000 | 10e3 7000 | 004c 8997 | a801 0000 | 4883 87b0 | 0100 0001 

  0x000070e3b5372dd4: ;   {optimized virtual_call}
  0x000070e3b5372dd4: 488b f0e8 

  0x000070e3b5372dd8: ; ImmutableOopMap {[88]=Oop }
                      ;*invokevirtual union {reexecute=0 rethrow=0 return_oop=0}
                      ; - eu.printingin3d.javascad.manifold.Manifold3dEngine::operateNative@52 (line 228)
  0x000070e3b5372dd8: 0433 0100 

  0x000070e3b5372ddc: ;   {metadata(method data for {method} {0x000070e30b40b8e8} 'operateNative' '(JJI)J' in 'eu/printingin3d/javascad/manifold/Manifold3dEngine')}
  0x000070e3b5372ddc: 48ba 0863 | 6b0b e370 | 0000 ff82 | d001 0000 

  0x000070e3b5372dec: ;   {oop(a 'java/lang/Object'{0x00000000f50301a8})}
  0x000070e3b5372dec: 488b f048 | b8a8 0103 | f500 0000 | 0048 8d44 | 2450 488b | 1048 85d2 | 0f84 0f00 | 0000 488b 
  0x000070e3b5372e0c: 7808 f048 | 0fb1 170f | 8590 0100 

  0x000070e3b5372e18: ;   {metadata(method data for {method} {0x000070e30b40b8e8} 'operateNative' '(JJI)J' in 'eu/printingin3d/javascad/manifold/Manifold3dEngine')}
  0x000070e3b5372e18: 0048 b808 | 636b 0be3 | 7000 00ff | 80b8 0200 | 0048 8bc6 | 4883 c470 

  0x000070e3b5372e30: ;   {poll_return}
  0x000070e3b5372e30: 5d49 3ba7 | 4003 0000 | 0f87 7e01 | 0000 c390 

  0x000070e3b5372e40: ;   {no_reloc}
  0x000070e3b5372e40: e99c 0100 | 0000 0000 | 0000 498b | 8708 0100 | 0048 8d78 | 2849 3bbf | 1801 0000 | 0f87 8901 
  0x000070e3b5372e60: 0000 4989 | bf08 0100 | 0048 c700 | 0100 0000 | 488b ca49 | ba00 0000 | 0fe3 7000 | 0049 2bca 
  0x000070e3b5372e80: 8948 0848 | 33c9 8948 | 0c48 33c9 | 4889 4810 | 4889 4818 | 4889 4820 

  0x000070e3b5372e98: ;   {no_reloc}
  0x000070e3b5372e98: e96a 0100 | 0090 9090 | 9090 498b | f048 8944 | 2448 0f1f 

  0x000070e3b5372eac: ;   {static_call}
  0x000070e3b5372eac: 4400 00e8 

  0x000070e3b5372eb0: ; ImmutableOopMap {[72]=Oop [88]=Oop }
                      ;*invokedynamic {reexecute=0 rethrow=0 return_oop=0}
                      ; - eu.printingin3d.javascad.manifold.Manifold3dEngine::operateNative@84 (line 231)
  0x000070e3b5372eb0: ccd7 3307 

  0x000070e3b5372eb4: ;   {metadata(method data for {method} {0x000070e30b40b8e8} 'operateNative' '(JJI)J' in 'eu/printingin3d/javascad/manifold/Manifold3dEngine')}
  0x000070e3b5372eb4: 48ba 0863 | 6b0b e370 | 0000 488d | 9298 0200 | 0048 85c0 | 750e 48f7 | 0201 0000 | 0075 05f0 
  0x000070e3b5372ed4: 4883 0a01 | 488b 5424 

  0x000070e3b5372edc: ;   {metadata(method data for {method} {0x000070e30b40b8e8} 'operateNative' '(JJI)J' in 'eu/printingin3d/javascad/manifold/Manifold3dEngine')}
  0x000070e3b5372edc: 4848 be08 | 636b 0be3 | 7000 0048 | 8386 a802 | 0000 0148 | 8bd0 488b 

  0x000070e3b5372ef4: ;   {optimized virtual_call}
  0x000070e3b5372ef4: 7424 48e8 

  0x000070e3b5372ef8: ; ImmutableOopMap {[72]=Oop [88]=Oop }
                      ;*invokespecial <init> {reexecute=0 rethrow=0 return_oop=0}
                      ; - eu.printingin3d.javascad.manifold.Manifold3dEngine::operateNative@89 (line 231)
  0x000070e3b5372ef8: 84d1 3307 | 488b 4424 

  0x000070e3b5372f00: ; ImmutableOopMap {[88]=Oop rax=Oop }
                      ;*athrow {reexecute=1 rethrow=0 return_oop=0}
                      ; - (reexecute) eu.printingin3d.javascad.manifold.Manifold3dEngine::operateNative@92 (line 231)
                      ;   {section_word}
  0x000070e3b5372f00: 4848 ba01 | 2f37 b5e3 

  0x000070e3b5372f08: ;   {runtime_call handle_exception_nofpu Runtime1 stub}
  0x000070e3b5372f08: 7000 00e8 | 700a 3e07 | 9049 8b87 | d003 0000 | 4d33 d24d | 8997 d003 | 0000 4d33 | d24d 8997 
  0x000070e3b5372f28: d803 0000 

  0x000070e3b5372f2c: ;   {oop(a 'java/lang/Object'{0x00000000f50301a8})}
  0x000070e3b5372f2c: 488b f048 | b8a8 0103 | f500 0000 | 0048 8d44 | 2450 488b | 3848 85ff | 0f84 0f00 | 0000 488b 
  0x000070e3b5372f4c: 5808 f048 | 0fb1 3b0f | 85b8 0000 | 0048 8bc6 | e9e2 0000 

  0x000070e3b5372f60: ;   {metadata({method} {0x000070e30b40b8e8} 'operateNative' '(JJI)J' in 'eu/printingin3d/javascad/manifold/Manifold3dEngine')}
  0x000070e3b5372f60: 0049 bae8 | b840 0be3 | 7000 004c | 8954 2408 | 48c7 0424 | ffff ffff 

  0x000070e3b5372f78: ;   {runtime_call counter_overflow Runtime1 stub}
  0x000070e3b5372f78: e803 4c3e 

  0x000070e3b5372f7c: ; ImmutableOopMap {rsi=Oop }
                      ;*synchronization entry
                      ; - eu.printingin3d.javascad.manifold.Manifold3dEngine::operateNative@-1 (line 225)
  0x000070e3b5372f7c: 07e9 92fc 

  0x000070e3b5372f80: ;   {runtime_call throw_null_pointer_exception Runtime1 stub}
  0x000070e3b5372f80: ffff e819 

  0x000070e3b5372f84: ; ImmutableOopMap {rsi=Oop }
                      ;*monitorenter {reexecute=0 rethrow=0 return_oop=0}
                      ; - eu.printingin3d.javascad.manifold.Manifold3dEngine::operateNative@7 (line 225)
  0x000070e3b5372f84: f23d 0748 | 8974 2408 | 4889 3c24 

  0x000070e3b5372f90: ;   {runtime_call monitorenter_nofpu Runtime1 stub}
  0x000070e3b5372f90: e8eb 243e 

  0x000070e3b5372f94: ; ImmutableOopMap {rsi=Oop [88]=Oop }
                      ;*monitorenter {reexecute=0 rethrow=0 return_oop=0}
                      ; - eu.printingin3d.javascad.manifold.Manifold3dEngine::operateNative@7 (line 225)
  0x000070e3b5372f94: 07e9 b5fc 

  0x000070e3b5372f98: ;   {runtime_call throw_null_pointer_exception Runtime1 stub}
  0x000070e3b5372f98: ffff e801 

  0x000070e3b5372f9c: ; ImmutableOopMap {rax=Oop [88]=Oop }
                      ;*invokevirtual intersection {reexecute=0 rethrow=0 return_oop=0}
                      ; - eu.printingin3d.javascad.manifold.Manifold3dEngine::operateNative@72 (line 230)
                      ;   {runtime_call throw_null_pointer_exception Runtime1 stub}
  0x000070e3b5372f9c: f23d 07e8 

  0x000070e3b5372fa0: ; ImmutableOopMap {rax=Oop [88]=Oop }
                      ;*invokevirtual difference {reexecute=0 rethrow=0 return_oop=0}
                      ; - eu.printingin3d.javascad.manifold.Manifold3dEngine::operateNative@62 (line 229)
  0x000070e3b5372fa0: fcf1 3d07 

  0x000070e3b5372fa4: ;   {runtime_call throw_null_pointer_exception Runtime1 stub}
  0x000070e3b5372fa4: e8f7 f13d 

  0x000070e3b5372fa8: ; ImmutableOopMap {rax=Oop [88]=Oop }
                      ;*invokevirtual union {reexecute=0 rethrow=0 return_oop=0}
                      ; - eu.printingin3d.javascad.manifold.Manifold3dEngine::operateNative@52 (line 228)
  0x000070e3b5372fa8: 0748 8d44 | 2450 4889 

  0x000070e3b5372fb0: ;   {runtime_call monitorexit_nofpu Runtime1 stub}
  0x000070e3b5372fb0: 0424 e8c9 | 2d3e 07e9 | 5dfe ffff 

  0x000070e3b5372fbc: ;   {internal_word}
  0x000070e3b5372fbc: 49ba 312e | 37b5 e370 | 0000 4d89 | 9758 0300 

  0x000070e3b5372fcc: ;   {runtime_call SafepointBlob}
  0x000070e3b5372fcc: 00e9 2e37 

  0x000070e3b5372fd0: ;   {metadata(NULL)}
  0x000070e3b5372fd0: 3407 48ba | 0000 0000 | 0000 0000 | b800 0f05 

  0x000070e3b5372fe0: ;   {runtime_call load_klass_patching Runtime1 stub}
  0x000070e3b5372fe0: 0ae8 1a3b 

  0x000070e3b5372fe4: ; ImmutableOopMap {[88]=Oop }
                      ;*new {reexecute=1 rethrow=0 return_oop=0}
                      ; - (reexecute) eu.printingin3d.javascad.manifold.Manifold3dEngine::operateNative@78 (line 231)
  0x000070e3b5372fe4: 3e07 e955 | feff ff48 

  0x000070e3b5372fec: ;   {runtime_call fast_new_instance Runtime1 stub}
  0x000070e3b5372fec: 8bd2 e88d 

  0x000070e3b5372ff0: ; ImmutableOopMap {[88]=Oop }
                      ;*new {reexecute=0 rethrow=0 return_oop=0}
                      ; - eu.printingin3d.javascad.manifold.Manifold3dEngine::operateNative@78 (line 231)
  0x000070e3b5372ff0: fa3d 07e9 | a0fe ffff | 48ba 0000 | 0000 0000 | 0000 b800 

  0x000070e3b5373004: ;   {runtime_call load_appendix_patching Runtime1 stub}
  0x000070e3b5373004: 0f05 0ae8 

  0x000070e3b5373008: ; ImmutableOopMap {rax=Oop [88]=Oop }
                      ;*invokedynamic {reexecute=1 rethrow=0 return_oop=0}
                      ; - (reexecute) eu.printingin3d.javascad.manifold.Manifold3dEngine::operateNative@84 (line 231)
  0x000070e3b5373008: f443 3e07 | e987 feff | ff48 8d44 | 2450 4889 

  0x000070e3b5373018: ;   {runtime_call monitorexit_nofpu Runtime1 stub}
  0x000070e3b5373018: 0424 e861 | 2d3e 07e9 | 35ff ffff | 9090 498b | 87d0 0300 | 0049 c787 | d003 0000 | 0000 0000 
  0x000070e3b5373038: 49c7 87d8 | 0300 0000 | 0000 0048 | 83c4 705d 

  0x000070e3b5373048: ;   {runtime_call unwind_exception Runtime1 stub}
  0x000070e3b5373048: e933 dc3d | 07f4 f4f4 | f4f4 f4f4 | f4f4 f4f4 | f4f4 f4f4 | f4f4 f4f4 
[Stub Code]
  0x000070e3b5373060: ;   {no_reloc}
  0x000070e3b5373060: 0f1f 4400 

  0x000070e3b5373064: ;   {static_stub}
  0x000070e3b5373064: 0048 bb00 | 0000 0000 

  0x000070e3b537306c: ;   {runtime_call}
  0x000070e3b537306c: 0000 00e9 | fbff ffff 

  0x000070e3b5373074: ;   {static_stub}
  0x000070e3b5373074: 9048 bb00 | 0000 0000 

  0x000070e3b537307c: ;   {runtime_call}
  0x000070e3b537307c: 0000 00e9 | fbff ffff 

  0x000070e3b5373084: ;   {static_stub}
  0x000070e3b5373084: 9048 bbd8 | 7941 0be3 

  0x000070e3b537308c: ;   {runtime_call I2C/C2I adapters}
  0x000070e3b537308c: 7000 00e9 | 4d6f 3307 

  0x000070e3b5373094: ;   {static_stub}
  0x000070e3b5373094: 9048 bb08 | 7941 0be3 

  0x000070e3b537309c: ;   {runtime_call I2C/C2I adapters}
  0x000070e3b537309c: 7000 00e9 | 3d6f 3307 

  0x000070e3b53730a4: ;   {static_stub}
  0x000070e3b53730a4: 9048 bb00 | 0000 0000 

  0x000070e3b53730ac: ;   {runtime_call}
  0x000070e3b53730ac: 0000 00e9 | fbff ffff 

  0x000070e3b53730b4: ;   {static_stub}
  0x000070e3b53730b4: 9048 bb00 | 0000 0000 

  0x000070e3b53730bc: ;   {runtime_call}
  0x000070e3b53730bc: 0000 00e9 | fbff ffff 
[Exception Handler]
  0x000070e3b53730c4: ;   {runtime_call handle_exception_from_callee Runtime1 stub}
  0x000070e3b53730c4: e8b7 113e 

  0x000070e3b53730c8: ;   {external_word}
  0x000070e3b53730c8: 0748 bf52 | 5759 d1e3 | 7000 0048 

  0x000070e3b53730d4: ;   {runtime_call MacroAssembler::debug64(char*, long, long*)}
  0x000070e3b53730d4: 83e4 f0e8 | 947a d91b 

  0x000070e3b53730dc: ;   {section_word}
  0x000070e3b53730dc: f449 badd | 3037 b5e3 | 7000 0041 

  0x000070e3b53730e8: ;   {runtime_call DeoptimizationBlob}
  0x000070e3b53730e8: 52e9 b228 | 3407 f4f4 
[/MachCode]


---------------  P R O C E S S  ---------------

Threads class SMR info:
_java_thread_list=0x000070e2b80683b0, length=22, elements={
0x000070e3cc02aac0, 0x000070e3cc1e9530, 0x000070e3cc1ea910, 0x000070e3cc1efea0,
0x000070e3cc1f1250, 0x000070e3cc1f2660, 0x000070e3cc1f4090, 0x000070e3cc1f55c0,
0x000070e3cc1f6a30, 0x000070e3cc1fe750, 0x000070e3cc201ee0, 0x000070e2f00a7430,
0x000070e2d409c570, 0x000070e2d409d6c0, 0x000070e2cc01f820, 0x000070e3cc4880d0,
0x000070e3cc488d30, 0x000070e2c4064fd0, 0x000070e2c40574b0, 0x000070e2c40300e0,
0x000070e2c4053ad0, 0x000070e2b808c360
}

Java Threads: ( => current thread )
  0x000070e3cc02aac0 JavaThread "main" [_thread_blocked, id=92852, stack(0x000070e3d0500000,0x000070e3d0600000)]
  0x000070e3cc1e9530 JavaThread "Reference Handler" daemon [_thread_blocked, id=92859, stack(0x000070e36c000000,0x000070e36c100000)]
  0x000070e3cc1ea910 JavaThread "Finalizer" daemon [_thread_blocked, id=92860, stack(0x000070e35ddff000,0x000070e35deff000)]
  0x000070e3cc1efea0 JavaThread "Signal Dispatcher" daemon [_thread_blocked, id=92861, stack(0x000070e35d700000,0x000070e35d800000)]
  0x000070e3cc1f1250 JavaThread "Service Thread" daemon [_thread_blocked, id=92862, stack(0x000070e35d600000,0x000070e35d700000)]
  0x000070e3cc1f2660 JavaThread "Monitor Deflation Thread" daemon [_thread_blocked, id=92863, stack(0x000070e35d500000,0x000070e35d600000)]
  0x000070e3cc1f4090 JavaThread "C2 CompilerThread0" daemon [_thread_blocked, id=92864, stack(0x000070e35d400000,0x000070e35d500000)]
  0x000070e3cc1f55c0 JavaThread "C1 CompilerThread0" daemon [_thread_blocked, id=92865, stack(0x000070e35d300000,0x000070e35d400000)]
  0x000070e3cc1f6a30 JavaThread "Sweeper thread" daemon [_thread_blocked, id=92866, stack(0x000070e35d200000,0x000070e35d300000)]
  0x000070e3cc1fe750 JavaThread "Notification Thread" daemon [_thread_blocked, id=92867, stack(0x000070e35d100000,0x000070e35d200000)]
  0x000070e3cc201ee0 JavaThread "Common-Cleaner" daemon [_thread_blocked, id=92869, stack(0x000070e35ceff000,0x000070e35cfff000)]
  0x000070e2f00a7430 JavaThread "C1 CompilerThread1" daemon [_thread_blocked, id=92870, stack(0x000070e35cdff000,0x000070e35ceff000)]
  0x000070e2d409c570 JavaThread "C1 CompilerThread2" daemon [_thread_blocked, id=92871, stack(0x000070e35ccff000,0x000070e35cdff000)]
  0x000070e2d409d6c0 JavaThread "C1 CompilerThread3" daemon [_thread_blocked, id=92872, stack(0x000070e35cbff000,0x000070e35ccff000)]
  0x000070e2cc01f820 JavaThread "C2 CompilerThread1" daemon [_thread_blocked, id=92873, stack(0x000070e35c700000,0x000070e35c800000)]
  0x000070e3cc4880d0 JavaThread "DefaultDispatcher-worker-1" daemon [_thread_blocked, id=92874, stack(0x000070e35c300000,0x000070e35c400000)]
  0x000070e3cc488d30 JavaThread "DefaultDispatcher-worker-2" daemon [_thread_blocked, id=92875, stack(0x000070e35c200000,0x000070e35c300000)]
=>0x000070e2c4064fd0 JavaThread "DefaultDispatcher-worker-3" daemon [_thread_in_native, id=92876, stack(0x000070e35c100000,0x000070e35c200000)]
  0x000070e2c40574b0 JavaThread "DefaultDispatcher-worker-4" daemon [_thread_blocked, id=92877, stack(0x000070e35c000000,0x000070e35c100000)]
  0x000070e2c40300e0 JavaThread "DefaultDispatcher-worker-5" daemon [_thread_blocked, id=92878, stack(0x000070e30af00000,0x000070e30b000000)]
  0x000070e2c4053ad0 JavaThread "DefaultDispatcher-worker-6" daemon [_thread_blocked, id=92879, stack(0x000070e30ae00000,0x000070e30af00000)]
  0x000070e2b808c360 JavaThread "Thread-6" daemon [_thread_in_native, id=92895, stack(0x000070e3080f5000,0x000070e3081f5000)]

Other Threads:
  0x000070e3cc1e5560 VMThread "VM Thread" [stack: 0x000070e35df00000,0x000070e35e000000] [id=92858]
  0x000070e3cc200090 WatcherThread [stack: 0x000070e35d000000,0x000070e35d100000] [id=92868]
  0x000070e3cc0605c0 GCTaskThread "GC Thread#0" [stack: 0x000070e36d437000,0x000070e36d537000] [id=92853]
  0x000070e3540068e0 GCTaskThread "GC Thread#1" [stack: 0x000070e2a2efc000,0x000070e2a2ffc000] [id=92896]
  0x000070e354007320 GCTaskThread "GC Thread#2" [stack: 0x000070e2a2dfb000,0x000070e2a2efb000] [id=92897]
  0x000070e354007da0 GCTaskThread "GC Thread#3" [stack: 0x000070e2a2cfa000,0x000070e2a2dfa000] [id=92898]
  0x000070e354008820 GCTaskThread "GC Thread#4" [stack: 0x000070e2a2bf9000,0x000070e2a2cf9000] [id=92899]
  0x000070e3540092a0 GCTaskThread "GC Thread#5" [stack: 0x000070e2a2af8000,0x000070e2a2bf8000] [id=92900]
  0x000070e354009d50 GCTaskThread "GC Thread#6" [stack: 0x000070e2a29f7000,0x000070e2a2af7000] [id=92901]
  0x000070e35400a800 GCTaskThread "GC Thread#7" [stack: 0x000070e2a28f6000,0x000070e2a29f6000] [id=92902]
  0x000070e35400b2b0 GCTaskThread "GC Thread#8" [stack: 0x000070e2a27f5000,0x000070e2a28f5000] [id=92903]
  0x000070e35400bd60 GCTaskThread "GC Thread#9" [stack: 0x000070e2a26f4000,0x000070e2a27f4000] [id=92904]
  0x000070e35400cc00 GCTaskThread "GC Thread#10" [stack: 0x000070e2a25f3000,0x000070e2a26f3000] [id=92905]
  0x000070e35400daa0 GCTaskThread "GC Thread#11" [stack: 0x000070e2a24f2000,0x000070e2a25f2000] [id=92906]
  0x000070e35400e940 GCTaskThread "GC Thread#12" [stack: 0x000070e2a23f1000,0x000070e2a24f1000] [id=92907]
  0x000070e3cc070bb0 ConcurrentGCThread "G1 Main Marker" [stack: 0x000070e36d336000,0x000070e36d436000] [id=92854]
  0x000070e3cc071b20 ConcurrentGCThread "G1 Conc#0" [stack: 0x000070e36d235000,0x000070e36d335000] [id=92855]
  0x000070e3cc1b26b0 ConcurrentGCThread "G1 Refine#0" [stack: 0x000070e36c427000,0x000070e36c527000] [id=92856]
  0x000070e3cc1b35b0 ConcurrentGCThread "G1 Service" [stack: 0x000070e36c326000,0x000070e36c426000] [id=92857]

Threads with active compile tasks:

VM state: not at safepoint (normal execution)

VM Mutex/Monitor currently owned by a thread: None

Heap address: 0x0000000082000000, size: 30688 MB, Compressed Oops mode: Zero based, Oop shift amount: 3

CDS archive(s) mapped at: [0x000070e30f000000-0x000070e30fbca000-0x000070e30fbca000), size 12361728, SharedBaseAddress: 0x000070e30f000000, ArchiveRelocationMode: 1.
Compressed class space mapped at: 0x000070e310000000-0x000070e350000000, reserved size: 1073741824
Narrow klass base: 0x000070e30f000000, Narrow klass shift: 0, Narrow klass range: 0x100000000

GC Precious Log:
 CPUs: 16 total, 16 available
 Memory: 121G
 Large Page Support: Disabled
 NUMA Support: Disabled
 Compressed Oops: Enabled (Zero based)
 Heap Region Size: 16M
 Heap Min Capacity: 16M
 Heap Initial Capacity: 1952M
 Heap Max Capacity: 30688M
 Pre-touch: Disabled
 Parallel Workers: 13
 Concurrent Workers: 3
 Concurrent Refinement Workers: 13
 Periodic GC: Disabled

Heap:
 garbage-first heap   total 2031616K, used 51314K [0x0000000082000000, 0x0000000800000000)
  region size 16384K, 4 young (65536K), 1 survivors (16384K)
 Metaspace       used 4873K, committed 5056K, reserved 1114112K
  class space    used 405K, committed 512K, reserved 1048576K

Heap Regions: E=young(eden), S=young(survivor), O=old, HS=humongous(starts), HC=humongous(continues), CS=collection set, F=free, OA=open archive, CA=closed archive, TAMS=top-at-mark-start (previous, next)
|   0|0x0000000082000000, 0x0000000082000000, 0x0000000083000000|  0%| F|  |TAMS 0x0000000082000000, 0x0000000082000000| Untracked 
|   1|0x0000000083000000, 0x0000000083000000, 0x0000000084000000|  0%| F|  |TAMS 0x0000000083000000, 0x0000000083000000| Untracked 
|   2|0x0000000084000000, 0x0000000084000000, 0x0000000085000000|  0%| F|  |TAMS 0x0000000084000000, 0x0000000084000000| Untracked 
|   3|0x0000000085000000, 0x0000000085000000, 0x0000000086000000|  0%| F|  |TAMS 0x0000000085000000, 0x0000000085000000| Untracked 
|   4|0x0000000086000000, 0x0000000086000000, 0x0000000087000000|  0%| F|  |TAMS 0x0000000086000000, 0x0000000086000000| Untracked 
|   5|0x0000000087000000, 0x0000000087000000, 0x0000000088000000|  0%| F|  |TAMS 0x0000000087000000, 0x0000000087000000| Untracked 
|   6|0x0000000088000000, 0x0000000088000000, 0x0000000089000000|  0%| F|  |TAMS 0x0000000088000000, 0x0000000088000000| Untracked 
|   7|0x0000000089000000, 0x0000000089000000, 0x000000008a000000|  0%| F|  |TAMS 0x0000000089000000, 0x0000000089000000| Untracked 
|   8|0x000000008a000000, 0x000000008a000000, 0x000000008b000000|  0%| F|  |TAMS 0x000000008a000000, 0x000000008a000000| Untracked 
|   9|0x000000008b000000, 0x000000008b000000, 0x000000008c000000|  0%| F|  |TAMS 0x000000008b000000, 0x000000008b000000| Untracked 
|  10|0x000000008c000000, 0x000000008c000000, 0x000000008d000000|  0%| F|  |TAMS 0x000000008c000000, 0x000000008c000000| Untracked 
|  11|0x000000008d000000, 0x000000008d000000, 0x000000008e000000|  0%| F|  |TAMS 0x000000008d000000, 0x000000008d000000| Untracked 
|  12|0x000000008e000000, 0x000000008e000000, 0x000000008f000000|  0%| F|  |TAMS 0x000000008e000000, 0x000000008e000000| Untracked 
|  13|0x000000008f000000, 0x000000008f000000, 0x0000000090000000|  0%| F|  |TAMS 0x000000008f000000, 0x000000008f000000| Untracked 
|  14|0x0000000090000000, 0x0000000090000000, 0x0000000091000000|  0%| F|  |TAMS 0x0000000090000000, 0x0000000090000000| Untracked 
|  15|0x0000000091000000, 0x0000000091000000, 0x0000000092000000|  0%| F|  |TAMS 0x0000000091000000, 0x0000000091000000| Untracked 
|  16|0x0000000092000000, 0x0000000092000000, 0x0000000093000000|  0%| F|  |TAMS 0x0000000092000000, 0x0000000092000000| Untracked 
|  17|0x0000000093000000, 0x0000000093000000, 0x0000000094000000|  0%| F|  |TAMS 0x0000000093000000, 0x0000000093000000| Untracked 
|  18|0x0000000094000000, 0x0000000094000000, 0x0000000095000000|  0%| F|  |TAMS 0x0000000094000000, 0x0000000094000000| Untracked 
|  19|0x0000000095000000, 0x0000000095000000, 0x0000000096000000|  0%| F|  |TAMS 0x0000000095000000, 0x0000000095000000| Untracked 
|  20|0x0000000096000000, 0x0000000096000000, 0x0000000097000000|  0%| F|  |TAMS 0x0000000096000000, 0x0000000096000000| Untracked 
|  21|0x0000000097000000, 0x0000000097000000, 0x0000000098000000|  0%| F|  |TAMS 0x0000000097000000, 0x0000000097000000| Untracked 
|  22|0x0000000098000000, 0x0000000098000000, 0x0000000099000000|  0%| F|  |TAMS 0x0000000098000000, 0x0000000098000000| Untracked 
|  23|0x0000000099000000, 0x0000000099000000, 0x000000009a000000|  0%| F|  |TAMS 0x0000000099000000, 0x0000000099000000| Untracked 
|  24|0x000000009a000000, 0x000000009a000000, 0x000000009b000000|  0%| F|  |TAMS 0x000000009a000000, 0x000000009a000000| Untracked 
|  25|0x000000009b000000, 0x000000009b000000, 0x000000009c000000|  0%| F|  |TAMS 0x000000009b000000, 0x000000009b000000| Untracked 
|  26|0x000000009c000000, 0x000000009c000000, 0x000000009d000000|  0%| F|  |TAMS 0x000000009c000000, 0x000000009c000000| Untracked 
|  27|0x000000009d000000, 0x000000009d000000, 0x000000009e000000|  0%| F|  |TAMS 0x000000009d000000, 0x000000009d000000| Untracked 
|  28|0x000000009e000000, 0x000000009e000000, 0x000000009f000000|  0%| F|  |TAMS 0x000000009e000000, 0x000000009e000000| Untracked 
|  29|0x000000009f000000, 0x000000009f000000, 0x00000000a0000000|  0%| F|  |TAMS 0x000000009f000000, 0x000000009f000000| Untracked 
|  30|0x00000000a0000000, 0x00000000a0000000, 0x00000000a1000000|  0%| F|  |TAMS 0x00000000a0000000, 0x00000000a0000000| Untracked 
|  31|0x00000000a1000000, 0x00000000a1000000, 0x00000000a2000000|  0%| F|  |TAMS 0x00000000a1000000, 0x00000000a1000000| Untracked 
|  32|0x00000000a2000000, 0x00000000a2000000, 0x00000000a3000000|  0%| F|  |TAMS 0x00000000a2000000, 0x00000000a2000000| Untracked 
|  33|0x00000000a3000000, 0x00000000a3000000, 0x00000000a4000000|  0%| F|  |TAMS 0x00000000a3000000, 0x00000000a3000000| Untracked 
|  34|0x00000000a4000000, 0x00000000a4000000, 0x00000000a5000000|  0%| F|  |TAMS 0x00000000a4000000, 0x00000000a4000000| Untracked 
|  35|0x00000000a5000000, 0x00000000a5000000, 0x00000000a6000000|  0%| F|  |TAMS 0x00000000a5000000, 0x00000000a5000000| Untracked 
|  36|0x00000000a6000000, 0x00000000a6000000, 0x00000000a7000000|  0%| F|  |TAMS 0x00000000a6000000, 0x00000000a6000000| Untracked 
|  37|0x00000000a7000000, 0x00000000a7000000, 0x00000000a8000000|  0%| F|  |TAMS 0x00000000a7000000, 0x00000000a7000000| Untracked 
|  38|0x00000000a8000000, 0x00000000a8000000, 0x00000000a9000000|  0%| F|  |TAMS 0x00000000a8000000, 0x00000000a8000000| Untracked 
|  39|0x00000000a9000000, 0x00000000a9000000, 0x00000000aa000000|  0%| F|  |TAMS 0x00000000a9000000, 0x00000000a9000000| Untracked 
|  40|0x00000000aa000000, 0x00000000aa000000, 0x00000000ab000000|  0%| F|  |TAMS 0x00000000aa000000, 0x00000000aa000000| Untracked 
|  41|0x00000000ab000000, 0x00000000ab000000, 0x00000000ac000000|  0%| F|  |TAMS 0x00000000ab000000, 0x00000000ab000000| Untracked 
|  42|0x00000000ac000000, 0x00000000ac000000, 0x00000000ad000000|  0%| F|  |TAMS 0x00000000ac000000, 0x00000000ac000000| Untracked 
|  43|0x00000000ad000000, 0x00000000ad000000, 0x00000000ae000000|  0%| F|  |TAMS 0x00000000ad000000, 0x00000000ad000000| Untracked 
|  44|0x00000000ae000000, 0x00000000ae000000, 0x00000000af000000|  0%| F|  |TAMS 0x00000000ae000000, 0x00000000ae000000| Untracked 
|  45|0x00000000af000000, 0x00000000af000000, 0x00000000b0000000|  0%| F|  |TAMS 0x00000000af000000, 0x00000000af000000| Untracked 
|  46|0x00000000b0000000, 0x00000000b0000000, 0x00000000b1000000|  0%| F|  |TAMS 0x00000000b0000000, 0x00000000b0000000| Untracked 
|  47|0x00000000b1000000, 0x00000000b1000000, 0x00000000b2000000|  0%| F|  |TAMS 0x00000000b1000000, 0x00000000b1000000| Untracked 
|  48|0x00000000b2000000, 0x00000000b2000000, 0x00000000b3000000|  0%| F|  |TAMS 0x00000000b2000000, 0x00000000b2000000| Untracked 
|  49|0x00000000b3000000, 0x00000000b3000000, 0x00000000b4000000|  0%| F|  |TAMS 0x00000000b3000000, 0x00000000b3000000| Untracked 
|  50|0x00000000b4000000, 0x00000000b4000000, 0x00000000b5000000|  0%| F|  |TAMS 0x00000000b4000000, 0x00000000b4000000| Untracked 
|  51|0x00000000b5000000, 0x00000000b5000000, 0x00000000b6000000|  0%| F|  |TAMS 0x00000000b5000000, 0x00000000b5000000| Untracked 
|  52|0x00000000b6000000, 0x00000000b6000000, 0x00000000b7000000|  0%| F|  |TAMS 0x00000000b6000000, 0x00000000b6000000| Untracked 
|  53|0x00000000b7000000, 0x00000000b7000000, 0x00000000b8000000|  0%| F|  |TAMS 0x00000000b7000000, 0x00000000b7000000| Untracked 
|  54|0x00000000b8000000, 0x00000000b8000000, 0x00000000b9000000|  0%| F|  |TAMS 0x00000000b8000000, 0x00000000b8000000| Untracked 
|  55|0x00000000b9000000, 0x00000000b9000000, 0x00000000ba000000|  0%| F|  |TAMS 0x00000000b9000000, 0x00000000b9000000| Untracked 
|  56|0x00000000ba000000, 0x00000000ba000000, 0x00000000bb000000|  0%| F|  |TAMS 0x00000000ba000000, 0x00000000ba000000| Untracked 
|  57|0x00000000bb000000, 0x00000000bb000000, 0x00000000bc000000|  0%| F|  |TAMS 0x00000000bb000000, 0x00000000bb000000| Untracked 
|  58|0x00000000bc000000, 0x00000000bc000000, 0x00000000bd000000|  0%| F|  |TAMS 0x00000000bc000000, 0x00000000bc000000| Untracked 
|  59|0x00000000bd000000, 0x00000000bd000000, 0x00000000be000000|  0%| F|  |TAMS 0x00000000bd000000, 0x00000000bd000000| Untracked 
|  60|0x00000000be000000, 0x00000000be000000, 0x00000000bf000000|  0%| F|  |TAMS 0x00000000be000000, 0x00000000be000000| Untracked 
|  61|0x00000000bf000000, 0x00000000bf000000, 0x00000000c0000000|  0%| F|  |TAMS 0x00000000bf000000, 0x00000000bf000000| Untracked 
|  62|0x00000000c0000000, 0x00000000c0000000, 0x00000000c1000000|  0%| F|  |TAMS 0x00000000c0000000, 0x00000000c0000000| Untracked 
|  63|0x00000000c1000000, 0x00000000c1000000, 0x00000000c2000000|  0%| F|  |TAMS 0x00000000c1000000, 0x00000000c1000000| Untracked 
|  64|0x00000000c2000000, 0x00000000c2000000, 0x00000000c3000000|  0%| F|  |TAMS 0x00000000c2000000, 0x00000000c2000000| Untracked 
|  65|0x00000000c3000000, 0x00000000c3000000, 0x00000000c4000000|  0%| F|  |TAMS 0x00000000c3000000, 0x00000000c3000000| Untracked 
|  66|0x00000000c4000000, 0x00000000c4000000, 0x00000000c5000000|  0%| F|  |TAMS 0x00000000c4000000, 0x00000000c4000000| Untracked 
|  67|0x00000000c5000000, 0x00000000c5000000, 0x00000000c6000000|  0%| F|  |TAMS 0x00000000c5000000, 0x00000000c5000000| Untracked 
|  68|0x00000000c6000000, 0x00000000c6000000, 0x00000000c7000000|  0%| F|  |TAMS 0x00000000c6000000, 0x00000000c6000000| Untracked 
|  69|0x00000000c7000000, 0x00000000c7000000, 0x00000000c8000000|  0%| F|  |TAMS 0x00000000c7000000, 0x00000000c7000000| Untracked 
|  70|0x00000000c8000000, 0x00000000c8000000, 0x00000000c9000000|  0%| F|  |TAMS 0x00000000c8000000, 0x00000000c8000000| Untracked 
|  71|0x00000000c9000000, 0x00000000c9000000, 0x00000000ca000000|  0%| F|  |TAMS 0x00000000c9000000, 0x00000000c9000000| Untracked 
|  72|0x00000000ca000000, 0x00000000ca000000, 0x00000000cb000000|  0%| F|  |TAMS 0x00000000ca000000, 0x00000000ca000000| Untracked 
|  73|0x00000000cb000000, 0x00000000cb000000, 0x00000000cc000000|  0%| F|  |TAMS 0x00000000cb000000, 0x00000000cb000000| Untracked 
|  74|0x00000000cc000000, 0x00000000cc000000, 0x00000000cd000000|  0%| F|  |TAMS 0x00000000cc000000, 0x00000000cc000000| Untracked 
|  75|0x00000000cd000000, 0x00000000cd000000, 0x00000000ce000000|  0%| F|  |TAMS 0x00000000cd000000, 0x00000000cd000000| Untracked 
|  76|0x00000000ce000000, 0x00000000ce000000, 0x00000000cf000000|  0%| F|  |TAMS 0x00000000ce000000, 0x00000000ce000000| Untracked 
|  77|0x00000000cf000000, 0x00000000cf000000, 0x00000000d0000000|  0%| F|  |TAMS 0x00000000cf000000, 0x00000000cf000000| Untracked 
|  78|0x00000000d0000000, 0x00000000d0000000, 0x00000000d1000000|  0%| F|  |TAMS 0x00000000d0000000, 0x00000000d0000000| Untracked 
|  79|0x00000000d1000000, 0x00000000d1000000, 0x00000000d2000000|  0%| F|  |TAMS 0x00000000d1000000, 0x00000000d1000000| Untracked 
|  80|0x00000000d2000000, 0x00000000d2000000, 0x00000000d3000000|  0%| F|  |TAMS 0x00000000d2000000, 0x00000000d2000000| Untracked 
|  81|0x00000000d3000000, 0x00000000d3000000, 0x00000000d4000000|  0%| F|  |TAMS 0x00000000d3000000, 0x00000000d3000000| Untracked 
|  82|0x00000000d4000000, 0x00000000d4000000, 0x00000000d5000000|  0%| F|  |TAMS 0x00000000d4000000, 0x00000000d4000000| Untracked 
|  83|0x00000000d5000000, 0x00000000d5000000, 0x00000000d6000000|  0%| F|  |TAMS 0x00000000d5000000, 0x00000000d5000000| Untracked 
|  84|0x00000000d6000000, 0x00000000d6000000, 0x00000000d7000000|  0%| F|  |TAMS 0x00000000d6000000, 0x00000000d6000000| Untracked 
|  85|0x00000000d7000000, 0x00000000d7000000, 0x00000000d8000000|  0%| F|  |TAMS 0x00000000d7000000, 0x00000000d7000000| Untracked 
|  86|0x00000000d8000000, 0x00000000d8000000, 0x00000000d9000000|  0%| F|  |TAMS 0x00000000d8000000, 0x00000000d8000000| Untracked 
|  87|0x00000000d9000000, 0x00000000d9000000, 0x00000000da000000|  0%| F|  |TAMS 0x00000000d9000000, 0x00000000d9000000| Untracked 
|  88|0x00000000da000000, 0x00000000da000000, 0x00000000db000000|  0%| F|  |TAMS 0x00000000da000000, 0x00000000da000000| Untracked 
|  89|0x00000000db000000, 0x00000000db000000, 0x00000000dc000000|  0%| F|  |TAMS 0x00000000db000000, 0x00000000db000000| Untracked 
|  90|0x00000000dc000000, 0x00000000dc000000, 0x00000000dd000000|  0%| F|  |TAMS 0x00000000dc000000, 0x00000000dc000000| Untracked 
|  91|0x00000000dd000000, 0x00000000dd000000, 0x00000000de000000|  0%| F|  |TAMS 0x00000000dd000000, 0x00000000dd000000| Untracked 
|  92|0x00000000de000000, 0x00000000de000000, 0x00000000df000000|  0%| F|  |TAMS 0x00000000de000000, 0x00000000de000000| Untracked 
|  93|0x00000000df000000, 0x00000000df000000, 0x00000000e0000000|  0%| F|  |TAMS 0x00000000df000000, 0x00000000df000000| Untracked 
|  94|0x00000000e0000000, 0x00000000e0000000, 0x00000000e1000000|  0%| F|  |TAMS 0x00000000e0000000, 0x00000000e0000000| Untracked 
|  95|0x00000000e1000000, 0x00000000e1000000, 0x00000000e2000000|  0%| F|  |TAMS 0x00000000e1000000, 0x00000000e1000000| Untracked 
|  96|0x00000000e2000000, 0x00000000e2000000, 0x00000000e3000000|  0%| F|  |TAMS 0x00000000e2000000, 0x00000000e2000000| Untracked 
|  97|0x00000000e3000000, 0x00000000e3000000, 0x00000000e4000000|  0%| F|  |TAMS 0x00000000e3000000, 0x00000000e3000000| Untracked 
|  98|0x00000000e4000000, 0x00000000e4000000, 0x00000000e5000000|  0%| F|  |TAMS 0x00000000e4000000, 0x00000000e4000000| Untracked 
|  99|0x00000000e5000000, 0x00000000e5000000, 0x00000000e6000000|  0%| F|  |TAMS 0x00000000e5000000, 0x00000000e5000000| Untracked 
| 100|0x00000000e6000000, 0x00000000e6000000, 0x00000000e7000000|  0%| F|  |TAMS 0x00000000e6000000, 0x00000000e6000000| Untracked 
| 101|0x00000000e7000000, 0x00000000e7000000, 0x00000000e8000000|  0%| F|  |TAMS 0x00000000e7000000, 0x00000000e7000000| Untracked 
| 102|0x00000000e8000000, 0x00000000e8000000, 0x00000000e9000000|  0%| F|  |TAMS 0x00000000e8000000, 0x00000000e8000000| Untracked 
| 103|0x00000000e9000000, 0x00000000e9000000, 0x00000000ea000000|  0%| F|  |TAMS 0x00000000e9000000, 0x00000000e9000000| Untracked 
| 104|0x00000000ea000000, 0x00000000ea000000, 0x00000000eb000000|  0%| F|  |TAMS 0x00000000ea000000, 0x00000000ea000000| Untracked 
| 105|0x00000000eb000000, 0x00000000eb000000, 0x00000000ec000000|  0%| F|  |TAMS 0x00000000eb000000, 0x00000000eb000000| Untracked 
| 106|0x00000000ec000000, 0x00000000ec000000, 0x00000000ed000000|  0%| F|  |TAMS 0x00000000ec000000, 0x00000000ec000000| Untracked 
| 107|0x00000000ed000000, 0x00000000ed000000, 0x00000000ee000000|  0%| F|  |TAMS 0x00000000ed000000, 0x00000000ed000000| Untracked 
| 108|0x00000000ee000000, 0x00000000ee000000, 0x00000000ef000000|  0%| F|  |TAMS 0x00000000ee000000, 0x00000000ee000000| Untracked 
| 109|0x00000000ef000000, 0x00000000ef000000, 0x00000000f0000000|  0%| F|  |TAMS 0x00000000ef000000, 0x00000000ef000000| Untracked 
| 110|0x00000000f0000000, 0x00000000f0000000, 0x00000000f1000000|  0%| F|  |TAMS 0x00000000f0000000, 0x00000000f0000000| Untracked 
| 111|0x00000000f1000000, 0x00000000f1000000, 0x00000000f2000000|  0%| F|  |TAMS 0x00000000f1000000, 0x00000000f1000000| Untracked 
| 112|0x00000000f2000000, 0x00000000f2000000, 0x00000000f3000000|  0%| F|  |TAMS 0x00000000f2000000, 0x00000000f2000000| Untracked 
| 113|0x00000000f3000000, 0x00000000f3000000, 0x00000000f4000000|  0%| F|  |TAMS 0x00000000f3000000, 0x00000000f3000000| Untracked 
| 114|0x00000000f4000000, 0x00000000f4000000, 0x00000000f5000000|  0%| F|  |TAMS 0x00000000f4000000, 0x00000000f4000000| Untracked 
| 115|0x00000000f5000000, 0x00000000f522fab0, 0x00000000f6000000| 13%| S|CS|TAMS 0x00000000f5000000, 0x00000000f5000000| Complete 
| 116|0x00000000f6000000, 0x00000000f6000000, 0x00000000f7000000|  0%| F|  |TAMS 0x00000000f6000000, 0x00000000f6000000| Untracked 
| 117|0x00000000f7000000, 0x00000000f7000000, 0x00000000f8000000|  0%| F|  |TAMS 0x00000000f7000000, 0x00000000f7000000| Untracked 
| 118|0x00000000f8000000, 0x00000000f8000000, 0x00000000f9000000|  0%| F|  |TAMS 0x00000000f8000000, 0x00000000f8000000| Untracked 
| 119|0x00000000f9000000, 0x00000000f9c2ae78, 0x00000000fa000000| 76%| E|  |TAMS 0x00000000f9000000, 0x00000000f9000000| Complete 
| 120|0x00000000fa000000, 0x00000000fb000000, 0x00000000fb000000|100%| E|CS|TAMS 0x00000000fa000000, 0x00000000fa000000| Complete 
| 121|0x00000000fb000000, 0x00000000fc000000, 0x00000000fc000000|100%| E|CS|TAMS 0x00000000fb000000, 0x00000000fb000000| Complete 
|1916|0x00000007fe000000, 0x00000007fef75000, 0x00000007ff000000| 96%|OA|  |TAMS 0x00000007fe000000, 0x00000007fe000000| Untracked 
|1917|0x00000007ff000000, 0x00000007ff078000, 0x0000000800000000|  2%|CA|  |TAMS 0x00000007ff000000, 0x00000007ff000000| Untracked 

Card table byte_map: [0x000070e3ad027000,0x000070e3b0c17000] _byte_map_base: 0x000070e3acc17000

Marking Bits (Prev, Next): (CMBitMap*) 0x000070e3cc061050, (CMBitMap*) 0x000070e3cc061090
 Prev Bits: [0x000070e38b4b7000, 0x000070e3a9437000)
 Next Bits: [0x000070e36d537000, 0x000070e38b4b7000)

Polling page: 0x000070e3d1d91000

Metaspace:

Usage:
  Non-class:      4.36 MB used.
      Class:    405.08 KB used.
       Both:      4.76 MB used.

Virtual space:
  Non-class space:       64.00 MB reserved,       4.44 MB (  7%) committed,  1 nodes.
      Class space:        1.00 GB reserved,     512.00 KB ( <1%) committed,  1 nodes.
             Both:        1.06 GB reserved,       4.94 MB ( <1%) committed. 

Chunk freelists:
   Non-Class:  9.17 MB
       Class:  15.47 MB
        Both:  24.64 MB

MaxMetaspaceSize: unlimited
CompressedClassSpaceSize: 1.00 GB
Initial GC threshold: 21.00 MB
Current GC threshold: 21.00 MB
CDS: on
MetaspaceReclaimPolicy: balanced
 - commit_granule_bytes: 65536.
 - commit_granule_words: 8192.
 - virtual_space_node_default_size: 8388608.
 - enlarge_chunks_in_place: 1.
 - new_chunks_are_fully_committed: 0.
 - uncommit_free_chunks: 1.
 - use_allocation_guard: 0.
 - handle_deallocations: 1.


Internal statistics:

num_allocs_failed_limit: 0.
num_arena_births: 52.
num_arena_deaths: 0.
num_vsnodes_births: 2.
num_vsnodes_deaths: 0.
num_space_committed: 79.
num_space_uncommitted: 0.
num_chunks_returned_to_freelist: 0.
num_chunks_taken_from_freelist: 178.
num_chunk_merges: 0.
num_chunk_splits: 138.
num_chunks_enlarged: 115.
num_inconsistent_stats: 0.

CodeHeap 'non-profiled nmethods': size=119168Kb used=297Kb max_used=297Kb free=118870Kb
 bounds [0x000070e3bcda0000, 0x000070e3bd010000, 0x000070e3c4200000]
CodeHeap 'profiled nmethods': size=119164Kb used=1593Kb max_used=1593Kb free=117570Kb
 bounds [0x000070e3b5200000, 0x000070e3b5470000, 0x000070e3bc65f000]
CodeHeap 'non-nmethods': size=7428Kb used=2894Kb max_used=2918Kb free=4533Kb
 bounds [0x000070e3bc65f000, 0x000070e3bc93f000, 0x000070e3bcda0000]
 total_blobs=1407 nmethods=896 adapters=422
 compilation: enabled
              stopped_count=0, restarted_count=0
 full_count=0

Compilation events (20 events):
Event: 0.267 Thread 0x000070e2f00a7430 nmethod 883 0x000070e3b538c390 code [0x000070e3b538c620, 0x000070e3b538d1c0]
Event: 0.268 Thread 0x000070e3cc1f4090 nmethod 868 0x000070e3bcddf010 code [0x000070e3bcddf1e0, 0x000070e3bcddf8d8]
Event: 0.268 Thread 0x000070e3cc1f4090  882       4       eu.printingin3d.javascad.coords.V3d::create (9 bytes)
Event: 0.268 Thread 0x000070e3cc1f4090 nmethod 882 0x000070e3bcde0090 code [0x000070e3bcde0220, 0x000070e3bcde0318]
Event: 0.270 Thread 0x000070e3cc1f55c0  886       1       jdk.internal.loader.Resource::getManifest (2 bytes)
Event: 0.270 Thread 0x000070e2f00a7430  888       1       jdk.internal.loader.Resource::getCodeSigners (2 bytes)
Event: 0.270 Thread 0x000070e3cc1f55c0 nmethod 886 0x000070e3bcde0810 code [0x000070e3bcde09a0, 0x000070e3bcde0a70]
Event: 0.270 Thread 0x000070e2f00a7430 nmethod 888 0x000070e3bcde0b10 code [0x000070e3bcde0ca0, 0x000070e3bcde0d70]
Event: 0.274 Thread 0x000070e2d409c570  889       3       java.util.Arrays::asList (9 bytes)
Event: 0.274 Thread 0x000070e2f00a7430  890       3       java.util.Arrays$ArrayList::<init> (16 bytes)
Event: 0.275 Thread 0x000070e2f00a7430 nmethod 890 0x000070e3b538d610 code [0x000070e3b538d7e0, 0x000070e3b538dbc0]
Event: 0.275 Thread 0x000070e2d409c570 nmethod 889 0x000070e3b538dd10 code [0x000070e3b538dee0, 0x000070e3b538e360]
Event: 0.275 Thread 0x000070e3cc1f4090  891       4       java.lang.ThreadLocal::get (38 bytes)
Event: 0.276 Thread 0x000070e3cc1f4090 nmethod 891 0x000070e3bcde0e10 code [0x000070e3bcde0fa0, 0x000070e3bcde10f8]
Event: 0.276 Thread 0x000070e3cc1f4090  892       4       java.lang.ThreadLocal$ThreadLocalMap::getEntry (42 bytes)
Event: 0.277 Thread 0x000070e3cc1f4090 nmethod 892 0x000070e3bcde1290 code [0x000070e3bcde1420, 0x000070e3bcde1548]
Event: 0.279 Thread 0x000070e3cc1f4090  893       4       java.lang.StringConcatHelper::mix (27 bytes)
Event: 0.279 Thread 0x000070e3cc1f4090 nmethod 893 0x000070e3bcde1690 code [0x000070e3bcde1820, 0x000070e3bcde18d8]
Event: 0.281 Thread 0x000070e3cc1f4090  894       4       jdk.internal.misc.Unsafe::allocateUninitializedArray0 (90 bytes)
Event: 0.282 Thread 0x000070e3cc1f4090 nmethod 894 0x000070e3bcde1a10 code [0x000070e3bcde1ba0, 0x000070e3bcde1d58]

GC Heap History (2 events):
Event: 0.239 GC heap before
{Heap before GC invocations=0 (full 0):
 garbage-first heap   total 2031616K, used 114612K [0x0000000082000000, 0x0000000800000000)
  region size 16384K, 6 young (98304K), 0 survivors (0K)
 Metaspace       used 4805K, committed 4992K, reserved 1114112K
  class space    used 393K, committed 512K, reserved 1048576K
}
Event: 0.240 GC heap after
{Heap after GC invocations=1 (full 0):
 garbage-first heap   total 2031616K, used 18546K [0x0000000082000000, 0x0000000800000000)
  region size 16384K, 1 young (16384K), 1 survivors (16384K)
 Metaspace       used 4805K, committed 4992K, reserved 1114112K
  class space    used 393K, committed 512K, reserved 1048576K
}

Dll operation events (9 events):
Event: 0.001 Loaded shared library /home/grishberg/.gradle/jdks/eclipse_adoptium-17-amd64-linux/jdk-17.0.19+10/lib/libjava.so
Event: 0.014 Loaded shared library /home/grishberg/.gradle/jdks/eclipse_adoptium-17-amd64-linux/jdk-17.0.19+10/lib/libjsvml.so
Event: 0.021 Loaded shared library /home/grishberg/.gradle/jdks/eclipse_adoptium-17-amd64-linux/jdk-17.0.19+10/lib/libnio.so
Event: 0.022 Loaded shared library /home/grishberg/.gradle/jdks/eclipse_adoptium-17-amd64-linux/jdk-17.0.19+10/lib/libzip.so
Event: 0.058 Loaded shared library /home/grishberg/.gradle/jdks/eclipse_adoptium-17-amd64-linux/jdk-17.0.19+10/lib/libjimage.so
Event: 0.060 Loaded shared library /home/grishberg/.gradle/jdks/eclipse_adoptium-17-amd64-linux/jdk-17.0.19+10/lib/libnet.so
Event: 0.081 Loaded shared library /tmp/manifold3d2888826101356522717/libmanifold.so.3
Event: 0.082 Loaded shared library /tmp/manifold3d2888826101356522717/libmanifoldc.so.3
Event: 0.083 Loaded shared library /tmp/manifold3d2888826101356522717/libmanifold_jni.so

Deoptimization events (18 events):
Event: 0.094 Thread 0x000070e3cc02aac0 DEOPT PACKING pc=0x000070e3b52132b6 sp=0x000070e3d05fd550
Event: 0.094 Thread 0x000070e3cc02aac0 DEOPT UNPACKING pc=0x000070e3bc6b5e2f sp=0x000070e3d05fc990 mode 0
Event: 0.097 Thread 0x000070e3cc02aac0 DEOPT PACKING pc=0x000070e3b5202342 sp=0x000070e3d05f6850
Event: 0.097 Thread 0x000070e3cc02aac0 DEOPT UNPACKING pc=0x000070e3bc6b5e2f sp=0x000070e3d05f5ce8 mode 0
Event: 0.101 Thread 0x000070e3cc02aac0 DEOPT PACKING pc=0x000070e3b520ca3c sp=0x000070e3d05fd880
Event: 0.101 Thread 0x000070e3cc02aac0 DEOPT UNPACKING pc=0x000070e3bc6b5e2f sp=0x000070e3d05fccf0 mode 0
Event: 0.104 Thread 0x000070e3cc02aac0 DEOPT PACKING pc=0x000070e3b520ca3c sp=0x000070e3d05fc430
Event: 0.104 Thread 0x000070e3cc02aac0 DEOPT UNPACKING pc=0x000070e3bc6b5e2f sp=0x000070e3d05fb8a0 mode 0
Event: 0.105 Thread 0x000070e3cc02aac0 DEOPT PACKING pc=0x000070e3b520ca3c sp=0x000070e3d05fbf40
Event: 0.105 Thread 0x000070e3cc02aac0 DEOPT UNPACKING pc=0x000070e3bc6b5e2f sp=0x000070e3d05fb3b0 mode 0
Event: 0.108 Thread 0x000070e3cc02aac0 DEOPT PACKING pc=0x000070e3b520ca3c sp=0x000070e3d05fbd00
Event: 0.108 Thread 0x000070e3cc02aac0 DEOPT UNPACKING pc=0x000070e3bc6b5e2f sp=0x000070e3d05fb170 mode 0
Event: 0.110 Thread 0x000070e3cc02aac0 DEOPT PACKING pc=0x000070e3b520ca3c sp=0x000070e3d05fc720
Event: 0.110 Thread 0x000070e3cc02aac0 DEOPT UNPACKING pc=0x000070e3bc6b5e2f sp=0x000070e3d05fbb90 mode 0
Event: 0.216 Thread 0x000070e2c4053ad0 Uncommon trap: trap_request=0xffffff6e fr.pc=0x000070e3bcdbeb3c relative=0x000000000000041c
Event: 0.216 Thread 0x000070e2c4053ad0 Uncommon trap: reason=loop_limit_check action=maybe_recompile pc=0x000070e3bcdbeb3c method=java.lang.StringLatin1.indexOf([BI[BII)I @ 37 c2
Event: 0.216 Thread 0x000070e2c4053ad0 DEOPT PACKING pc=0x000070e3bcdbeb3c sp=0x000070e30aefe1c0
Event: 0.216 Thread 0x000070e2c4053ad0 DEOPT UNPACKING pc=0x000070e3bc6b5699 sp=0x000070e30aefe140 mode 2

Classes loaded (20 events):
Event: 0.109 Loading class java/util/concurrent/atomic/AtomicIntegerFieldUpdater$AtomicIntegerFieldUpdaterImpl
Event: 0.109 Loading class java/util/concurrent/atomic/AtomicIntegerFieldUpdater$AtomicIntegerFieldUpdaterImpl done
Event: 0.109 Loading class java/util/concurrent/atomic/AtomicIntegerFieldUpdater$AtomicIntegerFieldUpdaterImpl$1
Event: 0.109 Loading class java/util/concurrent/atomic/AtomicIntegerFieldUpdater$AtomicIntegerFieldUpdaterImpl$1 done
Event: 0.109 Loading class java/util/concurrent/atomic/AtomicReferenceFieldUpdater
Event: 0.109 Loading class java/util/concurrent/atomic/AtomicReferenceFieldUpdater done
Event: 0.109 Loading class java/util/concurrent/atomic/AtomicReferenceFieldUpdater$AtomicReferenceFieldUpdaterImpl
Event: 0.109 Loading class java/util/concurrent/atomic/AtomicReferenceFieldUpdater$AtomicReferenceFieldUpdaterImpl done
Event: 0.109 Loading class java/util/concurrent/atomic/AtomicReferenceFieldUpdater$AtomicReferenceFieldUpdaterImpl$1
Event: 0.109 Loading class java/util/concurrent/atomic/AtomicReferenceFieldUpdater$AtomicReferenceFieldUpdaterImpl$1 done
Event: 0.110 Loading class java/util/concurrent/atomic/AtomicReferenceArray
Event: 0.110 Loading class java/util/concurrent/atomic/AtomicReferenceArray done
Event: 0.122 Loading class java/lang/NoSuchFieldError
Event: 0.122 Loading class java/lang/NoSuchFieldError done
Event: 0.127 Loading class java/lang/StrictMath
Event: 0.127 Loading class java/lang/StrictMath done
Event: 0.141 Loading class java/util/concurrent/CancellationException
Event: 0.141 Loading class java/util/concurrent/CancellationException done
Event: 0.155 Loading class java/util/Collections$SingletonList
Event: 0.155 Loading class java/util/Collections$SingletonList done

Classes unloaded (0 events):
No events

Classes redefined (0 events):
No events

Internal exceptions (4 events):
Event: 0.060 Thread 0x000070e3cc02aac0 Exception <a 'sun/nio/fs/UnixException'{0x00000000fb188948}> (0x00000000fb188948) 
thrown [src/hotspot/share/prims/jni.cpp, line 516]
Event: 0.081 Thread 0x000070e3cc02aac0 Exception <a 'sun/nio/fs/UnixException'{0x00000000fb192640}> (0x00000000fb192640) 
thrown [src/hotspot/share/prims/jni.cpp, line 516]
Event: 0.083 Thread 0x000070e3cc02aac0 Exception <a 'sun/nio/fs/UnixException'{0x00000000fb1a4d40}> (0x00000000fb1a4d40) 
thrown [src/hotspot/share/prims/jni.cpp, line 516]
Event: 0.217 Thread 0x000070e2c4053ad0 Exception <a 'java/lang/NoSuchMethodError'{0x00000000f8886838}: 'java.lang.Object java.lang.invoke.DirectMethodHandle$Holder.newInvokeSpecial(java.lang.Object, java.lang.Object, java.lang.Object, java.lang.Object, java.lang.Object, java.lang.Object)'> (0x00000000f8886838) 
thrown [src/hotspot/share/interpreter/linkResolver.cpp, line 758]

VM Operations (2 events):
Event: 0.238 Executing VM operation: G1CollectForAllocation
Event: 0.240 Executing VM operation: G1CollectForAllocation done

Memory protections (20 events):
Event: 0.015 Protecting memory [0x000070e35ddff000,0x000070e35de03000] with protection modes 0
Event: 0.017 Protecting memory [0x000070e35d700000,0x000070e35d704000] with protection modes 0
Event: 0.017 Protecting memory [0x000070e35d600000,0x000070e35d604000] with protection modes 0
Event: 0.017 Protecting memory [0x000070e35d500000,0x000070e35d504000] with protection modes 0
Event: 0.017 Protecting memory [0x000070e35d400000,0x000070e35d404000] with protection modes 0
Event: 0.017 Protecting memory [0x000070e35d300000,0x000070e35d304000] with protection modes 0
Event: 0.017 Protecting memory [0x000070e35d200000,0x000070e35d204000] with protection modes 0
Event: 0.019 Protecting memory [0x000070e35d100000,0x000070e35d104000] with protection modes 0
Event: 0.020 Protecting memory [0x000070e35ceff000,0x000070e35cf03000] with protection modes 0
Event: 0.046 Protecting memory [0x000070e35cdff000,0x000070e35ce03000] with protection modes 0
Event: 0.073 Protecting memory [0x000070e35ccff000,0x000070e35cd03000] with protection modes 0
Event: 0.073 Protecting memory [0x000070e35cbff000,0x000070e35cc03000] with protection modes 0
Event: 0.113 Protecting memory [0x000070e35c700000,0x000070e35c704000] with protection modes 0
Event: 0.141 Protecting memory [0x000070e35c300000,0x000070e35c304000] with protection modes 0
Event: 0.141 Protecting memory [0x000070e35c200000,0x000070e35c204000] with protection modes 0
Event: 0.148 Protecting memory [0x000070e35c100000,0x000070e35c104000] with protection modes 0
Event: 0.148 Protecting memory [0x000070e35c000000,0x000070e35c004000] with protection modes 0
Event: 0.148 Protecting memory [0x000070e30af00000,0x000070e30af04000] with protection modes 0
Event: 0.148 Protecting memory [0x000070e30ae00000,0x000070e30ae04000] with protection modes 0
Event: 0.220 Protecting memory [0x000070e3080f5000,0x000070e3080f9000] with protection modes 0

Nmethod flushes (0 events):
No events

Events (20 events):
Event: 0.015 Thread 0x000070e3cc02aac0 Thread added: 0x000070e3cc1ea910
Event: 0.017 Thread 0x000070e3cc02aac0 Thread added: 0x000070e3cc1efea0
Event: 0.017 Thread 0x000070e3cc02aac0 Thread added: 0x000070e3cc1f1250
Event: 0.017 Thread 0x000070e3cc02aac0 Thread added: 0x000070e3cc1f2660
Event: 0.017 Thread 0x000070e3cc02aac0 Thread added: 0x000070e3cc1f4090
Event: 0.017 Thread 0x000070e3cc02aac0 Thread added: 0x000070e3cc1f55c0
Event: 0.017 Thread 0x000070e3cc02aac0 Thread added: 0x000070e3cc1f6a30
Event: 0.019 Thread 0x000070e3cc02aac0 Thread added: 0x000070e3cc1fe750
Event: 0.020 Thread 0x000070e3cc02aac0 Thread added: 0x000070e3cc201ee0
Event: 0.046 Thread 0x000070e3cc1f55c0 Thread added: 0x000070e2f00a7430
Event: 0.073 Thread 0x000070e2f00a7430 Thread added: 0x000070e2d409c570
Event: 0.073 Thread 0x000070e2f00a7430 Thread added: 0x000070e2d409d6c0
Event: 0.113 Thread 0x000070e2d409d6c0 Thread added: 0x000070e2cc01f820
Event: 0.141 Thread 0x000070e3cc02aac0 Thread added: 0x000070e3cc4880d0
Event: 0.141 Thread 0x000070e3cc02aac0 Thread added: 0x000070e3cc488d30
Event: 0.148 Thread 0x000070e3cc4880d0 Thread added: 0x000070e2c4064fd0
Event: 0.148 Thread 0x000070e3cc4880d0 Thread added: 0x000070e2c40574b0
Event: 0.148 Thread 0x000070e3cc4880d0 Thread added: 0x000070e2c40300e0
Event: 0.148 Thread 0x000070e3cc4880d0 Thread added: 0x000070e2c4053ad0
Event: 0.220 Thread 0x000070e2c4053ad0 Thread added: 0x000070e2b808c360


Dynamic libraries:
82000000-fc000000 rw-p 00000000 00:00 0 
fc000000-7fe000000 ---p 00000000 00:00 0 
7fe000000-7fef00000 rw-p 00000000 00:00 0 
7fef00000-7fef75000 rw-p 00c7a000 103:01 75498865                        /home/grishberg/.gradle/jdks/eclipse_adoptium-17-amd64-linux/jdk-17.0.19+10/lib/server/classes.jsa
7fef75000-7ff000000 rw-p 00000000 00:00 0 
7ff000000-7ff078000 rw-p 00c02000 103:01 75498865                        /home/grishberg/.gradle/jdks/eclipse_adoptium-17-amd64-linux/jdk-17.0.19+10/lib/server/classes.jsa
7ff078000-800000000 rw-p 00000000 00:00 0 
5c7fd763a000-5c7fd763b000 r--p 00000000 103:01 75498845                  /home/grishberg/.gradle/jdks/eclipse_adoptium-17-amd64-linux/jdk-17.0.19+10/bin/java
5c7fd763b000-5c7fd763c000 r-xp 00001000 103:01 75498845                  /home/grishberg/.gradle/jdks/eclipse_adoptium-17-amd64-linux/jdk-17.0.19+10/bin/java
5c7fd763c000-5c7fd763d000 r--p 00002000 103:01 75498845                  /home/grishberg/.gradle/jdks/eclipse_adoptium-17-amd64-linux/jdk-17.0.19+10/bin/java
5c7fd763d000-5c7fd763e000 r--p 00002000 103:01 75498845                  /home/grishberg/.gradle/jdks/eclipse_adoptium-17-amd64-linux/jdk-17.0.19+10/bin/java
5c7fd763e000-5c7fd763f000 rw-p 00003000 103:01 75498845                  /home/grishberg/.gradle/jdks/eclipse_adoptium-17-amd64-linux/jdk-17.0.19+10/bin/java
5c7ffbd6a000-5c7ffbdb3000 rw-p 00000000 00:00 0                          [heap]
70e23c000000-70e23c021000 rw-p 00000000 00:00 0 
70e23c021000-70e240000000 ---p 00000000 00:00 0 
70e240000000-70e240021000 rw-p 00000000 00:00 0 
70e240021000-70e244000000 ---p 00000000 00:00 0 
70e244000000-70e244021000 rw-p 00000000 00:00 0 
70e244021000-70e248000000 ---p 00000000 00:00 0 
70e248000000-70e248021000 rw-p 00000000 00:00 0 
70e248021000-70e24c000000 ---p 00000000 00:00 0 
70e24c000000-70e24c021000 rw-p 00000000 00:00 0 
70e24c021000-70e250000000 ---p 00000000 00:00 0 
70e250000000-70e250021000 rw-p 00000000 00:00 0 
70e250021000-70e254000000 ---p 00000000 00:00 0 
70e254000000-70e254021000 rw-p 00000000 00:00 0 
70e254021000-70e258000000 ---p 00000000 00:00 0 
70e258000000-70e258021000 rw-p 00000000 00:00 0 
70e258021000-70e25c000000 ---p 00000000 00:00 0 
70e25c000000-70e25c021000 rw-p 00000000 00:00 0 
70e25c021000-70e260000000 ---p 00000000 00:00 0 
70e260000000-70e260021000 rw-p 00000000 00:00 0 
70e260021000-70e264000000 ---p 00000000 00:00 0 
70e264000000-70e264021000 rw-p 00000000 00:00 0 
70e264021000-70e268000000 ---p 00000000 00:00 0 
70e268000000-70e268021000 rw-p 00000000 00:00 0 
70e268021000-70e26c000000 ---p 00000000 00:00 0 
70e26c000000-70e26c021000 rw-p 00000000 00:00 0 
70e26c021000-70e270000000 ---p 00000000 00:00 0 
70e270000000-70e2709ce000 rw-p 00000000 00:00 0 
70e2709ce000-70e274000000 ---p 00000000 00:00 0 
70e274000000-70e274021000 rw-p 00000000 00:00 0 
70e274021000-70e278000000 ---p 00000000 00:00 0 
70e278000000-70e27809a000 rw-p 00000000 00:00 0 
70e27809a000-70e27c000000 ---p 00000000 00:00 0 
70e27c000000-70e27c021000 rw-p 00000000 00:00 0 
70e27c021000-70e280000000 ---p 00000000 00:00 0 
70e280000000-70e280021000 rw-p 00000000 00:00 0 
70e280021000-70e284000000 ---p 00000000 00:00 0 
70e284000000-70e284021000 rw-p 00000000 00:00 0 
70e284021000-70e288000000 ---p 00000000 00:00 0 
70e28c000000-70e28c021000 rw-p 00000000 00:00 0 
70e28c021000-70e290000000 ---p 00000000 00:00 0 
70e290000000-70e290021000 rw-p 00000000 00:00 0 
70e290021000-70e294000000 ---p 00000000 00:00 0 
70e294000000-70e294021000 rw-p 00000000 00:00 0 
70e294021000-70e298000000 ---p 00000000 00:00 0 
70e298000000-70e298021000 rw-p 00000000 00:00 0 
70e298021000-70e29c000000 ---p 00000000 00:00 0 
70e29c000000-70e29c021000 rw-p 00000000 00:00 0 
70e29c021000-70e2a0000000 ---p 00000000 00:00 0 
70e2a2008000-70e2a23f0000 rw-p 00000000 00:00 0 
70e2a23f0000-70e2a23f1000 ---p 00000000 00:00 0 
70e2a23f1000-70e2a24f1000 rw-p 00000000 00:00 0 
70e2a24f1000-70e2a24f2000 ---p 00000000 00:00 0 
70e2a24f2000-70e2a25f2000 rw-p 00000000 00:00 0 
70e2a25f2000-70e2a25f3000 ---p 00000000 00:00 0 
70e2a25f3000-70e2a26f3000 rw-p 00000000 00:00 0 
70e2a26f3000-70e2a26f4000 ---p 00000000 00:00 0 
70e2a26f4000-70e2a27f4000 rw-p 00000000 00:00 0 
70e2a27f4000-70e2a27f5000 ---p 00000000 00:00 0 
70e2a27f5000-70e2a28f5000 rw-p 00000000 00:00 0 
70e2a28f5000-70e2a28f6000 ---p 00000000 00:00 0 
70e2a28f6000-70e2a29f6000 rw-p 00000000 00:00 0 
70e2a29f6000-70e2a29f7000 ---p 00000000 00:00 0 
70e2a29f7000-70e2a2af7000 rw-p 00000000 00:00 0 
70e2a2af7000-70e2a2af8000 ---p 00000000 00:00 0 
70e2a2af8000-70e2a2bf8000 rw-p 00000000 00:00 0 
70e2a2bf8000-70e2a2bf9000 ---p 00000000 00:00 0 
70e2a2bf9000-70e2a2cf9000 rw-p 00000000 00:00 0 
70e2a2cf9000-70e2a2cfa000 ---p 00000000 00:00 0 
70e2a2cfa000-70e2a2dfa000 rw-p 00000000 00:00 0 
70e2a2dfa000-70e2a2dfb000 ---p 00000000 00:00 0 
70e2a2dfb000-70e2a2efb000 rw-p 00000000 00:00 0 
70e2a2efb000-70e2a2efc000 ---p 00000000 00:00 0 
70e2a2efc000-70e2a2ffc000 rw-p 00000000 00:00 0 
70e2a2ffc000-70e2a2ffd000 ---p 00000000 00:00 0 
70e2a2ffd000-70e2a33fd000 rw-p 00000000 00:00 0 
70e2a33fd000-70e2a33fe000 ---p 00000000 00:00 0 
70e2a33fe000-70e2a37fe000 rw-p 00000000 00:00 0 
70e2a37fe000-70e2a37ff000 ---p 00000000 00:00 0 
70e2a37ff000-70e2a3bff000 rw-p 00000000 00:00 0 
70e2a3bff000-70e2a3c00000 ---p 00000000 00:00 0 
70e2a3c00000-70e2a4000000 rw-p 00000000 00:00 0 
70e2a4000000-70e2a4055000 rw-p 00000000 00:00 0 
70e2a4055000-70e2a8000000 ---p 00000000 00:00 0 
70e2a8000000-70e2a8021000 rw-p 00000000 00:00 0 
70e2a8021000-70e2ac000000 ---p 00000000 00:00 0 
70e2ac000000-70e2ac075000 rw-p 00000000 00:00 0 
70e2ac075000-70e2b0000000 ---p 00000000 00:00 0 
70e2b0000000-70e2b0021000 rw-p 00000000 00:00 0 
70e2b0021000-70e2b4000000 ---p 00000000 00:00 0 
70e2b4000000-70e2b4031000 rw-p 00000000 00:00 0 
70e2b4031000-70e2b8000000 ---p 00000000 00:00 0 
70e2b8000000-70e2b8196000 rw-p 00000000 00:00 0 
70e2b8196000-70e2bc000000 ---p 00000000 00:00 0 
70e2bc000000-70e2bc14c000 rw-p 00000000 00:00 0 
70e2bc14c000-70e2c0000000 ---p 00000000 00:00 0 
70e2c0000000-70e2c00b0000 rw-p 00000000 00:00 0 
70e2c00b0000-70e2c4000000 ---p 00000000 00:00 0 
70e2c4000000-70e2c4067000 rw-p 00000000 00:00 0 
70e2c4067000-70e2c8000000 ---p 00000000 00:00 0 
70e2c8000000-70e2c853d000 rw-p 00000000 00:00 0 
70e2c853d000-70e2cc000000 ---p 00000000 00:00 0 
70e2cc000000-70e2cc178000 rw-p 00000000 00:00 0 
70e2cc178000-70e2d0000000 ---p 00000000 00:00 0 
70e2d0000000-70e2d06a4000 rw-p 00000000 00:00 0 
70e2d06a4000-70e2d4000000 ---p 00000000 00:00 0 
70e2d4000000-70e2d4136000 rw-p 00000000 00:00 0 
70e2d4136000-70e2d8000000 ---p 00000000 00:00 0 
70e2d8000000-70e2d809b000 rw-p 00000000 00:00 0 
70e2d809b000-70e2dc000000 ---p 00000000 00:00 0 
70e2dc000000-70e2dc021000 rw-p 00000000 00:00 0 
70e2dc021000-70e2e0000000 ---p 00000000 00:00 0 
70e2e0000000-70e2e0021000 rw-p 00000000 00:00 0 
70e2e0021000-70e2e4000000 ---p 00000000 00:00 0 
70e2e4000000-70e2e4021000 rw-p 00000000 00:00 0 
70e2e4021000-70e2e8000000 ---p 00000000 00:00 0 
70e2e8000000-70e2e8021000 rw-p 00000000 00:00 0 
70e2e8021000-70e2ec000000 ---p 00000000 00:00 0 
70e2ec000000-70e2ec4d5000 rw-p 00000000 00:00 0 
70e2ec4d5000-70e2f0000000 ---p 00000000 00:00 0 
70e2f0000000-70e2f030e000 rw-p 00000000 00:00 0 
70e2f030e000-70e2f4000000 ---p 00000000 00:00 0 
70e2f4000000-70e2f4021000 rw-p 00000000 00:00 0 
70e2f4021000-70e2f8000000 ---p 00000000 00:00 0 
70e2f8000000-70e2f8021000 rw-p 00000000 00:00 0 
70e2f8021000-70e2fc000000 ---p 00000000 00:00 0 
70e2fc000000-70e2fc021000 rw-p 00000000 00:00 0 
70e2fc021000-70e300000000 ---p 00000000 00:00 0 
70e300000000-70e300021000 rw-p 00000000 00:00 0 
70e300021000-70e304000000 ---p 00000000 00:00 0 
70e304000000-70e304021000 rw-p 00000000 00:00 0 
70e304021000-70e308000000 ---p 00000000 00:00 0 
70e3080f5000-70e3080f9000 ---p 00000000 00:00 0 
70e3080f9000-70e3081f5000 rw-p 00000000 00:00 0 
70e3081f5000-70e3081f6000 ---p 00000000 00:00 0 
70e3081f6000-70e3085f6000 rw-p 00000000 00:00 0 
70e3085f6000-70e3085f7000 ---p 00000000 00:00 0 
70e3085f7000-70e3089f7000 rw-p 00000000 00:00 0 
70e3089f7000-70e3089f8000 ---p 00000000 00:00 0 
70e3089f8000-70e308df8000 rw-p 00000000 00:00 0 
70e308df8000-70e308df9000 ---p 00000000 00:00 0 
70e308df9000-70e3091f9000 rw-p 00000000 00:00 0 
70e3091f9000-70e3091fa000 ---p 00000000 00:00 0 
70e3091fa000-70e3095fa000 rw-p 00000000 00:00 0 
70e3095fa000-70e3095fb000 ---p 00000000 00:00 0 
70e3095fb000-70e3099fb000 rw-p 00000000 00:00 0 
70e3099fb000-70e3099fc000 ---p 00000000 00:00 0 
70e3099fc000-70e309dfc000 rw-p 00000000 00:00 0 
70e309dfc000-70e309dfd000 ---p 00000000 00:00 0 
70e309dfd000-70e30a1fd000 rw-p 00000000 00:00 0 
70e30a1fd000-70e30a1fe000 ---p 00000000 00:00 0 
70e30a1fe000-70e30a5fe000 rw-p 00000000 00:00 0 
70e30a5fe000-70e30a5ff000 ---p 00000000 00:00 0 
70e30a5ff000-70e30a9ff000 rw-p 00000000 00:00 0 
70e30a9ff000-70e30aa00000 ---p 00000000 00:00 0 
70e30aa00000-70e30ae00000 rw-p 00000000 00:00 0 
70e30ae00000-70e30ae04000 ---p 00000000 00:00 0 
70e30ae04000-70e30af00000 rw-p 00000000 00:00 0 
70e30af00000-70e30af04000 ---p 00000000 00:00 0 
70e30af04000-70e30b000000 rw-p 00000000 00:00 0 
70e30b000000-70e30b190000 rw-p 00000000 00:00 0 
70e30b190000-70e30b400000 ---p 00000000 00:00 0 
70e30b400000-70e30b6e0000 rw-p 00000000 00:00 0 
70e30b6e0000-70e30f000000 ---p 00000000 00:00 0 
70e30f000000-70e30fbca000 rw-p 00001000 103:01 75498865                  /home/grishberg/.gradle/jdks/eclipse_adoptium-17-amd64-linux/jdk-17.0.19+10/lib/server/classes.jsa
70e30fbca000-70e310000000 ---p 00000000 00:00 0 
70e310000000-70e310040000 rw-p 00000000 00:00 0 
70e310040000-70e310070000 rw-p 00000000 00:00 0 
70e310070000-70e310080000 ---p 00000000 00:00 0 
70e310080000-70e310090000 rw-p 00000000 00:00 0 
70e310090000-70e350000000 ---p 00000000 00:00 0 
70e350000000-70e350021000 rw-p 00000000 00:00 0 
70e350021000-70e354000000 ---p 00000000 00:00 0 
70e354000000-70e354021000 rw-p 00000000 00:00 0 
70e354021000-70e358000000 ---p 00000000 00:00 0 
70e358000000-70e358021000 rw-p 00000000 00:00 0 
70e358021000-70e35c004000 ---p 00000000 00:00 0 
70e35c004000-70e35c100000 rw-p 00000000 00:00 0 
70e35c100000-70e35c104000 ---p 00000000 00:00 0 
70e35c104000-70e35c200000 rw-p 00000000 00:00 0 
70e35c200000-70e35c204000 ---p 00000000 00:00 0 
70e35c204000-70e35c300000 rw-p 00000000 00:00 0 
70e35c300000-70e35c304000 ---p 00000000 00:00 0 
70e35c304000-70e35c400000 rw-p 00000000 00:00 0 
70e35c400000-70e35c49d000 r--p 00000000 103:01 90443236                  /usr/lib/x86_64-linux-gnu/libstdc++.so.6.0.33
70e35c49d000-70e35c5e5000 r-xp 0009d000 103:01 90443236                  /usr/lib/x86_64-linux-gnu/libstdc++.so.6.0.33
70e35c5e5000-70e35c66c000 r--p 001e5000 103:01 90443236                  /usr/lib/x86_64-linux-gnu/libstdc++.so.6.0.33
70e35c66c000-70e35c677000 r--p 0026b000 103:01 90443236                  /usr/lib/x86_64-linux-gnu/libstdc++.so.6.0.33
70e35c677000-70e35c67a000 rw-p 00276000 103:01 90443236                  /usr/lib/x86_64-linux-gnu/libstdc++.so.6.0.33
70e35c67a000-70e35c67e000 rw-p 00000000 00:00 0 
70e35c700000-70e35c704000 ---p 00000000 00:00 0 
70e35c704000-70e35c800000 rw-p 00000000 00:00 0 
70e35c800000-70e35c8b9000 r--p 00000000 103:01 51524706                  /tmp/manifold3d2888826101356522717/libmanifold.so.3
70e35c8b9000-70e35cb04000 r-xp 000b9000 103:01 51524706                  /tmp/manifold3d2888826101356522717/libmanifold.so.3
70e35cb04000-70e35cb77000 r--p 00304000 103:01 51524706                  /tmp/manifold3d2888826101356522717/libmanifold.so.3
70e35cb77000-70e35cb85000 r--p 00376000 103:01 51524706                  /tmp/manifold3d2888826101356522717/libmanifold.so.3
70e35cb85000-70e35cb8a000 rw-p 00384000 103:01 51524706                  /tmp/manifold3d2888826101356522717/libmanifold.so.3
70e35cb8a000-70e35cb9f000 rw-p 00000000 00:00 0 
70e35cbff000-70e35cc03000 ---p 00000000 00:00 0 
70e35cc03000-70e35ccff000 rw-p 00000000 00:00 0 
70e35ccff000-70e35cd03000 ---p 00000000 00:00 0 
70e35cd03000-70e35cdff000 rw-p 00000000 00:00 0 
70e35cdff000-70e35ce03000 ---p 00000000 00:00 0 
70e35ce03000-70e35ceff000 rw-p 00000000 00:00 0 
70e35ceff000-70e35cf03000 ---p 00000000 00:00 0 
70e35cf03000-70e35cfff000 rw-p 00000000 00:00 0 
70e35cfff000-70e35d000000 ---p 00000000 00:00 0 
70e35d000000-70e35d100000 rw-p 00000000 00:00 0 
70e35d100000-70e35d104000 ---p 00000000 00:00 0 
70e35d104000-70e35d200000 rw-p 00000000 00:00 0 
70e35d200000-70e35d204000 ---p 00000000 00:00 0 
70e35d204000-70e35d300000 rw-p 00000000 00:00 0 
70e35d300000-70e35d304000 ---p 00000000 00:00 0 
70e35d304000-70e35d400000 rw-p 00000000 00:00 0 
70e35d400000-70e35d404000 ---p 00000000 00:00 0 
70e35d404000-70e35d500000 rw-p 00000000 00:00 0 
70e35d500000-70e35d504000 ---p 00000000 00:00 0 
70e35d504000-70e35d600000 rw-p 00000000 00:00 0 
70e35d600000-70e35d604000 ---p 00000000 00:00 0 
70e35d604000-70e35d700000 rw-p 00000000 00:00 0 
70e35d700000-70e35d704000 ---p 00000000 00:00 0 
70e35d704000-70e35d800000 rw-p 00000000 00:00 0 
70e35d800000-70e35dd75000 r--p 00000000 103:01 90475490                  /usr/lib/locale/locale-archive
70e35ddaa000-70e35ddb6000 r--p 00000000 103:01 51524718                  /tmp/manifold3d2888826101356522717/libmanifoldc.so.3
70e35ddb6000-70e35ddc7000 r-xp 0000c000 103:01 51524718                  /tmp/manifold3d2888826101356522717/libmanifoldc.so.3
70e35ddc7000-70e35ddce000 r--p 0001d000 103:01 51524718                  /tmp/manifold3d2888826101356522717/libmanifoldc.so.3
70e35ddce000-70e35ddcf000 ---p 00024000 103:01 51524718                  /tmp/manifold3d2888826101356522717/libmanifoldc.so.3
70e35ddcf000-70e35ddd0000 r--p 00024000 103:01 51524718                  /tmp/manifold3d2888826101356522717/libmanifoldc.so.3
70e35ddd0000-70e35ddd1000 rw-p 00025000 103:01 51524718                  /tmp/manifold3d2888826101356522717/libmanifoldc.so.3
70e35ddd1000-70e35ddd5000 r--p 00000000 103:01 90443244                  /usr/lib/x86_64-linux-gnu/libgcc_s.so.1
70e35ddd5000-70e35ddf9000 r-xp 00004000 103:01 90443244                  /usr/lib/x86_64-linux-gnu/libgcc_s.so.1
70e35ddf9000-70e35ddfd000 r--p 00028000 103:01 90443244                  /usr/lib/x86_64-linux-gnu/libgcc_s.so.1
70e35ddfd000-70e35ddfe000 r--p 0002b000 103:01 90443244                  /usr/lib/x86_64-linux-gnu/libgcc_s.so.1
70e35ddfe000-70e35ddff000 rw-p 0002c000 103:01 90443244                  /usr/lib/x86_64-linux-gnu/libgcc_s.so.1
70e35ddff000-70e35de03000 ---p 00000000 00:00 0 
70e35de03000-70e35deff000 rw-p 00000000 00:00 0 
70e35deff000-70e35df00000 ---p 00000000 00:00 0 
70e35df00000-70e35e000000 rw-p 00000000 00:00 0 
70e35e000000-70e360021000 rw-p 00000000 00:00 0 
70e360021000-70e364000000 ---p 00000000 00:00 0 
70e364000000-70e364021000 rw-p 00000000 00:00 0 
70e364021000-70e368000000 ---p 00000000 00:00 0 
70e368000000-70e368021000 rw-p 00000000 00:00 0 
70e368021000-70e36c004000 ---p 00000000 00:00 0 
70e36c004000-70e36c100000 rw-p 00000000 00:00 0 
70e36c100000-70e36c105000 r--p 00000000 103:01 75498881                  /home/grishberg/.gradle/jdks/eclipse_adoptium-17-amd64-linux/jdk-17.0.19+10/lib/libjsvml.so
70e36c105000-70e36c146000 r-xp 00005000 103:01 75498881                  /home/grishberg/.gradle/jdks/eclipse_adoptium-17-amd64-linux/jdk-17.0.19+10/lib/libjsvml.so
70e36c146000-70e36c1cf000 r--p 00046000 103:01 75498881                  /home/grishberg/.gradle/jdks/eclipse_adoptium-17-amd64-linux/jdk-17.0.19+10/lib/libjsvml.so
70e36c1cf000-70e36c1d0000 r--p 000ce000 103:01 75498881                  /home/grishberg/.gradle/jdks/eclipse_adoptium-17-amd64-linux/jdk-17.0.19+10/lib/libjsvml.so
70e36c1d0000-70e36c1d1000 rw-p 000cf000 103:01 75498881                  /home/grishberg/.gradle/jdks/eclipse_adoptium-17-amd64-linux/jdk-17.0.19+10/lib/libjsvml.so
70e36c1d1000-70e36c2ee000 rw-p 00000000 00:00 0 
70e36c2f4000-70e36c325000 rw-p 00000000 00:00 0 
70e36c325000-70e36c326000 ---p 00000000 00:00 0 
70e36c326000-70e36c426000 rw-p 00000000 00:00 0 
70e36c426000-70e36c427000 ---p 00000000 00:00 0 
70e36c427000-70e36c527000 rw-p 00000000 00:00 0 
70e36c527000-70e36d234000 rw-p 00000000 00:00 0 
70e36d234000-70e36d235000 ---p 00000000 00:00 0 
70e36d235000-70e36d335000 rw-p 00000000 00:00 0 
70e36d335000-70e36d336000 ---p 00000000 00:00 0 
70e36d336000-70e36d436000 rw-p 00000000 00:00 0 
70e36d436000-70e36d437000 ---p 00000000 00:00 0 
70e36d437000-70e36d537000 rw-p 00000000 00:00 0 
70e36d537000-70e36f3b7000 rw-p 00000000 00:00 0 
70e36f3b7000-70e38b437000 ---p 00000000 00:00 0 
70e38b437000-70e38d337000 rw-p 00000000 00:00 0 
70e38d337000-70e3a93b7000 ---p 00000000 00:00 0 
70e3a93b7000-70e3a9807000 rw-p 00000000 00:00 0 
70e3a9807000-70e3ad017000 ---p 00000000 00:00 0 
70e3ad017000-70e3ad3f7000 rw-p 00000000 00:00 0 
70e3ad3f7000-70e3b0c07000 ---p 00000000 00:00 0 
70e3b0c07000-70e3b0fe7000 rw-p 00000000 00:00 0 
70e3b0fe7000-70e3b47f7000 ---p 00000000 00:00 0 
70e3b47f7000-70e3b5200000 rw-p 00000000 00:00 0 
70e3b5200000-70e3b5470000 rwxp 00000000 00:00 0 
70e3b5470000-70e3bc65f000 ---p 00000000 00:00 0 
70e3bc65f000-70e3bc93f000 rwxp 00000000 00:00 0 
70e3bc93f000-70e3bcda0000 ---p 00000000 00:00 0 
70e3bcda0000-70e3bd010000 rwxp 00000000 00:00 0 
70e3bd010000-70e3c4200000 ---p 00000000 00:00 0 
70e3c4200000-70e3cbe3b000 r--s 00000000 103:01 75498899                  /home/grishberg/.gradle/jdks/eclipse_adoptium-17-amd64-linux/jdk-17.0.19+10/lib/modules
70e3cbe47000-70e3cc4a3000 rw-p 00000000 00:00 0 
70e3cc4a3000-70e3d0000000 ---p 00000000 00:00 0 
70e3d000c000-70e3d000e000 r--p 00000000 103:01 75498880                  /home/grishberg/.gradle/jdks/eclipse_adoptium-17-amd64-linux/jdk-17.0.19+10/lib/libzip.so
70e3d000e000-70e3d0021000 r-xp 00002000 103:01 75498880                  /home/grishberg/.gradle/jdks/eclipse_adoptium-17-amd64-linux/jdk-17.0.19+10/lib/libzip.so
70e3d0021000-70e3d0028000 r--p 00015000 103:01 75498880                  /home/grishberg/.gradle/jdks/eclipse_adoptium-17-amd64-linux/jdk-17.0.19+10/lib/libzip.so
70e3d0028000-70e3d0029000 ---p 0001c000 103:01 75498880                  /home/grishberg/.gradle/jdks/eclipse_adoptium-17-amd64-linux/jdk-17.0.19+10/lib/libzip.so
70e3d0029000-70e3d002a000 r--p 0001c000 103:01 75498880                  /home/grishberg/.gradle/jdks/eclipse_adoptium-17-amd64-linux/jdk-17.0.19+10/lib/libzip.so
70e3d002a000-70e3d002b000 rw-p 0001d000 103:01 75498880                  /home/grishberg/.gradle/jdks/eclipse_adoptium-17-amd64-linux/jdk-17.0.19+10/lib/libzip.so
70e3d002b000-70e3d0333000 rw-p 00000000 00:00 0 
70e3d0333000-70e3d0417000 ---p 00000000 00:00 0 
70e3d0417000-70e3d041c000 rw-p 00000000 00:00 0 
70e3d041c000-70e3d0500000 ---p 00000000 00:00 0 
70e3d0500000-70e3d0504000 ---p 00000000 00:00 0 
70e3d0504000-70e3d0600000 rw-p 00000000 00:00 0 
70e3d0600000-70e3d0853000 r--p 00000000 103:01 75498866                  /home/grishberg/.gradle/jdks/eclipse_adoptium-17-amd64-linux/jdk-17.0.19+10/lib/server/libjvm.so
70e3d0853000-70e3d157b000 r-xp 00253000 103:01 75498866                  /home/grishberg/.gradle/jdks/eclipse_adoptium-17-amd64-linux/jdk-17.0.19+10/lib/server/libjvm.so
70e3d157b000-70e3d1808000 r--p 00f7b000 103:01 75498866                  /home/grishberg/.gradle/jdks/eclipse_adoptium-17-amd64-linux/jdk-17.0.19+10/lib/server/libjvm.so
70e3d1808000-70e3d1809000 ---p 01208000 103:01 75498866                  /home/grishberg/.gradle/jdks/eclipse_adoptium-17-amd64-linux/jdk-17.0.19+10/lib/server/libjvm.so
70e3d1809000-70e3d18c2000 r--p 01208000 103:01 75498866                  /home/grishberg/.gradle/jdks/eclipse_adoptium-17-amd64-linux/jdk-17.0.19+10/lib/server/libjvm.so
70e3d18c2000-70e3d18f7000 rw-p 012c1000 103:01 75498866                  /home/grishberg/.gradle/jdks/eclipse_adoptium-17-amd64-linux/jdk-17.0.19+10/lib/server/libjvm.so
70e3d18f7000-70e3d1952000 rw-p 00000000 00:00 0 
70e3d1965000-70e3d196a000 r--p 00000000 103:01 51524937                  /tmp/manifold3d2888826101356522717/libmanifold_jni.so
70e3d196a000-70e3d196d000 r-xp 00005000 103:01 51524937                  /tmp/manifold3d2888826101356522717/libmanifold_jni.so
70e3d196d000-70e3d196e000 r--p 00008000 103:01 51524937                  /tmp/manifold3d2888826101356522717/libmanifold_jni.so
70e3d196e000-70e3d196f000 r--p 00009000 103:01 51524937                  /tmp/manifold3d2888826101356522717/libmanifold_jni.so
70e3d196f000-70e3d1970000 rw-p 0000a000 103:01 51524937                  /tmp/manifold3d2888826101356522717/libmanifold_jni.so
70e3d1970000-70e3d1974000 r--p 00000000 103:01 75498890                  /home/grishberg/.gradle/jdks/eclipse_adoptium-17-amd64-linux/jdk-17.0.19+10/lib/libnet.so
70e3d1974000-70e3d1982000 r-xp 00004000 103:01 75498890                  /home/grishberg/.gradle/jdks/eclipse_adoptium-17-amd64-linux/jdk-17.0.19+10/lib/libnet.so
70e3d1982000-70e3d1986000 r--p 00012000 103:01 75498890                  /home/grishberg/.gradle/jdks/eclipse_adoptium-17-amd64-linux/jdk-17.0.19+10/lib/libnet.so
70e3d1986000-70e3d1987000 r--p 00015000 103:01 75498890                  /home/grishberg/.gradle/jdks/eclipse_adoptium-17-amd64-linux/jdk-17.0.19+10/lib/libnet.so
70e3d1987000-70e3d1988000 rw-p 00016000 103:01 75498890                  /home/grishberg/.gradle/jdks/eclipse_adoptium-17-amd64-linux/jdk-17.0.19+10/lib/libnet.so
70e3d1988000-70e3d1a00000 rw-p 00000000 00:00 0 
70e3d1a00000-70e3d1a28000 r--p 00000000 103:01 90442148                  /usr/lib/x86_64-linux-gnu/libc.so.6
70e3d1a28000-70e3d1bb0000 r-xp 00028000 103:01 90442148                  /usr/lib/x86_64-linux-gnu/libc.so.6
70e3d1bb0000-70e3d1bff000 r--p 001b0000 103:01 90442148                  /usr/lib/x86_64-linux-gnu/libc.so.6
70e3d1bff000-70e3d1c03000 r--p 001fe000 103:01 90442148                  /usr/lib/x86_64-linux-gnu/libc.so.6
70e3d1c03000-70e3d1c05000 rw-p 00202000 103:01 90442148                  /usr/lib/x86_64-linux-gnu/libc.so.6
70e3d1c05000-70e3d1c12000 rw-p 00000000 00:00 0 
70e3d1c17000-70e3d1c1e000 r--p 00000000 103:01 75498910                  /home/grishberg/.gradle/jdks/eclipse_adoptium-17-amd64-linux/jdk-17.0.19+10/lib/libnio.so
70e3d1c1e000-70e3d1c27000 r-xp 00007000 103:01 75498910                  /home/grishberg/.gradle/jdks/eclipse_adoptium-17-amd64-linux/jdk-17.0.19+10/lib/libnio.so
70e3d1c27000-70e3d1c2b000 r--p 00010000 103:01 75498910                  /home/grishberg/.gradle/jdks/eclipse_adoptium-17-amd64-linux/jdk-17.0.19+10/lib/libnio.so
70e3d1c2b000-70e3d1c2c000 ---p 00014000 103:01 75498910                  /home/grishberg/.gradle/jdks/eclipse_adoptium-17-amd64-linux/jdk-17.0.19+10/lib/libnio.so
70e3d1c2c000-70e3d1c2d000 r--p 00014000 103:01 75498910                  /home/grishberg/.gradle/jdks/eclipse_adoptium-17-amd64-linux/jdk-17.0.19+10/lib/libnio.so
70e3d1c2d000-70e3d1c2e000 rw-p 00015000 103:01 75498910                  /home/grishberg/.gradle/jdks/eclipse_adoptium-17-amd64-linux/jdk-17.0.19+10/lib/libnio.so
70e3d1c2e000-70e3d1c34000 rw-p 00000000 00:00 0 
70e3d1c34000-70e3d1c3d000 ---p 00000000 00:00 0 
70e3d1c3d000-70e3d1c4b000 r--p 00000000 103:01 75498920                  /home/grishberg/.gradle/jdks/eclipse_adoptium-17-amd64-linux/jdk-17.0.19+10/lib/libjava.so
70e3d1c4b000-70e3d1c5d000 r-xp 0000e000 103:01 75498920                  /home/grishberg/.gradle/jdks/eclipse_adoptium-17-amd64-linux/jdk-17.0.19+10/lib/libjava.so
70e3d1c5d000-70e3d1c63000 r--p 00020000 103:01 75498920                  /home/grishberg/.gradle/jdks/eclipse_adoptium-17-amd64-linux/jdk-17.0.19+10/lib/libjava.so
70e3d1c63000-70e3d1c64000 ---p 00026000 103:01 75498920                  /home/grishberg/.gradle/jdks/eclipse_adoptium-17-amd64-linux/jdk-17.0.19+10/lib/libjava.so
70e3d1c64000-70e3d1c65000 r--p 00026000 103:01 75498920                  /home/grishberg/.gradle/jdks/eclipse_adoptium-17-amd64-linux/jdk-17.0.19+10/lib/libjava.so
70e3d1c65000-70e3d1c66000 rw-p 00027000 103:01 75498920                  /home/grishberg/.gradle/jdks/eclipse_adoptium-17-amd64-linux/jdk-17.0.19+10/lib/libjava.so
70e3d1c66000-70e3d1c67000 rw-p 00000000 00:00 0 
70e3d1c67000-70e3d1c6b000 r--p 00000000 103:01 75498904                  /home/grishberg/.gradle/jdks/eclipse_adoptium-17-amd64-linux/jdk-17.0.19+10/lib/libjimage.so
70e3d1c6b000-70e3d1c7e000 r-xp 00004000 103:01 75498904                  /home/grishberg/.gradle/jdks/eclipse_adoptium-17-amd64-linux/jdk-17.0.19+10/lib/libjimage.so
70e3d1c7e000-70e3d1c84000 r--p 00017000 103:01 75498904                  /home/grishberg/.gradle/jdks/eclipse_adoptium-17-amd64-linux/jdk-17.0.19+10/lib/libjimage.so
70e3d1c84000-70e3d1c86000 r--p 0001c000 103:01 75498904                  /home/grishberg/.gradle/jdks/eclipse_adoptium-17-amd64-linux/jdk-17.0.19+10/lib/libjimage.so
70e3d1c86000-70e3d1c87000 rw-p 0001e000 103:01 75498904                  /home/grishberg/.gradle/jdks/eclipse_adoptium-17-amd64-linux/jdk-17.0.19+10/lib/libjimage.so
70e3d1c87000-70e3d1c97000 r--p 00000000 103:01 90442151                  /usr/lib/x86_64-linux-gnu/libm.so.6
70e3d1c97000-70e3d1d16000 r-xp 00010000 103:01 90442151                  /usr/lib/x86_64-linux-gnu/libm.so.6
70e3d1d16000-70e3d1d6e000 r--p 0008f000 103:01 90442151                  /usr/lib/x86_64-linux-gnu/libm.so.6
70e3d1d6e000-70e3d1d6f000 r--p 000e7000 103:01 90442151                  /usr/lib/x86_64-linux-gnu/libm.so.6
70e3d1d6f000-70e3d1d70000 rw-p 000e8000 103:01 90442151                  /usr/lib/x86_64-linux-gnu/libm.so.6
70e3d1d70000-70e3d1d71000 r--p 00000000 103:01 90442162                  /usr/lib/x86_64-linux-gnu/librt.so.1
70e3d1d71000-70e3d1d72000 r-xp 00001000 103:01 90442162                  /usr/lib/x86_64-linux-gnu/librt.so.1
70e3d1d72000-70e3d1d73000 r--p 00002000 103:01 90442162                  /usr/lib/x86_64-linux-gnu/librt.so.1
70e3d1d73000-70e3d1d74000 r--p 00002000 103:01 90442162                  /usr/lib/x86_64-linux-gnu/librt.so.1
70e3d1d74000-70e3d1d75000 rw-p 00003000 103:01 90442162                  /usr/lib/x86_64-linux-gnu/librt.so.1
70e3d1d75000-70e3d1d77000 rw-p 00000000 00:00 0 
70e3d1d77000-70e3d1d78000 r--p 00000000 103:01 90442150                  /usr/lib/x86_64-linux-gnu/libdl.so.2
70e3d1d78000-70e3d1d79000 r-xp 00001000 103:01 90442150                  /usr/lib/x86_64-linux-gnu/libdl.so.2
70e3d1d79000-70e3d1d7a000 r--p 00002000 103:01 90442150                  /usr/lib/x86_64-linux-gnu/libdl.so.2
70e3d1d7a000-70e3d1d7b000 r--p 00002000 103:01 90442150                  /usr/lib/x86_64-linux-gnu/libdl.so.2
70e3d1d7b000-70e3d1d7c000 rw-p 00003000 103:01 90442150                  /usr/lib/x86_64-linux-gnu/libdl.so.2
70e3d1d7c000-70e3d1d7d000 r--p 00000000 103:01 90442160                  /usr/lib/x86_64-linux-gnu/libpthread.so.0
70e3d1d7d000-70e3d1d7e000 r-xp 00001000 103:01 90442160                  /usr/lib/x86_64-linux-gnu/libpthread.so.0
70e3d1d7e000-70e3d1d7f000 r--p 00002000 103:01 90442160                  /usr/lib/x86_64-linux-gnu/libpthread.so.0
70e3d1d7f000-70e3d1d80000 r--p 00002000 103:01 90442160                  /usr/lib/x86_64-linux-gnu/libpthread.so.0
70e3d1d80000-70e3d1d81000 rw-p 00003000 103:01 90442160                  /usr/lib/x86_64-linux-gnu/libpthread.so.0
70e3d1d82000-70e3d1d89000 r--s 00000000 103:01 90442137                  /usr/lib/x86_64-linux-gnu/gconv/gconv-modules.cache
70e3d1d89000-70e3d1d91000 rw-s 00000000 103:01 51524702                  /tmp/hsperfdata_grishberg/92851
70e3d1d91000-70e3d1d92000 ---p 00000000 00:00 0 
70e3d1d92000-70e3d1d93000 r--p 00000000 00:00 0 
70e3d1d93000-70e3d1d94000 ---p 00000000 00:00 0 
70e3d1d94000-70e3d1d97000 r--p 00000000 103:01 75498874                  /home/grishberg/.gradle/jdks/eclipse_adoptium-17-amd64-linux/jdk-17.0.19+10/lib/libjli.so
70e3d1d97000-70e3d1da7000 r-xp 00003000 103:01 75498874                  /home/grishberg/.gradle/jdks/eclipse_adoptium-17-amd64-linux/jdk-17.0.19+10/lib/libjli.so
70e3d1da7000-70e3d1dae000 r--p 00013000 103:01 75498874                  /home/grishberg/.gradle/jdks/eclipse_adoptium-17-amd64-linux/jdk-17.0.19+10/lib/libjli.so
70e3d1dae000-70e3d1daf000 r--p 00019000 103:01 75498874                  /home/grishberg/.gradle/jdks/eclipse_adoptium-17-amd64-linux/jdk-17.0.19+10/lib/libjli.so
70e3d1daf000-70e3d1db0000 rw-p 0001a000 103:01 75498874                  /home/grishberg/.gradle/jdks/eclipse_adoptium-17-amd64-linux/jdk-17.0.19+10/lib/libjli.so
70e3d1db0000-70e3d1db2000 rw-p 00000000 00:00 0 
70e3d1db2000-70e3d1db6000 r--p 00000000 00:00 0                          [vvar]
70e3d1db6000-70e3d1db8000 r--p 00000000 00:00 0                          [vvar_vclock]
70e3d1db8000-70e3d1dba000 r-xp 00000000 00:00 0                          [vdso]
70e3d1dba000-70e3d1dbb000 r--p 00000000 103:01 90442145                  /usr/lib/x86_64-linux-gnu/ld-linux-x86-64.so.2
70e3d1dbb000-70e3d1de6000 r-xp 00001000 103:01 90442145                  /usr/lib/x86_64-linux-gnu/ld-linux-x86-64.so.2
70e3d1de6000-70e3d1df0000 r--p 0002c000 103:01 90442145                  /usr/lib/x86_64-linux-gnu/ld-linux-x86-64.so.2
70e3d1df0000-70e3d1df2000 r--p 00036000 103:01 90442145                  /usr/lib/x86_64-linux-gnu/ld-linux-x86-64.so.2
70e3d1df2000-70e3d1df4000 rw-p 00038000 103:01 90442145                  /usr/lib/x86_64-linux-gnu/ld-linux-x86-64.so.2
7fff4085a000-7fff4087c000 rw-p 00000000 00:00 0                          [stack]
ffffffffff600000-ffffffffff601000 --xp 00000000 00:00 0                  [vsyscall]


VM Arguments:
jvm_args: -Djava.library.path=/home/grishberg/projects/java/opengl_kbd_render/cad3d/build/manifold-natives/manifold3d/natives/linux-x86_64 -Dfile.encoding=UTF-8 -Duser.country=US -Duser.language=en -Duser.variant 
java_command: com.github.grishberg.cad3d.cli.CliRunnerKt --model matrix_right
java_class_path (initial): /home/grishberg/projects/java/opengl_kbd_render/cad3d/build/classes/java/main:/home/grishberg/projects/java/opengl_kbd_render/cad3d/build/classes/kotlin/main:/home/grishberg/projects/java/opengl_kbd_render/cad3d/build/resources/main:/home/grishberg/projects/java/opengl_kbd_render/common/build/libs/common-1.0.1.jar:/home/grishberg/projects/java/opengl_kbd_render/kbd_core/build/libs/kbd_core-1.0.1.jar:/home/grishberg/projects/java/opengl_kbd_render/plugin/build/libs/plugin-1.0.jar:/home/grishberg/projects/java/opengl_kbd_render/javascad/build/libs/javascad-1.0.jar:/home/grishberg/projects/java/opengl_kbd_render/libs/manifold3d-3.2.13.jar:/home/grishberg/.gradle/caches/modules-2/files-2.1/org.jetbrains.kotlin/kotlin-stdlib-jdk8/1.9.22/dea0c11e2fa503ab891c8a090e3b54754472975d/kotlin-stdlib-jdk8-1.9.22.jar:/home/grishberg/.gradle/caches/modules-2/files-2.1/org.jetbrains.kotlinx/kotlinx-coroutines-core-jvm/1.8.0/ac1dc37a30a93150b704022f8d895ee1bd3a36b3/kotlinx-coroutines-core-jvm-1.8.0.jar:/home/grishberg/.gradle/caches/modules-2/files-2.1/org.jetbrains.kotlin/kotlin-stdlib-jdk7/1.9.22/c4b17283ad7939e778989663f8301d871987fa5e/kotlin-stdlib-jdk7-1.9.22.jar:/home/grishberg/.gradle/caches/modules-2/files-2.1/org.jetbrains.kotlinx/kotlinx-serialization-core-jvm/1.6.2/384c2492c987f1d92bfa186580de058c284b2ad9/kotlinx-serialization-core-jvm-1.6.2.jar:/home/grishberg/.gradle/caches/modules-2/files-2.1/org.jetbrains.kotlinx/kotlinx-serialization-json-jvm/1.6.2/8f4df208edf91a3012e7a27ccd02f386d4bfc8c6/kotlinx-serialization-json-jvm-1.6.2.jar:/home/grishberg/.gradle/caches/modules-2/files-2.1/org.jetbrains.kotlin/kotlin-stdlib/1.9.22/d6c44cd08d8f3f9bece8101216dbe6553365c6e3/kotlin-stdlib-1.9.22.jar:/home/grishberg/.gradle/caches/modules-2/files-2.1/org.jetbrains/annotations/23.0.0/8cc20c07506ec18e0834947b84a864bfc094484e/annotations-23.0.0.jar
Launcher Type: SUN_STANDARD

[Global flags]
     intx CICompilerCount                          = 12                                        {product} {ergonomic}
     uint ConcGCThreads                            = 3                                         {product} {ergonomic}
     uint G1ConcRefinementThreads                  = 13                                        {product} {ergonomic}
   size_t G1HeapRegionSize                         = 16777216                                  {product} {ergonomic}
    uintx GCDrainStackTargetSize                   = 64                                        {product} {ergonomic}
   size_t InitialHeapSize                          = 2046820352                                {product} {ergonomic}
   size_t MarkStackSize                            = 4194304                                   {product} {ergonomic}
   size_t MaxHeapSize                              = 32178700288                               {product} {ergonomic}
   size_t MaxNewSize                               = 19293798400                               {product} {ergonomic}
   size_t MinHeapDeltaBytes                        = 16777216                                  {product} {ergonomic}
   size_t MinHeapSize                              = 16777216                                  {product} {ergonomic}
    uintx NonNMethodCodeHeapSize                   = 7602480                                {pd product} {ergonomic}
    uintx NonProfiledCodeHeapSize                  = 122027880                              {pd product} {ergonomic}
    uintx ProfiledCodeHeapSize                     = 122027880                              {pd product} {ergonomic}
    uintx ReservedCodeCacheSize                    = 251658240                              {pd product} {ergonomic}
     bool SegmentedCodeCache                       = true                                      {product} {ergonomic}
   size_t SoftMaxHeapSize                          = 32178700288                            {manageable} {ergonomic}
     bool UseCompressedClassPointers               = true                           {product lp64_product} {ergonomic}
     bool UseCompressedOops                        = true                           {product lp64_product} {ergonomic}
     bool UseG1GC                                  = true                                      {product} {ergonomic}

Logging:
Log output configuration:
 #0: stdout all=warning uptime,level,tags
 #1: stderr all=off uptime,level,tags

Environment Variables:
PATH=/home/grishberg/projects/ts/opencode/bot/venv/bin:/home/grishberg/android-sdk/platform-tools:/home/grishberg/.local/bin:/usr/local/sbin:/usr/local/bin:/usr/sbin:/usr/bin:/sbin:/bin:/usr/games:/usr/local/games:/snap/bin:/snap/bin
USERNAME=grishberg
SHELL=/bin/bash
DISPLAY=:0
LANG=en_US.UTF-8

Active Locale:
LC_ALL=en_US.UTF-8
LC_COLLATE=en_US.UTF-8
LC_CTYPE=en_US.UTF-8
LC_MESSAGES=en_US.UTF-8
LC_MONETARY=en_US.UTF-8
LC_NUMERIC=en_US.UTF-8
LC_TIME=en_US.UTF-8

Signal Handlers:
   SIGSEGV: crash_handler in libjvm.so, mask=11100100010111111101111111111110, flags=SA_RESTART|SA_SIGINFO, unblocked
    SIGBUS: crash_handler in libjvm.so, mask=11100100010111111101111111111110, flags=SA_RESTART|SA_SIGINFO, unblocked
    SIGFPE: crash_handler in libjvm.so, mask=11100100010111111101111111111110, flags=SA_RESTART|SA_SIGINFO, unblocked
   SIGPIPE: javaSignalHandler in libjvm.so, mask=11100100010111111101111111111110, flags=SA_RESTART|SA_SIGINFO, blocked
   SIGXFSZ: javaSignalHandler in libjvm.so, mask=11100100010111111101111111111110, flags=SA_RESTART|SA_SIGINFO, blocked
    SIGILL: crash_handler in libjvm.so, mask=11100100010111111101111111111110, flags=SA_RESTART|SA_SIGINFO, unblocked
   SIGUSR2: SR_handler in libjvm.so, mask=00000000000000000000000000000000, flags=SA_RESTART|SA_SIGINFO, blocked
    SIGHUP: UserHandler in libjvm.so, mask=11100100010111111101111111111110, flags=SA_RESTART|SA_SIGINFO, blocked
    SIGINT: UserHandler in libjvm.so, mask=11100100010111111101111111111110, flags=SA_RESTART|SA_SIGINFO, blocked
   SIGTERM: UserHandler in libjvm.so, mask=11100100010111111101111111111110, flags=SA_RESTART|SA_SIGINFO, blocked
   SIGQUIT: UserHandler in libjvm.so, mask=11100100010111111101111111111110, flags=SA_RESTART|SA_SIGINFO, blocked
   SIGTRAP: crash_handler in libjvm.so, mask=11100100010111111101111111111110, flags=SA_RESTART|SA_SIGINFO, unblocked


Periodic native trim disabled


---------------  S Y S T E M  ---------------

OS:
DISTRIB_ID=Ubuntu
DISTRIB_RELEASE=24.04
DISTRIB_CODENAME=noble
DISTRIB_DESCRIPTION="Ubuntu 24.04.4 LTS"
uname: Linux 6.17.0-35-generic #35~24.04.1-Ubuntu SMP PREEMPT_DYNAMIC Tue May 26 19:30:42 UTC 2 x86_64
OS uptime: 0 days 7:06 hours
libc: glibc 2.39 NPTL 2.39 
rlimit (soft/hard): STACK 8192k/infinity , CORE 0k/infinity , NPROC 496841/496841 , NOFILE 1048576/1048576 , AS infinity/infinity , CPU infinity/infinity , DATA infinity/infinity , FSIZE infinity/infinity , MEMLOCK 15919580k/15919580k
load average: 1.72 1.94 1.75

/proc/meminfo:
MemTotal:       127356652 kB
MemFree:        41365284 kB
MemAvailable:   84793908 kB
Buffers:         2909772 kB
Cached:         43531196 kB
SwapCached:            0 kB
Active:         41385992 kB
Inactive:       41239584 kB
Active(anon):   39221524 kB
Inactive(anon):        0 kB
Active(file):    2164468 kB
Inactive(file): 41239584 kB
Unevictable:           0 kB
Mlocked:               0 kB
SwapTotal:       8388604 kB
SwapFree:        8388604 kB
Zswap:                 0 kB
Zswapped:              0 kB
Dirty:             34056 kB
Writeback:             0 kB
AnonPages:      36185708 kB
Mapped:          4233176 kB
Shmem:           3036928 kB
KReclaimable:    1239744 kB
Slab:            1602092 kB
SReclaimable:    1239744 kB
SUnreclaim:       362348 kB
KernelStack:       23696 kB
PageTables:       109840 kB
SecPageTables:      2180 kB
NFS_Unstable:          0 kB
Bounce:                0 kB
WritebackTmp:          0 kB
CommitLimit:    72066928 kB
Committed_AS:   55395028 kB
VmallocTotal:   34359738367 kB
VmallocUsed:      165900 kB
VmallocChunk:          0 kB
Percpu:            15232 kB
HardwareCorrupted:     0 kB
AnonHugePages:         0 kB
ShmemHugePages:        0 kB
ShmemPmdMapped:        0 kB
FileHugePages:    321536 kB
FilePmdMapped:      2048 kB
CmaTotal:              0 kB
CmaFree:               0 kB
Unaccepted:            0 kB
Balloon:               0 kB
HugePages_Total:       0
HugePages_Free:        0
HugePages_Rsvd:        0
HugePages_Surp:        0
Hugepagesize:       2048 kB
Hugetlb:               0 kB
DirectMap4k:      508068 kB
DirectMap2M:    13033472 kB
DirectMap1G:    121634816 kB

/sys/kernel/mm/transparent_hugepage/enabled: always [madvise] never
/sys/kernel/mm/transparent_hugepage/hpage_pmd_size: 2097152
/sys/kernel/mm/transparent_hugepage/defrag (defrag/compaction efforts parameter): always defer defer+madvise [madvise] never

Process Memory:
Virtual Size: 37974116K (peak: 37974116K)
Resident Set Size: 195720K (peak: 195752K) (anon: 169832K, file: 25888K, shmem: 0K)
Swapped out: 0K
C-Heap outstanding allocations: 60677K, retained: 19426K
glibc malloc tunables: (default)

/proc/sys/kernel/threads-max (system-wide limit on the number of threads): 993683
/proc/sys/vm/max_map_count (maximum number of memory map areas a process may have): 1048576
/proc/sys/vm/swappiness (control to define how aggressively the kernel swaps out anonymous memory): 60
/proc/sys/kernel/pid_max (system-wide limit on number of process identifiers): 4194304

container (cgroup) information:
container_type: cgroupv2
cpu_cpuset_cpus: not supported
cpu_memory_nodes: not supported
active_processor_count: 16
cpu_quota: not supported
cpu_period: not supported
cpu_shares: not supported
memory_limit_in_bytes: unlimited
memory_and_swap_limit_in_bytes: unlimited
memory_soft_limit_in_bytes: 0
memory_usage_in_bytes: 78600280 k
memory_max_usage_in_bytes: not supported
rss_usage_in_bytes: 34895872 k
cache_usage_in_bytes: 42620780 k
memory_swap_current_in_bytes: 0
memory_swap_max_limit_in_bytes: unlimited
maximum number of tasks: 149052
current number of tasks: 622

Steal ticks since vm start: 0
Steal ticks percentage since vm start:  0.000

CPU: total 16 (initial active 16) (16 cores per cpu, 2 threads per core) family 25 model 33 stepping 2 microcode 0xa201213, cx8, cmov, fxsr, ht, mmx, 3dnowpref, sse, sse2, sse3, ssse3, sse4a, sse4.1, sse4.2, popcnt, lzcnt, tsc, tscinvbit, avx, avx2, aes, erms, clmul, bmi1, bmi2, adx, sha, fma, vzeroupper, clflush, clflushopt
CPU Model and flags from /proc/cpuinfo:
model name	: AMD Ryzen 7 5800X3D 8-Core Processor
flags		: fpu vme de pse tsc msr pae mce cx8 apic sep mtrr pge mca cmov pat pse36 clflush mmx fxsr sse sse2 ht syscall nx mmxext fxsr_opt pdpe1gb rdtscp lm constant_tsc rep_good nopl xtopology nonstop_tsc cpuid extd_apicid aperfmperf rapl pni pclmulqdq monitor ssse3 fma cx16 sse4_1 sse4_2 x2apic movbe popcnt aes xsave avx f16c rdrand lahf_lm cmp_legacy svm extapic cr8_legacy abm sse4a misalignsse 3dnowprefetch osvw ibs skinit wdt tce topoext perfctr_core perfctr_nb bpext perfctr_llc mwaitx cpb cat_l3 cdp_l3 hw_pstate ssbd mba ibrs ibpb stibp vmmcall fsgsbase bmi1 avx2 smep bmi2 erms invpcid cqm rdt_a rdseed adx smap clflushopt clwb sha_ni xsaveopt xsavec xgetbv1 xsaves cqm_llc cqm_occup_llc cqm_mbm_total cqm_mbm_local user_shstk clzero irperf xsaveerptr rdpru wbnoinvd arat npt lbrv svm_lock nrip_save tsc_scale vmcb_clean flushbyasid decodeassists pausefilter pfthreshold avic v_vmsave_vmload vgif v_spec_ctrl umip pku ospke vaes vpclmulqdq rdpid overflow_recov succor smca fsrm debug_swap

Online cpus: 0-15
Offline cpus: 
BIOS frequency limitation: <Not Available>
Frequency switch latency (ns): 0
Available cpu frequencies: <Not Available>
Current governor: powersave
Core performance/turbo boost: 1

Memory: 4k page, physical 127356652k(41365284k free), swap 8388604k(8388604k free)
Page Sizes: 4k

vm_info: OpenJDK 64-Bit Server VM (17.0.19+10) for linux-amd64 JRE (17.0.19+10), built on Apr 21 2026 00:00:00 by "admin" with gcc 10.3.0

END.
