#
# A fatal error has been detected by the Java Runtime Environment:
#
#  SIGSEGV (0xb) at pc=0x00007b313749fff4, pid=85807, tid=85830
#
# JRE version: OpenJDK Runtime Environment Temurin-17.0.19+10 (17.0.19+10) (build 17.0.19+10)
# Java VM: OpenJDK 64-Bit Server VM Temurin-17.0.19+10 (17.0.19+10, mixed mode, sharing, tiered, compressed oops, compressed class ptrs, g1 gc, linux-amd64)
# Problematic frame:
# C  [libc.so.6+0x9fff4]  pthread_mutex_lock+0x4
#
# Core dump will be written. Default location: Core dumps may be processed with "/usr/share/apport/apport -p%p -s%s -c%c -d%d -P%P -u%u -g%g -F%F -- %E" (or dumping to /home/grishberg/projects/java/opengl_kbd_render/cad3d/core.85807)
#
# If you would like to submit a bug report, please visit:
#   https://github.com/adoptium/adoptium-support/issues
# The crash happened outside the Java Virtual Machine in native code.
# See problematic frame for where to report the bug.
#

---------------  S U M M A R Y ------------

Command Line: -Djava.library.path=/home/grishberg/projects/java/opengl_kbd_render/cad3d/build/manifold-natives/manifold3d/natives/linux-x86_64 -Dfile.encoding=UTF-8 -Duser.country=US -Duser.language=en -Duser.variant com.github.grishberg.cad3d.cli.CliRunnerKt --model matrix_right

Host: AMD Ryzen 7 5800X3D 8-Core Processor, 16 cores, 121G, Ubuntu 24.04.4 LTS
Time: Wed Jul 15 14:19:25 2026 MSK elapsed time: 0.251597 seconds (0d 0h 0m 0s)

---------------  T H R E A D  ---------------

Current thread (0x00007b3030064d60):  JavaThread "DefaultDispatcher-worker-3" daemon [_thread_in_native, id=85830, stack(0x00007b30c1f00000,0x00007b30c2000000)]

Stack: [0x00007b30c1f00000,0x00007b30c2000000],  sp=0x00007b30c1ffd928,  free space=1014k
Native frames: (J=compiled Java code, j=interpreted, Vv=VM code, C=native code)
C  [libc.so.6+0x9fff4]  pthread_mutex_lock+0x4

Java frames: (J=compiled Java code, j=interpreted, Vv=VM code)
J 771  com.cadoodlecad.manifold.ManifoldBindings.jniUnion(JJJ)J (0 bytes) @ 0x00007b3120dd59ef [0x00007b3120dd59a0+0x000000000000004f]
J 829 c1 com.cadoodlecad.manifold.ManifoldBindings.union(JJ)J (13 bytes) @ 0x00007b3119376564 [0x00007b31193764c0+0x00000000000000a4]
J 789 c1 eu.printingin3d.javascad.manifold.Manifold3dEngine.operateNative(JJI)J (113 bytes) @ 0x00007b31193605dc [0x00007b31193603c0+0x000000000000021c]
J 790 c1 eu.printingin3d.javascad.manifold.Manifold3dEngine.unionNative(JJ)J (8 bytes) @ 0x00007b3119360f3c [0x00007b3119360ec0+0x000000000000007c]
j  eu.printingin3d.javascad.tranzitions.Union.toInnerNativeMesh(Leu/printingin3d/javascad/vrl/FacetGenerationContext;)J+67
J 762 c1 eu.printingin3d.javascad.models.Abstract3dModel.toNativeMesh(Leu/printingin3d/javascad/vrl/FacetGenerationContext;)J (160 bytes) @ 0x00007b3119352e54 [0x00007b3119352780+0x00000000000006d4]
j  eu.printingin3d.javascad.tranzitions.Difference.toInnerNativeMesh(Leu/printingin3d/javascad/vrl/FacetGenerationContext;)J+5
J 762 c1 eu.printingin3d.javascad.models.Abstract3dModel.toNativeMesh(Leu/printingin3d/javascad/vrl/FacetGenerationContext;)J (160 bytes) @ 0x00007b3119352e54 [0x00007b3119352780+0x00000000000006d4]
j  com.github.grishberg.cad3d.util.VertexHolderUtilsKt.fromModelNative(Leu/printingin3d/javascad/models/Abstract3dModel;I)Lcom/github/grishberg/cad3d/plugin/VertexHolder;+28
j  com.github.grishberg.cad3d.util.VertexHolderUtilsKt.fromModel(Leu/printingin3d/javascad/models/Abstract3dModel;I)Lcom/github/grishberg/cad3d/plugin/VertexHolder;+8
j  com.github.grishberg.cad3d.keyboard.ModelHolder$Companion.createVertexHolders(Lcom/github/grishberg/cad3d/keyboard/cfg/KeyboardConfig;Leu/printingin3d/javascad/models/Abstract3dModel;Ljava/util/List;)Ljava/util/List;+101
j  com.github.grishberg.cad3d.keyboard.ModelHolder.<init>(Lcom/github/grishberg/cad3d/keyboard/cfg/KeyboardConfig;Leu/printingin3d/javascad/models/Abstract3dModel;[Leu/printingin3d/javascad/models/Abstract3dModel;)V+29
j  com.github.grishberg.cad3d.KeyboardBuilder.createCaseModel(Lcom/github/grishberg/cad3d/keyboard/cfg/KeyboardConfig;Lcom/github/grishberg/cad3d/keyboard/KeyPlace;Lcom/github/grishberg/cad3d/keyboard/ThumbKeyPlace;Lcom/github/grishberg/cad3d/keyboard/screws/ScrewWallPlaces;Lcom/github/grishberg/cad3d/keyboard/casebody/Walls;Lcom/github/grishberg/cad3d/keyboard/casebody/controllers/ControllerPlace;Lcom/github/grishberg/cad3d/keyboard/casebody/controllers/SwitcherPlace;Lcom/github/grishberg/cad3d/keyboard/casebody/controllers/ControllerFactory;Lcom/github/grishberg/cad3d/keyboard/casebody/controllers/switcher/SwitcherFactory;Lcom/github/grishberg/cad3d/keyboard/casebody/controllers/Controller;Lcom/github/grishberg/cad3d/trackball/Trackball;Lcom/github/grishberg/cad3d/keyboard/casebody/thumb/ThumbBorders;Lcom/github/grishberg/cad3d/keyboard/casebody/thumb/ThumbWalls;)Lcom/github/grishberg/cad3d/keyboard/ModelHolder;+665
j  com.github.grishberg.cad3d.KeyboardBuilder.createCase(Lcom/github/grishberg/cad3d/keyboard/cfg/KeyboardConfig;Lcom/github/grishberg/cad3d/keyboard/KeyPlace;Lcom/github/grishberg/cad3d/keyboard/ThumbKeyPlace;Lcom/github/grishberg/cad3d/keyboard/screws/ScrewWallPlaces;Lcom/github/grishberg/cad3d/keyboard/casebody/Walls;Lcom/github/grishberg/cad3d/keyboard/casebody/controllers/ControllerPlace;Lcom/github/grishberg/cad3d/keyboard/casebody/controllers/SwitcherPlace;Lcom/github/grishberg/cad3d/keyboard/casebody/controllers/ControllerFactory;Lcom/github/grishberg/cad3d/keyboard/casebody/controllers/switcher/SwitcherFactory;Lcom/github/grishberg/cad3d/keyboard/casebody/controllers/Controller;Lcom/github/grishberg/cad3d/trackball/Trackball;Lcom/github/grishberg/cad3d/keyboard/casebody/thumb/ThumbBorders;Lcom/github/grishberg/cad3d/keyboard/casebody/thumb/ThumbWalls;)Ljava/util/List;+44
j  com.github.grishberg.cad3d.KeyboardBuilder.access$createCase(Lcom/github/grishberg/cad3d/KeyboardBuilder;Lcom/github/grishberg/cad3d/keyboard/cfg/KeyboardConfig;Lcom/github/grishberg/cad3d/keyboard/KeyPlace;Lcom/github/grishberg/cad3d/keyboard/ThumbKeyPlace;Lcom/github/grishberg/cad3d/keyboard/screws/ScrewWallPlaces;Lcom/github/grishberg/cad3d/keyboard/casebody/Walls;Lcom/github/grishberg/cad3d/keyboard/casebody/controllers/ControllerPlace;Lcom/github/grishberg/cad3d/keyboard/casebody/controllers/SwitcherPlace;Lcom/github/grishberg/cad3d/keyboard/casebody/controllers/ControllerFactory;Lcom/github/grishberg/cad3d/keyboard/casebody/controllers/switcher/SwitcherFactory;Lcom/github/grishberg/cad3d/keyboard/casebody/controllers/Controller;Lcom/github/grishberg/cad3d/trackball/Trackball;Lcom/github/grishberg/cad3d/keyboard/casebody/thumb/ThumbBorders;Lcom/github/grishberg/cad3d/keyboard/casebody/thumb/ThumbWalls;)Ljava/util/List;+24
j  com.github.grishberg.cad3d.KeyboardBuilder$exportStl$1$2.invokeSuspend(Ljava/lang/Object;)Ljava/lang/Object;+104
j  kotlin.coroutines.jvm.internal.BaseContinuationImpl.resumeWith(Ljava/lang/Object;)V+44
j  kotlinx.coroutines.DispatchedTask.run()V+317
j  kotlinx.coroutines.scheduling.CoroutineScheduler.runSafely(Lkotlinx/coroutines/scheduling/Task;)V+2
j  kotlinx.coroutines.scheduling.CoroutineScheduler$Worker.executeTask(Lkotlinx/coroutines/scheduling/Task;)V+30
j  kotlinx.coroutines.scheduling.CoroutineScheduler$Worker.runWorker()V+44
j  kotlinx.coroutines.scheduling.CoroutineScheduler$Worker.run()V+1
v  ~StubRoutines::call_stub

siginfo: si_signo: 11 (SIGSEGV), si_code: 1 (SEGV_MAPERR), si_addr: 0x00007b379b07dced

Registers:
RAX=0x00007b30d06fc398, RBX=0x00007b302802de20, RCX=0x0000000000000000, RDX=0x0000000000000000
RSP=0x00007b30c1ffd928, RBP=0x00007b30c1ffd960, RSI=0x00007b302802de20, RDI=0x00007b379b07dcdd
R8 =0x00007b302802de20, R9 =0x0000000000000000, R10=0x00007b3120dd59ef, R11=0x00007b3119360ee0
R12=0x00007b379b07dcdd, R13=0x00007b3028055c00, R14=0x00007b30c1ffd960, R15=0x00007b30d0610b30
RIP=0x00007b313749fff4, EFLAGS=0x0000000000010246, CSGSFS=0x002b000000000033, ERR=0x0000000000000004
  TRAPNO=0x000000000000000e

XMM[0]=0x00007b3028055bf0 0x00007b3028055c00
XMM[1]=0x0000000000000000 0x0000000000000000
XMM[2]=0x0000000000000000 0x3f1a36e2eb1c432d
XMM[3]=0x0000000000000000 0x3ff0000000000000
XMM[4]=0x0000000000000000 0x0000000000000000
XMM[5]=0x0000000000000000 0x3ff0000000000000
XMM[6]=0x0000000000000000 0x40477c23087a6128
XMM[7]=0x0000000000000000 0x40477c23087a6128
XMM[8]=0x0000000000000000 0x0000000000000000
XMM[9]=0x0000000000000000 0x0000000000000000
XMM[10]=0x0000000000000000 0xc021334a2aee9cea
XMM[11]=0x0000000000000000 0x0000000000000000
XMM[12]=0x0000000000000000 0x0000000000000000
XMM[13]=0x0000000000000000 0x0000000000000000
XMM[14]=0x0000000000000000 0x0000000000000000
XMM[15]=0x0000000000000000 0x3ff0000000000000
  MXCSR=0x00001fa4


Register to memory mapping:

RAX=0x00007b30d06fc398: _ZTVN8manifold9CsgOpNodeE+0x0000000000000010 in /tmp/manifold3d2863954366981951719/libmanifold.so.3 at 0x00007b30d059a000
RBX=0x00007b302802de20 points into unknown readable memory: 0x00007b379b07dcdd | dd dc 07 9b 37 7b 00 00
RCX=0x0 is NULL
RDX=0x0 is NULL
RSP=0x00007b30c1ffd928 is pointing into the stack for thread: 0x00007b3030064d60
RBP=0x00007b30c1ffd960 is pointing into the stack for thread: 0x00007b3030064d60
RSI=0x00007b302802de20 points into unknown readable memory: 0x00007b379b07dcdd | dd dc 07 9b 37 7b 00 00
RDI=0x00007b379b07dcdd is an unknown value
R8 =0x00007b302802de20 points into unknown readable memory: 0x00007b379b07dcdd | dd dc 07 9b 37 7b 00 00
R9 =0x0 is NULL
R10=0x00007b3120dd59ef is at entry_point+79 in (nmethod*)0x00007b3120dd5810
Compiled method (n/a) 252  771     n 0       com.cadoodlecad.manifold.ManifoldBindings::jniUnion (native)
 total in heap  [0x00007b3120dd5810,0x00007b3120dd5b90] = 896
 relocation     [0x00007b3120dd5970,0x00007b3120dd59a0] = 48
 main code      [0x00007b3120dd59a0,0x00007b3120dd5b88] = 488
 oops           [0x00007b3120dd5b88,0x00007b3120dd5b90] = 8
0x00007b3120dd59cf:   4c 8b c1 48 8b ca 48 8b d6 49 be 70 01 06 f5 00
0x00007b3120dd59df:   00 00 00 4c 89 74 24 30 4c 8d 74 24 30 49 8b f6
0x00007b3120dd59ef:   c5 f8 77 
R11=0x00007b3119360ee0 is at entry_point+32 in (nmethod*)0x00007b3119360d10
Compiled method (c1) 252  790       3       eu.printingin3d.javascad.manifold.Manifold3dEngine::unionNative (8 bytes)
 total in heap  [0x00007b3119360d10,0x00007b3119361080] = 880
 relocation     [0x00007b3119360e70,0x00007b3119360ea8] = 56
 main code      [0x00007b3119360ec0,0x00007b3119360fc0] = 256
 stub code      [0x00007b3119360fc0,0x00007b3119361000] = 64
 oops           [0x00007b3119361000,0x00007b3119361008] = 8
 metadata       [0x00007b3119361008,0x00007b3119361010] = 8
 scopes data    [0x00007b3119361010,0x00007b3119361038] = 40
 scopes pcs     [0x00007b3119361038,0x00007b3119361078] = 64
 dependencies   [0x00007b3119361078,0x00007b3119361080] = 8
0x00007b3119360ee0:   89 84 24 00 c0 fe ff 55 48 83 ec 40 
R12=0x00007b379b07dcdd is an unknown value
R13=0x00007b3028055c00 points into unknown readable memory: 0x00007b30d06fc398 | 98 c3 6f d0 30 7b 00 00
R14=0x00007b30c1ffd960 is pointing into the stack for thread: 0x00007b3030064d60
R15=0x00007b30d0610b30: _ZN8manifold9CsgOpNode7BooleanERKSt10shared_ptrINS_7CsgNodeEENS_6OpTypeE+0x0000000000000000 in /tmp/manifold3d2863954366981951719/libmanifold.so.3 at 0x00007b30d059a000


Top of Stack: (sp=0x00007b30c1ffd928)
0x00007b30c1ffd928:   00007b30d0653899 00007b30c1ffd9f0
0x00007b30c1ffd938:   0000000000000000 00007b302802de20
0x00007b30c1ffd948:   00007b30d0656c5e 00007b3028055c00
0x00007b30c1ffd958:   00007b3028055bf0 0000000000000007
0x00007b30c1ffd968:   00007b30280008e0 00000000f5060238
0x00007b30c1ffd978:   ffffffff7203b002 00007b30c1ffd9b0
0x00007b30c1ffd988:   5952fd68be39cf00 0000000000000138
0x00007b30c1ffd998:   00007b30c1ffd9f0 00007b30c1ffd9f0
0x00007b30c1ffd9a8:   00007b302802de20 00007b30c1ffdc18
0x00007b30c1ffd9b8:   00007b30c1ffdac0 00007b3030064d60
0x00007b30c1ffd9c8:   00007b30d0656eb3 00007b3120668260
0x00007b30c1ffd9d8:   5952fd68be39cf00 00007b302802de20
0x00007b30c1ffd9e8:   00007b30d15932f6 00007b306f40a04b
0x00007b30c1ffd9f8:   00007b302802de20 ffffffff7203b002
0x00007b30c1ffda08:   00000000f5060238 00000000f50281a8
0x00007b30c1ffda18:   0000000000000030 0000000000000000
0x00007b30c1ffda28:   5952fd68be39cf00 0000000000000154
0x00007b30c1ffda38:   00007b30c1ffda80 0000000000000000
0x00007b30c1ffda48:   00007b313761dfbf 00007b30c1ffda80
0x00007b30c1ffda58:   00007b302802de20 00007b3028041890
0x00007b30c1ffda68:   00007b302802de20 00007b30c1ffdac0
0x00007b30c1ffda78:   00007b3030065010 00007b30c1ffdad0
0x00007b30c1ffda88:   00007b3120dd5a68 0000000000000007
0x00007b30c1ffda98:   00007b30280008e0 00000000f5060238
0x00007b30c1ffdaa8:   00007b302802de20 00007b3030064d60
0x00007b30c1ffdab8:   00007b30c1ffdd00 00000000f5060170
0x00007b30c1ffdac8:   0000000000000000 00007b30c1ffdc98
0x00007b30c1ffdad8:   00007b3119376564 0000000000000007
0x00007b30c1ffdae8:   0000000000000000 00007b30c1ffdb90
0x00007b30c1ffdaf8:   00000000f5060238 00007b30c1ffdb30
0x00007b30c1ffdb08:   0000000000000138 00007b306f409e40
0x00007b30c1ffdb18:   00007b3028041890 00007b302802de20 

Instructions: (pc=0x00007b313749fff4)
0x00007b313749fef4:   ff ff ff 83 f8 92 0f 84 68 ff ff ff 8d 50 26 83
0x00007b313749ff04:   f8 da 72 14 48 b8 09 00 00 08 2c 00 00 00 48 0f
0x00007b313749ff14:   a3 d0 0f 82 4c ff ff ff 48 8d 3d d5 10 13 00 e8
0x00007b313749ff24:   18 0b ff ff 83 f8 f5 0f 84 a9 fd ff ff 83 f8 fc
0x00007b313749ff34:   0f 84 a0 fd ff ff eb e0 0f 1f 40 00 be 80 00 00
0x00007b313749ff44:   00 48 89 df e8 73 90 ff ff e9 16 ff ff ff 64 48
0x00007b313749ff54:   c7 04 25 f0 02 00 00 00 00 00 00 b8 23 00 00 00
0x00007b313749ff64:   e9 97 fa ff ff b8 0b 00 00 00 e9 8d fa ff ff 41
0x00007b313749ff74:   8b 04 24 83 e0 7f 83 f8 12 74 d3 83 f8 11 0f 85
0x00007b313749ff84:   2f fd ff ff e9 06 ff ff ff e8 2e 7f 09 00 48 8d
0x00007b313749ff94:   0d e7 4d 13 00 ba bd 01 00 00 48 8d 35 c0 c4 12
0x00007b313749ffa4:   00 48 8d 3d 74 11 13 00 e8 3f b3 f9 ff 48 8d 0d
0x00007b313749ffb4:   c8 4d 13 00 ba c2 01 00 00 48 8d 35 a1 c4 12 00
0x00007b313749ffc4:   48 8d 3d af c4 12 00 e8 20 b3 f9 ff 48 8d 0d a9
0x00007b313749ffd4:   4d 13 00 ba 5f 02 00 00 48 8d 35 82 c4 12 00 48
0x00007b313749ffe4:   8d 3d a6 c4 12 00 e8 01 b3 f9 ff 90 f3 0f 1e fa
0x00007b313749fff4:   8b 47 10 89 c2 81 e2 7f 01 00 00 90 83 e0 7c 0f
0x00007b31374a0004:   85 a7 00 00 00 55 48 89 e5 53 48 83 ec 18 85 d2
0x00007b31374a0014:   0f 85 9e 00 00 00 44 8b 0d 0f 57 16 00 45 85 c9
0x00007b31374a0024:   75 5a 8b 77 10 81 e6 80 00 00 00 75 09 80 3d 08
0x00007b31374a0034:   b0 16 00 00 75 36 31 c0 ba 01 00 00 00 f0 0f b1
0x00007b31374a0044:   17 0f 85 ad 00 00 00 8b 4f 08 85 c9 0f 85 54 01
0x00007b31374a0054:   00 00 64 8b 04 25 d0 02 00 00 89 47 08 83 47 0c
0x00007b31374a0064:   01 90 31 c0 48 8b 5d f8 c9 c3 66 90 44 8b 07 45
0x00007b31374a0074:   85 c0 75 c2 c7 07 01 00 00 00 eb cb 8b 47 10 f6
0x00007b31374a0084:   c4 03 74 08 f6 c4 01 74 99 eb 07 90 80 cc 01 89
0x00007b31374a0094:   47 10 8b 57 10 48 8b 5d f8 48 8d 77 16 c9 81 e2
0x00007b31374a00a4:   80 00 00 00 e9 a3 88 ff ff 0f 1f 00 e9 5b f8 ff
0x00007b31374a00b4:   ff 0f 1f 00 81 fa 00 01 00 00 74 d6 8b 57 10 83
0x00007b31374a00c4:   e2 7f 83 fa 01 0f 85 8e 00 00 00 64 8b 04 25 d0
0x00007b31374a00d4:   02 00 00 39 47 08 75 2e 8b 47 04 83 f8 ff 0f 84
0x00007b31374a00e4:   b8 00 00 00 83 c0 01 89 47 04 e9 73 ff ff ff 0f 


Stack slot to memory mapping:
stack at sp + 0 slots: 0x00007b30d0653899: _ZNK8manifold8Manifold9LoadPNodeEv+0x0000000000000019 in /tmp/manifold3d2863954366981951719/libmanifold.so.3 at 0x00007b30d059a000
stack at sp + 1 slots: 0x00007b30c1ffd9f0 is pointing into the stack for thread: 0x00007b3030064d60
stack at sp + 2 slots: 0x0 is NULL
stack at sp + 3 slots: 0x00007b302802de20 points into unknown readable memory: 0x00007b379b07dcdd | dd dc 07 9b 37 7b 00 00
stack at sp + 4 slots: 0x00007b30d0656c5e: _ZNK8manifold8Manifold7BooleanERKS0_NS_6OpTypeE+0x000000000000004e in /tmp/manifold3d2863954366981951719/libmanifold.so.3 at 0x00007b30d059a000
stack at sp + 5 slots: 0x00007b3028055c00 points into unknown readable memory: 0x00007b30d06fc398 | 98 c3 6f d0 30 7b 00 00
stack at sp + 6 slots: 0x00007b3028055bf0 points into unknown readable memory: 0x00007b30d06fc3d0 | d0 c3 6f d0 30 7b 00 00
stack at sp + 7 slots: 0x0000000000000007 is an unknown value


Compiled method (n/a) 255  771     n 0       com.cadoodlecad.manifold.ManifoldBindings::jniUnion (native)
 total in heap  [0x00007b3120dd5810,0x00007b3120dd5b90] = 896
 relocation     [0x00007b3120dd5970,0x00007b3120dd59a0] = 48
 main code      [0x00007b3120dd59a0,0x00007b3120dd5b88] = 488
 oops           [0x00007b3120dd5b88,0x00007b3120dd5b90] = 8

[Constant Pool (empty)]

[MachCode]
[Entry Point]
  # {method} {0x00007b306f413880} 'jniUnion' '(JJJ)J' in 'com/cadoodlecad/manifold/ManifoldBindings'
  # parm0:    rsi:rsi   = long
  # parm1:    rdx:rdx   = long
  # parm2:    rcx:rcx   = long
  #           [sp+0x50]  (sp of caller)
  0x00007b3120dd59a0: 448b 5608 | 49bb 0000 | 0073 307b | 0000 4d03 | d349 3bc2 | 0f84 0600 

  0x00007b3120dd59b8: ;   {runtime_call ic_miss_stub}
  0x00007b3120dd59b8: 0000 e9c1 | a38d ff90 
[Verified Entry Point]
  0x00007b3120dd59c0: 8984 2400 | c0fe ff55 | 488b ec48 | 83ec 404c | 8bc1 488b | ca48 8bd6 

  0x00007b3120dd59d8: ;   {oop(a 'java/lang/Class'{0x00000000f5060170} = 'com/cadoodlecad/manifold/ManifoldBindings')}
  0x00007b3120dd59d8: 49be 7001 | 06f5 0000 | 0000 4c89 | 7424 304c | 8d74 2430 | 498b f6c5 

  0x00007b3120dd59f0: ;   {internal_word}
  0x00007b3120dd59f0: f877 49ba | ef59 dd20 | 317b 0000 | 4d89 9798 | 0200 0049 | 89a7 9002 

  0x00007b3120dd5a08: ;   {external_word}
  0x00007b3120dd5a08: 0000 803d | 7477 5316 | 000f 843a | 0000 0056 | 5251 4150 

  0x00007b3120dd5a1c: ;   {metadata({method} {0x00007b306f413880} 'jniUnion' '(JJJ)J' in 'com/cadoodlecad/manifold/ManifoldBindings')}
  0x00007b3120dd5a1c: 48be 8038 | 416f 307b | 0000 498b | fff7 c40f | 0000 000f | 8412 0000 | 0048 83ec 

  0x00007b3120dd5a38: ;   {runtime_call SharedRuntime::dtrace_method_entry(JavaThread*, Method*)}
  0x00007b3120dd5a38: 08e8 62d0 | f015 4883 | c408 e905 

  0x00007b3120dd5a44: ;   {runtime_call SharedRuntime::dtrace_method_entry(JavaThread*, Method*)}
  0x00007b3120dd5a44: 0000 00e8 | 54d0 f015 | 4158 595a | 5e49 8dbf | b002 0000 | 41c7 8738 | 0300 0004 

  0x00007b3120dd5a60: ;   {runtime_call Java_com_cadoodlecad_manifold_ManifoldBindings_jniUnion}
  0x00007b3120dd5a60: 0000 00e8 | 2085 8416 | c5f8 7741 | c787 3803 | 0000 0500 | 0000 f083 | 4424 c000 | 493b af40 
  0x00007b3120dd5a80: 0300 000f | 8711 0000 | 0041 81bf | 2803 0000 | 0000 0000 | 0f84 2400 | 0000 c5f8 | 7748 8945 
  0x00007b3120dd5aa0: f849 8bff | 4c8b e448 | 83ec 0048 

  0x00007b3120dd5aac: ;   {runtime_call JavaThread::check_special_condition_for_native_trans(JavaThread*)}
  0x00007b3120dd5aac: 83e4 f0e8 | 1c95 0916 | 498b e44d | 33e4 488b | 45f8 41c7 | 8738 0300 | 0008 0000 | 0041 81bf 
  0x00007b3120dd5acc: a803 0000 | 0200 0000 | 0f84 8400 

  0x00007b3120dd5ad8: ;   {external_word}
  0x00007b3120dd5ad8: 0000 803d | a476 5316 | 000f 8438 | 0000 0048 

  0x00007b3120dd5ae8: ;   {metadata({method} {0x00007b306f413880} 'jniUnion' '(JJJ)J' in 'com/cadoodlecad/manifold/ManifoldBindings')}
  0x00007b3120dd5ae8: 8945 f848 | be80 3841 | 6f30 7b00 | 0049 8bff | f7c4 0f00 | 0000 0f84 | 1200 0000 | 4883 ec08 
  0x00007b3120dd5b08: ;   {runtime_call SharedRuntime::dtrace_method_exit(JavaThread*, Method*)}
  0x00007b3120dd5b08: e843 d0f0 | 1548 83c4 | 08e9 0500 

  0x00007b3120dd5b14: ;   {runtime_call SharedRuntime::dtrace_method_exit(JavaThread*, Method*)}
  0x00007b3120dd5b14: 0000 e835 | d0f0 1548 | 8b45 f849 | c787 9002 | 0000 0000 | 0000 49c7 | 8798 0200 | 0000 0000 
  0x00007b3120dd5b34: 00c5 f877 | 498b 8fd8 | 0000 00c7 | 8100 0100 | 0000 0000 | 00c9 4981 | 7f08 0000 | 0000 0f85 
  0x00007b3120dd5b54: 0100 0000 

  0x00007b3120dd5b58: ;   {runtime_call StubRoutines (1)}
  0x00007b3120dd5b58: c3e9 a2a0 | 88ff c5f8 | 7748 8945 | f84c 8be4 | 4883 ec00 | 4883 e4f0 

  0x00007b3120dd5b70: ;   {runtime_call SharedRuntime::reguard_yellow_pages()}
  0x00007b3120dd5b70: e84b def0 | 1549 8be4 | 4d33 e448 | 8b45 f8e9 | 56ff ffff | f4f4 f4f4 
[/MachCode]


Compiled method (c1) 259  829       3       com.cadoodlecad.manifold.ManifoldBindings::union (13 bytes)
 total in heap  [0x00007b3119376310,0x00007b31193766e0] = 976
 relocation     [0x00007b3119376470,0x00007b31193764b8] = 72
 main code      [0x00007b31193764c0,0x00007b31193765e0] = 288
 stub code      [0x00007b31193765e0,0x00007b3119376630] = 80
 oops           [0x00007b3119376630,0x00007b3119376638] = 8
 metadata       [0x00007b3119376638,0x00007b3119376640] = 8
 scopes data    [0x00007b3119376640,0x00007b3119376688] = 72
 scopes pcs     [0x00007b3119376688,0x00007b31193766d8] = 80
 dependencies   [0x00007b31193766d8,0x00007b31193766e0] = 8

[Constant Pool (empty)]

[MachCode]
[Entry Point]
  # {method} {0x00007b306f417908} 'union' '(JJ)J' in 'com/cadoodlecad/manifold/ManifoldBindings'
  # this:     rsi:rsi   = 'com/cadoodlecad/manifold/ManifoldBindings'
  # parm0:    rdx:rdx   = long
  # parm1:    rcx:rcx   = long
  #           [sp+0x60]  (sp of caller)
  0x00007b31193764c0: 448b 5608 | 49bb 0000 | 0073 307b | 0000 4d03 | d34c 3bd0 

  0x00007b31193764d4: ;   {runtime_call ic_miss_stub}
  0x00007b31193764d4: 0f85 a698 | 3307 660f | 1f44 0000 
[Verified Entry Point]
  0x00007b31193764e0: 8984 2400 | c0fe ff55 | 4883 ec50 

  0x00007b31193764ec: ;   {metadata(method data for {method} {0x00007b306f417908} 'union' '(JJ)J' in 'com/cadoodlecad/manifold/ManifoldBindings')}
  0x00007b31193764ec: 48bf c898 | 6b6f 307b | 0000 8b9f | f400 0000 | 83c3 0289 | 9ff4 0000 | 0081 e3fe | 0700 0083 
  0x00007b311937650c: fb00 0f84 | 6300 0000 | 4889 4c24 | 4048 8954 

  0x00007b311937651c: ;   {metadata(method data for {method} {0x00007b306f417908} 'union' '(JJ)J' in 'com/cadoodlecad/manifold/ManifoldBindings')}
  0x00007b311937651c: 2438 48be | c898 6b6f | 307b 0000 | 4883 8638 | 0100 0001 | 0f1f 8000 

  0x00007b3119376534: ;   {static_call}
  0x00007b3119376534: 0000 00e8 

  0x00007b3119376538: ; ImmutableOopMap {}
                      ;*invokestatic jniAllocManifold {reexecute=0 rethrow=0 return_oop=0}
                      ; - com.cadoodlecad.manifold.ManifoldBindings::union@0 (line 433)
  0x00007b3119376538: 04ce a507 

  0x00007b311937653c: ;   {metadata(method data for {method} {0x00007b306f417908} 'union' '(JJ)J' in 'com/cadoodlecad/manifold/ManifoldBindings')}
  0x00007b311937653c: 48be c898 | 6b6f 307b | 0000 4883 | 8648 0100 | 0001 488b | f048 8b54 | 2438 488b | 4c24 400f 
  0x00007b311937655c: ;   {static_call}
  0x00007b311937655c: 1f40 00e8 

  0x00007b3119376560: ; ImmutableOopMap {}
                      ;*invokestatic jniUnion {reexecute=0 rethrow=0 return_oop=0}
                      ; - com.cadoodlecad.manifold.ManifoldBindings::union@9 (line 434)
  0x00007b3119376560: 5cf4 a507 | 4883 c450 

  0x00007b3119376568: ;   {poll_return}
  0x00007b3119376568: 5d49 3ba7 | 4003 0000 | 0f87 2200 

  0x00007b3119376574: ;   {metadata({method} {0x00007b306f417908} 'union' '(JJ)J' in 'com/cadoodlecad/manifold/ManifoldBindings')}
  0x00007b3119376574: 0000 c349 | ba08 7941 | 6f30 7b00 | 004c 8954 | 2408 48c7 | 0424 ffff 

  0x00007b311937658c: ;   {runtime_call counter_overflow Runtime1 stub}
  0x00007b311937658c: ffff e8ed 

  0x00007b3119376590: ; ImmutableOopMap {rsi=Oop }
                      ;*synchronization entry
                      ; - com.cadoodlecad.manifold.ManifoldBindings::union@-1 (line 433)
  0x00007b3119376590: 153e 07e9 | 7cff ffff 

  0x00007b3119376598: ;   {internal_word}
  0x00007b3119376598: 49ba 6965 | 3719 317b | 0000 4d89 | 9758 0300 

  0x00007b31193765a8: ;   {runtime_call SafepointBlob}
  0x00007b31193765a8: 00e9 5201 | 3407 9090 | 498b 87d0 | 0300 0049 | c787 d003 | 0000 0000 | 0000 49c7 | 87d8 0300 
  0x00007b31193765c8: 0000 0000 | 0048 83c4 

  0x00007b31193765d0: ;   {runtime_call unwind_exception Runtime1 stub}
  0x00007b31193765d0: 505d e9a9 | a63d 07f4 | f4f4 f4f4 | f4f4 f4f4 
[Stub Code]
  0x00007b31193765e0: ;   {no_reloc}
  0x00007b31193765e0: 0f1f 4400 

  0x00007b31193765e4: ;   {static_stub}
  0x00007b31193765e4: 0048 bb00 | 0000 0000 

  0x00007b31193765ec: ;   {runtime_call}
  0x00007b31193765ec: 0000 00e9 | fbff ffff 

  0x00007b31193765f4: ;   {static_stub}
  0x00007b31193765f4: 9048 bb00 | 0000 0000 

  0x00007b31193765fc: ;   {runtime_call}
  0x00007b31193765fc: 0000 00e9 | fbff ffff 
[Exception Handler]
  0x00007b3119376604: ;   {runtime_call handle_exception_from_callee Runtime1 stub}
  0x00007b3119376604: e877 dc3d 

  0x00007b3119376608: ;   {external_word}
  0x00007b3119376608: 0748 bf52 | 57f9 3631 | 7b00 0048 

  0x00007b3119376614: ;   {runtime_call MacroAssembler::debug64(char*, long, long*)}
  0x00007b3119376614: 83e4 f0e8 | 5445 791d 

  0x00007b311937661c: ;   {section_word}
  0x00007b311937661c: f449 ba1d | 6637 1931 | 7b00 0041 

  0x00007b3119376628: ;   {runtime_call DeoptimizationBlob}
  0x00007b3119376628: 52e9 72f3 | 3307 f4f4 
[/MachCode]


Compiled method (c1) 261  789   !   3       eu.printingin3d.javascad.manifold.Manifold3dEngine::operateNative (113 bytes)
 total in heap  [0x00007b3119360190,0x00007b3119360c88] = 2808
 relocation     [0x00007b31193602f0,0x00007b31193603a8] = 184
 main code      [0x00007b31193603c0,0x00007b3119360860] = 1184
 stub code      [0x00007b3119360860,0x00007b31193608f0] = 144
 oops           [0x00007b31193608f0,0x00007b3119360900] = 16
 metadata       [0x00007b3119360900,0x00007b3119360910] = 16
 scopes data    [0x00007b3119360910,0x00007b3119360a00] = 240
 scopes pcs     [0x00007b3119360a00,0x00007b3119360b20] = 288
 dependencies   [0x00007b3119360b20,0x00007b3119360b28] = 8
 handler table  [0x00007b3119360b28,0x00007b3119360c60] = 312
 nul chk table  [0x00007b3119360c60,0x00007b3119360c88] = 40

[Constant Pool (empty)]

[MachCode]
[Entry Point]
  # {method} {0x00007b306f40b8e8} 'operateNative' '(JJI)J' in 'eu/printingin3d/javascad/manifold/Manifold3dEngine'
  # this:     rsi:rsi   = 'eu/printingin3d/javascad/manifold/Manifold3dEngine'
  # parm0:    rdx:rdx   = long
  # parm1:    rcx:rcx   = long
  # parm2:    r8        = int
  #           [sp+0x80]  (sp of caller)
  0x00007b31193603c0: 448b 5608 | 49bb 0000 | 0073 307b | 0000 4d03 | d34c 3bd0 

  0x00007b31193603d4: ;   {runtime_call ic_miss_stub}
  0x00007b31193603d4: 0f85 a6f9 | 3407 660f | 1f44 0000 
[Verified Entry Point]
  0x00007b31193603e0: 8984 2400 | c0fe ff55 | 4883 ec70 

  0x00007b31193603ec: ;   {metadata(method data for {method} {0x00007b306f40b8e8} 'operateNative' '(JJI)J' in 'eu/printingin3d/javascad/manifold/Manifold3dEngine')}
  0x00007b31193603ec: 48b8 9095 | 6b6f 307b | 0000 8bb8 | f400 0000 | 83c7 0289 | b8f4 0000 | 0081 e7fe | 0700 0083 
  0x00007b311936040c: ff00 0f84 | 4d03 0000 

  0x00007b3119360414: ;   {oop(a 'java/lang/Object'{0x00000000f5060238})}
  0x00007b3119360414: 48be 3802 | 06f5 0000 | 0000 488d | 7c24 5048 | 8977 0848 | 8b06 4883 | c801 4889 | 07f0 480f 
  0x00007b3119360434: b13e 0f84 | 1300 0000 | 482b c448 | 81e0 07f0 | ffff 4889 | 070f 8538 | 0300 0044 | 8944 2430 
  0x00007b3119360454: 4889 4c24 | 4048 8954 

  0x00007b311936045c: ;   {oop(a 'eu/printingin3d/javascad/manifold/Manifold3dEngine'{0x00000000f50601f0})}
  0x00007b311936045c: 2438 48be | f001 06f5 | 0000 0000 

  0x00007b3119360468: ;   {metadata(method data for {method} {0x00007b306f40b8e8} 'operateNative' '(JJI)J' in 'eu/printingin3d/javascad/manifold/Manifold3dEngine')}
  0x00007b3119360468: 488b fe48 | bb90 956b | 6f30 7b00 | 0048 8383 | 3801 0000 

  0x00007b311936047c: ;   {optimized virtual_call}
  0x00007b311936047c: 0166 90e8 

  0x00007b3119360480: ; ImmutableOopMap {[88]=Oop }
                      ;*invokespecial getBindings {reexecute=0 rethrow=0 return_oop=0}
                      ; - eu.printingin3d.javascad.manifold.Manifold3dEngine::operateNative@15 (line 226)
  0x00007b3119360480: 3c52 feff 

  0x00007b3119360484: ;   {metadata(method data for {method} {0x00007b306f40b8e8} 'operateNative' '(JJI)J' in 'eu/printingin3d/javascad/manifold/Manifold3dEngine')}
  0x00007b3119360484: 48ba 9095 | 6b6f 307b | 0000 48c7 | c150 0100 | 0044 8b44 | 2430 4183 | f800 488b | f148 c7c1 
  0x00007b31193604a4: 6001 0000 | 480f 45ce | 4183 f801 | 488b f148 | c7c1 7001 | 0000 480f | 45ce 4183 | f802 488b 
  0x00007b31193604c4: f148 c7c1 | 8001 0000 | 480f 45ce | 488b 340a | 49c7 c201 | 0000 0049 | 03f2 4889 | 340a 4183 
  0x00007b31193604e4: f800 0f84 | b500 0000 | 4183 f801 | 0f84 5b00 | 0000 4183 | f802 0f85 | 3f01 0000 

  0x00007b3119360500: ; implicit exception: dispatches to 0x00007b311936079a
  0x00007b3119360500: 483b 0048 

  0x00007b3119360504: ;   {metadata(method data for {method} {0x00007b306f40b8e8} 'operateNative' '(JJI)J' in 'eu/printingin3d/javascad/manifold/Manifold3dEngine')}
  0x00007b3119360504: 8bd0 48b9 | 9095 6b6f | 307b 0000 

  0x00007b3119360510: ;   {metadata('com/cadoodlecad/manifold/ManifoldBindings')}
  0x00007b3119360510: 49ba 0020 | 0074 307b | 0000 4c89 | 9148 0200 | 0048 8381 | 5002 0000 | 0148 8b54 | 2438 488b 
  0x00007b3119360530: 4c24 4048 

  0x00007b3119360534: ;   {optimized virtual_call}
  0x00007b3119360534: 8bf0 90e8 

  0x00007b3119360538: ; ImmutableOopMap {[88]=Oop }
                      ;*invokevirtual intersection {reexecute=0 rethrow=0 return_oop=0}
                      ; - eu.printingin3d.javascad.manifold.Manifold3dEngine::operateNative@72 (line 230)
  0x00007b3119360538: 44fb 3407 

  0x00007b311936053c: ;   {metadata(method data for {method} {0x00007b306f40b8e8} 'operateNative' '(JJI)J' in 'eu/printingin3d/javascad/manifold/Manifold3dEngine')}
  0x00007b311936053c: 48ba 9095 | 6b6f 307b | 0000 ff82 | 7002 0000 | e99b 0000 | 0048 3b00 

  0x00007b3119360554: ;   {metadata(method data for {method} {0x00007b306f40b8e8} 'operateNative' '(JJI)J' in 'eu/printingin3d/javascad/manifold/Manifold3dEngine')}
  0x00007b3119360554: 488b d048 | b990 956b | 6f30 7b00 

  0x00007b3119360560: ;   {metadata('com/cadoodlecad/manifold/ManifoldBindings')}
  0x00007b3119360560: 0049 ba00 | 2000 7430 | 7b00 004c | 8991 f801 | 0000 4883 | 8100 0200 | 0001 488b | 5424 3848 
  0x00007b3119360580: 8b4c 2440 

  0x00007b3119360584: ;   {optimized virtual_call}
  0x00007b3119360584: 488b f0e8 

  0x00007b3119360588: ; ImmutableOopMap {[88]=Oop }
                      ;*invokevirtual difference {reexecute=0 rethrow=0 return_oop=0}
                      ; - eu.printingin3d.javascad.manifold.Manifold3dEngine::operateNative@62 (line 229)
  0x00007b3119360588: f902 0000 

  0x00007b311936058c: ;   {metadata(method data for {method} {0x00007b306f40b8e8} 'operateNative' '(JJI)J' in 'eu/printingin3d/javascad/manifold/Manifold3dEngine')}
  0x00007b311936058c: 48ba 9095 | 6b6f 307b | 0000 ff82 | 2002 0000 | e94b 0000 | 0048 8b4c | 2440 488b | 5424 3848 
  0x00007b31193605ac: 3b00 488b 

  0x00007b31193605b0: ;   {metadata(method data for {method} {0x00007b306f40b8e8} 'operateNative' '(JJI)J' in 'eu/printingin3d/javascad/manifold/Manifold3dEngine')}
  0x00007b31193605b0: f048 bf90 | 956b 6f30 

  0x00007b31193605b8: ;   {metadata('com/cadoodlecad/manifold/ManifoldBindings')}
  0x00007b31193605b8: 7b00 0049 | ba00 2000 | 7430 7b00 | 004c 8997 | a801 0000 | 4883 87b0 | 0100 0001 

  0x00007b31193605d4: ;   {optimized virtual_call}
  0x00007b31193605d4: 488b f0e8 

  0x00007b31193605d8: ; ImmutableOopMap {[88]=Oop }
                      ;*invokevirtual union {reexecute=0 rethrow=0 return_oop=0}
                      ; - eu.printingin3d.javascad.manifold.Manifold3dEngine::operateNative@52 (line 228)
  0x00007b31193605d8: 045f 0100 

  0x00007b31193605dc: ;   {metadata(method data for {method} {0x00007b306f40b8e8} 'operateNative' '(JJI)J' in 'eu/printingin3d/javascad/manifold/Manifold3dEngine')}
  0x00007b31193605dc: 48ba 9095 | 6b6f 307b | 0000 ff82 | d001 0000 

  0x00007b31193605ec: ;   {oop(a 'java/lang/Object'{0x00000000f5060238})}
  0x00007b31193605ec: 488b f048 | b838 0206 | f500 0000 | 0048 8d44 | 2450 488b | 1048 85d2 | 0f84 0f00 | 0000 488b 
  0x00007b311936060c: 7808 f048 | 0fb1 170f | 8590 0100 

  0x00007b3119360618: ;   {metadata(method data for {method} {0x00007b306f40b8e8} 'operateNative' '(JJI)J' in 'eu/printingin3d/javascad/manifold/Manifold3dEngine')}
  0x00007b3119360618: 0048 b890 | 956b 6f30 | 7b00 00ff | 80b8 0200 | 0048 8bc6 | 4883 c470 

  0x00007b3119360630: ;   {poll_return}
  0x00007b3119360630: 5d49 3ba7 | 4003 0000 | 0f87 7e01 | 0000 c390 

  0x00007b3119360640: ;   {no_reloc}
  0x00007b3119360640: e99c 0100 | 0000 0000 | 0000 498b | 8708 0100 | 0048 8d78 | 2849 3bbf | 1801 0000 | 0f87 8901 
  0x00007b3119360660: 0000 4989 | bf08 0100 | 0048 c700 | 0100 0000 | 488b ca49 | ba00 0000 | 7330 7b00 | 0049 2bca 
  0x00007b3119360680: 8948 0848 | 33c9 8948 | 0c48 33c9 | 4889 4810 | 4889 4818 | 4889 4820 

  0x00007b3119360698: ;   {no_reloc}
  0x00007b3119360698: e96a 0100 | 0090 9090 | 9090 498b | f048 8944 | 2448 0f1f 

  0x00007b31193606ac: ;   {static_call}
  0x00007b31193606ac: 4400 00e8 

  0x00007b31193606b0: ; ImmutableOopMap {[72]=Oop [88]=Oop }
                      ;*invokedynamic {reexecute=0 rethrow=0 return_oop=0}
                      ; - eu.printingin3d.javascad.manifold.Manifold3dEngine::operateNative@84 (line 231)
  0x00007b31193606b0: ccff 3407 

  0x00007b31193606b4: ;   {metadata(method data for {method} {0x00007b306f40b8e8} 'operateNative' '(JJI)J' in 'eu/printingin3d/javascad/manifold/Manifold3dEngine')}
  0x00007b31193606b4: 48ba 9095 | 6b6f 307b | 0000 488d | 9298 0200 | 0048 85c0 | 750e 48f7 | 0201 0000 | 0075 05f0 
  0x00007b31193606d4: 4883 0a01 | 488b 5424 

  0x00007b31193606dc: ;   {metadata(method data for {method} {0x00007b306f40b8e8} 'operateNative' '(JJI)J' in 'eu/printingin3d/javascad/manifold/Manifold3dEngine')}
  0x00007b31193606dc: 4848 be90 | 956b 6f30 | 7b00 0048 | 8386 a802 | 0000 0148 | 8bd0 488b 

  0x00007b31193606f4: ;   {optimized virtual_call}
  0x00007b31193606f4: 7424 48e8 

  0x00007b31193606f8: ; ImmutableOopMap {[72]=Oop [88]=Oop }
                      ;*invokespecial <init> {reexecute=0 rethrow=0 return_oop=0}
                      ; - eu.printingin3d.javascad.manifold.Manifold3dEngine::operateNative@89 (line 231)
  0x00007b31193606f8: 84f9 3407 | 488b 4424 

  0x00007b3119360700: ; ImmutableOopMap {[88]=Oop rax=Oop }
                      ;*athrow {reexecute=1 rethrow=0 return_oop=0}
                      ; - (reexecute) eu.printingin3d.javascad.manifold.Manifold3dEngine::operateNative@92 (line 231)
                      ;   {section_word}
  0x00007b3119360700: 4848 ba01 | 0736 1931 

  0x00007b3119360708: ;   {runtime_call handle_exception_nofpu Runtime1 stub}
  0x00007b3119360708: 7b00 00e8 | 7032 3f07 | 9049 8b87 | d003 0000 | 4d33 d24d | 8997 d003 | 0000 4d33 | d24d 8997 
  0x00007b3119360728: d803 0000 

  0x00007b311936072c: ;   {oop(a 'java/lang/Object'{0x00000000f5060238})}
  0x00007b311936072c: 488b f048 | b838 0206 | f500 0000 | 0048 8d44 | 2450 488b | 3848 85ff | 0f84 0f00 | 0000 488b 
  0x00007b311936074c: 5808 f048 | 0fb1 3b0f | 85b8 0000 | 0048 8bc6 | e9e2 0000 

  0x00007b3119360760: ;   {metadata({method} {0x00007b306f40b8e8} 'operateNative' '(JJI)J' in 'eu/printingin3d/javascad/manifold/Manifold3dEngine')}
  0x00007b3119360760: 0049 bae8 | b840 6f30 | 7b00 004c | 8954 2408 | 48c7 0424 | ffff ffff 

  0x00007b3119360778: ;   {runtime_call counter_overflow Runtime1 stub}
  0x00007b3119360778: e803 743f 

  0x00007b311936077c: ; ImmutableOopMap {rsi=Oop }
                      ;*synchronization entry
                      ; - eu.printingin3d.javascad.manifold.Manifold3dEngine::operateNative@-1 (line 225)
  0x00007b311936077c: 07e9 92fc 

  0x00007b3119360780: ;   {runtime_call throw_null_pointer_exception Runtime1 stub}
  0x00007b3119360780: ffff e819 

  0x00007b3119360784: ; ImmutableOopMap {rsi=Oop }
                      ;*monitorenter {reexecute=0 rethrow=0 return_oop=0}
                      ; - eu.printingin3d.javascad.manifold.Manifold3dEngine::operateNative@7 (line 225)
  0x00007b3119360784: 1a3f 0748 | 8974 2408 | 4889 3c24 

  0x00007b3119360790: ;   {runtime_call monitorenter_nofpu Runtime1 stub}
  0x00007b3119360790: e8eb 4f3f 

  0x00007b3119360794: ; ImmutableOopMap {rsi=Oop [88]=Oop }
                      ;*monitorenter {reexecute=0 rethrow=0 return_oop=0}
                      ; - eu.printingin3d.javascad.manifold.Manifold3dEngine::operateNative@7 (line 225)
  0x00007b3119360794: 07e9 b5fc 

  0x00007b3119360798: ;   {runtime_call throw_null_pointer_exception Runtime1 stub}
  0x00007b3119360798: ffff e801 

  0x00007b311936079c: ; ImmutableOopMap {rax=Oop [88]=Oop }
                      ;*invokevirtual intersection {reexecute=0 rethrow=0 return_oop=0}
                      ; - eu.printingin3d.javascad.manifold.Manifold3dEngine::operateNative@72 (line 230)
                      ;   {runtime_call throw_null_pointer_exception Runtime1 stub}
  0x00007b311936079c: 1a3f 07e8 

  0x00007b31193607a0: ; ImmutableOopMap {rax=Oop [88]=Oop }
                      ;*invokevirtual difference {reexecute=0 rethrow=0 return_oop=0}
                      ; - eu.printingin3d.javascad.manifold.Manifold3dEngine::operateNative@62 (line 229)
  0x00007b31193607a0: fc19 3f07 

  0x00007b31193607a4: ;   {runtime_call throw_null_pointer_exception Runtime1 stub}
  0x00007b31193607a4: e8f7 193f 

  0x00007b31193607a8: ; ImmutableOopMap {rax=Oop [88]=Oop }
                      ;*invokevirtual union {reexecute=0 rethrow=0 return_oop=0}
                      ; - eu.printingin3d.javascad.manifold.Manifold3dEngine::operateNative@52 (line 228)
  0x00007b31193607a8: 0748 8d44 | 2450 4889 

  0x00007b31193607b0: ;   {runtime_call monitorexit_nofpu Runtime1 stub}
  0x00007b31193607b0: 0424 e8c9 | 583f 07e9 | 5dfe ffff 

  0x00007b31193607bc: ;   {internal_word}
  0x00007b31193607bc: 49ba 3106 | 3619 317b | 0000 4d89 | 9758 0300 

  0x00007b31193607cc: ;   {runtime_call SafepointBlob}
  0x00007b31193607cc: 00e9 2e5f 

  0x00007b31193607d0: ;   {metadata(NULL)}
  0x00007b31193607d0: 3507 48ba | 0000 0000 | 0000 0000 | b800 0f05 

  0x00007b31193607e0: ;   {runtime_call load_klass_patching Runtime1 stub}
  0x00007b31193607e0: 0ae8 1a63 

  0x00007b31193607e4: ; ImmutableOopMap {[88]=Oop }
                      ;*new {reexecute=1 rethrow=0 return_oop=0}
                      ; - (reexecute) eu.printingin3d.javascad.manifold.Manifold3dEngine::operateNative@78 (line 231)
  0x00007b31193607e4: 3f07 e955 | feff ff48 

  0x00007b31193607ec: ;   {runtime_call fast_new_instance Runtime1 stub}
  0x00007b31193607ec: 8bd2 e88d 

  0x00007b31193607f0: ; ImmutableOopMap {[88]=Oop }
                      ;*new {reexecute=0 rethrow=0 return_oop=0}
                      ; - eu.printingin3d.javascad.manifold.Manifold3dEngine::operateNative@78 (line 231)
  0x00007b31193607f0: 223f 07e9 | a0fe ffff | 48ba 0000 | 0000 0000 | 0000 b800 

  0x00007b3119360804: ;   {runtime_call load_appendix_patching Runtime1 stub}
  0x00007b3119360804: 0f05 0ae8 

  0x00007b3119360808: ; ImmutableOopMap {rax=Oop [88]=Oop }
                      ;*invokedynamic {reexecute=1 rethrow=0 return_oop=0}
                      ; - (reexecute) eu.printingin3d.javascad.manifold.Manifold3dEngine::operateNative@84 (line 231)
  0x00007b3119360808: f46b 3f07 | e987 feff | ff48 8d44 | 2450 4889 

  0x00007b3119360818: ;   {runtime_call monitorexit_nofpu Runtime1 stub}
  0x00007b3119360818: 0424 e861 | 583f 07e9 | 35ff ffff | 9090 498b | 87d0 0300 | 0049 c787 | d003 0000 | 0000 0000 
  0x00007b3119360838: 49c7 87d8 | 0300 0000 | 0000 0048 | 83c4 705d 

  0x00007b3119360848: ;   {runtime_call unwind_exception Runtime1 stub}
  0x00007b3119360848: e933 043f | 07f4 f4f4 | f4f4 f4f4 | f4f4 f4f4 | f4f4 f4f4 | f4f4 f4f4 
[Stub Code]
  0x00007b3119360860: ;   {no_reloc}
  0x00007b3119360860: 0f1f 4400 

  0x00007b3119360864: ;   {static_stub}
  0x00007b3119360864: 0048 bb00 | 0000 0000 

  0x00007b311936086c: ;   {runtime_call}
  0x00007b311936086c: 0000 00e9 | fbff ffff 

  0x00007b3119360874: ;   {static_stub}
  0x00007b3119360874: 9048 bb00 | 0000 0000 

  0x00007b311936087c: ;   {runtime_call}
  0x00007b311936087c: 0000 00e9 | fbff ffff 

  0x00007b3119360884: ;   {static_stub}
  0x00007b3119360884: 9048 bbd8 | 7941 6f30 

  0x00007b311936088c: ;   {runtime_call I2C/C2I adapters}
  0x00007b311936088c: 7b00 00e9 | 4d97 3407 

  0x00007b3119360894: ;   {static_stub}
  0x00007b3119360894: 9048 bb08 | 7941 6f30 

  0x00007b311936089c: ;   {runtime_call I2C/C2I adapters}
  0x00007b311936089c: 7b00 00e9 | 3d97 3407 

  0x00007b31193608a4: ;   {static_stub}
  0x00007b31193608a4: 9048 bb00 | 0000 0000 

  0x00007b31193608ac: ;   {runtime_call}
  0x00007b31193608ac: 0000 00e9 | fbff ffff 

  0x00007b31193608b4: ;   {static_stub}
  0x00007b31193608b4: 9048 bb00 | 0000 0000 

  0x00007b31193608bc: ;   {runtime_call}
  0x00007b31193608bc: 0000 00e9 | fbff ffff 
[Exception Handler]
  0x00007b31193608c4: ;   {runtime_call handle_exception_from_callee Runtime1 stub}
  0x00007b31193608c4: e8b7 393f 

  0x00007b31193608c8: ;   {external_word}
  0x00007b31193608c8: 0748 bf52 | 57f9 3631 | 7b00 0048 

  0x00007b31193608d4: ;   {runtime_call MacroAssembler::debug64(char*, long, long*)}
  0x00007b31193608d4: 83e4 f0e8 | 94a2 7a1d 

  0x00007b31193608dc: ;   {section_word}
  0x00007b31193608dc: f449 badd | 0836 1931 | 7b00 0041 

  0x00007b31193608e8: ;   {runtime_call DeoptimizationBlob}
  0x00007b31193608e8: 52e9 b250 | 3507 f4f4 
[/MachCode]


---------------  P R O C E S S  ---------------

Threads class SMR info:
_java_thread_list=0x00007b3024009a30, length=20, elements={
0x00007b313002aac0, 0x00007b31301e9530, 0x00007b31301ea910, 0x00007b31301efea0,
0x00007b31301f1250, 0x00007b31301f2660, 0x00007b31301f4090, 0x00007b31301f55c0,
0x00007b31301f6a30, 0x00007b31301fe770, 0x00007b31302022f0, 0x00007b30540a7430,
0x00007b3054155fc0, 0x00007b3130477b70, 0x00007b31304787a0, 0x00007b3030064d60,
0x00007b3030057060, 0x00007b303002fde0, 0x00007b3030053780, 0x00007b302401c860
}

Java Threads: ( => current thread )
  0x00007b313002aac0 JavaThread "main" [_thread_blocked, id=85808, stack(0x00007b3135e17000,0x00007b3135f17000)]
  0x00007b31301e9530 JavaThread "Reference Handler" daemon [_thread_blocked, id=85815, stack(0x00007b30d17d9000,0x00007b30d18d9000)]
  0x00007b31301ea910 JavaThread "Finalizer" daemon [_thread_blocked, id=85816, stack(0x00007b30d16d9000,0x00007b30d17d9000)]
  0x00007b31301efea0 JavaThread "Signal Dispatcher" daemon [_thread_blocked, id=85817, stack(0x00007b30d15d9000,0x00007b30d16d9000)]
  0x00007b31301f1250 JavaThread "Service Thread" daemon [_thread_blocked, id=85818, stack(0x00007b30d0f00000,0x00007b30d1000000)]
  0x00007b31301f2660 JavaThread "Monitor Deflation Thread" daemon [_thread_blocked, id=85819, stack(0x00007b30d0e00000,0x00007b30d0f00000)]
  0x00007b31301f4090 JavaThread "C2 CompilerThread0" daemon [_thread_blocked, id=85820, stack(0x00007b30d0d00000,0x00007b30d0e00000)]
  0x00007b31301f55c0 JavaThread "C1 CompilerThread0" daemon [_thread_blocked, id=85821, stack(0x00007b30d0c00000,0x00007b30d0d00000)]
  0x00007b31301f6a30 JavaThread "Sweeper thread" daemon [_thread_blocked, id=85822, stack(0x00007b30d0b00000,0x00007b30d0c00000)]
  0x00007b31301fe770 JavaThread "Notification Thread" daemon [_thread_blocked, id=85823, stack(0x00007b30d0a00000,0x00007b30d0b00000)]
  0x00007b31302022f0 JavaThread "Common-Cleaner" daemon [_thread_blocked, id=85825, stack(0x00007b30d07ff000,0x00007b30d08ff000)]
  0x00007b30540a7430 JavaThread "C1 CompilerThread1" daemon [_thread_blocked, id=85826, stack(0x00007b30d06ff000,0x00007b30d07ff000)]
  0x00007b3054155fc0 JavaThread "C2 CompilerThread1" daemon [_thread_blocked, id=85827, stack(0x00007b30d049a000,0x00007b30d059a000)]
  0x00007b3130477b70 JavaThread "DefaultDispatcher-worker-1" daemon [_thread_blocked, id=85828, stack(0x00007b30d0100000,0x00007b30d0200000)]
  0x00007b31304787a0 JavaThread "DefaultDispatcher-worker-2" daemon [_thread_in_native, id=85829, stack(0x00007b30d0000000,0x00007b30d0100000)]
=>0x00007b3030064d60 JavaThread "DefaultDispatcher-worker-3" daemon [_thread_in_native, id=85830, stack(0x00007b30c1f00000,0x00007b30c2000000)]
  0x00007b3030057060 JavaThread "DefaultDispatcher-worker-4" daemon [_thread_blocked, id=85831, stack(0x00007b30c1e00000,0x00007b30c1f00000)]
  0x00007b303002fde0 JavaThread "DefaultDispatcher-worker-5" daemon [_thread_blocked, id=85832, stack(0x00007b30c1d00000,0x00007b30c1e00000)]
  0x00007b3030053780 JavaThread "DefaultDispatcher-worker-6" daemon [_thread_blocked, id=85833, stack(0x00007b30c1c00000,0x00007b30c1d00000)]
  0x00007b302401c860 JavaThread "Thread-6" daemon [_thread_in_native, id=85834, stack(0x00007b30c1b00000,0x00007b30c1c00000)]

Other Threads:
  0x00007b31301e5560 VMThread "VM Thread" [stack: 0x00007b30d18da000,0x00007b30d19da000] [id=85814]
  0x00007b31302000b0 WatcherThread [stack: 0x00007b30d0900000,0x00007b30d0a00000] [id=85824]
  0x00007b31300605c0 GCTaskThread "GC Thread#0" [stack: 0x00007b3134c90000,0x00007b3134d90000] [id=85809]
  0x00007b30b80068e0 GCTaskThread "GC Thread#1" [stack: 0x00007b30c1a00000,0x00007b30c1b00000] [id=85835]
  0x00007b30b8007350 GCTaskThread "GC Thread#2" [stack: 0x00007b30c18ff000,0x00007b30c19ff000] [id=85836]
  0x00007b30b8007dc0 GCTaskThread "GC Thread#3" [stack: 0x00007b30c17fe000,0x00007b30c18fe000] [id=85837]
  0x00007b30b8008830 GCTaskThread "GC Thread#4" [stack: 0x00007b30c16fd000,0x00007b30c17fd000] [id=85838]
  0x00007b30b80092a0 GCTaskThread "GC Thread#5" [stack: 0x00007b30c15fc000,0x00007b30c16fc000] [id=85839]
  0x00007b30b8009d40 GCTaskThread "GC Thread#6" [stack: 0x00007b30c14fb000,0x00007b30c15fb000] [id=85840]
  0x00007b30b800a7e0 GCTaskThread "GC Thread#7" [stack: 0x00007b30c13fa000,0x00007b30c14fa000] [id=85841]
  0x00007b30b800b280 GCTaskThread "GC Thread#8" [stack: 0x00007b30c12f9000,0x00007b30c13f9000] [id=85842]
  0x00007b30b800bd20 GCTaskThread "GC Thread#9" [stack: 0x00007b30c11f8000,0x00007b30c12f8000] [id=85843]
  0x00007b30b800cbb0 GCTaskThread "GC Thread#10" [stack: 0x00007b30c10f7000,0x00007b30c11f7000] [id=85844]
  0x00007b30b800da40 GCTaskThread "GC Thread#11" [stack: 0x00007b30c0ff6000,0x00007b30c10f6000] [id=85845]
  0x00007b30b800e8d0 GCTaskThread "GC Thread#12" [stack: 0x00007b30c0ef5000,0x00007b30c0ff5000] [id=85846]
  0x00007b3130070bb0 ConcurrentGCThread "G1 Main Marker" [stack: 0x00007b3134b8f000,0x00007b3134c8f000] [id=85810]
  0x00007b3130071b20 ConcurrentGCThread "G1 Conc#0" [stack: 0x00007b3134a8e000,0x00007b3134b8e000] [id=85811]
  0x00007b31301b26b0 ConcurrentGCThread "G1 Refine#0" [stack: 0x00007b30d1c2e000,0x00007b30d1d2e000] [id=85812]
  0x00007b31301b35b0 ConcurrentGCThread "G1 Service" [stack: 0x00007b30d1b2d000,0x00007b30d1c2d000] [id=85813]

Threads with active compile tasks:

VM state: not at safepoint (normal execution)

VM Mutex/Monitor currently owned by a thread: None

Heap address: 0x0000000082000000, size: 30688 MB, Compressed Oops mode: Zero based, Oop shift amount: 3

CDS archive(s) mapped at: [0x00007b3073000000-0x00007b3073bca000-0x00007b3073bca000), size 12361728, SharedBaseAddress: 0x00007b3073000000, ArchiveRelocationMode: 1.
Compressed class space mapped at: 0x00007b3074000000-0x00007b30b4000000, reserved size: 1073741824
Narrow klass base: 0x00007b3073000000, Narrow klass shift: 0, Narrow klass range: 0x100000000

GC Precious Log:
 CPUs: 16 total, 16 available
 Memory: 121G
 Large Page Support: Disabled
 NUMA Support: Disabled
 Compressed Oops: Enabled (Zero based)
 Heap Region Size: 16M
 Heap Min Capacity: 16M
 Heap Initial Capacity: 1952M
 Heap Max Capacity: 30688M
 Pre-touch: Disabled
 Parallel Workers: 13
 Concurrent Workers: 3
 Concurrent Refinement Workers: 13
 Periodic GC: Disabled

Heap:
 garbage-first heap   total 2031616K, used 51630K [0x0000000082000000, 0x0000000800000000)
  region size 16384K, 4 young (65536K), 1 survivors (16384K)
 Metaspace       used 4839K, committed 5056K, reserved 1114112K
  class space    used 404K, committed 512K, reserved 1048576K

Heap Regions: E=young(eden), S=young(survivor), O=old, HS=humongous(starts), HC=humongous(continues), CS=collection set, F=free, OA=open archive, CA=closed archive, TAMS=top-at-mark-start (previous, next)
|   0|0x0000000082000000, 0x0000000082000000, 0x0000000083000000|  0%| F|  |TAMS 0x0000000082000000, 0x0000000082000000| Untracked 
|   1|0x0000000083000000, 0x0000000083000000, 0x0000000084000000|  0%| F|  |TAMS 0x0000000083000000, 0x0000000083000000| Untracked 
|   2|0x0000000084000000, 0x0000000084000000, 0x0000000085000000|  0%| F|  |TAMS 0x0000000084000000, 0x0000000084000000| Untracked 
|   3|0x0000000085000000, 0x0000000085000000, 0x0000000086000000|  0%| F|  |TAMS 0x0000000085000000, 0x0000000085000000| Untracked 
|   4|0x0000000086000000, 0x0000000086000000, 0x0000000087000000|  0%| F|  |TAMS 0x0000000086000000, 0x0000000086000000| Untracked 
|   5|0x0000000087000000, 0x0000000087000000, 0x0000000088000000|  0%| F|  |TAMS 0x0000000087000000, 0x0000000087000000| Untracked 
|   6|0x0000000088000000, 0x0000000088000000, 0x0000000089000000|  0%| F|  |TAMS 0x0000000088000000, 0x0000000088000000| Untracked 
|   7|0x0000000089000000, 0x0000000089000000, 0x000000008a000000|  0%| F|  |TAMS 0x0000000089000000, 0x0000000089000000| Untracked 
|   8|0x000000008a000000, 0x000000008a000000, 0x000000008b000000|  0%| F|  |TAMS 0x000000008a000000, 0x000000008a000000| Untracked 
|   9|0x000000008b000000, 0x000000008b000000, 0x000000008c000000|  0%| F|  |TAMS 0x000000008b000000, 0x000000008b000000| Untracked 
|  10|0x000000008c000000, 0x000000008c000000, 0x000000008d000000|  0%| F|  |TAMS 0x000000008c000000, 0x000000008c000000| Untracked 
|  11|0x000000008d000000, 0x000000008d000000, 0x000000008e000000|  0%| F|  |TAMS 0x000000008d000000, 0x000000008d000000| Untracked 
|  12|0x000000008e000000, 0x000000008e000000, 0x000000008f000000|  0%| F|  |TAMS 0x000000008e000000, 0x000000008e000000| Untracked 
|  13|0x000000008f000000, 0x000000008f000000, 0x0000000090000000|  0%| F|  |TAMS 0x000000008f000000, 0x000000008f000000| Untracked 
|  14|0x0000000090000000, 0x0000000090000000, 0x0000000091000000|  0%| F|  |TAMS 0x0000000090000000, 0x0000000090000000| Untracked 
|  15|0x0000000091000000, 0x0000000091000000, 0x0000000092000000|  0%| F|  |TAMS 0x0000000091000000, 0x0000000091000000| Untracked 
|  16|0x0000000092000000, 0x0000000092000000, 0x0000000093000000|  0%| F|  |TAMS 0x0000000092000000, 0x0000000092000000| Untracked 
|  17|0x0000000093000000, 0x0000000093000000, 0x0000000094000000|  0%| F|  |TAMS 0x0000000093000000, 0x0000000093000000| Untracked 
|  18|0x0000000094000000, 0x0000000094000000, 0x0000000095000000|  0%| F|  |TAMS 0x0000000094000000, 0x0000000094000000| Untracked 
|  19|0x0000000095000000, 0x0000000095000000, 0x0000000096000000|  0%| F|  |TAMS 0x0000000095000000, 0x0000000095000000| Untracked 
|  20|0x0000000096000000, 0x0000000096000000, 0x0000000097000000|  0%| F|  |TAMS 0x0000000096000000, 0x0000000096000000| Untracked 
|  21|0x0000000097000000, 0x0000000097000000, 0x0000000098000000|  0%| F|  |TAMS 0x0000000097000000, 0x0000000097000000| Untracked 
|  22|0x0000000098000000, 0x0000000098000000, 0x0000000099000000|  0%| F|  |TAMS 0x0000000098000000, 0x0000000098000000| Untracked 
|  23|0x0000000099000000, 0x0000000099000000, 0x000000009a000000|  0%| F|  |TAMS 0x0000000099000000, 0x0000000099000000| Untracked 
|  24|0x000000009a000000, 0x000000009a000000, 0x000000009b000000|  0%| F|  |TAMS 0x000000009a000000, 0x000000009a000000| Untracked 
|  25|0x000000009b000000, 0x000000009b000000, 0x000000009c000000|  0%| F|  |TAMS 0x000000009b000000, 0x000000009b000000| Untracked 
|  26|0x000000009c000000, 0x000000009c000000, 0x000000009d000000|  0%| F|  |TAMS 0x000000009c000000, 0x000000009c000000| Untracked 
|  27|0x000000009d000000, 0x000000009d000000, 0x000000009e000000|  0%| F|  |TAMS 0x000000009d000000, 0x000000009d000000| Untracked 
|  28|0x000000009e000000, 0x000000009e000000, 0x000000009f000000|  0%| F|  |TAMS 0x000000009e000000, 0x000000009e000000| Untracked 
|  29|0x000000009f000000, 0x000000009f000000, 0x00000000a0000000|  0%| F|  |TAMS 0x000000009f000000, 0x000000009f000000| Untracked 
|  30|0x00000000a0000000, 0x00000000a0000000, 0x00000000a1000000|  0%| F|  |TAMS 0x00000000a0000000, 0x00000000a0000000| Untracked 
|  31|0x00000000a1000000, 0x00000000a1000000, 0x00000000a2000000|  0%| F|  |TAMS 0x00000000a1000000, 0x00000000a1000000| Untracked 
|  32|0x00000000a2000000, 0x00000000a2000000, 0x00000000a3000000|  0%| F|  |TAMS 0x00000000a2000000, 0x00000000a2000000| Untracked 
|  33|0x00000000a3000000, 0x00000000a3000000, 0x00000000a4000000|  0%| F|  |TAMS 0x00000000a3000000, 0x00000000a3000000| Untracked 
|  34|0x00000000a4000000, 0x00000000a4000000, 0x00000000a5000000|  0%| F|  |TAMS 0x00000000a4000000, 0x00000000a4000000| Untracked 
|  35|0x00000000a5000000, 0x00000000a5000000, 0x00000000a6000000|  0%| F|  |TAMS 0x00000000a5000000, 0x00000000a5000000| Untracked 
|  36|0x00000000a6000000, 0x00000000a6000000, 0x00000000a7000000|  0%| F|  |TAMS 0x00000000a6000000, 0x00000000a6000000| Untracked 
|  37|0x00000000a7000000, 0x00000000a7000000, 0x00000000a8000000|  0%| F|  |TAMS 0x00000000a7000000, 0x00000000a7000000| Untracked 
|  38|0x00000000a8000000, 0x00000000a8000000, 0x00000000a9000000|  0%| F|  |TAMS 0x00000000a8000000, 0x00000000a8000000| Untracked 
|  39|0x00000000a9000000, 0x00000000a9000000, 0x00000000aa000000|  0%| F|  |TAMS 0x00000000a9000000, 0x00000000a9000000| Untracked 
|  40|0x00000000aa000000, 0x00000000aa000000, 0x00000000ab000000|  0%| F|  |TAMS 0x00000000aa000000, 0x00000000aa000000| Untracked 
|  41|0x00000000ab000000, 0x00000000ab000000, 0x00000000ac000000|  0%| F|  |TAMS 0x00000000ab000000, 0x00000000ab000000| Untracked 
|  42|0x00000000ac000000, 0x00000000ac000000, 0x00000000ad000000|  0%| F|  |TAMS 0x00000000ac000000, 0x00000000ac000000| Untracked 
|  43|0x00000000ad000000, 0x00000000ad000000, 0x00000000ae000000|  0%| F|  |TAMS 0x00000000ad000000, 0x00000000ad000000| Untracked 
|  44|0x00000000ae000000, 0x00000000ae000000, 0x00000000af000000|  0%| F|  |TAMS 0x00000000ae000000, 0x00000000ae000000| Untracked 
|  45|0x00000000af000000, 0x00000000af000000, 0x00000000b0000000|  0%| F|  |TAMS 0x00000000af000000, 0x00000000af000000| Untracked 
|  46|0x00000000b0000000, 0x00000000b0000000, 0x00000000b1000000|  0%| F|  |TAMS 0x00000000b0000000, 0x00000000b0000000| Untracked 
|  47|0x00000000b1000000, 0x00000000b1000000, 0x00000000b2000000|  0%| F|  |TAMS 0x00000000b1000000, 0x00000000b1000000| Untracked 
|  48|0x00000000b2000000, 0x00000000b2000000, 0x00000000b3000000|  0%| F|  |TAMS 0x00000000b2000000, 0x00000000b2000000| Untracked 
|  49|0x00000000b3000000, 0x00000000b3000000, 0x00000000b4000000|  0%| F|  |TAMS 0x00000000b3000000, 0x00000000b3000000| Untracked 
|  50|0x00000000b4000000, 0x00000000b4000000, 0x00000000b5000000|  0%| F|  |TAMS 0x00000000b4000000, 0x00000000b4000000| Untracked 
|  51|0x00000000b5000000, 0x00000000b5000000, 0x00000000b6000000|  0%| F|  |TAMS 0x00000000b5000000, 0x00000000b5000000| Untracked 
|  52|0x00000000b6000000, 0x00000000b6000000, 0x00000000b7000000|  0%| F|  |TAMS 0x00000000b6000000, 0x00000000b6000000| Untracked 
|  53|0x00000000b7000000, 0x00000000b7000000, 0x00000000b8000000|  0%| F|  |TAMS 0x00000000b7000000, 0x00000000b7000000| Untracked 
|  54|0x00000000b8000000, 0x00000000b8000000, 0x00000000b9000000|  0%| F|  |TAMS 0x00000000b8000000, 0x00000000b8000000| Untracked 
|  55|0x00000000b9000000, 0x00000000b9000000, 0x00000000ba000000|  0%| F|  |TAMS 0x00000000b9000000, 0x00000000b9000000| Untracked 
|  56|0x00000000ba000000, 0x00000000ba000000, 0x00000000bb000000|  0%| F|  |TAMS 0x00000000ba000000, 0x00000000ba000000| Untracked 
|  57|0x00000000bb000000, 0x00000000bb000000, 0x00000000bc000000|  0%| F|  |TAMS 0x00000000bb000000, 0x00000000bb000000| Untracked 
|  58|0x00000000bc000000, 0x00000000bc000000, 0x00000000bd000000|  0%| F|  |TAMS 0x00000000bc000000, 0x00000000bc000000| Untracked 
|  59|0x00000000bd000000, 0x00000000bd000000, 0x00000000be000000|  0%| F|  |TAMS 0x00000000bd000000, 0x00000000bd000000| Untracked 
|  60|0x00000000be000000, 0x00000000be000000, 0x00000000bf000000|  0%| F|  |TAMS 0x00000000be000000, 0x00000000be000000| Untracked 
|  61|0x00000000bf000000, 0x00000000bf000000, 0x00000000c0000000|  0%| F|  |TAMS 0x00000000bf000000, 0x00000000bf000000| Untracked 
|  62|0x00000000c0000000, 0x00000000c0000000, 0x00000000c1000000|  0%| F|  |TAMS 0x00000000c0000000, 0x00000000c0000000| Untracked 
|  63|0x00000000c1000000, 0x00000000c1000000, 0x00000000c2000000|  0%| F|  |TAMS 0x00000000c1000000, 0x00000000c1000000| Untracked 
|  64|0x00000000c2000000, 0x00000000c2000000, 0x00000000c3000000|  0%| F|  |TAMS 0x00000000c2000000, 0x00000000c2000000| Untracked 
|  65|0x00000000c3000000, 0x00000000c3000000, 0x00000000c4000000|  0%| F|  |TAMS 0x00000000c3000000, 0x00000000c3000000| Untracked 
|  66|0x00000000c4000000, 0x00000000c4000000, 0x00000000c5000000|  0%| F|  |TAMS 0x00000000c4000000, 0x00000000c4000000| Untracked 
|  67|0x00000000c5000000, 0x00000000c5000000, 0x00000000c6000000|  0%| F|  |TAMS 0x00000000c5000000, 0x00000000c5000000| Untracked 
|  68|0x00000000c6000000, 0x00000000c6000000, 0x00000000c7000000|  0%| F|  |TAMS 0x00000000c6000000, 0x00000000c6000000| Untracked 
|  69|0x00000000c7000000, 0x00000000c7000000, 0x00000000c8000000|  0%| F|  |TAMS 0x00000000c7000000, 0x00000000c7000000| Untracked 
|  70|0x00000000c8000000, 0x00000000c8000000, 0x00000000c9000000|  0%| F|  |TAMS 0x00000000c8000000, 0x00000000c8000000| Untracked 
|  71|0x00000000c9000000, 0x00000000c9000000, 0x00000000ca000000|  0%| F|  |TAMS 0x00000000c9000000, 0x00000000c9000000| Untracked 
|  72|0x00000000ca000000, 0x00000000ca000000, 0x00000000cb000000|  0%| F|  |TAMS 0x00000000ca000000, 0x00000000ca000000| Untracked 
|  73|0x00000000cb000000, 0x00000000cb000000, 0x00000000cc000000|  0%| F|  |TAMS 0x00000000cb000000, 0x00000000cb000000| Untracked 
|  74|0x00000000cc000000, 0x00000000cc000000, 0x00000000cd000000|  0%| F|  |TAMS 0x00000000cc000000, 0x00000000cc000000| Untracked 
|  75|0x00000000cd000000, 0x00000000cd000000, 0x00000000ce000000|  0%| F|  |TAMS 0x00000000cd000000, 0x00000000cd000000| Untracked 
|  76|0x00000000ce000000, 0x00000000ce000000, 0x00000000cf000000|  0%| F|  |TAMS 0x00000000ce000000, 0x00000000ce000000| Untracked 
|  77|0x00000000cf000000, 0x00000000cf000000, 0x00000000d0000000|  0%| F|  |TAMS 0x00000000cf000000, 0x00000000cf000000| Untracked 
|  78|0x00000000d0000000, 0x00000000d0000000, 0x00000000d1000000|  0%| F|  |TAMS 0x00000000d0000000, 0x00000000d0000000| Untracked 
|  79|0x00000000d1000000, 0x00000000d1000000, 0x00000000d2000000|  0%| F|  |TAMS 0x00000000d1000000, 0x00000000d1000000| Untracked 
|  80|0x00000000d2000000, 0x00000000d2000000, 0x00000000d3000000|  0%| F|  |TAMS 0x00000000d2000000, 0x00000000d2000000| Untracked 
|  81|0x00000000d3000000, 0x00000000d3000000, 0x00000000d4000000|  0%| F|  |TAMS 0x00000000d3000000, 0x00000000d3000000| Untracked 
|  82|0x00000000d4000000, 0x00000000d4000000, 0x00000000d5000000|  0%| F|  |TAMS 0x00000000d4000000, 0x00000000d4000000| Untracked 
|  83|0x00000000d5000000, 0x00000000d5000000, 0x00000000d6000000|  0%| F|  |TAMS 0x00000000d5000000, 0x00000000d5000000| Untracked 
|  84|0x00000000d6000000, 0x00000000d6000000, 0x00000000d7000000|  0%| F|  |TAMS 0x00000000d6000000, 0x00000000d6000000| Untracked 
|  85|0x00000000d7000000, 0x00000000d7000000, 0x00000000d8000000|  0%| F|  |TAMS 0x00000000d7000000, 0x00000000d7000000| Untracked 
|  86|0x00000000d8000000, 0x00000000d8000000, 0x00000000d9000000|  0%| F|  |TAMS 0x00000000d8000000, 0x00000000d8000000| Untracked 
|  87|0x00000000d9000000, 0x00000000d9000000, 0x00000000da000000|  0%| F|  |TAMS 0x00000000d9000000, 0x00000000d9000000| Untracked 
|  88|0x00000000da000000, 0x00000000da000000, 0x00000000db000000|  0%| F|  |TAMS 0x00000000da000000, 0x00000000da000000| Untracked 
|  89|0x00000000db000000, 0x00000000db000000, 0x00000000dc000000|  0%| F|  |TAMS 0x00000000db000000, 0x00000000db000000| Untracked 
|  90|0x00000000dc000000, 0x00000000dc000000, 0x00000000dd000000|  0%| F|  |TAMS 0x00000000dc000000, 0x00000000dc000000| Untracked 
|  91|0x00000000dd000000, 0x00000000dd000000, 0x00000000de000000|  0%| F|  |TAMS 0x00000000dd000000, 0x00000000dd000000| Untracked 
|  92|0x00000000de000000, 0x00000000de000000, 0x00000000df000000|  0%| F|  |TAMS 0x00000000de000000, 0x00000000de000000| Untracked 
|  93|0x00000000df000000, 0x00000000df000000, 0x00000000e0000000|  0%| F|  |TAMS 0x00000000df000000, 0x00000000df000000| Untracked 
|  94|0x00000000e0000000, 0x00000000e0000000, 0x00000000e1000000|  0%| F|  |TAMS 0x00000000e0000000, 0x00000000e0000000| Untracked 
|  95|0x00000000e1000000, 0x00000000e1000000, 0x00000000e2000000|  0%| F|  |TAMS 0x00000000e1000000, 0x00000000e1000000| Untracked 
|  96|0x00000000e2000000, 0x00000000e2000000, 0x00000000e3000000|  0%| F|  |TAMS 0x00000000e2000000, 0x00000000e2000000| Untracked 
|  97|0x00000000e3000000, 0x00000000e3000000, 0x00000000e4000000|  0%| F|  |TAMS 0x00000000e3000000, 0x00000000e3000000| Untracked 
|  98|0x00000000e4000000, 0x00000000e4000000, 0x00000000e5000000|  0%| F|  |TAMS 0x00000000e4000000, 0x00000000e4000000| Untracked 
|  99|0x00000000e5000000, 0x00000000e5000000, 0x00000000e6000000|  0%| F|  |TAMS 0x00000000e5000000, 0x00000000e5000000| Untracked 
| 100|0x00000000e6000000, 0x00000000e6000000, 0x00000000e7000000|  0%| F|  |TAMS 0x00000000e6000000, 0x00000000e6000000| Untracked 
| 101|0x00000000e7000000, 0x00000000e7000000, 0x00000000e8000000|  0%| F|  |TAMS 0x00000000e7000000, 0x00000000e7000000| Untracked 
| 102|0x00000000e8000000, 0x00000000e8000000, 0x00000000e9000000|  0%| F|  |TAMS 0x00000000e8000000, 0x00000000e8000000| Untracked 
| 103|0x00000000e9000000, 0x00000000e9000000, 0x00000000ea000000|  0%| F|  |TAMS 0x00000000e9000000, 0x00000000e9000000| Untracked 
| 104|0x00000000ea000000, 0x00000000ea000000, 0x00000000eb000000|  0%| F|  |TAMS 0x00000000ea000000, 0x00000000ea000000| Untracked 
| 105|0x00000000eb000000, 0x00000000eb000000, 0x00000000ec000000|  0%| F|  |TAMS 0x00000000eb000000, 0x00000000eb000000| Untracked 
| 106|0x00000000ec000000, 0x00000000ec000000, 0x00000000ed000000|  0%| F|  |TAMS 0x00000000ec000000, 0x00000000ec000000| Untracked 
| 107|0x00000000ed000000, 0x00000000ed000000, 0x00000000ee000000|  0%| F|  |TAMS 0x00000000ed000000, 0x00000000ed000000| Untracked 
| 108|0x00000000ee000000, 0x00000000ee000000, 0x00000000ef000000|  0%| F|  |TAMS 0x00000000ee000000, 0x00000000ee000000| Untracked 
| 109|0x00000000ef000000, 0x00000000ef000000, 0x00000000f0000000|  0%| F|  |TAMS 0x00000000ef000000, 0x00000000ef000000| Untracked 
| 110|0x00000000f0000000, 0x00000000f0000000, 0x00000000f1000000|  0%| F|  |TAMS 0x00000000f0000000, 0x00000000f0000000| Untracked 
| 111|0x00000000f1000000, 0x00000000f1000000, 0x00000000f2000000|  0%| F|  |TAMS 0x00000000f1000000, 0x00000000f1000000| Untracked 
| 112|0x00000000f2000000, 0x00000000f2000000, 0x00000000f3000000|  0%| F|  |TAMS 0x00000000f2000000, 0x00000000f2000000| Untracked 
| 113|0x00000000f3000000, 0x00000000f3000000, 0x00000000f4000000|  0%| F|  |TAMS 0x00000000f3000000, 0x00000000f3000000| Untracked 
| 114|0x00000000f4000000, 0x00000000f4000000, 0x00000000f5000000|  0%| F|  |TAMS 0x00000000f4000000, 0x00000000f4000000| Untracked 
| 115|0x00000000f5000000, 0x00000000f527ea80, 0x00000000f6000000| 15%| S|CS|TAMS 0x00000000f5000000, 0x00000000f5000000| Complete 
| 116|0x00000000f6000000, 0x00000000f6000000, 0x00000000f7000000|  0%| F|  |TAMS 0x00000000f6000000, 0x00000000f6000000| Untracked 
| 117|0x00000000f7000000, 0x00000000f7000000, 0x00000000f8000000|  0%| F|  |TAMS 0x00000000f7000000, 0x00000000f7000000| Untracked 
| 118|0x00000000f8000000, 0x00000000f8000000, 0x00000000f9000000|  0%| F|  |TAMS 0x00000000f8000000, 0x00000000f8000000| Untracked 
| 119|0x00000000f9000000, 0x00000000f92510d0, 0x00000000fa000000| 14%| E|  |TAMS 0x00000000f9000000, 0x00000000f9000000| Complete 
| 120|0x00000000fa000000, 0x00000000fb000000, 0x00000000fb000000|100%| E|CS|TAMS 0x00000000fa000000, 0x00000000fa000000| Complete 
| 121|0x00000000fb000000, 0x00000000fc000000, 0x00000000fc000000|100%| E|CS|TAMS 0x00000000fb000000, 0x00000000fb000000| Complete 
|1916|0x00000007fe000000, 0x00000007fef75000, 0x00000007ff000000| 96%|OA|  |TAMS 0x00000007fe000000, 0x00000007fe000000| Untracked 
|1917|0x00000007ff000000, 0x00000007ff078000, 0x0000000800000000|  2%|CA|  |TAMS 0x00000007ff000000, 0x00000007ff000000| Untracked 

Card table byte_map: [0x00007b3111a20000,0x00007b3115610000] _byte_map_base: 0x00007b3111610000

Marking Bits (Prev, Next): (CMBitMap*) 0x00007b3130061050, (CMBitMap*) 0x00007b3130061090
 Prev Bits: [0x00007b30efeb0000, 0x00007b310de30000)
 Next Bits: [0x00007b30d1f30000, 0x00007b30efeb0000)

Polling page: 0x00007b3137673000

Metaspace:

Usage:
  Non-class:      4.33 MB used.
      Class:    404.88 KB used.
       Both:      4.73 MB used.

Virtual space:
  Non-class space:       64.00 MB reserved,       4.44 MB (  7%) committed,  1 nodes.
      Class space:        1.00 GB reserved,     512.00 KB ( <1%) committed,  1 nodes.
             Both:        1.06 GB reserved,       4.94 MB ( <1%) committed. 

Chunk freelists:
   Non-Class:  9.17 MB
       Class:  15.47 MB
        Both:  24.64 MB

MaxMetaspaceSize: unlimited
CompressedClassSpaceSize: 1.00 GB
Initial GC threshold: 21.00 MB
Current GC threshold: 21.00 MB
CDS: on
MetaspaceReclaimPolicy: balanced
 - commit_granule_bytes: 65536.
 - commit_granule_words: 8192.
 - virtual_space_node_default_size: 8388608.
 - enlarge_chunks_in_place: 1.
 - new_chunks_are_fully_committed: 0.
 - uncommit_free_chunks: 1.
 - use_allocation_guard: 0.
 - handle_deallocations: 1.


Internal statistics:

num_allocs_failed_limit: 0.
num_arena_births: 52.
num_arena_deaths: 0.
num_vsnodes_births: 2.
num_vsnodes_deaths: 0.
num_space_committed: 79.
num_space_uncommitted: 0.
num_chunks_returned_to_freelist: 0.
num_chunks_taken_from_freelist: 175.
num_chunk_merges: 0.
num_chunk_splits: 136.
num_chunks_enlarged: 116.
num_inconsistent_stats: 0.

CodeHeap 'non-profiled nmethods': size=119168Kb used=290Kb max_used=290Kb free=118878Kb
 bounds [0x00007b3120da0000, 0x00007b3121010000, 0x00007b3128200000]
CodeHeap 'profiled nmethods': size=119164Kb used=1510Kb max_used=1510Kb free=117654Kb
 bounds [0x00007b3119200000, 0x00007b3119470000, 0x00007b312065f000]
CodeHeap 'non-nmethods': size=7428Kb used=1766Kb max_used=1804Kb free=5661Kb
 bounds [0x00007b312065f000, 0x00007b31208cf000, 0x00007b3120da0000]
 total_blobs=1362 nmethods=853 adapters=422
 compilation: enabled
              stopped_count=0, restarted_count=0
 full_count=0

Compilation events (20 events):
Event: 0.247 Thread 0x00007b30540a7430  839       1       com.github.grishberg.cad3d.keyboard.ThumbKeyPlace$ArcResult::getAngleY (5 bytes)
Event: 0.247 Thread 0x00007b31301f55c0  840       1       com.github.grishberg.cad3d.keyboard.ThumbKeyPlace$ArcResult::getAngleZ (5 bytes)
Event: 0.247 Thread 0x00007b30540a7430 nmethod 839 0x00007b3120ddda90 code [0x00007b3120dddc20, 0x00007b3120dddcf0]
Event: 0.247 Thread 0x00007b30540a7430  844       3       eu.printingin3d.javascad.models.Abstract3dModel::rotate (62 bytes)
Event: 0.247 Thread 0x00007b31301f55c0 nmethod 840 0x00007b3120dddd90 code [0x00007b3120dddf20, 0x00007b3120dddff0]
Event: 0.247 Thread 0x00007b31301f55c0  841       1       com.github.grishberg.cad3d.keyboard.ThumbKeyPlace$ArcResult::getOffset (5 bytes)
Event: 0.247 Thread 0x00007b31301f55c0 nmethod 841 0x00007b3120dde090 code [0x00007b3120dde220, 0x00007b3120dde2f0]
Event: 0.247 Thread 0x00007b31301f55c0  842       1       com.github.grishberg.cad3d.plugin.cfg.ThumbClusterSettings::getRotateY (5 bytes)
Event: 0.247 Thread 0x00007b31301f55c0 nmethod 842 0x00007b3120dde390 code [0x00007b3120dde520, 0x00007b3120dde5f0]
Event: 0.247 Thread 0x00007b31301f55c0  843       1       com.github.grishberg.cad3d.plugin.cfg.ThumbClusterSettings::getRotateZ (5 bytes)
Event: 0.247 Thread 0x00007b31301f55c0 nmethod 843 0x00007b3120dde690 code [0x00007b3120dde820, 0x00007b3120dde8f0]
Event: 0.247 Thread 0x00007b31301f55c0  845       1       com.github.grishberg.cad3d.plugin.cfg.ThumbClusterSettings::getXOffset (5 bytes)
Event: 0.247 Thread 0x00007b31301f55c0 nmethod 845 0x00007b3120dde990 code [0x00007b3120ddeb20, 0x00007b3120ddebf0]
Event: 0.247 Thread 0x00007b31301f55c0  846       1       com.github.grishberg.cad3d.plugin.cfg.ThumbClusterSettings::getYOffset (5 bytes)
Event: 0.247 Thread 0x00007b30540a7430 nmethod 844 0x00007b3119378f90 code [0x00007b31193791a0, 0x00007b31193795d0]
Event: 0.247 Thread 0x00007b30540a7430  847       1       com.github.grishberg.cad3d.plugin.cfg.ThumbClusterSettings::getZOffset (5 bytes)
Event: 0.247 Thread 0x00007b31301f55c0 nmethod 846 0x00007b3120ddec90 code [0x00007b3120ddee20, 0x00007b3120ddeef0]
Event: 0.248 Thread 0x00007b30540a7430 nmethod 847 0x00007b3120ddef90 code [0x00007b3120ddf120, 0x00007b3120ddf1f0]
Event: 0.248 Thread 0x00007b3054155fc0  848       4       eu.printingin3d.javascad.coords.Basic3dFunc::add (32 bytes)
Event: 0.249 Thread 0x00007b3054155fc0 nmethod 848 0x00007b3120ddf290 code [0x00007b3120ddf420, 0x00007b3120ddf578]

GC Heap History (2 events):
Event: 0.221 GC heap before
{Heap before GC invocations=0 (full 0):
 garbage-first heap   total 2031616K, used 114612K [0x0000000082000000, 0x0000000800000000)
  region size 16384K, 6 young (98304K), 0 survivors (0K)
 Metaspace       used 4771K, committed 4992K, reserved 1114112K
  class space    used 392K, committed 512K, reserved 1048576K
}
Event: 0.222 GC heap after
{Heap after GC invocations=1 (full 0):
 garbage-first heap   total 2031616K, used 18862K [0x0000000082000000, 0x0000000800000000)
  region size 16384K, 1 young (16384K), 1 survivors (16384K)
 Metaspace       used 4771K, committed 4992K, reserved 1114112K
  class space    used 392K, committed 512K, reserved 1048576K
}

Dll operation events (9 events):
Event: 0.001 Loaded shared library /home/grishberg/.gradle/jdks/eclipse_adoptium-17-amd64-linux/jdk-17.0.19+10/lib/libjava.so
Event: 0.016 Loaded shared library /home/grishberg/.gradle/jdks/eclipse_adoptium-17-amd64-linux/jdk-17.0.19+10/lib/libjsvml.so
Event: 0.024 Loaded shared library /home/grishberg/.gradle/jdks/eclipse_adoptium-17-amd64-linux/jdk-17.0.19+10/lib/libnio.so
Event: 0.025 Loaded shared library /home/grishberg/.gradle/jdks/eclipse_adoptium-17-amd64-linux/jdk-17.0.19+10/lib/libzip.so
Event: 0.057 Loaded shared library /home/grishberg/.gradle/jdks/eclipse_adoptium-17-amd64-linux/jdk-17.0.19+10/lib/libjimage.so
Event: 0.060 Loaded shared library /home/grishberg/.gradle/jdks/eclipse_adoptium-17-amd64-linux/jdk-17.0.19+10/lib/libnet.so
Event: 0.070 Loaded shared library /tmp/manifold3d2863954366981951719/libmanifold.so.3
Event: 0.072 Loaded shared library /tmp/manifold3d2863954366981951719/libmanifoldc.so.3
Event: 0.073 Loaded shared library /tmp/manifold3d2863954366981951719/libmanifold_jni.so

Deoptimization events (16 events):
Event: 0.084 Thread 0x00007b313002aac0 DEOPT PACKING pc=0x00007b31192135b6 sp=0x00007b3135f14550
Event: 0.084 Thread 0x00007b313002aac0 DEOPT UNPACKING pc=0x00007b31206b5e2f sp=0x00007b3135f13990 mode 0
Event: 0.088 Thread 0x00007b313002aac0 DEOPT PACKING pc=0x00007b3119202342 sp=0x00007b3135f0d850
Event: 0.088 Thread 0x00007b313002aac0 DEOPT UNPACKING pc=0x00007b31206b5e2f sp=0x00007b3135f0cce8 mode 0
Event: 0.091 Thread 0x00007b313002aac0 DEOPT PACKING pc=0x00007b311920ca3c sp=0x00007b3135f14880
Event: 0.091 Thread 0x00007b313002aac0 DEOPT UNPACKING pc=0x00007b31206b5e2f sp=0x00007b3135f13cf0 mode 0
Event: 0.095 Thread 0x00007b313002aac0 DEOPT PACKING pc=0x00007b311920ca3c sp=0x00007b3135f13220
Event: 0.095 Thread 0x00007b313002aac0 DEOPT UNPACKING pc=0x00007b31206b5e2f sp=0x00007b3135f12690 mode 0
Event: 0.096 Thread 0x00007b313002aac0 DEOPT PACKING pc=0x00007b311920ca3c sp=0x00007b3135f12f40
Event: 0.096 Thread 0x00007b313002aac0 DEOPT UNPACKING pc=0x00007b31206b5e2f sp=0x00007b3135f123b0 mode 0
Event: 0.098 Thread 0x00007b313002aac0 DEOPT PACKING pc=0x00007b311920ca3c sp=0x00007b3135f12d00
Event: 0.098 Thread 0x00007b313002aac0 DEOPT UNPACKING pc=0x00007b31206b5e2f sp=0x00007b3135f12170 mode 0
Event: 0.210 Thread 0x00007b3030053780 Uncommon trap: trap_request=0xffffff6e fr.pc=0x00007b3120dbf2c0 relative=0x0000000000000420
Event: 0.210 Thread 0x00007b3030053780 Uncommon trap: reason=loop_limit_check action=maybe_recompile pc=0x00007b3120dbf2c0 method=java.lang.StringLatin1.indexOf([BI[BII)I @ 37 c2
Event: 0.210 Thread 0x00007b3030053780 DEOPT PACKING pc=0x00007b3120dbf2c0 sp=0x00007b30c1cfe1c0
Event: 0.210 Thread 0x00007b3030053780 DEOPT UNPACKING pc=0x00007b31206b5699 sp=0x00007b30c1cfe140 mode 2

Classes loaded (20 events):
Event: 0.099 Loading class java/util/concurrent/atomic/AtomicIntegerFieldUpdater$AtomicIntegerFieldUpdaterImpl
Event: 0.099 Loading class java/util/concurrent/atomic/AtomicIntegerFieldUpdater$AtomicIntegerFieldUpdaterImpl done
Event: 0.099 Loading class java/util/concurrent/atomic/AtomicIntegerFieldUpdater$AtomicIntegerFieldUpdaterImpl$1
Event: 0.099 Loading class java/util/concurrent/atomic/AtomicIntegerFieldUpdater$AtomicIntegerFieldUpdaterImpl$1 done
Event: 0.099 Loading class java/util/concurrent/atomic/AtomicReferenceFieldUpdater
Event: 0.099 Loading class java/util/concurrent/atomic/AtomicReferenceFieldUpdater done
Event: 0.099 Loading class java/util/concurrent/atomic/AtomicReferenceFieldUpdater$AtomicReferenceFieldUpdaterImpl
Event: 0.099 Loading class java/util/concurrent/atomic/AtomicReferenceFieldUpdater$AtomicReferenceFieldUpdaterImpl done
Event: 0.099 Loading class java/util/concurrent/atomic/AtomicReferenceFieldUpdater$AtomicReferenceFieldUpdaterImpl$1
Event: 0.099 Loading class java/util/concurrent/atomic/AtomicReferenceFieldUpdater$AtomicReferenceFieldUpdaterImpl$1 done
Event: 0.100 Loading class java/util/concurrent/atomic/AtomicReferenceArray
Event: 0.100 Loading class java/util/concurrent/atomic/AtomicReferenceArray done
Event: 0.111 Loading class java/lang/NoSuchFieldError
Event: 0.111 Loading class java/lang/NoSuchFieldError done
Event: 0.116 Loading class java/lang/StrictMath
Event: 0.116 Loading class java/lang/StrictMath done
Event: 0.130 Loading class java/util/concurrent/CancellationException
Event: 0.130 Loading class java/util/concurrent/CancellationException done
Event: 0.143 Loading class java/util/Collections$SingletonList
Event: 0.143 Loading class java/util/Collections$SingletonList done

Classes unloaded (0 events):
No events

Classes redefined (0 events):
No events

Internal exceptions (4 events):
Event: 0.059 Thread 0x00007b313002aac0 Exception <a 'sun/nio/fs/UnixException'{0x00000000fb188948}> (0x00000000fb188948) 
thrown [src/hotspot/share/prims/jni.cpp, line 516]
Event: 0.071 Thread 0x00007b313002aac0 Exception <a 'sun/nio/fs/UnixException'{0x00000000fb192640}> (0x00000000fb192640) 
thrown [src/hotspot/share/prims/jni.cpp, line 516]
Event: 0.073 Thread 0x00007b313002aac0 Exception <a 'sun/nio/fs/UnixException'{0x00000000fb1a4d40}> (0x00000000fb1a4d40) 
thrown [src/hotspot/share/prims/jni.cpp, line 516]
Event: 0.210 Thread 0x00007b3030053780 Exception <a 'java/lang/NoSuchMethodError'{0x00000000f65d1600}: 'java.lang.Object java.lang.invoke.DirectMethodHandle$Holder.newInvokeSpecial(java.lang.Object, java.lang.Object, java.lang.Object, java.lang.Object, java.lang.Object, java.lang.Object)'> (0x00000000f65d1600) 
thrown [src/hotspot/share/interpreter/linkResolver.cpp, line 758]

VM Operations (2 events):
Event: 0.220 Executing VM operation: G1CollectForAllocation
Event: 0.222 Executing VM operation: G1CollectForAllocation done

Memory protections (20 events):
Event: 0.001 Protecting memory [0x00007b3135e17000,0x00007b3135e1b000] with protection modes 0
Event: 0.018 Protecting memory [0x00007b30d17d9000,0x00007b30d17dd000] with protection modes 0
Event: 0.018 Protecting memory [0x00007b30d16d9000,0x00007b30d16dd000] with protection modes 0
Event: 0.019 Protecting memory [0x00007b30d15d9000,0x00007b30d15dd000] with protection modes 0
Event: 0.019 Protecting memory [0x00007b30d0f00000,0x00007b30d0f04000] with protection modes 0
Event: 0.019 Protecting memory [0x00007b30d0e00000,0x00007b30d0e04000] with protection modes 0
Event: 0.019 Protecting memory [0x00007b30d0d00000,0x00007b30d0d04000] with protection modes 0
Event: 0.019 Protecting memory [0x00007b30d0c00000,0x00007b30d0c04000] with protection modes 0
Event: 0.020 Protecting memory [0x00007b30d0b00000,0x00007b30d0b04000] with protection modes 0
Event: 0.022 Protecting memory [0x00007b30d0a00000,0x00007b30d0a04000] with protection modes 0
Event: 0.022 Protecting memory [0x00007b30d07ff000,0x00007b30d0803000] with protection modes 0
Event: 0.045 Protecting memory [0x00007b30d06ff000,0x00007b30d0703000] with protection modes 0
Event: 0.096 Protecting memory [0x00007b30d049a000,0x00007b30d049e000] with protection modes 0
Event: 0.130 Protecting memory [0x00007b30d0100000,0x00007b30d0104000] with protection modes 0
Event: 0.130 Protecting memory [0x00007b30d0000000,0x00007b30d0004000] with protection modes 0
Event: 0.137 Protecting memory [0x00007b30c1f00000,0x00007b30c1f04000] with protection modes 0
Event: 0.137 Protecting memory [0x00007b30c1e00000,0x00007b30c1e04000] with protection modes 0
Event: 0.138 Protecting memory [0x00007b30c1d00000,0x00007b30c1d04000] with protection modes 0
Event: 0.138 Protecting memory [0x00007b30c1c00000,0x00007b30c1c04000] with protection modes 0
Event: 0.211 Protecting memory [0x00007b30c1b00000,0x00007b30c1b04000] with protection modes 0

Nmethod flushes (0 events):
No events

Events (20 events):
Event: 0.016 Thread 0x00007b313002aac0 Thread added: 0x00007b313002aac0
Event: 0.018 Thread 0x00007b313002aac0 Thread added: 0x00007b31301e9530
Event: 0.018 Thread 0x00007b313002aac0 Thread added: 0x00007b31301ea910
Event: 0.019 Thread 0x00007b313002aac0 Thread added: 0x00007b31301efea0
Event: 0.019 Thread 0x00007b313002aac0 Thread added: 0x00007b31301f1250
Event: 0.019 Thread 0x00007b313002aac0 Thread added: 0x00007b31301f2660
Event: 0.019 Thread 0x00007b313002aac0 Thread added: 0x00007b31301f4090
Event: 0.019 Thread 0x00007b313002aac0 Thread added: 0x00007b31301f55c0
Event: 0.019 Thread 0x00007b313002aac0 Thread added: 0x00007b31301f6a30
Event: 0.022 Thread 0x00007b313002aac0 Thread added: 0x00007b31301fe770
Event: 0.022 Thread 0x00007b313002aac0 Thread added: 0x00007b31302022f0
Event: 0.045 Thread 0x00007b31301f55c0 Thread added: 0x00007b30540a7430
Event: 0.096 Thread 0x00007b31301f55c0 Thread added: 0x00007b3054155fc0
Event: 0.130 Thread 0x00007b313002aac0 Thread added: 0x00007b3130477b70
Event: 0.130 Thread 0x00007b313002aac0 Thread added: 0x00007b31304787a0
Event: 0.137 Thread 0x00007b3130477b70 Thread added: 0x00007b3030064d60
Event: 0.137 Thread 0x00007b3130477b70 Thread added: 0x00007b3030057060
Event: 0.138 Thread 0x00007b3130477b70 Thread added: 0x00007b303002fde0
Event: 0.138 Thread 0x00007b3130477b70 Thread added: 0x00007b3030053780
Event: 0.211 Thread 0x00007b3030053780 Thread added: 0x00007b302401c860


Dynamic libraries:
82000000-fc000000 rw-p 00000000 00:00 0 
fc000000-7fe000000 ---p 00000000 00:00 0 
7fe000000-7fef00000 rw-p 00000000 00:00 0 
7fef00000-7fef75000 rw-p 00c7a000 103:01 75498865                        /home/grishberg/.gradle/jdks/eclipse_adoptium-17-amd64-linux/jdk-17.0.19+10/lib/server/classes.jsa
7fef75000-7ff000000 rw-p 00000000 00:00 0 
7ff000000-7ff078000 rw-p 00c02000 103:01 75498865                        /home/grishberg/.gradle/jdks/eclipse_adoptium-17-amd64-linux/jdk-17.0.19+10/lib/server/classes.jsa
7ff078000-800000000 rw-p 00000000 00:00 0 
6405cda5e000-6405cda5f000 r--p 00000000 103:01 75498845                  /home/grishberg/.gradle/jdks/eclipse_adoptium-17-amd64-linux/jdk-17.0.19+10/bin/java
6405cda5f000-6405cda60000 r-xp 00001000 103:01 75498845                  /home/grishberg/.gradle/jdks/eclipse_adoptium-17-amd64-linux/jdk-17.0.19+10/bin/java
6405cda60000-6405cda61000 r--p 00002000 103:01 75498845                  /home/grishberg/.gradle/jdks/eclipse_adoptium-17-amd64-linux/jdk-17.0.19+10/bin/java
6405cda61000-6405cda62000 r--p 00002000 103:01 75498845                  /home/grishberg/.gradle/jdks/eclipse_adoptium-17-amd64-linux/jdk-17.0.19+10/bin/java
6405cda62000-6405cda63000 rw-p 00003000 103:01 75498845                  /home/grishberg/.gradle/jdks/eclipse_adoptium-17-amd64-linux/jdk-17.0.19+10/bin/java
640600c66000-640600caf000 rw-p 00000000 00:00 0                          [heap]
7b2fe8000000-7b2fe8021000 rw-p 00000000 00:00 0 
7b2fe8021000-7b2fec000000 ---p 00000000 00:00 0 
7b2ff0000000-7b2ff0021000 rw-p 00000000 00:00 0 
7b2ff0021000-7b2ff4000000 ---p 00000000 00:00 0 
7b2ff4000000-7b2ff4021000 rw-p 00000000 00:00 0 
7b2ff4021000-7b2ff8000000 ---p 00000000 00:00 0 
7b2ff8000000-7b2ff8021000 rw-p 00000000 00:00 0 
7b2ff8021000-7b2ffc000000 ---p 00000000 00:00 0 
7b2ffc000000-7b2ffc021000 rw-p 00000000 00:00 0 
7b2ffc021000-7b3000000000 ---p 00000000 00:00 0 
7b3000000000-7b3000021000 rw-p 00000000 00:00 0 
7b3000021000-7b3004000000 ---p 00000000 00:00 0 
7b3004000000-7b3004021000 rw-p 00000000 00:00 0 
7b3004021000-7b3008000000 ---p 00000000 00:00 0 
7b3008000000-7b3008021000 rw-p 00000000 00:00 0 
7b3008021000-7b300c000000 ---p 00000000 00:00 0 
7b300c000000-7b300c021000 rw-p 00000000 00:00 0 
7b300c021000-7b3010000000 ---p 00000000 00:00 0 
7b3010000000-7b3010021000 rw-p 00000000 00:00 0 
7b3010021000-7b3014000000 ---p 00000000 00:00 0 
7b3014000000-7b3014021000 rw-p 00000000 00:00 0 
7b3014021000-7b3018000000 ---p 00000000 00:00 0 
7b3018000000-7b3018a11000 rw-p 00000000 00:00 0 
7b3018a11000-7b301c000000 ---p 00000000 00:00 0 
7b301c000000-7b301c021000 rw-p 00000000 00:00 0 
7b301c021000-7b3020000000 ---p 00000000 00:00 0 
7b3020000000-7b3020023000 rw-p 00000000 00:00 0 
7b3020023000-7b3024000000 ---p 00000000 00:00 0 
7b3024000000-7b3024176000 rw-p 00000000 00:00 0 
7b3024176000-7b3028000000 ---p 00000000 00:00 0 
7b3028000000-7b3028132000 rw-p 00000000 00:00 0 
7b3028132000-7b302c000000 ---p 00000000 00:00 0 
7b302c000000-7b302c0a6000 rw-p 00000000 00:00 0 
7b302c0a6000-7b3030000000 ---p 00000000 00:00 0 
7b3030000000-7b3030067000 rw-p 00000000 00:00 0 
7b3030067000-7b3034000000 ---p 00000000 00:00 0 
7b3034000000-7b3034559000 rw-p 00000000 00:00 0 
7b3034559000-7b3038000000 ---p 00000000 00:00 0 
7b3038000000-7b30382d9000 rw-p 00000000 00:00 0 
7b30382d9000-7b303c000000 ---p 00000000 00:00 0 
7b303c000000-7b303c2fe000 rw-p 00000000 00:00 0 
7b303c2fe000-7b3040000000 ---p 00000000 00:00 0 
7b3040000000-7b3040021000 rw-p 00000000 00:00 0 
7b3040021000-7b3044000000 ---p 00000000 00:00 0 
7b3044000000-7b3044021000 rw-p 00000000 00:00 0 
7b3044021000-7b3048000000 ---p 00000000 00:00 0 
7b3048000000-7b3048021000 rw-p 00000000 00:00 0 
7b3048021000-7b304c000000 ---p 00000000 00:00 0 
7b304c000000-7b304c021000 rw-p 00000000 00:00 0 
7b304c021000-7b3050000000 ---p 00000000 00:00 0 
7b3050000000-7b30508b6000 rw-p 00000000 00:00 0 
7b30508b6000-7b3054000000 ---p 00000000 00:00 0 
7b3054000000-7b3054386000 rw-p 00000000 00:00 0 
7b3054386000-7b3058000000 ---p 00000000 00:00 0 
7b3058000000-7b3058021000 rw-p 00000000 00:00 0 
7b3058021000-7b305c000000 ---p 00000000 00:00 0 
7b305c000000-7b305c021000 rw-p 00000000 00:00 0 
7b305c021000-7b3060000000 ---p 00000000 00:00 0 
7b3060000000-7b3060021000 rw-p 00000000 00:00 0 
7b3060021000-7b3064000000 ---p 00000000 00:00 0 
7b3064000000-7b3064021000 rw-p 00000000 00:00 0 
7b3064021000-7b3068000000 ---p 00000000 00:00 0 
7b3068000000-7b3068021000 rw-p 00000000 00:00 0 
7b3068021000-7b306c000000 ---p 00000000 00:00 0 
7b306f000000-7b306f190000 rw-p 00000000 00:00 0 
7b306f190000-7b306f400000 ---p 00000000 00:00 0 
7b306f400000-7b306f6e0000 rw-p 00000000 00:00 0 
7b306f6e0000-7b3073000000 ---p 00000000 00:00 0 
7b3073000000-7b3073bca000 rw-p 00001000 103:01 75498865                  /home/grishberg/.gradle/jdks/eclipse_adoptium-17-amd64-linux/jdk-17.0.19+10/lib/server/classes.jsa
7b3073bca000-7b3074000000 ---p 00000000 00:00 0 
7b3074000000-7b3074040000 rw-p 00000000 00:00 0 
7b3074040000-7b3074070000 rw-p 00000000 00:00 0 
7b3074070000-7b3074080000 ---p 00000000 00:00 0 
7b3074080000-7b3074090000 rw-p 00000000 00:00 0 
7b3074090000-7b30b4000000 ---p 00000000 00:00 0 
7b30b4000000-7b30b4021000 rw-p 00000000 00:00 0 
7b30b4021000-7b30b8000000 ---p 00000000 00:00 0 
7b30b8000000-7b30b8021000 rw-p 00000000 00:00 0 
7b30b8021000-7b30bc000000 ---p 00000000 00:00 0 
7b30bc000000-7b30bc021000 rw-p 00000000 00:00 0 
7b30bc021000-7b30c0000000 ---p 00000000 00:00 0 
7b30c0b0c000-7b30c0ef4000 rw-p 00000000 00:00 0 
7b30c0ef4000-7b30c0ef5000 ---p 00000000 00:00 0 
7b30c0ef5000-7b30c0ff5000 rw-p 00000000 00:00 0 
7b30c0ff5000-7b30c0ff6000 ---p 00000000 00:00 0 
7b30c0ff6000-7b30c10f6000 rw-p 00000000 00:00 0 
7b30c10f6000-7b30c10f7000 ---p 00000000 00:00 0 
7b30c10f7000-7b30c11f7000 rw-p 00000000 00:00 0 
7b30c11f7000-7b30c11f8000 ---p 00000000 00:00 0 
7b30c11f8000-7b30c12f8000 rw-p 00000000 00:00 0 
7b30c12f8000-7b30c12f9000 ---p 00000000 00:00 0 
7b30c12f9000-7b30c13f9000 rw-p 00000000 00:00 0 
7b30c13f9000-7b30c13fa000 ---p 00000000 00:00 0 
7b30c13fa000-7b30c14fa000 rw-p 00000000 00:00 0 
7b30c14fa000-7b30c14fb000 ---p 00000000 00:00 0 
7b30c14fb000-7b30c15fb000 rw-p 00000000 00:00 0 
7b30c15fb000-7b30c15fc000 ---p 00000000 00:00 0 
7b30c15fc000-7b30c16fc000 rw-p 00000000 00:00 0 
7b30c16fc000-7b30c16fd000 ---p 00000000 00:00 0 
7b30c16fd000-7b30c17fd000 rw-p 00000000 00:00 0 
7b30c17fd000-7b30c17fe000 ---p 00000000 00:00 0 
7b30c17fe000-7b30c18fe000 rw-p 00000000 00:00 0 
7b30c18fe000-7b30c18ff000 ---p 00000000 00:00 0 
7b30c18ff000-7b30c19ff000 rw-p 00000000 00:00 0 
7b30c19ff000-7b30c1a00000 ---p 00000000 00:00 0 
7b30c1a00000-7b30c1b00000 rw-p 00000000 00:00 0 
7b30c1b00000-7b30c1b04000 ---p 00000000 00:00 0 
7b30c1b04000-7b30c1c00000 rw-p 00000000 00:00 0 
7b30c1c00000-7b30c1c04000 ---p 00000000 00:00 0 
7b30c1c04000-7b30c1d00000 rw-p 00000000 00:00 0 
7b30c1d00000-7b30c1d04000 ---p 00000000 00:00 0 
7b30c1d04000-7b30c1e00000 rw-p 00000000 00:00 0 
7b30c1e00000-7b30c1e04000 ---p 00000000 00:00 0 
7b30c1e04000-7b30c1f00000 rw-p 00000000 00:00 0 
7b30c1f00000-7b30c1f04000 ---p 00000000 00:00 0 
7b30c1f04000-7b30c2000000 rw-p 00000000 00:00 0 
7b30c2000000-7b30c4021000 rw-p 00000000 00:00 0 
7b30c4021000-7b30c8000000 ---p 00000000 00:00 0 
7b30c8000000-7b30c8021000 rw-p 00000000 00:00 0 
7b30c8021000-7b30cc000000 ---p 00000000 00:00 0 
7b30cc000000-7b30cc021000 rw-p 00000000 00:00 0 
7b30cc021000-7b30d0004000 ---p 00000000 00:00 0 
7b30d0004000-7b30d0100000 rw-p 00000000 00:00 0 
7b30d0100000-7b30d0104000 ---p 00000000 00:00 0 
7b30d0104000-7b30d0200000 rw-p 00000000 00:00 0 
7b30d0200000-7b30d029d000 r--p 00000000 103:01 90443236                  /usr/lib/x86_64-linux-gnu/libstdc++.so.6.0.33
7b30d029d000-7b30d03e5000 r-xp 0009d000 103:01 90443236                  /usr/lib/x86_64-linux-gnu/libstdc++.so.6.0.33
7b30d03e5000-7b30d046c000 r--p 001e5000 103:01 90443236                  /usr/lib/x86_64-linux-gnu/libstdc++.so.6.0.33
7b30d046c000-7b30d0477000 r--p 0026b000 103:01 90443236                  /usr/lib/x86_64-linux-gnu/libstdc++.so.6.0.33
7b30d0477000-7b30d047a000 rw-p 00276000 103:01 90443236                  /usr/lib/x86_64-linux-gnu/libstdc++.so.6.0.33
7b30d047a000-7b30d047e000 rw-p 00000000 00:00 0 
7b30d049a000-7b30d049e000 ---p 00000000 00:00 0 
7b30d049e000-7b30d059a000 rw-p 00000000 00:00 0 
7b30d059a000-7b30d05c1000 r--p 00000000 103:01 51524607                  /tmp/manifold3d2863954366981951719/libmanifold.so.3
7b30d05c1000-7b30d06dd000 r-xp 00027000 103:01 51524607                  /tmp/manifold3d2863954366981951719/libmanifold.so.3
7b30d06dd000-7b30d06fc000 r--p 00143000 103:01 51524607                  /tmp/manifold3d2863954366981951719/libmanifold.so.3
7b30d06fc000-7b30d06fd000 r--p 00162000 103:01 51524607                  /tmp/manifold3d2863954366981951719/libmanifold.so.3
7b30d06fd000-7b30d06ff000 rw-p 00163000 103:01 51524607                  /tmp/manifold3d2863954366981951719/libmanifold.so.3
7b30d06ff000-7b30d0703000 ---p 00000000 00:00 0 
7b30d0703000-7b30d07ff000 rw-p 00000000 00:00 0 
7b30d07ff000-7b30d0803000 ---p 00000000 00:00 0 
7b30d0803000-7b30d08ff000 rw-p 00000000 00:00 0 
7b30d08ff000-7b30d0900000 ---p 00000000 00:00 0 
7b30d0900000-7b30d0a00000 rw-p 00000000 00:00 0 
7b30d0a00000-7b30d0a04000 ---p 00000000 00:00 0 
7b30d0a04000-7b30d0b00000 rw-p 00000000 00:00 0 
7b30d0b00000-7b30d0b04000 ---p 00000000 00:00 0 
7b30d0b04000-7b30d0c00000 rw-p 00000000 00:00 0 
7b30d0c00000-7b30d0c04000 ---p 00000000 00:00 0 
7b30d0c04000-7b30d0d00000 rw-p 00000000 00:00 0 
7b30d0d00000-7b30d0d04000 ---p 00000000 00:00 0 
7b30d0d04000-7b30d0e00000 rw-p 00000000 00:00 0 
7b30d0e00000-7b30d0e04000 ---p 00000000 00:00 0 
7b30d0e04000-7b30d0f00000 rw-p 00000000 00:00 0 
7b30d0f00000-7b30d0f04000 ---p 00000000 00:00 0 
7b30d0f04000-7b30d1000000 rw-p 00000000 00:00 0 
7b30d1000000-7b30d1575000 r--p 00000000 103:01 90475490                  /usr/lib/locale/locale-archive
7b30d1583000-7b30d158f000 r--p 00000000 103:01 51524629                  /tmp/manifold3d2863954366981951719/libmanifoldc.so.3
7b30d158f000-7b30d15a2000 r-xp 0000c000 103:01 51524629                  /tmp/manifold3d2863954366981951719/libmanifoldc.so.3
7b30d15a2000-7b30d15a9000 r--p 0001f000 103:01 51524629                  /tmp/manifold3d2863954366981951719/libmanifoldc.so.3
7b30d15a9000-7b30d15aa000 r--p 00025000 103:01 51524629                  /tmp/manifold3d2863954366981951719/libmanifoldc.so.3
7b30d15aa000-7b30d15ab000 rw-p 00026000 103:01 51524629                  /tmp/manifold3d2863954366981951719/libmanifoldc.so.3
7b30d15ab000-7b30d15af000 r--p 00000000 103:01 90443244                  /usr/lib/x86_64-linux-gnu/libgcc_s.so.1
7b30d15af000-7b30d15d3000 r-xp 00004000 103:01 90443244                  /usr/lib/x86_64-linux-gnu/libgcc_s.so.1
7b30d15d3000-7b30d15d7000 r--p 00028000 103:01 90443244                  /usr/lib/x86_64-linux-gnu/libgcc_s.so.1
7b30d15d7000-7b30d15d8000 r--p 0002b000 103:01 90443244                  /usr/lib/x86_64-linux-gnu/libgcc_s.so.1
7b30d15d8000-7b30d15d9000 rw-p 0002c000 103:01 90443244                  /usr/lib/x86_64-linux-gnu/libgcc_s.so.1
7b30d15d9000-7b30d15dd000 ---p 00000000 00:00 0 
7b30d15dd000-7b30d16d9000 rw-p 00000000 00:00 0 
7b30d16d9000-7b30d16dd000 ---p 00000000 00:00 0 
7b30d16dd000-7b30d17d9000 rw-p 00000000 00:00 0 
7b30d17d9000-7b30d17dd000 ---p 00000000 00:00 0 
7b30d17dd000-7b30d18d9000 rw-p 00000000 00:00 0 
7b30d18d9000-7b30d18da000 ---p 00000000 00:00 0 
7b30d18da000-7b30d19da000 rw-p 00000000 00:00 0 
7b30d19da000-7b30d19df000 r--p 00000000 103:01 75498881                  /home/grishberg/.gradle/jdks/eclipse_adoptium-17-amd64-linux/jdk-17.0.19+10/lib/libjsvml.so
7b30d19df000-7b30d1a20000 r-xp 00005000 103:01 75498881                  /home/grishberg/.gradle/jdks/eclipse_adoptium-17-amd64-linux/jdk-17.0.19+10/lib/libjsvml.so
7b30d1a20000-7b30d1aa9000 r--p 00046000 103:01 75498881                  /home/grishberg/.gradle/jdks/eclipse_adoptium-17-amd64-linux/jdk-17.0.19+10/lib/libjsvml.so
7b30d1aa9000-7b30d1aaa000 r--p 000ce000 103:01 75498881                  /home/grishberg/.gradle/jdks/eclipse_adoptium-17-amd64-linux/jdk-17.0.19+10/lib/libjsvml.so
7b30d1aaa000-7b30d1aab000 rw-p 000cf000 103:01 75498881                  /home/grishberg/.gradle/jdks/eclipse_adoptium-17-amd64-linux/jdk-17.0.19+10/lib/libjsvml.so
7b30d1aab000-7b30d1b2c000 rw-p 00000000 00:00 0 
7b30d1b2c000-7b30d1b2d000 ---p 00000000 00:00 0 
7b30d1b2d000-7b30d1c2d000 rw-p 00000000 00:00 0 
7b30d1c2d000-7b30d1c2e000 ---p 00000000 00:00 0 
7b30d1c2e000-7b30d1d2e000 rw-p 00000000 00:00 0 
7b30d1d2e000-7b30d3db0000 rw-p 00000000 00:00 0 
7b30d3db0000-7b30efe30000 ---p 00000000 00:00 0 
7b30efe30000-7b30f1d30000 rw-p 00000000 00:00 0 
7b30f1d30000-7b310ddb0000 ---p 00000000 00:00 0 
7b310ddb0000-7b310e200000 rw-p 00000000 00:00 0 
7b310e200000-7b3111a10000 ---p 00000000 00:00 0 
7b3111a10000-7b3111df0000 rw-p 00000000 00:00 0 
7b3111df0000-7b3115600000 ---p 00000000 00:00 0 
7b3115600000-7b31159e0000 rw-p 00000000 00:00 0 
7b31159e0000-7b31191f0000 ---p 00000000 00:00 0 
7b31191f0000-7b3119200000 rw-p 00000000 00:00 0 
7b3119200000-7b3119470000 rwxp 00000000 00:00 0 
7b3119470000-7b312065f000 ---p 00000000 00:00 0 
7b312065f000-7b31208cf000 rwxp 00000000 00:00 0 
7b31208cf000-7b3120da0000 ---p 00000000 00:00 0 
7b3120da0000-7b3121010000 rwxp 00000000 00:00 0 
7b3121010000-7b3128200000 ---p 00000000 00:00 0 
7b3128200000-7b312fe3b000 r--s 00000000 103:01 75498899                  /home/grishberg/.gradle/jdks/eclipse_adoptium-17-amd64-linux/jdk-17.0.19+10/lib/modules
7b312fe54000-7b312fe56000 r--p 00000000 103:01 75498880                  /home/grishberg/.gradle/jdks/eclipse_adoptium-17-amd64-linux/jdk-17.0.19+10/lib/libzip.so
7b312fe56000-7b312fe69000 r-xp 00002000 103:01 75498880                  /home/grishberg/.gradle/jdks/eclipse_adoptium-17-amd64-linux/jdk-17.0.19+10/lib/libzip.so
7b312fe69000-7b312fe70000 r--p 00015000 103:01 75498880                  /home/grishberg/.gradle/jdks/eclipse_adoptium-17-amd64-linux/jdk-17.0.19+10/lib/libzip.so
7b312fe70000-7b312fe71000 ---p 0001c000 103:01 75498880                  /home/grishberg/.gradle/jdks/eclipse_adoptium-17-amd64-linux/jdk-17.0.19+10/lib/libzip.so
7b312fe71000-7b312fe72000 r--p 0001c000 103:01 75498880                  /home/grishberg/.gradle/jdks/eclipse_adoptium-17-amd64-linux/jdk-17.0.19+10/lib/libzip.so
7b312fe72000-7b312fe73000 rw-p 0001d000 103:01 75498880                  /home/grishberg/.gradle/jdks/eclipse_adoptium-17-amd64-linux/jdk-17.0.19+10/lib/libzip.so
7b312fe73000-7b3130493000 rw-p 00000000 00:00 0 
7b3130493000-7b3134000000 ---p 00000000 00:00 0 
7b313400b000-7b313404c000 rw-p 00000000 00:00 0 
7b3134054000-7b3134058000 r--p 00000000 103:01 75498890                  /home/grishberg/.gradle/jdks/eclipse_adoptium-17-amd64-linux/jdk-17.0.19+10/lib/libnet.so
7b3134058000-7b3134066000 r-xp 00004000 103:01 75498890                  /home/grishberg/.gradle/jdks/eclipse_adoptium-17-amd64-linux/jdk-17.0.19+10/lib/libnet.so
7b3134066000-7b313406a000 r--p 00012000 103:01 75498890                  /home/grishberg/.gradle/jdks/eclipse_adoptium-17-amd64-linux/jdk-17.0.19+10/lib/libnet.so
7b313406a000-7b313406b000 r--p 00015000 103:01 75498890                  /home/grishberg/.gradle/jdks/eclipse_adoptium-17-amd64-linux/jdk-17.0.19+10/lib/libnet.so
7b313406b000-7b313406c000 rw-p 00016000 103:01 75498890                  /home/grishberg/.gradle/jdks/eclipse_adoptium-17-amd64-linux/jdk-17.0.19+10/lib/libnet.so
7b313406c000-7b3134073000 r--p 00000000 103:01 75498910                  /home/grishberg/.gradle/jdks/eclipse_adoptium-17-amd64-linux/jdk-17.0.19+10/lib/libnio.so
7b3134073000-7b313407c000 r-xp 00007000 103:01 75498910                  /home/grishberg/.gradle/jdks/eclipse_adoptium-17-amd64-linux/jdk-17.0.19+10/lib/libnio.so
7b313407c000-7b3134080000 r--p 00010000 103:01 75498910                  /home/grishberg/.gradle/jdks/eclipse_adoptium-17-amd64-linux/jdk-17.0.19+10/lib/libnio.so
7b3134080000-7b3134081000 ---p 00014000 103:01 75498910                  /home/grishberg/.gradle/jdks/eclipse_adoptium-17-amd64-linux/jdk-17.0.19+10/lib/libnio.so
7b3134081000-7b3134082000 r--p 00014000 103:01 75498910                  /home/grishberg/.gradle/jdks/eclipse_adoptium-17-amd64-linux/jdk-17.0.19+10/lib/libnio.so
7b3134082000-7b3134083000 rw-p 00015000 103:01 75498910                  /home/grishberg/.gradle/jdks/eclipse_adoptium-17-amd64-linux/jdk-17.0.19+10/lib/libnio.so
7b3134083000-7b3134a8d000 rw-p 00000000 00:00 0 
7b3134a8d000-7b3134a8e000 ---p 00000000 00:00 0 
7b3134a8e000-7b3134b8e000 rw-p 00000000 00:00 0 
7b3134b8e000-7b3134b8f000 ---p 00000000 00:00 0 
7b3134b8f000-7b3134c8f000 rw-p 00000000 00:00 0 
7b3134c8f000-7b3134c90000 ---p 00000000 00:00 0 
7b3134c90000-7b3134d90000 rw-p 00000000 00:00 0 
7b3134d90000-7b3135c4a000 rw-p 00000000 00:00 0 
7b3135c4a000-7b3135d2e000 ---p 00000000 00:00 0 
7b3135d2e000-7b3135d33000 rw-p 00000000 00:00 0 
7b3135d33000-7b3135e17000 ---p 00000000 00:00 0 
7b3135e17000-7b3135e1b000 ---p 00000000 00:00 0 
7b3135e1b000-7b3135f17000 rw-p 00000000 00:00 0 
7b3135f17000-7b3135f27000 r--p 00000000 103:01 90442151                  /usr/lib/x86_64-linux-gnu/libm.so.6
7b3135f27000-7b3135fa6000 r-xp 00010000 103:01 90442151                  /usr/lib/x86_64-linux-gnu/libm.so.6
7b3135fa6000-7b3135ffe000 r--p 0008f000 103:01 90442151                  /usr/lib/x86_64-linux-gnu/libm.so.6
7b3135ffe000-7b3135fff000 r--p 000e7000 103:01 90442151                  /usr/lib/x86_64-linux-gnu/libm.so.6
7b3135fff000-7b3136000000 rw-p 000e8000 103:01 90442151                  /usr/lib/x86_64-linux-gnu/libm.so.6
7b3136000000-7b3136253000 r--p 00000000 103:01 75498866                  /home/grishberg/.gradle/jdks/eclipse_adoptium-17-amd64-linux/jdk-17.0.19+10/lib/server/libjvm.so
7b3136253000-7b3136f7b000 r-xp 00253000 103:01 75498866                  /home/grishberg/.gradle/jdks/eclipse_adoptium-17-amd64-linux/jdk-17.0.19+10/lib/server/libjvm.so
7b3136f7b000-7b3137208000 r--p 00f7b000 103:01 75498866                  /home/grishberg/.gradle/jdks/eclipse_adoptium-17-amd64-linux/jdk-17.0.19+10/lib/server/libjvm.so
7b3137208000-7b3137209000 ---p 01208000 103:01 75498866                  /home/grishberg/.gradle/jdks/eclipse_adoptium-17-amd64-linux/jdk-17.0.19+10/lib/server/libjvm.so
7b3137209000-7b31372c2000 r--p 01208000 103:01 75498866                  /home/grishberg/.gradle/jdks/eclipse_adoptium-17-amd64-linux/jdk-17.0.19+10/lib/server/libjvm.so
7b31372c2000-7b31372f7000 rw-p 012c1000 103:01 75498866                  /home/grishberg/.gradle/jdks/eclipse_adoptium-17-amd64-linux/jdk-17.0.19+10/lib/server/libjvm.so
7b31372f7000-7b3137352000 rw-p 00000000 00:00 0 
7b313735e000-7b31373d6000 rw-p 00000000 00:00 0 
7b31373d6000-7b31373e4000 r--p 00000000 103:01 75498920                  /home/grishberg/.gradle/jdks/eclipse_adoptium-17-amd64-linux/jdk-17.0.19+10/lib/libjava.so
7b31373e4000-7b31373f6000 r-xp 0000e000 103:01 75498920                  /home/grishberg/.gradle/jdks/eclipse_adoptium-17-amd64-linux/jdk-17.0.19+10/lib/libjava.so
7b31373f6000-7b31373fc000 r--p 00020000 103:01 75498920                  /home/grishberg/.gradle/jdks/eclipse_adoptium-17-amd64-linux/jdk-17.0.19+10/lib/libjava.so
7b31373fc000-7b31373fd000 ---p 00026000 103:01 75498920                  /home/grishberg/.gradle/jdks/eclipse_adoptium-17-amd64-linux/jdk-17.0.19+10/lib/libjava.so
7b31373fd000-7b31373fe000 r--p 00026000 103:01 75498920                  /home/grishberg/.gradle/jdks/eclipse_adoptium-17-amd64-linux/jdk-17.0.19+10/lib/libjava.so
7b31373fe000-7b31373ff000 rw-p 00027000 103:01 75498920                  /home/grishberg/.gradle/jdks/eclipse_adoptium-17-amd64-linux/jdk-17.0.19+10/lib/libjava.so
7b31373ff000-7b3137400000 rw-p 00000000 00:00 0 
7b3137400000-7b3137428000 r--p 00000000 103:01 90442148                  /usr/lib/x86_64-linux-gnu/libc.so.6
7b3137428000-7b31375b0000 r-xp 00028000 103:01 90442148                  /usr/lib/x86_64-linux-gnu/libc.so.6
7b31375b0000-7b31375ff000 r--p 001b0000 103:01 90442148                  /usr/lib/x86_64-linux-gnu/libc.so.6
7b31375ff000-7b3137603000 r--p 001fe000 103:01 90442148                  /usr/lib/x86_64-linux-gnu/libc.so.6
7b3137603000-7b3137605000 rw-p 00202000 103:01 90442148                  /usr/lib/x86_64-linux-gnu/libc.so.6
7b3137605000-7b3137612000 rw-p 00000000 00:00 0 
7b3137618000-7b313761d000 r--p 00000000 103:01 51524630                  /tmp/manifold3d2863954366981951719/libmanifold_jni.so
7b313761d000-7b3137620000 r-xp 00005000 103:01 51524630                  /tmp/manifold3d2863954366981951719/libmanifold_jni.so
7b3137620000-7b3137621000 r--p 00008000 103:01 51524630                  /tmp/manifold3d2863954366981951719/libmanifold_jni.so
7b3137621000-7b3137622000 r--p 00009000 103:01 51524630                  /tmp/manifold3d2863954366981951719/libmanifold_jni.so
7b3137622000-7b3137623000 rw-p 0000a000 103:01 51524630                  /tmp/manifold3d2863954366981951719/libmanifold_jni.so
7b3137623000-7b3137628000 rw-p 00000000 00:00 0 
7b3137628000-7b3137632000 ---p 00000000 00:00 0 
7b3137632000-7b3137636000 r--p 00000000 103:01 75498904                  /home/grishberg/.gradle/jdks/eclipse_adoptium-17-amd64-linux/jdk-17.0.19+10/lib/libjimage.so
7b3137636000-7b3137649000 r-xp 00004000 103:01 75498904                  /home/grishberg/.gradle/jdks/eclipse_adoptium-17-amd64-linux/jdk-17.0.19+10/lib/libjimage.so
7b3137649000-7b313764f000 r--p 00017000 103:01 75498904                  /home/grishberg/.gradle/jdks/eclipse_adoptium-17-amd64-linux/jdk-17.0.19+10/lib/libjimage.so
7b313764f000-7b3137651000 r--p 0001c000 103:01 75498904                  /home/grishberg/.gradle/jdks/eclipse_adoptium-17-amd64-linux/jdk-17.0.19+10/lib/libjimage.so
7b3137651000-7b3137652000 rw-p 0001e000 103:01 75498904                  /home/grishberg/.gradle/jdks/eclipse_adoptium-17-amd64-linux/jdk-17.0.19+10/lib/libjimage.so
7b3137652000-7b3137653000 r--p 00000000 103:01 90442162                  /usr/lib/x86_64-linux-gnu/librt.so.1
7b3137653000-7b3137654000 r-xp 00001000 103:01 90442162                  /usr/lib/x86_64-linux-gnu/librt.so.1
7b3137654000-7b3137655000 r--p 00002000 103:01 90442162                  /usr/lib/x86_64-linux-gnu/librt.so.1
7b3137655000-7b3137656000 r--p 00002000 103:01 90442162                  /usr/lib/x86_64-linux-gnu/librt.so.1
7b3137656000-7b3137657000 rw-p 00003000 103:01 90442162                  /usr/lib/x86_64-linux-gnu/librt.so.1
7b3137657000-7b3137659000 rw-p 00000000 00:00 0 
7b3137659000-7b313765a000 r--p 00000000 103:01 90442150                  /usr/lib/x86_64-linux-gnu/libdl.so.2
7b313765a000-7b313765b000 r-xp 00001000 103:01 90442150                  /usr/lib/x86_64-linux-gnu/libdl.so.2
7b313765b000-7b313765c000 r--p 00002000 103:01 90442150                  /usr/lib/x86_64-linux-gnu/libdl.so.2
7b313765c000-7b313765d000 r--p 00002000 103:01 90442150                  /usr/lib/x86_64-linux-gnu/libdl.so.2
7b313765d000-7b313765e000 rw-p 00003000 103:01 90442150                  /usr/lib/x86_64-linux-gnu/libdl.so.2
7b313765e000-7b313765f000 r--p 00000000 103:01 90442160                  /usr/lib/x86_64-linux-gnu/libpthread.so.0
7b313765f000-7b3137660000 r-xp 00001000 103:01 90442160                  /usr/lib/x86_64-linux-gnu/libpthread.so.0
7b3137660000-7b3137661000 r--p 00002000 103:01 90442160                  /usr/lib/x86_64-linux-gnu/libpthread.so.0
7b3137661000-7b3137662000 r--p 00002000 103:01 90442160                  /usr/lib/x86_64-linux-gnu/libpthread.so.0
7b3137662000-7b3137663000 rw-p 00003000 103:01 90442160                  /usr/lib/x86_64-linux-gnu/libpthread.so.0
7b3137664000-7b313766b000 r--s 00000000 103:01 90442137                  /usr/lib/x86_64-linux-gnu/gconv/gconv-modules.cache
7b313766b000-7b3137673000 rw-s 00000000 103:01 51523572                  /tmp/hsperfdata_grishberg/85807
7b3137673000-7b3137674000 ---p 00000000 00:00 0 
7b3137674000-7b3137675000 r--p 00000000 00:00 0 
7b3137675000-7b3137676000 ---p 00000000 00:00 0 
7b3137676000-7b3137679000 r--p 00000000 103:01 75498874                  /home/grishberg/.gradle/jdks/eclipse_adoptium-17-amd64-linux/jdk-17.0.19+10/lib/libjli.so
7b3137679000-7b3137689000 r-xp 00003000 103:01 75498874                  /home/grishberg/.gradle/jdks/eclipse_adoptium-17-amd64-linux/jdk-17.0.19+10/lib/libjli.so
7b3137689000-7b3137690000 r--p 00013000 103:01 75498874                  /home/grishberg/.gradle/jdks/eclipse_adoptium-17-amd64-linux/jdk-17.0.19+10/lib/libjli.so
7b3137690000-7b3137691000 r--p 00019000 103:01 75498874                  /home/grishberg/.gradle/jdks/eclipse_adoptium-17-amd64-linux/jdk-17.0.19+10/lib/libjli.so
7b3137691000-7b3137692000 rw-p 0001a000 103:01 75498874                  /home/grishberg/.gradle/jdks/eclipse_adoptium-17-amd64-linux/jdk-17.0.19+10/lib/libjli.so
7b3137692000-7b3137694000 rw-p 00000000 00:00 0 
7b3137694000-7b3137698000 r--p 00000000 00:00 0                          [vvar]
7b3137698000-7b313769a000 r--p 00000000 00:00 0                          [vvar_vclock]
7b313769a000-7b313769c000 r-xp 00000000 00:00 0                          [vdso]
7b313769c000-7b313769d000 r--p 00000000 103:01 90442145                  /usr/lib/x86_64-linux-gnu/ld-linux-x86-64.so.2
7b313769d000-7b31376c8000 r-xp 00001000 103:01 90442145                  /usr/lib/x86_64-linux-gnu/ld-linux-x86-64.so.2
7b31376c8000-7b31376d2000 r--p 0002c000 103:01 90442145                  /usr/lib/x86_64-linux-gnu/ld-linux-x86-64.so.2
7b31376d2000-7b31376d4000 r--p 00036000 103:01 90442145                  /usr/lib/x86_64-linux-gnu/ld-linux-x86-64.so.2
7b31376d4000-7b31376d6000 rw-p 00038000 103:01 90442145                  /usr/lib/x86_64-linux-gnu/ld-linux-x86-64.so.2
7ffe2e56f000-7ffe2e591000 rw-p 00000000 00:00 0                          [stack]
ffffffffff600000-ffffffffff601000 --xp 00000000 00:00 0                  [vsyscall]


VM Arguments:
jvm_args: -Djava.library.path=/home/grishberg/projects/java/opengl_kbd_render/cad3d/build/manifold-natives/manifold3d/natives/linux-x86_64 -Dfile.encoding=UTF-8 -Duser.country=US -Duser.language=en -Duser.variant 
java_command: com.github.grishberg.cad3d.cli.CliRunnerKt --model matrix_right
java_class_path (initial): /home/grishberg/projects/java/opengl_kbd_render/cad3d/build/classes/java/main:/home/grishberg/projects/java/opengl_kbd_render/cad3d/build/classes/kotlin/main:/home/grishberg/projects/java/opengl_kbd_render/cad3d/build/resources/main:/home/grishberg/projects/java/opengl_kbd_render/common/build/libs/common-1.0.1.jar:/home/grishberg/projects/java/opengl_kbd_render/kbd_core/build/libs/kbd_core-1.0.1.jar:/home/grishberg/projects/java/opengl_kbd_render/plugin/build/libs/plugin-1.0.jar:/home/grishberg/projects/java/opengl_kbd_render/javascad/build/libs/javascad-1.0.jar:/home/grishberg/projects/java/opengl_kbd_render/libs/manifold3d-3.2.13.jar:/home/grishberg/.gradle/caches/modules-2/files-2.1/org.jetbrains.kotlin/kotlin-stdlib-jdk8/1.9.22/dea0c11e2fa503ab891c8a090e3b54754472975d/kotlin-stdlib-jdk8-1.9.22.jar:/home/grishberg/.gradle/caches/modules-2/files-2.1/org.jetbrains.kotlinx/kotlinx-coroutines-core-jvm/1.8.0/ac1dc37a30a93150b704022f8d895ee1bd3a36b3/kotlinx-coroutines-core-jvm-1.8.0.jar:/home/grishberg/.gradle/caches/modules-2/files-2.1/org.jetbrains.kotlin/kotlin-stdlib-jdk7/1.9.22/c4b17283ad7939e778989663f8301d871987fa5e/kotlin-stdlib-jdk7-1.9.22.jar:/home/grishberg/.gradle/caches/modules-2/files-2.1/org.jetbrains.kotlinx/kotlinx-serialization-core-jvm/1.6.2/384c2492c987f1d92bfa186580de058c284b2ad9/kotlinx-serialization-core-jvm-1.6.2.jar:/home/grishberg/.gradle/caches/modules-2/files-2.1/org.jetbrains.kotlinx/kotlinx-serialization-json-jvm/1.6.2/8f4df208edf91a3012e7a27ccd02f386d4bfc8c6/kotlinx-serialization-json-jvm-1.6.2.jar:/home/grishberg/.gradle/caches/modules-2/files-2.1/org.jetbrains.kotlin/kotlin-stdlib/1.9.22/d6c44cd08d8f3f9bece8101216dbe6553365c6e3/kotlin-stdlib-1.9.22.jar:/home/grishberg/.gradle/caches/modules-2/files-2.1/org.jetbrains/annotations/23.0.0/8cc20c07506ec18e0834947b84a864bfc094484e/annotations-23.0.0.jar
Launcher Type: SUN_STANDARD

[Global flags]
     intx CICompilerCount                          = 12                                        {product} {ergonomic}
     uint ConcGCThreads                            = 3                                         {product} {ergonomic}
     uint G1ConcRefinementThreads                  = 13                                        {product} {ergonomic}
   size_t G1HeapRegionSize                         = 16777216                                  {product} {ergonomic}
    uintx GCDrainStackTargetSize                   = 64                                        {product} {ergonomic}
   size_t InitialHeapSize                          = 2046820352                                {product} {ergonomic}
   size_t MarkStackSize                            = 4194304                                   {product} {ergonomic}
   size_t MaxHeapSize                              = 32178700288                               {product} {ergonomic}
   size_t MaxNewSize                               = 19293798400                               {product} {ergonomic}
   size_t MinHeapDeltaBytes                        = 16777216                                  {product} {ergonomic}
   size_t MinHeapSize                              = 16777216                                  {product} {ergonomic}
    uintx NonNMethodCodeHeapSize                   = 7602480                                {pd product} {ergonomic}
    uintx NonProfiledCodeHeapSize                  = 122027880                              {pd product} {ergonomic}
    uintx ProfiledCodeHeapSize                     = 122027880                              {pd product} {ergonomic}
    uintx ReservedCodeCacheSize                    = 251658240                              {pd product} {ergonomic}
     bool SegmentedCodeCache                       = true                                      {product} {ergonomic}
   size_t SoftMaxHeapSize                          = 32178700288                            {manageable} {ergonomic}
     bool UseCompressedClassPointers               = true                           {product lp64_product} {ergonomic}
     bool UseCompressedOops                        = true                           {product lp64_product} {ergonomic}
     bool UseG1GC                                  = true                                      {product} {ergonomic}

Logging:
Log output configuration:
 #0: stdout all=warning uptime,level,tags
 #1: stderr all=off uptime,level,tags

Environment Variables:
PATH=/home/grishberg/projects/ts/opencode/bot/venv/bin:/home/grishberg/android-sdk/platform-tools:/home/grishberg/.local/bin:/usr/local/sbin:/usr/local/bin:/usr/sbin:/usr/bin:/sbin:/bin:/usr/games:/usr/local/games:/snap/bin:/snap/bin
USERNAME=grishberg
SHELL=/bin/bash
DISPLAY=:0
LANG=en_US.UTF-8

Active Locale:
LC_ALL=en_US.UTF-8
LC_COLLATE=en_US.UTF-8
LC_CTYPE=en_US.UTF-8
LC_MESSAGES=en_US.UTF-8
LC_MONETARY=en_US.UTF-8
LC_NUMERIC=en_US.UTF-8
LC_TIME=en_US.UTF-8

Signal Handlers:
   SIGSEGV: crash_handler in libjvm.so, mask=11100100010111111101111111111110, flags=SA_RESTART|SA_SIGINFO, unblocked
    SIGBUS: crash_handler in libjvm.so, mask=11100100010111111101111111111110, flags=SA_RESTART|SA_SIGINFO, unblocked
    SIGFPE: crash_handler in libjvm.so, mask=11100100010111111101111111111110, flags=SA_RESTART|SA_SIGINFO, unblocked
   SIGPIPE: javaSignalHandler in libjvm.so, mask=11100100010111111101111111111110, flags=SA_RESTART|SA_SIGINFO, blocked
   SIGXFSZ: javaSignalHandler in libjvm.so, mask=11100100010111111101111111111110, flags=SA_RESTART|SA_SIGINFO, blocked
    SIGILL: crash_handler in libjvm.so, mask=11100100010111111101111111111110, flags=SA_RESTART|SA_SIGINFO, unblocked
   SIGUSR2: SR_handler in libjvm.so, mask=00000000000000000000000000000000, flags=SA_RESTART|SA_SIGINFO, blocked
    SIGHUP: UserHandler in libjvm.so, mask=11100100010111111101111111111110, flags=SA_RESTART|SA_SIGINFO, blocked
    SIGINT: UserHandler in libjvm.so, mask=11100100010111111101111111111110, flags=SA_RESTART|SA_SIGINFO, blocked
   SIGTERM: UserHandler in libjvm.so, mask=11100100010111111101111111111110, flags=SA_RESTART|SA_SIGINFO, blocked
   SIGQUIT: UserHandler in libjvm.so, mask=11100100010111111101111111111110, flags=SA_RESTART|SA_SIGINFO, blocked
   SIGTRAP: crash_handler in libjvm.so, mask=11100100010111111101111111111110, flags=SA_RESTART|SA_SIGINFO, unblocked


Periodic native trim disabled


---------------  S Y S T E M  ---------------

OS:
DISTRIB_ID=Ubuntu
DISTRIB_RELEASE=24.04
DISTRIB_CODENAME=noble
DISTRIB_DESCRIPTION="Ubuntu 24.04.4 LTS"
uname: Linux 6.17.0-35-generic #35~24.04.1-Ubuntu SMP PREEMPT_DYNAMIC Tue May 26 19:30:42 UTC 2 x86_64
OS uptime: 0 days 6:57 hours
libc: glibc 2.39 NPTL 2.39 
rlimit (soft/hard): STACK 8192k/infinity , CORE 0k/infinity , NPROC 496841/496841 , NOFILE 1048576/1048576 , AS infinity/infinity , CPU infinity/infinity , DATA infinity/infinity , FSIZE infinity/infinity , MEMLOCK 15919580k/15919580k
load average: 2.27 1.83 1.52

/proc/meminfo:
MemTotal:       127356652 kB
MemFree:        43444372 kB
MemAvailable:   86708580 kB
Buffers:         2908132 kB
Cached:         43372176 kB
SwapCached:            0 kB
Active:         39424660 kB
Inactive:       41090416 kB
Active(anon):   37271684 kB
Inactive(anon):        0 kB
Active(file):    2152976 kB
Inactive(file): 41090416 kB
Unevictable:           0 kB
Mlocked:               0 kB
SwapTotal:       8388604 kB
SwapFree:        8388604 kB
Zswap:                 0 kB
Zswapped:              0 kB
Dirty:             56136 kB
Writeback:             0 kB
AnonPages:      34235608 kB
Mapped:          4231276 kB
Shmem:           3036928 kB
KReclaimable:    1235988 kB
Slab:            1597676 kB
SReclaimable:    1235988 kB
SUnreclaim:       361688 kB
KernelStack:       23216 kB
PageTables:       105764 kB
SecPageTables:      2180 kB
NFS_Unstable:          0 kB
Bounce:                0 kB
WritebackTmp:          0 kB
CommitLimit:    72066928 kB
Committed_AS:   53275728 kB
VmallocTotal:   34359738367 kB
VmallocUsed:      165532 kB
VmallocChunk:          0 kB
Percpu:            15232 kB
HardwareCorrupted:     0 kB
AnonHugePages:         0 kB
ShmemHugePages:        0 kB
ShmemPmdMapped:        0 kB
FileHugePages:    329728 kB
FilePmdMapped:      2048 kB
CmaTotal:              0 kB
CmaFree:               0 kB
Unaccepted:            0 kB
Balloon:               0 kB
HugePages_Total:       0
HugePages_Free:        0
HugePages_Rsvd:        0
HugePages_Surp:        0
Hugepagesize:       2048 kB
Hugetlb:               0 kB
DirectMap4k:      508068 kB
DirectMap2M:    13033472 kB
DirectMap1G:    121634816 kB

/sys/kernel/mm/transparent_hugepage/enabled: always [madvise] never
/sys/kernel/mm/transparent_hugepage/hpage_pmd_size: 2097152
/sys/kernel/mm/transparent_hugepage/defrag (defrag/compaction efforts parameter): always defer defer+madvise [madvise] never

Process Memory:
Virtual Size: 36794180K (peak: 36855688K)
Resident Set Size: 193136K (peak: 193136K) (anon: 169248K, file: 23888K, shmem: 0K)
Swapped out: 0K
C-Heap outstanding allocations: 60163K, retained: 20108K
glibc malloc tunables: (default)

/proc/sys/kernel/threads-max (system-wide limit on the number of threads): 993683
/proc/sys/vm/max_map_count (maximum number of memory map areas a process may have): 1048576
/proc/sys/vm/swappiness (control to define how aggressively the kernel swaps out anonymous memory): 60
/proc/sys/kernel/pid_max (system-wide limit on number of process identifiers): 4194304

container (cgroup) information:
container_type: cgroupv2
cpu_cpuset_cpus: not supported
cpu_memory_nodes: not supported
active_processor_count: 16
cpu_quota: not supported
cpu_period: not supported
cpu_shares: not supported
memory_limit_in_bytes: unlimited
memory_and_swap_limit_in_bytes: unlimited
memory_soft_limit_in_bytes: 0
memory_usage_in_bytes: 76482196 k
memory_max_usage_in_bytes: not supported
rss_usage_in_bytes: 32946116 k
cache_usage_in_bytes: 42461996 k
memory_swap_current_in_bytes: 0
memory_swap_max_limit_in_bytes: unlimited
maximum number of tasks: 149052
current number of tasks: 592

Steal ticks since vm start: 0
Steal ticks percentage since vm start:  0.000

CPU: total 16 (initial active 16) (16 cores per cpu, 2 threads per core) family 25 model 33 stepping 2 microcode 0xa201213, cx8, cmov, fxsr, ht, mmx, 3dnowpref, sse, sse2, sse3, ssse3, sse4a, sse4.1, sse4.2, popcnt, lzcnt, tsc, tscinvbit, avx, avx2, aes, erms, clmul, bmi1, bmi2, adx, sha, fma, vzeroupper, clflush, clflushopt
CPU Model and flags from /proc/cpuinfo:
model name	: AMD Ryzen 7 5800X3D 8-Core Processor
flags		: fpu vme de pse tsc msr pae mce cx8 apic sep mtrr pge mca cmov pat pse36 clflush mmx fxsr sse sse2 ht syscall nx mmxext fxsr_opt pdpe1gb rdtscp lm constant_tsc rep_good nopl xtopology nonstop_tsc cpuid extd_apicid aperfmperf rapl pni pclmulqdq monitor ssse3 fma cx16 sse4_1 sse4_2 x2apic movbe popcnt aes xsave avx f16c rdrand lahf_lm cmp_legacy svm extapic cr8_legacy abm sse4a misalignsse 3dnowprefetch osvw ibs skinit wdt tce topoext perfctr_core perfctr_nb bpext perfctr_llc mwaitx cpb cat_l3 cdp_l3 hw_pstate ssbd mba ibrs ibpb stibp vmmcall fsgsbase bmi1 avx2 smep bmi2 erms invpcid cqm rdt_a rdseed adx smap clflushopt clwb sha_ni xsaveopt xsavec xgetbv1 xsaves cqm_llc cqm_occup_llc cqm_mbm_total cqm_mbm_local user_shstk clzero irperf xsaveerptr rdpru wbnoinvd arat npt lbrv svm_lock nrip_save tsc_scale vmcb_clean flushbyasid decodeassists pausefilter pfthreshold avic v_vmsave_vmload vgif v_spec_ctrl umip pku ospke vaes vpclmulqdq rdpid overflow_recov succor smca fsrm debug_swap

Online cpus: 0-15
Offline cpus: 
BIOS frequency limitation: <Not Available>
Frequency switch latency (ns): 0
Available cpu frequencies: <Not Available>
Current governor: powersave
Core performance/turbo boost: 1

Memory: 4k page, physical 127356652k(43444372k free), swap 8388604k(8388604k free)
Page Sizes: 4k

vm_info: OpenJDK 64-Bit Server VM (17.0.19+10) for linux-amd64 JRE (17.0.19+10), built on Apr 21 2026 00:00:00 by "admin" with gcc 10.3.0

END.
