#
# A fatal error has been detected by the Java Runtime Environment:
#
#  SIGSEGV (0xb) at pc=0x00007fefa7c9fff4, pid=89406, tid=89429
#
# JRE version: OpenJDK Runtime Environment Temurin-17.0.19+10 (17.0.19+10) (build 17.0.19+10)
# Java VM: OpenJDK 64-Bit Server VM Temurin-17.0.19+10 (17.0.19+10, mixed mode, sharing, tiered, compressed oops, compressed class ptrs, g1 gc, linux-amd64)
# Problematic frame:
# C  [libc.so.6+0x9fff4]  pthread_mutex_lock+0x4
#
# Core dump will be written. Default location: Core dumps may be processed with "/usr/share/apport/apport -p%p -s%s -c%c -d%d -P%P -u%u -g%g -F%F -- %E" (or dumping to /home/grishberg/projects/java/opengl_kbd_render/cad3d/core.89406)
#
# If you would like to submit a bug report, please visit:
#   https://github.com/adoptium/adoptium-support/issues
# The crash happened outside the Java Virtual Machine in native code.
# See problematic frame for where to report the bug.
#

---------------  S U M M A R Y ------------

Command Line: -Djava.library.path=/home/grishberg/projects/java/opengl_kbd_render/cad3d/build/manifold-natives/manifold3d/natives/linux-x86_64 -Dfile.encoding=UTF-8 -Duser.country=US -Duser.language=en -Duser.variant com.github.grishberg.cad3d.cli.CliRunnerKt --model matrix_right

Host: AMD Ryzen 7 5800X3D 8-Core Processor, 16 cores, 121G, Ubuntu 24.04.4 LTS
Time: Wed Jul 15 14:23:21 2026 MSK elapsed time: 0.253498 seconds (0d 0h 0m 0s)

---------------  T H R E A D  ---------------

Current thread (0x00007feea0064e70):  JavaThread "DefaultDispatcher-worker-3" daemon [_thread_in_native, id=89429, stack(0x00007fef40600000,0x00007fef40700000)]

Stack: [0x00007fef40600000,0x00007fef40700000],  sp=0x00007fef406fd938,  free space=1014k
Native frames: (J=compiled Java code, j=interpreted, Vv=VM code, C=native code)
C  [libc.so.6+0x9fff4]  pthread_mutex_lock+0x4

Java frames: (J=compiled Java code, j=interpreted, Vv=VM code)
J 762  com.cadoodlecad.manifold.ManifoldBindings.jniUnion(JJJ)J (0 bytes) @ 0x00007fef90dd42ef [0x00007fef90dd42a0+0x000000000000004f]
J 836 c1 com.cadoodlecad.manifold.ManifoldBindings.union(JJ)J (13 bytes) @ 0x00007fef89377f64 [0x00007fef89377ec0+0x00000000000000a4]
J 779 c1 eu.printingin3d.javascad.manifold.Manifold3dEngine.operateNative(JJI)J (113 bytes) @ 0x00007fef8935fddc [0x00007fef8935fbc0+0x000000000000021c]
J 780 c1 eu.printingin3d.javascad.manifold.Manifold3dEngine.unionNative(JJ)J (8 bytes) @ 0x00007fef8936073c [0x00007fef893606c0+0x000000000000007c]
j  eu.printingin3d.javascad.tranzitions.Union.toInnerNativeMesh(Leu/printingin3d/javascad/vrl/FacetGenerationContext;)J+67
J 752 c1 eu.printingin3d.javascad.models.Abstract3dModel.toNativeMesh(Leu/printingin3d/javascad/vrl/FacetGenerationContext;)J (160 bytes) @ 0x00007fef89350b54 [0x00007fef89350480+0x00000000000006d4]
j  eu.printingin3d.javascad.tranzitions.Difference.toInnerNativeMesh(Leu/printingin3d/javascad/vrl/FacetGenerationContext;)J+5
J 752 c1 eu.printingin3d.javascad.models.Abstract3dModel.toNativeMesh(Leu/printingin3d/javascad/vrl/FacetGenerationContext;)J (160 bytes) @ 0x00007fef89350b54 [0x00007fef89350480+0x00000000000006d4]
j  com.github.grishberg.cad3d.util.VertexHolderUtilsKt.fromModelNative(Leu/printingin3d/javascad/models/Abstract3dModel;I)Lcom/github/grishberg/cad3d/plugin/VertexHolder;+28
j  com.github.grishberg.cad3d.util.VertexHolderUtilsKt.fromModel(Leu/printingin3d/javascad/models/Abstract3dModel;I)Lcom/github/grishberg/cad3d/plugin/VertexHolder;+8
j  com.github.grishberg.cad3d.keyboard.ModelHolder$Companion.createVertexHolders(Lcom/github/grishberg/cad3d/keyboard/cfg/KeyboardConfig;Leu/printingin3d/javascad/models/Abstract3dModel;Ljava/util/List;)Ljava/util/List;+101
j  com.github.grishberg.cad3d.keyboard.ModelHolder.<init>(Lcom/github/grishberg/cad3d/keyboard/cfg/KeyboardConfig;Leu/printingin3d/javascad/models/Abstract3dModel;[Leu/printingin3d/javascad/models/Abstract3dModel;)V+29
j  com.github.grishberg.cad3d.KeyboardBuilder.createCaseModel(Lcom/github/grishberg/cad3d/keyboard/cfg/KeyboardConfig;Lcom/github/grishberg/cad3d/keyboard/KeyPlace;Lcom/github/grishberg/cad3d/keyboard/ThumbKeyPlace;Lcom/github/grishberg/cad3d/keyboard/screws/ScrewWallPlaces;Lcom/github/grishberg/cad3d/keyboard/casebody/Walls;Lcom/github/grishberg/cad3d/keyboard/casebody/controllers/ControllerPlace;Lcom/github/grishberg/cad3d/keyboard/casebody/controllers/SwitcherPlace;Lcom/github/grishberg/cad3d/keyboard/casebody/controllers/ControllerFactory;Lcom/github/grishberg/cad3d/keyboard/casebody/controllers/switcher/SwitcherFactory;Lcom/github/grishberg/cad3d/keyboard/casebody/controllers/Controller;Lcom/github/grishberg/cad3d/trackball/Trackball;Lcom/github/grishberg/cad3d/keyboard/casebody/thumb/ThumbBorders;Lcom/github/grishberg/cad3d/keyboard/casebody/thumb/ThumbWalls;)Lcom/github/grishberg/cad3d/keyboard/ModelHolder;+665
j  com.github.grishberg.cad3d.KeyboardBuilder.createCase(Lcom/github/grishberg/cad3d/keyboard/cfg/KeyboardConfig;Lcom/github/grishberg/cad3d/keyboard/KeyPlace;Lcom/github/grishberg/cad3d/keyboard/ThumbKeyPlace;Lcom/github/grishberg/cad3d/keyboard/screws/ScrewWallPlaces;Lcom/github/grishberg/cad3d/keyboard/casebody/Walls;Lcom/github/grishberg/cad3d/keyboard/casebody/controllers/ControllerPlace;Lcom/github/grishberg/cad3d/keyboard/casebody/controllers/SwitcherPlace;Lcom/github/grishberg/cad3d/keyboard/casebody/controllers/ControllerFactory;Lcom/github/grishberg/cad3d/keyboard/casebody/controllers/switcher/SwitcherFactory;Lcom/github/grishberg/cad3d/keyboard/casebody/controllers/Controller;Lcom/github/grishberg/cad3d/trackball/Trackball;Lcom/github/grishberg/cad3d/keyboard/casebody/thumb/ThumbBorders;Lcom/github/grishberg/cad3d/keyboard/casebody/thumb/ThumbWalls;)Ljava/util/List;+44
j  com.github.grishberg.cad3d.KeyboardBuilder.access$createCase(Lcom/github/grishberg/cad3d/KeyboardBuilder;Lcom/github/grishberg/cad3d/keyboard/cfg/KeyboardConfig;Lcom/github/grishberg/cad3d/keyboard/KeyPlace;Lcom/github/grishberg/cad3d/keyboard/ThumbKeyPlace;Lcom/github/grishberg/cad3d/keyboard/screws/ScrewWallPlaces;Lcom/github/grishberg/cad3d/keyboard/casebody/Walls;Lcom/github/grishberg/cad3d/keyboard/casebody/controllers/ControllerPlace;Lcom/github/grishberg/cad3d/keyboard/casebody/controllers/SwitcherPlace;Lcom/github/grishberg/cad3d/keyboard/casebody/controllers/ControllerFactory;Lcom/github/grishberg/cad3d/keyboard/casebody/controllers/switcher/SwitcherFactory;Lcom/github/grishberg/cad3d/keyboard/casebody/controllers/Controller;Lcom/github/grishberg/cad3d/trackball/Trackball;Lcom/github/grishberg/cad3d/keyboard/casebody/thumb/ThumbBorders;Lcom/github/grishberg/cad3d/keyboard/casebody/thumb/ThumbWalls;)Ljava/util/List;+24
j  com.github.grishberg.cad3d.KeyboardBuilder$exportStl$1$2.invokeSuspend(Ljava/lang/Object;)Ljava/lang/Object;+104
j  kotlin.coroutines.jvm.internal.BaseContinuationImpl.resumeWith(Ljava/lang/Object;)V+44
j  kotlinx.coroutines.DispatchedTask.run()V+317
j  kotlinx.coroutines.scheduling.CoroutineScheduler.runSafely(Lkotlinx/coroutines/scheduling/Task;)V+2
j  kotlinx.coroutines.scheduling.CoroutineScheduler$Worker.executeTask(Lkotlinx/coroutines/scheduling/Task;)V+30
j  kotlinx.coroutines.scheduling.CoroutineScheduler$Worker.runWorker()V+44
j  kotlinx.coroutines.scheduling.CoroutineScheduler$Worker.run()V+1
v  ~StubRoutines::call_stub

siginfo: si_signo: 11 (SIGSEGV), si_code: 1 (SEGV_MAPERR), si_addr: 0x00007fe966e11265

Registers:
RAX=0x00007fef40dfc398, RBX=0x00007fee98065170, RCX=0x0000000000000000, RDX=0x0000000000000000
RSP=0x00007fef406fd938, RBP=0x00007fef406fd970, RSI=0x00007fee98065170, RDI=0x00007fe966e11255
R8 =0x00007fee98065170, R9 =0x0000000000000000, R10=0x00007fef90dd42ef, R11=0x00007fef893606e0
R12=0x00007fe966e11255, R13=0x00007fee980e3670, R14=0x00007fef406fd970, R15=0x00007fef40d10b30
RIP=0x00007fefa7c9fff4, EFLAGS=0x0000000000010246, CSGSFS=0x002b000000000033, ERR=0x0000000000000004
  TRAPNO=0x000000000000000e

XMM[0]=0x00007fee980e3660 0x00007fee980e3670
XMM[1]=0x0000000000000000 0x0000000000000000
XMM[2]=0x0000000000000000 0x3f1a36e2eb1c432d
XMM[3]=0x0000000000000000 0x3ff0000000000000
XMM[4]=0x0000000000000000 0x0000000000000000
XMM[5]=0x0000000000000000 0x3ff0000000000000
XMM[6]=0x0000000000000000 0x40477c23087a6128
XMM[7]=0x0000000000000000 0x40477c23087a6128
XMM[8]=0x0000000000000000 0x0000000000000000
XMM[9]=0x0000000000000000 0x0000000000000000
XMM[10]=0x0000000000000000 0xc021334a2aee9cea
XMM[11]=0x0000000000000000 0x0000000000000000
XMM[12]=0x0000000000000000 0x0000000000000000
XMM[13]=0x0000000000000000 0x0000000000000000
XMM[14]=0x0000000000000000 0x0000000000000000
XMM[15]=0x0000000000000000 0x3ff0000000000000
  MXCSR=0x00001fa4


Register to memory mapping:

RAX=0x00007fef40dfc398: _ZTVN8manifold9CsgOpNodeE+0x0000000000000010 in /tmp/manifold3d18238518904419924416/libmanifold.so.3 at 0x00007fef40c9a000
RBX=0x00007fee98065170 points into unknown readable memory: 0x00007fe966e11255 | 55 12 e1 66 e9 7f 00 00
RCX=0x0 is NULL
RDX=0x0 is NULL
RSP=0x00007fef406fd938 is pointing into the stack for thread: 0x00007feea0064e70
RBP=0x00007fef406fd970 is pointing into the stack for thread: 0x00007feea0064e70
RSI=0x00007fee98065170 points into unknown readable memory: 0x00007fe966e11255 | 55 12 e1 66 e9 7f 00 00
RDI=0x00007fe966e11255 is an unknown value
R8 =0x00007fee98065170 points into unknown readable memory: 0x00007fe966e11255 | 55 12 e1 66 e9 7f 00 00
R9 =0x0 is NULL
R10=0x00007fef90dd42ef is at entry_point+79 in (nmethod*)0x00007fef90dd4110
Compiled method (n/a) 254  762     n 0       com.cadoodlecad.manifold.ManifoldBindings::jniUnion (native)
 total in heap  [0x00007fef90dd4110,0x00007fef90dd4490] = 896
 relocation     [0x00007fef90dd4270,0x00007fef90dd42a0] = 48
 main code      [0x00007fef90dd42a0,0x00007fef90dd4488] = 488
 oops           [0x00007fef90dd4488,0x00007fef90dd4490] = 8
0x00007fef90dd42cf:   4c 8b c1 48 8b ca 48 8b d6 49 be 98 01 02 f5 00
0x00007fef90dd42df:   00 00 00 4c 89 74 24 30 4c 8d 74 24 30 49 8b f6
0x00007fef90dd42ef:   c5 f8 77 
R11=0x00007fef893606e0 is at entry_point+32 in (nmethod*)0x00007fef89360510
Compiled method (c1) 254  780       3       eu.printingin3d.javascad.manifold.Manifold3dEngine::unionNative (8 bytes)
 total in heap  [0x00007fef89360510,0x00007fef89360880] = 880
 relocation     [0x00007fef89360670,0x00007fef893606a8] = 56
 main code      [0x00007fef893606c0,0x00007fef893607c0] = 256
 stub code      [0x00007fef893607c0,0x00007fef89360800] = 64
 oops           [0x00007fef89360800,0x00007fef89360808] = 8
 metadata       [0x00007fef89360808,0x00007fef89360810] = 8
 scopes data    [0x00007fef89360810,0x00007fef89360838] = 40
 scopes pcs     [0x00007fef89360838,0x00007fef89360878] = 64
 dependencies   [0x00007fef89360878,0x00007fef89360880] = 8
0x00007fef893606e0:   89 84 24 00 c0 fe ff 55 48 83 ec 40 
R12=0x00007fe966e11255 is an unknown value
R13=0x00007fee980e3670 points into unknown readable memory: 0x00007fef40dfc398 | 98 c3 df 40 ef 7f 00 00
R14=0x00007fef406fd970 is pointing into the stack for thread: 0x00007feea0064e70
R15=0x00007fef40d10b30: _ZN8manifold9CsgOpNode7BooleanERKSt10shared_ptrINS_7CsgNodeEENS_6OpTypeE+0x0000000000000000 in /tmp/manifold3d18238518904419924416/libmanifold.so.3 at 0x00007fef40c9a000


Top of Stack: (sp=0x00007fef406fd938)
0x00007fef406fd938:   00007fef40d53899 00007fef406fda00
0x00007fef406fd948:   0000000000000000 00007fee98065170
0x00007fef406fd958:   00007fef40d56c5e 00007fee980e3670
0x00007fef406fd968:   00007fee980e3660 0000000000000007
0x00007fef406fd978:   00007fee980008e0 00000000f5020260
0x00007fef406fd988:   ffffffff539e9002 00007fef406fd9c0
0x00007fef406fd998:   a02a253226b2b100 0000000000000138
0x00007fef406fd9a8:   00007fef406fda00 00007fef406fda00
0x00007fef406fd9b8:   00007fee98065170 00007fef406fdc28
0x00007fef406fd9c8:   00007fef406fdad0 00007feea0064e70
0x00007fef406fd9d8:   00007fef40d56eb3 00007fef90668260
0x00007fef406fd9e8:   a02a253226b2b100 00007fee98065170
0x00007fef406fd9f8:   00007fef9fea72f6 00007feedf40a04b
0x00007fef406fda08:   00007fee98065170 ffffffff539e9002
0x00007fef406fda18:   00000000f5020260 00000000f50401a8
0x00007fef406fda28:   0000000000000030 0000000000000000
0x00007fef406fda38:   a02a253226b2b100 0000000000000154
0x00007fef406fda48:   00007fef406fda90 0000000000000000
0x00007fef406fda58:   00007fefa7b58fbf 00007fef406fda90
0x00007fef406fda68:   00007fee98065170 00007fee98069370
0x00007fef406fda78:   00007fee98065170 00007fef406fdad0
0x00007fef406fda88:   00007feea0065120 00007fef406fdae0
0x00007fef406fda98:   00007fef90dd4368 0000000000000007
0x00007fef406fdaa8:   00007fee980008e0 00000000f5020260
0x00007fef406fdab8:   00007fee98065170 00007feea0064e70
0x00007fef406fdac8:   00007fef406fdd10 00000000f5020198
0x00007fef406fdad8:   0000000000000000 00007fef406fdca8
0x00007fef406fdae8:   00007fef89377f64 0000000000000007
0x00007fef406fdaf8:   0000000000000000 00007fef406fdba0
0x00007fef406fdb08:   00000000f5020260 00007fef406fdb40
0x00007fef406fdb18:   0000000000000138 00007feedf409e40
0x00007fef406fdb28:   00007fee98069370 00007fee98065170 

Instructions: (pc=0x00007fefa7c9fff4)
0x00007fefa7c9fef4:   ff ff ff 83 f8 92 0f 84 68 ff ff ff 8d 50 26 83
0x00007fefa7c9ff04:   f8 da 72 14 48 b8 09 00 00 08 2c 00 00 00 48 0f
0x00007fefa7c9ff14:   a3 d0 0f 82 4c ff ff ff 48 8d 3d d5 10 13 00 e8
0x00007fefa7c9ff24:   18 0b ff ff 83 f8 f5 0f 84 a9 fd ff ff 83 f8 fc
0x00007fefa7c9ff34:   0f 84 a0 fd ff ff eb e0 0f 1f 40 00 be 80 00 00
0x00007fefa7c9ff44:   00 48 89 df e8 73 90 ff ff e9 16 ff ff ff 64 48
0x00007fefa7c9ff54:   c7 04 25 f0 02 00 00 00 00 00 00 b8 23 00 00 00
0x00007fefa7c9ff64:   e9 97 fa ff ff b8 0b 00 00 00 e9 8d fa ff ff 41
0x00007fefa7c9ff74:   8b 04 24 83 e0 7f 83 f8 12 74 d3 83 f8 11 0f 85
0x00007fefa7c9ff84:   2f fd ff ff e9 06 ff ff ff e8 2e 7f 09 00 48 8d
0x00007fefa7c9ff94:   0d e7 4d 13 00 ba bd 01 00 00 48 8d 35 c0 c4 12
0x00007fefa7c9ffa4:   00 48 8d 3d 74 11 13 00 e8 3f b3 f9 ff 48 8d 0d
0x00007fefa7c9ffb4:   c8 4d 13 00 ba c2 01 00 00 48 8d 35 a1 c4 12 00
0x00007fefa7c9ffc4:   48 8d 3d af c4 12 00 e8 20 b3 f9 ff 48 8d 0d a9
0x00007fefa7c9ffd4:   4d 13 00 ba 5f 02 00 00 48 8d 35 82 c4 12 00 48
0x00007fefa7c9ffe4:   8d 3d a6 c4 12 00 e8 01 b3 f9 ff 90 f3 0f 1e fa
0x00007fefa7c9fff4:   8b 47 10 89 c2 81 e2 7f 01 00 00 90 83 e0 7c 0f
0x00007fefa7ca0004:   85 a7 00 00 00 55 48 89 e5 53 48 83 ec 18 85 d2
0x00007fefa7ca0014:   0f 85 9e 00 00 00 44 8b 0d 0f 57 16 00 45 85 c9
0x00007fefa7ca0024:   75 5a 8b 77 10 81 e6 80 00 00 00 75 09 80 3d 08
0x00007fefa7ca0034:   b0 16 00 00 75 36 31 c0 ba 01 00 00 00 f0 0f b1
0x00007fefa7ca0044:   17 0f 85 ad 00 00 00 8b 4f 08 85 c9 0f 85 54 01
0x00007fefa7ca0054:   00 00 64 8b 04 25 d0 02 00 00 89 47 08 83 47 0c
0x00007fefa7ca0064:   01 90 31 c0 48 8b 5d f8 c9 c3 66 90 44 8b 07 45
0x00007fefa7ca0074:   85 c0 75 c2 c7 07 01 00 00 00 eb cb 8b 47 10 f6
0x00007fefa7ca0084:   c4 03 74 08 f6 c4 01 74 99 eb 07 90 80 cc 01 89
0x00007fefa7ca0094:   47 10 8b 57 10 48 8b 5d f8 48 8d 77 16 c9 81 e2
0x00007fefa7ca00a4:   80 00 00 00 e9 a3 88 ff ff 0f 1f 00 e9 5b f8 ff
0x00007fefa7ca00b4:   ff 0f 1f 00 81 fa 00 01 00 00 74 d6 8b 57 10 83
0x00007fefa7ca00c4:   e2 7f 83 fa 01 0f 85 8e 00 00 00 64 8b 04 25 d0
0x00007fefa7ca00d4:   02 00 00 39 47 08 75 2e 8b 47 04 83 f8 ff 0f 84
0x00007fefa7ca00e4:   b8 00 00 00 83 c0 01 89 47 04 e9 73 ff ff ff 0f 


Stack slot to memory mapping:
stack at sp + 0 slots: 0x00007fef40d53899: _ZNK8manifold8Manifold9LoadPNodeEv+0x0000000000000019 in /tmp/manifold3d18238518904419924416/libmanifold.so.3 at 0x00007fef40c9a000
stack at sp + 1 slots: 0x00007fef406fda00 is pointing into the stack for thread: 0x00007feea0064e70
stack at sp + 2 slots: 0x0 is NULL
stack at sp + 3 slots: 0x00007fee98065170 points into unknown readable memory: 0x00007fe966e11255 | 55 12 e1 66 e9 7f 00 00
stack at sp + 4 slots: 0x00007fef40d56c5e: _ZNK8manifold8Manifold7BooleanERKS0_NS_6OpTypeE+0x000000000000004e in /tmp/manifold3d18238518904419924416/libmanifold.so.3 at 0x00007fef40c9a000
stack at sp + 5 slots: 0x00007fee980e3670 points into unknown readable memory: 0x00007fef40dfc398 | 98 c3 df 40 ef 7f 00 00
stack at sp + 6 slots: 0x00007fee980e3660 points into unknown readable memory: 0x00007fef40dfc3d0 | d0 c3 df 40 ef 7f 00 00
stack at sp + 7 slots: 0x0000000000000007 is an unknown value


Compiled method (n/a) 256  762     n 0       com.cadoodlecad.manifold.ManifoldBindings::jniUnion (native)
 total in heap  [0x00007fef90dd4110,0x00007fef90dd4490] = 896
 relocation     [0x00007fef90dd4270,0x00007fef90dd42a0] = 48
 main code      [0x00007fef90dd42a0,0x00007fef90dd4488] = 488
 oops           [0x00007fef90dd4488,0x00007fef90dd4490] = 8

[Constant Pool (empty)]

[MachCode]
[Entry Point]
  # {method} {0x00007feedf413880} 'jniUnion' '(JJJ)J' in 'com/cadoodlecad/manifold/ManifoldBindings'
  # parm0:    rsi:rsi   = long
  # parm1:    rdx:rdx   = long
  # parm2:    rcx:rcx   = long
  #           [sp+0x50]  (sp of caller)
  0x00007fef90dd42a0: 448b 5608 | 49bb 0000 | 00e3 ee7f | 0000 4d03 | d349 3bc2 | 0f84 0600 

  0x00007fef90dd42b8: ;   {runtime_call ic_miss_stub}
  0x00007fef90dd42b8: 0000 e9c1 | ba8d ff90 
[Verified Entry Point]
  0x00007fef90dd42c0: 8984 2400 | c0fe ff55 | 488b ec48 | 83ec 404c | 8bc1 488b | ca48 8bd6 

  0x00007fef90dd42d8: ;   {oop(a 'java/lang/Class'{0x00000000f5020198} = 'com/cadoodlecad/manifold/ManifoldBindings')}
  0x00007fef90dd42d8: 49be 9801 | 02f5 0000 | 0000 4c89 | 7424 304c | 8d74 2430 | 498b f6c5 

  0x00007fef90dd42f0: ;   {internal_word}
  0x00007fef90dd42f0: f877 49ba | ef42 dd90 | ef7f 0000 | 4d89 9798 | 0200 0049 | 89a7 9002 

  0x00007fef90dd4308: ;   {external_word}
  0x00007fef90dd4308: 0000 803d | 748e d316 | 000f 843a | 0000 0056 | 5251 4150 

  0x00007fef90dd431c: ;   {metadata({method} {0x00007feedf413880} 'jniUnion' '(JJJ)J' in 'com/cadoodlecad/manifold/ManifoldBindings')}
  0x00007fef90dd431c: 48be 8038 | 41df ee7f | 0000 498b | fff7 c40f | 0000 000f | 8412 0000 | 0048 83ec 

  0x00007fef90dd4338: ;   {runtime_call SharedRuntime::dtrace_method_entry(JavaThread*, Method*)}
  0x00007fef90dd4338: 08e8 62e7 | 7016 4883 | c408 e905 

  0x00007fef90dd4344: ;   {runtime_call SharedRuntime::dtrace_method_entry(JavaThread*, Method*)}
  0x00007fef90dd4344: 0000 00e8 | 54e7 7016 | 4158 595a | 5e49 8dbf | b002 0000 | 41c7 8738 | 0300 0004 

  0x00007fef90dd4360: ;   {runtime_call Java_com_cadoodlecad_manifold_ManifoldBindings_jniUnion}
  0x00007fef90dd4360: 0000 00e8 | 204c d816 | c5f8 7741 | c787 3803 | 0000 0500 | 0000 f083 | 4424 c000 | 493b af40 
  0x00007fef90dd4380: 0300 000f | 8711 0000 | 0041 81bf | 2803 0000 | 0000 0000 | 0f84 2400 | 0000 c5f8 | 7748 8945 
  0x00007fef90dd43a0: f849 8bff | 4c8b e448 | 83ec 0048 

  0x00007fef90dd43ac: ;   {runtime_call JavaThread::check_special_condition_for_native_trans(JavaThread*)}
  0x00007fef90dd43ac: 83e4 f0e8 | 1cac 8916 | 498b e44d | 33e4 488b | 45f8 41c7 | 8738 0300 | 0008 0000 | 0041 81bf 
  0x00007fef90dd43cc: a803 0000 | 0200 0000 | 0f84 8400 

  0x00007fef90dd43d8: ;   {external_word}
  0x00007fef90dd43d8: 0000 803d | a48d d316 | 000f 8438 | 0000 0048 

  0x00007fef90dd43e8: ;   {metadata({method} {0x00007feedf413880} 'jniUnion' '(JJJ)J' in 'com/cadoodlecad/manifold/ManifoldBindings')}
  0x00007fef90dd43e8: 8945 f848 | be80 3841 | dfee 7f00 | 0049 8bff | f7c4 0f00 | 0000 0f84 | 1200 0000 | 4883 ec08 
  0x00007fef90dd4408: ;   {runtime_call SharedRuntime::dtrace_method_exit(JavaThread*, Method*)}
  0x00007fef90dd4408: e843 e770 | 1648 83c4 | 08e9 0500 

  0x00007fef90dd4414: ;   {runtime_call SharedRuntime::dtrace_method_exit(JavaThread*, Method*)}
  0x00007fef90dd4414: 0000 e835 | e770 1648 | 8b45 f849 | c787 9002 | 0000 0000 | 0000 49c7 | 8798 0200 | 0000 0000 
  0x00007fef90dd4434: 00c5 f877 | 498b 8fd8 | 0000 00c7 | 8100 0100 | 0000 0000 | 00c9 4981 | 7f08 0000 | 0000 0f85 
  0x00007fef90dd4454: 0100 0000 

  0x00007fef90dd4458: ;   {runtime_call StubRoutines (1)}
  0x00007fef90dd4458: c3e9 a2b7 | 88ff c5f8 | 7748 8945 | f84c 8be4 | 4883 ec00 | 4883 e4f0 

  0x00007fef90dd4470: ;   {runtime_call SharedRuntime::reguard_yellow_pages()}
  0x00007fef90dd4470: e84b f570 | 1649 8be4 | 4d33 e448 | 8b45 f8e9 | 56ff ffff | f4f4 f4f4 
[/MachCode]


Compiled method (c1) 261  836       3       com.cadoodlecad.manifold.ManifoldBindings::union (13 bytes)
 total in heap  [0x00007fef89377d10,0x00007fef893780e0] = 976
 relocation     [0x00007fef89377e70,0x00007fef89377eb8] = 72
 main code      [0x00007fef89377ec0,0x00007fef89377fe0] = 288
 stub code      [0x00007fef89377fe0,0x00007fef89378030] = 80
 oops           [0x00007fef89378030,0x00007fef89378038] = 8
 metadata       [0x00007fef89378038,0x00007fef89378040] = 8
 scopes data    [0x00007fef89378040,0x00007fef89378088] = 72
 scopes pcs     [0x00007fef89378088,0x00007fef893780d8] = 80
 dependencies   [0x00007fef893780d8,0x00007fef893780e0] = 8

[Constant Pool (empty)]

[MachCode]
[Entry Point]
  # {method} {0x00007feedf417908} 'union' '(JJ)J' in 'com/cadoodlecad/manifold/ManifoldBindings'
  # this:     rsi:rsi   = 'com/cadoodlecad/manifold/ManifoldBindings'
  # parm0:    rdx:rdx   = long
  # parm1:    rcx:rcx   = long
  #           [sp+0x60]  (sp of caller)
  0x00007fef89377ec0: 448b 5608 | 49bb 0000 | 00e3 ee7f | 0000 4d03 | d34c 3bd0 

  0x00007fef89377ed4: ;   {runtime_call ic_miss_stub}
  0x00007fef89377ed4: 0f85 a67e | 3307 660f | 1f44 0000 
[Verified Entry Point]
  0x00007fef89377ee0: 8984 2400 | c0fe ff55 | 4883 ec50 

  0x00007fef89377eec: ;   {metadata(method data for {method} {0x00007feedf417908} 'union' '(JJ)J' in 'com/cadoodlecad/manifold/ManifoldBindings')}
  0x00007fef89377eec: 48bf f865 | 6bdf ee7f | 0000 8b9f | f400 0000 | 83c3 0289 | 9ff4 0000 | 0081 e3fe | 0700 0083 
  0x00007fef89377f0c: fb00 0f84 | 6300 0000 | 4889 4c24 | 4048 8954 

  0x00007fef89377f1c: ;   {metadata(method data for {method} {0x00007feedf417908} 'union' '(JJ)J' in 'com/cadoodlecad/manifold/ManifoldBindings')}
  0x00007fef89377f1c: 2438 48be | f865 6bdf | ee7f 0000 | 4883 8638 | 0100 0001 | 0f1f 8000 

  0x00007fef89377f34: ;   {static_call}
  0x00007fef89377f34: 0000 00e8 

  0x00007fef89377f38: ; ImmutableOopMap {}
                      ;*invokestatic jniAllocManifold {reexecute=0 rethrow=0 return_oop=0}
                      ; - com.cadoodlecad.manifold.ManifoldBindings::union@0 (line 433)
  0x00007fef89377f38: 048b a507 

  0x00007fef89377f3c: ;   {metadata(method data for {method} {0x00007feedf417908} 'union' '(JJ)J' in 'com/cadoodlecad/manifold/ManifoldBindings')}
  0x00007fef89377f3c: 48be f865 | 6bdf ee7f | 0000 4883 | 8648 0100 | 0001 488b | f048 8b54 | 2438 488b | 4c24 400f 
  0x00007fef89377f5c: ;   {static_call}
  0x00007fef89377f5c: 1f40 00e8 

  0x00007fef89377f60: ; ImmutableOopMap {}
                      ;*invokestatic jniUnion {reexecute=0 rethrow=0 return_oop=0}
                      ; - com.cadoodlecad.manifold.ManifoldBindings::union@9 (line 434)
  0x00007fef89377f60: 5cc3 a507 | 4883 c450 

  0x00007fef89377f68: ;   {poll_return}
  0x00007fef89377f68: 5d49 3ba7 | 4003 0000 | 0f87 2200 

  0x00007fef89377f74: ;   {metadata({method} {0x00007feedf417908} 'union' '(JJ)J' in 'com/cadoodlecad/manifold/ManifoldBindings')}
  0x00007fef89377f74: 0000 c349 | ba08 7941 | dfee 7f00 | 004c 8954 | 2408 48c7 | 0424 ffff 

  0x00007fef89377f8c: ;   {runtime_call counter_overflow Runtime1 stub}
  0x00007fef89377f8c: ffff e8ed 

  0x00007fef89377f90: ; ImmutableOopMap {rsi=Oop }
                      ;*synchronization entry
                      ; - com.cadoodlecad.manifold.ManifoldBindings::union@-1 (line 433)
  0x00007fef89377f90: fb3d 07e9 | 7cff ffff 

  0x00007fef89377f98: ;   {internal_word}
  0x00007fef89377f98: 49ba 697f | 3789 ef7f | 0000 4d89 | 9758 0300 

  0x00007fef89377fa8: ;   {runtime_call SafepointBlob}
  0x00007fef89377fa8: 00e9 52e7 | 3307 9090 | 498b 87d0 | 0300 0049 | c787 d003 | 0000 0000 | 0000 49c7 | 87d8 0300 
  0x00007fef89377fc8: 0000 0000 | 0048 83c4 

  0x00007fef89377fd0: ;   {runtime_call unwind_exception Runtime1 stub}
  0x00007fef89377fd0: 505d e929 | b634 07f4 | f4f4 f4f4 | f4f4 f4f4 
[Stub Code]
  0x00007fef89377fe0: ;   {no_reloc}
  0x00007fef89377fe0: 0f1f 4400 

  0x00007fef89377fe4: ;   {static_stub}
  0x00007fef89377fe4: 0048 bb00 | 0000 0000 

  0x00007fef89377fec: ;   {runtime_call}
  0x00007fef89377fec: 0000 00e9 | fbff ffff 

  0x00007fef89377ff4: ;   {static_stub}
  0x00007fef89377ff4: 9048 bb00 | 0000 0000 

  0x00007fef89377ffc: ;   {runtime_call}
  0x00007fef89377ffc: 0000 00e9 | fbff ffff 
[Exception Handler]
  0x00007fef89378004: ;   {runtime_call handle_exception_from_callee Runtime1 stub}
  0x00007fef89378004: e877 bf3d 

  0x00007fef89378008: ;   {external_word}
  0x00007fef89378008: 0748 bf52 | 5779 a7ef | 7f00 0048 

  0x00007fef89378014: ;   {runtime_call MacroAssembler::debug64(char*, long, long*)}
  0x00007fef89378014: 83e4 f0e8 | 542b f91d 

  0x00007fef8937801c: ;   {section_word}
  0x00007fef8937801c: f449 ba1d | 8037 89ef | 7f00 0041 

  0x00007fef89378028: ;   {runtime_call DeoptimizationBlob}
  0x00007fef89378028: 52e9 72d9 | 3307 f4f4 
[/MachCode]


Compiled method (c1) 263  779   !   3       eu.printingin3d.javascad.manifold.Manifold3dEngine::operateNative (113 bytes)
 total in heap  [0x00007fef8935f990,0x00007fef89360488] = 2808
 relocation     [0x00007fef8935faf0,0x00007fef8935fba8] = 184
 main code      [0x00007fef8935fbc0,0x00007fef89360060] = 1184
 stub code      [0x00007fef89360060,0x00007fef893600f0] = 144
 oops           [0x00007fef893600f0,0x00007fef89360100] = 16
 metadata       [0x00007fef89360100,0x00007fef89360110] = 16
 scopes data    [0x00007fef89360110,0x00007fef89360200] = 240
 scopes pcs     [0x00007fef89360200,0x00007fef89360320] = 288
 dependencies   [0x00007fef89360320,0x00007fef89360328] = 8
 handler table  [0x00007fef89360328,0x00007fef89360460] = 312
 nul chk table  [0x00007fef89360460,0x00007fef89360488] = 40

[Constant Pool (empty)]

[MachCode]
[Entry Point]
  # {method} {0x00007feedf40b8e8} 'operateNative' '(JJI)J' in 'eu/printingin3d/javascad/manifold/Manifold3dEngine'
  # this:     rsi:rsi   = 'eu/printingin3d/javascad/manifold/Manifold3dEngine'
  # parm0:    rdx:rdx   = long
  # parm1:    rcx:rcx   = long
  # parm2:    r8        = int
  #           [sp+0x80]  (sp of caller)
  0x00007fef8935fbc0: 448b 5608 | 49bb 0000 | 00e3 ee7f | 0000 4d03 | d34c 3bd0 

  0x00007fef8935fbd4: ;   {runtime_call ic_miss_stub}
  0x00007fef8935fbd4: 0f85 a601 | 3507 660f | 1f44 0000 
[Verified Entry Point]
  0x00007fef8935fbe0: 8984 2400 | c0fe ff55 | 4883 ec70 

  0x00007fef8935fbec: ;   {metadata(method data for {method} {0x00007feedf40b8e8} 'operateNative' '(JJI)J' in 'eu/printingin3d/javascad/manifold/Manifold3dEngine')}
  0x00007fef8935fbec: 48b8 c062 | 6bdf ee7f | 0000 8bb8 | f400 0000 | 83c7 0289 | b8f4 0000 | 0081 e7fe | 0700 0083 
  0x00007fef8935fc0c: ff00 0f84 | 4d03 0000 

  0x00007fef8935fc14: ;   {oop(a 'java/lang/Object'{0x00000000f5020260})}
  0x00007fef8935fc14: 48be 6002 | 02f5 0000 | 0000 488d | 7c24 5048 | 8977 0848 | 8b06 4883 | c801 4889 | 07f0 480f 
  0x00007fef8935fc34: b13e 0f84 | 1300 0000 | 482b c448 | 81e0 07f0 | ffff 4889 | 070f 8538 | 0300 0044 | 8944 2430 
  0x00007fef8935fc54: 4889 4c24 | 4048 8954 

  0x00007fef8935fc5c: ;   {oop(a 'eu/printingin3d/javascad/manifold/Manifold3dEngine'{0x00000000f5020218})}
  0x00007fef8935fc5c: 2438 48be | 1802 02f5 | 0000 0000 

  0x00007fef8935fc68: ;   {metadata(method data for {method} {0x00007feedf40b8e8} 'operateNative' '(JJI)J' in 'eu/printingin3d/javascad/manifold/Manifold3dEngine')}
  0x00007fef8935fc68: 488b fe48 | bbc0 626b | dfee 7f00 | 0048 8383 | 3801 0000 

  0x00007fef8935fc7c: ;   {optimized virtual_call}
  0x00007fef8935fc7c: 0166 90e8 

  0x00007fef8935fc80: ; ImmutableOopMap {[88]=Oop }
                      ;*invokespecial getBindings {reexecute=0 rethrow=0 return_oop=0}
                      ; - eu.printingin3d.javascad.manifold.Manifold3dEngine::operateNative@15 (line 226)
  0x00007fef8935fc80: bc4c feff 

  0x00007fef8935fc84: ;   {metadata(method data for {method} {0x00007feedf40b8e8} 'operateNative' '(JJI)J' in 'eu/printingin3d/javascad/manifold/Manifold3dEngine')}
  0x00007fef8935fc84: 48ba c062 | 6bdf ee7f | 0000 48c7 | c150 0100 | 0044 8b44 | 2430 4183 | f800 488b | f148 c7c1 
  0x00007fef8935fca4: 6001 0000 | 480f 45ce | 4183 f801 | 488b f148 | c7c1 7001 | 0000 480f | 45ce 4183 | f802 488b 
  0x00007fef8935fcc4: f148 c7c1 | 8001 0000 | 480f 45ce | 488b 340a | 49c7 c201 | 0000 0049 | 03f2 4889 | 340a 4183 
  0x00007fef8935fce4: f800 0f84 | b500 0000 | 4183 f801 | 0f84 5b00 | 0000 4183 | f802 0f85 | 3f01 0000 

  0x00007fef8935fd00: ; implicit exception: dispatches to 0x00007fef8935ff9a
  0x00007fef8935fd00: 483b 0048 

  0x00007fef8935fd04: ;   {metadata(method data for {method} {0x00007feedf40b8e8} 'operateNative' '(JJI)J' in 'eu/printingin3d/javascad/manifold/Manifold3dEngine')}
  0x00007fef8935fd04: 8bd0 48b9 | c062 6bdf | ee7f 0000 

  0x00007fef8935fd10: ;   {metadata('com/cadoodlecad/manifold/ManifoldBindings')}
  0x00007fef8935fd10: 49ba 0020 | 00e4 ee7f | 0000 4c89 | 9148 0200 | 0048 8381 | 5002 0000 | 0148 8b54 | 2438 488b 
  0x00007fef8935fd30: 4c24 4048 

  0x00007fef8935fd34: ;   {optimized virtual_call}
  0x00007fef8935fd34: 8bf0 90e8 

  0x00007fef8935fd38: ; ImmutableOopMap {[88]=Oop }
                      ;*invokevirtual intersection {reexecute=0 rethrow=0 return_oop=0}
                      ; - eu.printingin3d.javascad.manifold.Manifold3dEngine::operateNative@72 (line 230)
  0x00007fef8935fd38: 4403 3507 

  0x00007fef8935fd3c: ;   {metadata(method data for {method} {0x00007feedf40b8e8} 'operateNative' '(JJI)J' in 'eu/printingin3d/javascad/manifold/Manifold3dEngine')}
  0x00007fef8935fd3c: 48ba c062 | 6bdf ee7f | 0000 ff82 | 7002 0000 | e99b 0000 | 0048 3b00 

  0x00007fef8935fd54: ;   {metadata(method data for {method} {0x00007feedf40b8e8} 'operateNative' '(JJI)J' in 'eu/printingin3d/javascad/manifold/Manifold3dEngine')}
  0x00007fef8935fd54: 488b d048 | b9c0 626b | dfee 7f00 

  0x00007fef8935fd60: ;   {metadata('com/cadoodlecad/manifold/ManifoldBindings')}
  0x00007fef8935fd60: 0049 ba00 | 2000 e4ee | 7f00 004c | 8991 f801 | 0000 4883 | 8100 0200 | 0001 488b | 5424 3848 
  0x00007fef8935fd80: 8b4c 2440 

  0x00007fef8935fd84: ;   {optimized virtual_call}
  0x00007fef8935fd84: 488b f0e8 

  0x00007fef8935fd88: ; ImmutableOopMap {[88]=Oop }
                      ;*invokevirtual difference {reexecute=0 rethrow=0 return_oop=0}
                      ; - eu.printingin3d.javascad.manifold.Manifold3dEngine::operateNative@62 (line 229)
  0x00007fef8935fd88: f902 0000 

  0x00007fef8935fd8c: ;   {metadata(method data for {method} {0x00007feedf40b8e8} 'operateNative' '(JJI)J' in 'eu/printingin3d/javascad/manifold/Manifold3dEngine')}
  0x00007fef8935fd8c: 48ba c062 | 6bdf ee7f | 0000 ff82 | 2002 0000 | e94b 0000 | 0048 8b4c | 2440 488b | 5424 3848 
  0x00007fef8935fdac: 3b00 488b 

  0x00007fef8935fdb0: ;   {metadata(method data for {method} {0x00007feedf40b8e8} 'operateNative' '(JJI)J' in 'eu/printingin3d/javascad/manifold/Manifold3dEngine')}
  0x00007fef8935fdb0: f048 bfc0 | 626b dfee 

  0x00007fef8935fdb8: ;   {metadata('com/cadoodlecad/manifold/ManifoldBindings')}
  0x00007fef8935fdb8: 7f00 0049 | ba00 2000 | e4ee 7f00 | 004c 8997 | a801 0000 | 4883 87b0 | 0100 0001 

  0x00007fef8935fdd4: ;   {optimized virtual_call}
  0x00007fef8935fdd4: 488b f0e8 

  0x00007fef8935fdd8: ; ImmutableOopMap {[88]=Oop }
                      ;*invokevirtual union {reexecute=0 rethrow=0 return_oop=0}
                      ; - eu.printingin3d.javascad.manifold.Manifold3dEngine::operateNative@52 (line 228)
  0x00007fef8935fdd8: 0481 0100 

  0x00007fef8935fddc: ;   {metadata(method data for {method} {0x00007feedf40b8e8} 'operateNative' '(JJI)J' in 'eu/printingin3d/javascad/manifold/Manifold3dEngine')}
  0x00007fef8935fddc: 48ba c062 | 6bdf ee7f | 0000 ff82 | d001 0000 

  0x00007fef8935fdec: ;   {oop(a 'java/lang/Object'{0x00000000f5020260})}
  0x00007fef8935fdec: 488b f048 | b860 0202 | f500 0000 | 0048 8d44 | 2450 488b | 1048 85d2 | 0f84 0f00 | 0000 488b 
  0x00007fef8935fe0c: 7808 f048 | 0fb1 170f | 8590 0100 

  0x00007fef8935fe18: ;   {metadata(method data for {method} {0x00007feedf40b8e8} 'operateNative' '(JJI)J' in 'eu/printingin3d/javascad/manifold/Manifold3dEngine')}
  0x00007fef8935fe18: 0048 b8c0 | 626b dfee | 7f00 00ff | 80b8 0200 | 0048 8bc6 | 4883 c470 

  0x00007fef8935fe30: ;   {poll_return}
  0x00007fef8935fe30: 5d49 3ba7 | 4003 0000 | 0f87 7e01 | 0000 c390 

  0x00007fef8935fe40: ;   {no_reloc}
  0x00007fef8935fe40: e99c 0100 | 0000 0000 | 0000 498b | 8708 0100 | 0048 8d78 | 2849 3bbf | 1801 0000 | 0f87 8901 
  0x00007fef8935fe60: 0000 4989 | bf08 0100 | 0048 c700 | 0100 0000 | 488b ca49 | ba00 0000 | e3ee 7f00 | 0049 2bca 
  0x00007fef8935fe80: 8948 0848 | 33c9 8948 | 0c48 33c9 | 4889 4810 | 4889 4818 | 4889 4820 

  0x00007fef8935fe98: ;   {no_reloc}
  0x00007fef8935fe98: e96a 0100 | 0090 9090 | 9090 498b | f048 8944 | 2448 0f1f 

  0x00007fef8935feac: ;   {static_call}
  0x00007fef8935feac: 4400 00e8 

  0x00007fef8935feb0: ; ImmutableOopMap {[72]=Oop [88]=Oop }
                      ;*invokedynamic {reexecute=0 rethrow=0 return_oop=0}
                      ; - eu.printingin3d.javascad.manifold.Manifold3dEngine::operateNative@84 (line 231)
  0x00007fef8935feb0: cc07 3507 

  0x00007fef8935feb4: ;   {metadata(method data for {method} {0x00007feedf40b8e8} 'operateNative' '(JJI)J' in 'eu/printingin3d/javascad/manifold/Manifold3dEngine')}
  0x00007fef8935feb4: 48ba c062 | 6bdf ee7f | 0000 488d | 9298 0200 | 0048 85c0 | 750e 48f7 | 0201 0000 | 0075 05f0 
  0x00007fef8935fed4: 4883 0a01 | 488b 5424 

  0x00007fef8935fedc: ;   {metadata(method data for {method} {0x00007feedf40b8e8} 'operateNative' '(JJI)J' in 'eu/printingin3d/javascad/manifold/Manifold3dEngine')}
  0x00007fef8935fedc: 4848 bec0 | 626b dfee | 7f00 0048 | 8386 a802 | 0000 0148 | 8bd0 488b 

  0x00007fef8935fef4: ;   {optimized virtual_call}
  0x00007fef8935fef4: 7424 48e8 

  0x00007fef8935fef8: ; ImmutableOopMap {[72]=Oop [88]=Oop }
                      ;*invokespecial <init> {reexecute=0 rethrow=0 return_oop=0}
                      ; - eu.printingin3d.javascad.manifold.Manifold3dEngine::operateNative@89 (line 231)
  0x00007fef8935fef8: 8401 3507 | 488b 4424 

  0x00007fef8935ff00: ; ImmutableOopMap {[88]=Oop rax=Oop }
                      ;*athrow {reexecute=1 rethrow=0 return_oop=0}
                      ; - (reexecute) eu.printingin3d.javascad.manifold.Manifold3dEngine::operateNative@92 (line 231)
                      ;   {section_word}
  0x00007fef8935ff00: 4848 ba01 | ff35 89ef 

  0x00007fef8935ff08: ;   {runtime_call handle_exception_nofpu Runtime1 stub}
  0x00007fef8935ff08: 7f00 00e8 | 703a 3f07 | 9049 8b87 | d003 0000 | 4d33 d24d | 8997 d003 | 0000 4d33 | d24d 8997 
  0x00007fef8935ff28: d803 0000 

  0x00007fef8935ff2c: ;   {oop(a 'java/lang/Object'{0x00000000f5020260})}
  0x00007fef8935ff2c: 488b f048 | b860 0202 | f500 0000 | 0048 8d44 | 2450 488b | 3848 85ff | 0f84 0f00 | 0000 488b 
  0x00007fef8935ff4c: 5808 f048 | 0fb1 3b0f | 85b8 0000 | 0048 8bc6 | e9e2 0000 

  0x00007fef8935ff60: ;   {metadata({method} {0x00007feedf40b8e8} 'operateNative' '(JJI)J' in 'eu/printingin3d/javascad/manifold/Manifold3dEngine')}
  0x00007fef8935ff60: 0049 bae8 | b840 dfee | 7f00 004c | 8954 2408 | 48c7 0424 | ffff ffff 

  0x00007fef8935ff78: ;   {runtime_call counter_overflow Runtime1 stub}
  0x00007fef8935ff78: e803 7c3f 

  0x00007fef8935ff7c: ; ImmutableOopMap {rsi=Oop }
                      ;*synchronization entry
                      ; - eu.printingin3d.javascad.manifold.Manifold3dEngine::operateNative@-1 (line 225)
  0x00007fef8935ff7c: 07e9 92fc 

  0x00007fef8935ff80: ;   {runtime_call throw_null_pointer_exception Runtime1 stub}
  0x00007fef8935ff80: ffff e819 

  0x00007fef8935ff84: ; ImmutableOopMap {rsi=Oop }
                      ;*monitorenter {reexecute=0 rethrow=0 return_oop=0}
                      ; - eu.printingin3d.javascad.manifold.Manifold3dEngine::operateNative@7 (line 225)
  0x00007fef8935ff84: 1f3f 0748 | 8974 2408 | 4889 3c24 

  0x00007fef8935ff90: ;   {runtime_call monitorenter_nofpu Runtime1 stub}
  0x00007fef8935ff90: e8eb 543f 

  0x00007fef8935ff94: ; ImmutableOopMap {rsi=Oop [88]=Oop }
                      ;*monitorenter {reexecute=0 rethrow=0 return_oop=0}
                      ; - eu.printingin3d.javascad.manifold.Manifold3dEngine::operateNative@7 (line 225)
  0x00007fef8935ff94: 07e9 b5fc 

  0x00007fef8935ff98: ;   {runtime_call throw_null_pointer_exception Runtime1 stub}
  0x00007fef8935ff98: ffff e801 

  0x00007fef8935ff9c: ; ImmutableOopMap {rax=Oop [88]=Oop }
                      ;*invokevirtual intersection {reexecute=0 rethrow=0 return_oop=0}
                      ; - eu.printingin3d.javascad.manifold.Manifold3dEngine::operateNative@72 (line 230)
                      ;   {runtime_call throw_null_pointer_exception Runtime1 stub}
  0x00007fef8935ff9c: 1f3f 07e8 

  0x00007fef8935ffa0: ; ImmutableOopMap {rax=Oop [88]=Oop }
                      ;*invokevirtual difference {reexecute=0 rethrow=0 return_oop=0}
                      ; - eu.printingin3d.javascad.manifold.Manifold3dEngine::operateNative@62 (line 229)
  0x00007fef8935ffa0: fc1e 3f07 

  0x00007fef8935ffa4: ;   {runtime_call throw_null_pointer_exception Runtime1 stub}
  0x00007fef8935ffa4: e8f7 1e3f 

  0x00007fef8935ffa8: ; ImmutableOopMap {rax=Oop [88]=Oop }
                      ;*invokevirtual union {reexecute=0 rethrow=0 return_oop=0}
                      ; - eu.printingin3d.javascad.manifold.Manifold3dEngine::operateNative@52 (line 228)
  0x00007fef8935ffa8: 0748 8d44 | 2450 4889 

  0x00007fef8935ffb0: ;   {runtime_call monitorexit_nofpu Runtime1 stub}
  0x00007fef8935ffb0: 0424 e8c9 | 5a3f 07e9 | 5dfe ffff 

  0x00007fef8935ffbc: ;   {internal_word}
  0x00007fef8935ffbc: 49ba 31fe | 3589 ef7f | 0000 4d89 | 9758 0300 

  0x00007fef8935ffcc: ;   {runtime_call SafepointBlob}
  0x00007fef8935ffcc: 00e9 2e67 

  0x00007fef8935ffd0: ;   {metadata(NULL)}
  0x00007fef8935ffd0: 3507 48ba | 0000 0000 | 0000 0000 | b800 0f05 

  0x00007fef8935ffe0: ;   {runtime_call load_klass_patching Runtime1 stub}
  0x00007fef8935ffe0: 0ae8 1a65 

  0x00007fef8935ffe4: ; ImmutableOopMap {[88]=Oop }
                      ;*new {reexecute=1 rethrow=0 return_oop=0}
                      ; - (reexecute) eu.printingin3d.javascad.manifold.Manifold3dEngine::operateNative@78 (line 231)
  0x00007fef8935ffe4: 3f07 e955 | feff ff48 

  0x00007fef8935ffec: ;   {runtime_call fast_new_instance Runtime1 stub}
  0x00007fef8935ffec: 8bd2 e88d 

  0x00007fef8935fff0: ; ImmutableOopMap {[88]=Oop }
                      ;*new {reexecute=0 rethrow=0 return_oop=0}
                      ; - eu.printingin3d.javascad.manifold.Manifold3dEngine::operateNative@78 (line 231)
  0x00007fef8935fff0: 2a3f 07e9 | a0fe ffff | 48ba 0000 | 0000 0000 | 0000 b800 

  0x00007fef89360004: ;   {runtime_call load_appendix_patching Runtime1 stub}
  0x00007fef89360004: 0f05 0ae8 

  0x00007fef89360008: ; ImmutableOopMap {rax=Oop [88]=Oop }
                      ;*invokedynamic {reexecute=1 rethrow=0 return_oop=0}
                      ; - (reexecute) eu.printingin3d.javascad.manifold.Manifold3dEngine::operateNative@84 (line 231)
  0x00007fef89360008: f473 3f07 | e987 feff | ff48 8d44 | 2450 4889 

  0x00007fef89360018: ;   {runtime_call monitorexit_nofpu Runtime1 stub}
  0x00007fef89360018: 0424 e861 | 5a3f 07e9 | 35ff ffff | 9090 498b | 87d0 0300 | 0049 c787 | d003 0000 | 0000 0000 
  0x00007fef89360038: 49c7 87d8 | 0300 0000 | 0000 0048 | 83c4 705d 

  0x00007fef89360048: ;   {runtime_call unwind_exception Runtime1 stub}
  0x00007fef89360048: e9b3 3536 | 07f4 f4f4 | f4f4 f4f4 | f4f4 f4f4 | f4f4 f4f4 | f4f4 f4f4 
[Stub Code]
  0x00007fef89360060: ;   {no_reloc}
  0x00007fef89360060: 0f1f 4400 

  0x00007fef89360064: ;   {static_stub}
  0x00007fef89360064: 0048 bb00 | 0000 0000 

  0x00007fef8936006c: ;   {runtime_call}
  0x00007fef8936006c: 0000 00e9 | fbff ffff 

  0x00007fef89360074: ;   {static_stub}
  0x00007fef89360074: 9048 bb00 | 0000 0000 

  0x00007fef8936007c: ;   {runtime_call}
  0x00007fef8936007c: 0000 00e9 | fbff ffff 

  0x00007fef89360084: ;   {static_stub}
  0x00007fef89360084: 9048 bbd8 | 7941 dfee 

  0x00007fef8936008c: ;   {runtime_call I2C/C2I adapters}
  0x00007fef8936008c: 7f00 00e9 | 4d9f 3407 

  0x00007fef89360094: ;   {static_stub}
  0x00007fef89360094: 9048 bb08 | 7941 dfee 

  0x00007fef8936009c: ;   {runtime_call I2C/C2I adapters}
  0x00007fef8936009c: 7f00 00e9 | 3d9f 3407 

  0x00007fef893600a4: ;   {static_stub}
  0x00007fef893600a4: 9048 bb00 | 0000 0000 

  0x00007fef893600ac: ;   {runtime_call}
  0x00007fef893600ac: 0000 00e9 | fbff ffff 

  0x00007fef893600b4: ;   {static_stub}
  0x00007fef893600b4: 9048 bb00 | 0000 0000 

  0x00007fef893600bc: ;   {runtime_call}
  0x00007fef893600bc: 0000 00e9 | fbff ffff 
[Exception Handler]
  0x00007fef893600c4: ;   {runtime_call handle_exception_from_callee Runtime1 stub}
  0x00007fef893600c4: e8b7 3e3f 

  0x00007fef893600c8: ;   {external_word}
  0x00007fef893600c8: 0748 bf52 | 5779 a7ef | 7f00 0048 

  0x00007fef893600d4: ;   {runtime_call MacroAssembler::debug64(char*, long, long*)}
  0x00007fef893600d4: 83e4 f0e8 | 94aa fa1d 

  0x00007fef893600dc: ;   {section_word}
  0x00007fef893600dc: f449 badd | 0036 89ef | 7f00 0041 

  0x00007fef893600e8: ;   {runtime_call DeoptimizationBlob}
  0x00007fef893600e8: 52e9 b258 | 3507 f4f4 
[/MachCode]


---------------  P R O C E S S  ---------------

Threads class SMR info:
_java_thread_list=0x00007fee9405d2a0, length=21, elements={
0x00007fefa002aac0, 0x00007fefa01e9530, 0x00007fefa01ea910, 0x00007fefa01efea0,
0x00007fefa01f1250, 0x00007fefa01f2660, 0x00007fefa01f4090, 0x00007fefa01f55c0,
0x00007fefa01f6a30, 0x00007fefa01fe750, 0x00007fefa0201ee0, 0x00007feec409f3e0,
0x00007feec0189750, 0x00007fefa04776a0, 0x00007fefa04782d0, 0x00007feea0064e70,
0x00007feea0057380, 0x00007feea002fef0, 0x00007feea0053890, 0x00007feec4187fa0,
0x00007fee9402a8b0
}

Java Threads: ( => current thread )
  0x00007fefa002aac0 JavaThread "main" [_thread_blocked, id=89407, stack(0x00007fefa6617000,0x00007fefa6717000)]
  0x00007fefa01e9530 JavaThread "Reference Handler" daemon [_thread_blocked, id=89414, stack(0x00007fef9ff00000,0x00007fefa0000000)]
  0x00007fefa01ea910 JavaThread "Finalizer" daemon [_thread_blocked, id=89415, stack(0x00007fef41e30000,0x00007fef41f30000)]
  0x00007fefa01efea0 JavaThread "Signal Dispatcher" daemon [_thread_blocked, id=89416, stack(0x00007fef41700000,0x00007fef41800000)]
  0x00007fefa01f1250 JavaThread "Service Thread" daemon [_thread_blocked, id=89417, stack(0x00007fef41600000,0x00007fef41700000)]
  0x00007fefa01f2660 JavaThread "Monitor Deflation Thread" daemon [_thread_blocked, id=89418, stack(0x00007fef41500000,0x00007fef41600000)]
  0x00007fefa01f4090 JavaThread "C2 CompilerThread0" daemon [_thread_blocked, id=89419, stack(0x00007fef41400000,0x00007fef41500000)]
  0x00007fefa01f55c0 JavaThread "C1 CompilerThread0" daemon [_thread_blocked, id=89420, stack(0x00007fef41300000,0x00007fef41400000)]
  0x00007fefa01f6a30 JavaThread "Sweeper thread" daemon [_thread_blocked, id=89421, stack(0x00007fef41200000,0x00007fef41300000)]
  0x00007fefa01fe750 JavaThread "Notification Thread" daemon [_thread_blocked, id=89422, stack(0x00007fef41100000,0x00007fef41200000)]
  0x00007fefa0201ee0 JavaThread "Common-Cleaner" daemon [_thread_blocked, id=89424, stack(0x00007fef40eff000,0x00007fef40fff000)]
  0x00007feec409f3e0 JavaThread "C1 CompilerThread1" daemon [_thread_blocked, id=89425, stack(0x00007fef40dff000,0x00007fef40eff000)]
  0x00007feec0189750 JavaThread "C2 CompilerThread1" daemon [_thread_blocked, id=89426, stack(0x00007fef40900000,0x00007fef40a00000)]
  0x00007fefa04776a0 JavaThread "DefaultDispatcher-worker-1" daemon [_thread_blocked, id=89427, stack(0x00007fef40800000,0x00007fef40900000)]
  0x00007fefa04782d0 JavaThread "DefaultDispatcher-worker-2" daemon [_thread_blocked, id=89428, stack(0x00007fef40700000,0x00007fef40800000)]
=>0x00007feea0064e70 JavaThread "DefaultDispatcher-worker-3" daemon [_thread_in_native, id=89429, stack(0x00007fef40600000,0x00007fef40700000)]
  0x00007feea0057380 JavaThread "DefaultDispatcher-worker-4" daemon [_thread_blocked, id=89430, stack(0x00007fef40500000,0x00007fef40600000)]
  0x00007feea002fef0 JavaThread "DefaultDispatcher-worker-5" daemon [_thread_blocked, id=89431, stack(0x00007fef40400000,0x00007fef40500000)]
  0x00007feea0053890 JavaThread "DefaultDispatcher-worker-6" daemon [_thread_blocked, id=89432, stack(0x00007fef40300000,0x00007fef40400000)]
  0x00007feec4187fa0 JavaThread "C1 CompilerThread2" daemon [_thread_blocked, id=89433, stack(0x00007fef40200000,0x00007fef40300000)]
  0x00007fee9402a8b0 JavaThread "Thread-6" daemon [_thread_in_native, id=89434, stack(0x00007fef40100000,0x00007fef40200000)]

Other Threads:
  0x00007fefa01e5560 VMThread "VM Thread" [stack: 0x00007fefa4059000,0x00007fefa4159000] [id=89413]
  0x00007fefa0200090 WatcherThread [stack: 0x00007fef41000000,0x00007fef41100000] [id=89423]
  0x00007fefa00605c0 GCTaskThread "GC Thread#0" [stack: 0x00007fefa5490000,0x00007fefa5590000] [id=89408]
  0x00007fef280068e0 GCTaskThread "GC Thread#1" [stack: 0x00007fef31f00000,0x00007fef32000000] [id=89435]
  0x00007fef28007310 GCTaskThread "GC Thread#2" [stack: 0x00007fef31dff000,0x00007fef31eff000] [id=89436]
  0x00007fef28007d80 GCTaskThread "GC Thread#3" [stack: 0x00007fef31cfe000,0x00007fef31dfe000] [id=89437]
  0x00007fef280087f0 GCTaskThread "GC Thread#4" [stack: 0x00007fef31bfd000,0x00007fef31cfd000] [id=89438]
  0x00007fef28009260 GCTaskThread "GC Thread#5" [stack: 0x00007fef31afc000,0x00007fef31bfc000] [id=89439]
  0x00007fef2800a0f0 GCTaskThread "GC Thread#6" [stack: 0x00007fef319fb000,0x00007fef31afb000] [id=89440]
  0x00007fef2800af80 GCTaskThread "GC Thread#7" [stack: 0x00007fef318fa000,0x00007fef319fa000] [id=89441]
  0x00007fef2800be10 GCTaskThread "GC Thread#8" [stack: 0x00007fef317f9000,0x00007fef318f9000] [id=89442]
  0x00007fef2800cca0 GCTaskThread "GC Thread#9" [stack: 0x00007fef316f8000,0x00007fef317f8000] [id=89443]
  0x00007fef2800db30 GCTaskThread "GC Thread#10" [stack: 0x00007fef315f7000,0x00007fef316f7000] [id=89444]
  0x00007fef2800e9c0 GCTaskThread "GC Thread#11" [stack: 0x00007fef314f6000,0x00007fef315f6000] [id=89445]
  0x00007fef2800f850 GCTaskThread "GC Thread#12" [stack: 0x00007fef313f5000,0x00007fef314f5000] [id=89446]
  0x00007fefa0070bb0 ConcurrentGCThread "G1 Main Marker" [stack: 0x00007fefa538f000,0x00007fefa548f000] [id=89409]
  0x00007fefa0071b20 ConcurrentGCThread "G1 Conc#0" [stack: 0x00007fefa528e000,0x00007fefa538e000] [id=89410]
  0x00007fefa01b26b0 ConcurrentGCThread "G1 Refine#0" [stack: 0x00007fefa4480000,0x00007fefa4580000] [id=89411]
  0x00007fefa01b35b0 ConcurrentGCThread "G1 Service" [stack: 0x00007fefa437f000,0x00007fefa447f000] [id=89412]

Threads with active compile tasks:

VM state: not at safepoint (normal execution)

VM Mutex/Monitor currently owned by a thread: None

Heap address: 0x0000000082000000, size: 30688 MB, Compressed Oops mode: Zero based, Oop shift amount: 3

CDS archive(s) mapped at: [0x00007feee3000000-0x00007feee3bca000-0x00007feee3bca000), size 12361728, SharedBaseAddress: 0x00007feee3000000, ArchiveRelocationMode: 1.
Compressed class space mapped at: 0x00007feee4000000-0x00007fef24000000, reserved size: 1073741824
Narrow klass base: 0x00007feee3000000, Narrow klass shift: 0, Narrow klass range: 0x100000000

GC Precious Log:
 CPUs: 16 total, 16 available
 Memory: 121G
 Large Page Support: Disabled
 NUMA Support: Disabled
 Compressed Oops: Enabled (Zero based)
 Heap Region Size: 16M
 Heap Min Capacity: 16M
 Heap Initial Capacity: 1952M
 Heap Max Capacity: 30688M
 Pre-touch: Disabled
 Parallel Workers: 13
 Concurrent Workers: 3
 Concurrent Refinement Workers: 13
 Periodic GC: Disabled

Heap:
 garbage-first heap   total 2031616K, used 51642K [0x0000000082000000, 0x0000000800000000)
  region size 16384K, 4 young (65536K), 1 survivors (16384K)
 Metaspace       used 4839K, committed 5056K, reserved 1114112K
  class space    used 404K, committed 512K, reserved 1048576K

Heap Regions: E=young(eden), S=young(survivor), O=old, HS=humongous(starts), HC=humongous(continues), CS=collection set, F=free, OA=open archive, CA=closed archive, TAMS=top-at-mark-start (previous, next)
|   0|0x0000000082000000, 0x0000000082000000, 0x0000000083000000|  0%| F|  |TAMS 0x0000000082000000, 0x0000000082000000| Untracked 
|   1|0x0000000083000000, 0x0000000083000000, 0x0000000084000000|  0%| F|  |TAMS 0x0000000083000000, 0x0000000083000000| Untracked 
|   2|0x0000000084000000, 0x0000000084000000, 0x0000000085000000|  0%| F|  |TAMS 0x0000000084000000, 0x0000000084000000| Untracked 
|   3|0x0000000085000000, 0x0000000085000000, 0x0000000086000000|  0%| F|  |TAMS 0x0000000085000000, 0x0000000085000000| Untracked 
|   4|0x0000000086000000, 0x0000000086000000, 0x0000000087000000|  0%| F|  |TAMS 0x0000000086000000, 0x0000000086000000| Untracked 
|   5|0x0000000087000000, 0x0000000087000000, 0x0000000088000000|  0%| F|  |TAMS 0x0000000087000000, 0x0000000087000000| Untracked 
|   6|0x0000000088000000, 0x0000000088000000, 0x0000000089000000|  0%| F|  |TAMS 0x0000000088000000, 0x0000000088000000| Untracked 
|   7|0x0000000089000000, 0x0000000089000000, 0x000000008a000000|  0%| F|  |TAMS 0x0000000089000000, 0x0000000089000000| Untracked 
|   8|0x000000008a000000, 0x000000008a000000, 0x000000008b000000|  0%| F|  |TAMS 0x000000008a000000, 0x000000008a000000| Untracked 
|   9|0x000000008b000000, 0x000000008b000000, 0x000000008c000000|  0%| F|  |TAMS 0x000000008b000000, 0x000000008b000000| Untracked 
|  10|0x000000008c000000, 0x000000008c000000, 0x000000008d000000|  0%| F|  |TAMS 0x000000008c000000, 0x000000008c000000| Untracked 
|  11|0x000000008d000000, 0x000000008d000000, 0x000000008e000000|  0%| F|  |TAMS 0x000000008d000000, 0x000000008d000000| Untracked 
|  12|0x000000008e000000, 0x000000008e000000, 0x000000008f000000|  0%| F|  |TAMS 0x000000008e000000, 0x000000008e000000| Untracked 
|  13|0x000000008f000000, 0x000000008f000000, 0x0000000090000000|  0%| F|  |TAMS 0x000000008f000000, 0x000000008f000000| Untracked 
|  14|0x0000000090000000, 0x0000000090000000, 0x0000000091000000|  0%| F|  |TAMS 0x0000000090000000, 0x0000000090000000| Untracked 
|  15|0x0000000091000000, 0x0000000091000000, 0x0000000092000000|  0%| F|  |TAMS 0x0000000091000000, 0x0000000091000000| Untracked 
|  16|0x0000000092000000, 0x0000000092000000, 0x0000000093000000|  0%| F|  |TAMS 0x0000000092000000, 0x0000000092000000| Untracked 
|  17|0x0000000093000000, 0x0000000093000000, 0x0000000094000000|  0%| F|  |TAMS 0x0000000093000000, 0x0000000093000000| Untracked 
|  18|0x0000000094000000, 0x0000000094000000, 0x0000000095000000|  0%| F|  |TAMS 0x0000000094000000, 0x0000000094000000| Untracked 
|  19|0x0000000095000000, 0x0000000095000000, 0x0000000096000000|  0%| F|  |TAMS 0x0000000095000000, 0x0000000095000000| Untracked 
|  20|0x0000000096000000, 0x0000000096000000, 0x0000000097000000|  0%| F|  |TAMS 0x0000000096000000, 0x0000000096000000| Untracked 
|  21|0x0000000097000000, 0x0000000097000000, 0x0000000098000000|  0%| F|  |TAMS 0x0000000097000000, 0x0000000097000000| Untracked 
|  22|0x0000000098000000, 0x0000000098000000, 0x0000000099000000|  0%| F|  |TAMS 0x0000000098000000, 0x0000000098000000| Untracked 
|  23|0x0000000099000000, 0x0000000099000000, 0x000000009a000000|  0%| F|  |TAMS 0x0000000099000000, 0x0000000099000000| Untracked 
|  24|0x000000009a000000, 0x000000009a000000, 0x000000009b000000|  0%| F|  |TAMS 0x000000009a000000, 0x000000009a000000| Untracked 
|  25|0x000000009b000000, 0x000000009b000000, 0x000000009c000000|  0%| F|  |TAMS 0x000000009b000000, 0x000000009b000000| Untracked 
|  26|0x000000009c000000, 0x000000009c000000, 0x000000009d000000|  0%| F|  |TAMS 0x000000009c000000, 0x000000009c000000| Untracked 
|  27|0x000000009d000000, 0x000000009d000000, 0x000000009e000000|  0%| F|  |TAMS 0x000000009d000000, 0x000000009d000000| Untracked 
|  28|0x000000009e000000, 0x000000009e000000, 0x000000009f000000|  0%| F|  |TAMS 0x000000009e000000, 0x000000009e000000| Untracked 
|  29|0x000000009f000000, 0x000000009f000000, 0x00000000a0000000|  0%| F|  |TAMS 0x000000009f000000, 0x000000009f000000| Untracked 
|  30|0x00000000a0000000, 0x00000000a0000000, 0x00000000a1000000|  0%| F|  |TAMS 0x00000000a0000000, 0x00000000a0000000| Untracked 
|  31|0x00000000a1000000, 0x00000000a1000000, 0x00000000a2000000|  0%| F|  |TAMS 0x00000000a1000000, 0x00000000a1000000| Untracked 
|  32|0x00000000a2000000, 0x00000000a2000000, 0x00000000a3000000|  0%| F|  |TAMS 0x00000000a2000000, 0x00000000a2000000| Untracked 
|  33|0x00000000a3000000, 0x00000000a3000000, 0x00000000a4000000|  0%| F|  |TAMS 0x00000000a3000000, 0x00000000a3000000| Untracked 
|  34|0x00000000a4000000, 0x00000000a4000000, 0x00000000a5000000|  0%| F|  |TAMS 0x00000000a4000000, 0x00000000a4000000| Untracked 
|  35|0x00000000a5000000, 0x00000000a5000000, 0x00000000a6000000|  0%| F|  |TAMS 0x00000000a5000000, 0x00000000a5000000| Untracked 
|  36|0x00000000a6000000, 0x00000000a6000000, 0x00000000a7000000|  0%| F|  |TAMS 0x00000000a6000000, 0x00000000a6000000| Untracked 
|  37|0x00000000a7000000, 0x00000000a7000000, 0x00000000a8000000|  0%| F|  |TAMS 0x00000000a7000000, 0x00000000a7000000| Untracked 
|  38|0x00000000a8000000, 0x00000000a8000000, 0x00000000a9000000|  0%| F|  |TAMS 0x00000000a8000000, 0x00000000a8000000| Untracked 
|  39|0x00000000a9000000, 0x00000000a9000000, 0x00000000aa000000|  0%| F|  |TAMS 0x00000000a9000000, 0x00000000a9000000| Untracked 
|  40|0x00000000aa000000, 0x00000000aa000000, 0x00000000ab000000|  0%| F|  |TAMS 0x00000000aa000000, 0x00000000aa000000| Untracked 
|  41|0x00000000ab000000, 0x00000000ab000000, 0x00000000ac000000|  0%| F|  |TAMS 0x00000000ab000000, 0x00000000ab000000| Untracked 
|  42|0x00000000ac000000, 0x00000000ac000000, 0x00000000ad000000|  0%| F|  |TAMS 0x00000000ac000000, 0x00000000ac000000| Untracked 
|  43|0x00000000ad000000, 0x00000000ad000000, 0x00000000ae000000|  0%| F|  |TAMS 0x00000000ad000000, 0x00000000ad000000| Untracked 
|  44|0x00000000ae000000, 0x00000000ae000000, 0x00000000af000000|  0%| F|  |TAMS 0x00000000ae000000, 0x00000000ae000000| Untracked 
|  45|0x00000000af000000, 0x00000000af000000, 0x00000000b0000000|  0%| F|  |TAMS 0x00000000af000000, 0x00000000af000000| Untracked 
|  46|0x00000000b0000000, 0x00000000b0000000, 0x00000000b1000000|  0%| F|  |TAMS 0x00000000b0000000, 0x00000000b0000000| Untracked 
|  47|0x00000000b1000000, 0x00000000b1000000, 0x00000000b2000000|  0%| F|  |TAMS 0x00000000b1000000, 0x00000000b1000000| Untracked 
|  48|0x00000000b2000000, 0x00000000b2000000, 0x00000000b3000000|  0%| F|  |TAMS 0x00000000b2000000, 0x00000000b2000000| Untracked 
|  49|0x00000000b3000000, 0x00000000b3000000, 0x00000000b4000000|  0%| F|  |TAMS 0x00000000b3000000, 0x00000000b3000000| Untracked 
|  50|0x00000000b4000000, 0x00000000b4000000, 0x00000000b5000000|  0%| F|  |TAMS 0x00000000b4000000, 0x00000000b4000000| Untracked 
|  51|0x00000000b5000000, 0x00000000b5000000, 0x00000000b6000000|  0%| F|  |TAMS 0x00000000b5000000, 0x00000000b5000000| Untracked 
|  52|0x00000000b6000000, 0x00000000b6000000, 0x00000000b7000000|  0%| F|  |TAMS 0x00000000b6000000, 0x00000000b6000000| Untracked 
|  53|0x00000000b7000000, 0x00000000b7000000, 0x00000000b8000000|  0%| F|  |TAMS 0x00000000b7000000, 0x00000000b7000000| Untracked 
|  54|0x00000000b8000000, 0x00000000b8000000, 0x00000000b9000000|  0%| F|  |TAMS 0x00000000b8000000, 0x00000000b8000000| Untracked 
|  55|0x00000000b9000000, 0x00000000b9000000, 0x00000000ba000000|  0%| F|  |TAMS 0x00000000b9000000, 0x00000000b9000000| Untracked 
|  56|0x00000000ba000000, 0x00000000ba000000, 0x00000000bb000000|  0%| F|  |TAMS 0x00000000ba000000, 0x00000000ba000000| Untracked 
|  57|0x00000000bb000000, 0x00000000bb000000, 0x00000000bc000000|  0%| F|  |TAMS 0x00000000bb000000, 0x00000000bb000000| Untracked 
|  58|0x00000000bc000000, 0x00000000bc000000, 0x00000000bd000000|  0%| F|  |TAMS 0x00000000bc000000, 0x00000000bc000000| Untracked 
|  59|0x00000000bd000000, 0x00000000bd000000, 0x00000000be000000|  0%| F|  |TAMS 0x00000000bd000000, 0x00000000bd000000| Untracked 
|  60|0x00000000be000000, 0x00000000be000000, 0x00000000bf000000|  0%| F|  |TAMS 0x00000000be000000, 0x00000000be000000| Untracked 
|  61|0x00000000bf000000, 0x00000000bf000000, 0x00000000c0000000|  0%| F|  |TAMS 0x00000000bf000000, 0x00000000bf000000| Untracked 
|  62|0x00000000c0000000, 0x00000000c0000000, 0x00000000c1000000|  0%| F|  |TAMS 0x00000000c0000000, 0x00000000c0000000| Untracked 
|  63|0x00000000c1000000, 0x00000000c1000000, 0x00000000c2000000|  0%| F|  |TAMS 0x00000000c1000000, 0x00000000c1000000| Untracked 
|  64|0x00000000c2000000, 0x00000000c2000000, 0x00000000c3000000|  0%| F|  |TAMS 0x00000000c2000000, 0x00000000c2000000| Untracked 
|  65|0x00000000c3000000, 0x00000000c3000000, 0x00000000c4000000|  0%| F|  |TAMS 0x00000000c3000000, 0x00000000c3000000| Untracked 
|  66|0x00000000c4000000, 0x00000000c4000000, 0x00000000c5000000|  0%| F|  |TAMS 0x00000000c4000000, 0x00000000c4000000| Untracked 
|  67|0x00000000c5000000, 0x00000000c5000000, 0x00000000c6000000|  0%| F|  |TAMS 0x00000000c5000000, 0x00000000c5000000| Untracked 
|  68|0x00000000c6000000, 0x00000000c6000000, 0x00000000c7000000|  0%| F|  |TAMS 0x00000000c6000000, 0x00000000c6000000| Untracked 
|  69|0x00000000c7000000, 0x00000000c7000000, 0x00000000c8000000|  0%| F|  |TAMS 0x00000000c7000000, 0x00000000c7000000| Untracked 
|  70|0x00000000c8000000, 0x00000000c8000000, 0x00000000c9000000|  0%| F|  |TAMS 0x00000000c8000000, 0x00000000c8000000| Untracked 
|  71|0x00000000c9000000, 0x00000000c9000000, 0x00000000ca000000|  0%| F|  |TAMS 0x00000000c9000000, 0x00000000c9000000| Untracked 
|  72|0x00000000ca000000, 0x00000000ca000000, 0x00000000cb000000|  0%| F|  |TAMS 0x00000000ca000000, 0x00000000ca000000| Untracked 
|  73|0x00000000cb000000, 0x00000000cb000000, 0x00000000cc000000|  0%| F|  |TAMS 0x00000000cb000000, 0x00000000cb000000| Untracked 
|  74|0x00000000cc000000, 0x00000000cc000000, 0x00000000cd000000|  0%| F|  |TAMS 0x00000000cc000000, 0x00000000cc000000| Untracked 
|  75|0x00000000cd000000, 0x00000000cd000000, 0x00000000ce000000|  0%| F|  |TAMS 0x00000000cd000000, 0x00000000cd000000| Untracked 
|  76|0x00000000ce000000, 0x00000000ce000000, 0x00000000cf000000|  0%| F|  |TAMS 0x00000000ce000000, 0x00000000ce000000| Untracked 
|  77|0x00000000cf000000, 0x00000000cf000000, 0x00000000d0000000|  0%| F|  |TAMS 0x00000000cf000000, 0x00000000cf000000| Untracked 
|  78|0x00000000d0000000, 0x00000000d0000000, 0x00000000d1000000|  0%| F|  |TAMS 0x00000000d0000000, 0x00000000d0000000| Untracked 
|  79|0x00000000d1000000, 0x00000000d1000000, 0x00000000d2000000|  0%| F|  |TAMS 0x00000000d1000000, 0x00000000d1000000| Untracked 
|  80|0x00000000d2000000, 0x00000000d2000000, 0x00000000d3000000|  0%| F|  |TAMS 0x00000000d2000000, 0x00000000d2000000| Untracked 
|  81|0x00000000d3000000, 0x00000000d3000000, 0x00000000d4000000|  0%| F|  |TAMS 0x00000000d3000000, 0x00000000d3000000| Untracked 
|  82|0x00000000d4000000, 0x00000000d4000000, 0x00000000d5000000|  0%| F|  |TAMS 0x00000000d4000000, 0x00000000d4000000| Untracked 
|  83|0x00000000d5000000, 0x00000000d5000000, 0x00000000d6000000|  0%| F|  |TAMS 0x00000000d5000000, 0x00000000d5000000| Untracked 
|  84|0x00000000d6000000, 0x00000000d6000000, 0x00000000d7000000|  0%| F|  |TAMS 0x00000000d6000000, 0x00000000d6000000| Untracked 
|  85|0x00000000d7000000, 0x00000000d7000000, 0x00000000d8000000|  0%| F|  |TAMS 0x00000000d7000000, 0x00000000d7000000| Untracked 
|  86|0x00000000d8000000, 0x00000000d8000000, 0x00000000d9000000|  0%| F|  |TAMS 0x00000000d8000000, 0x00000000d8000000| Untracked 
|  87|0x00000000d9000000, 0x00000000d9000000, 0x00000000da000000|  0%| F|  |TAMS 0x00000000d9000000, 0x00000000d9000000| Untracked 
|  88|0x00000000da000000, 0x00000000da000000, 0x00000000db000000|  0%| F|  |TAMS 0x00000000da000000, 0x00000000da000000| Untracked 
|  89|0x00000000db000000, 0x00000000db000000, 0x00000000dc000000|  0%| F|  |TAMS 0x00000000db000000, 0x00000000db000000| Untracked 
|  90|0x00000000dc000000, 0x00000000dc000000, 0x00000000dd000000|  0%| F|  |TAMS 0x00000000dc000000, 0x00000000dc000000| Untracked 
|  91|0x00000000dd000000, 0x00000000dd000000, 0x00000000de000000|  0%| F|  |TAMS 0x00000000dd000000, 0x00000000dd000000| Untracked 
|  92|0x00000000de000000, 0x00000000de000000, 0x00000000df000000|  0%| F|  |TAMS 0x00000000de000000, 0x00000000de000000| Untracked 
|  93|0x00000000df000000, 0x00000000df000000, 0x00000000e0000000|  0%| F|  |TAMS 0x00000000df000000, 0x00000000df000000| Untracked 
|  94|0x00000000e0000000, 0x00000000e0000000, 0x00000000e1000000|  0%| F|  |TAMS 0x00000000e0000000, 0x00000000e0000000| Untracked 
|  95|0x00000000e1000000, 0x00000000e1000000, 0x00000000e2000000|  0%| F|  |TAMS 0x00000000e1000000, 0x00000000e1000000| Untracked 
|  96|0x00000000e2000000, 0x00000000e2000000, 0x00000000e3000000|  0%| F|  |TAMS 0x00000000e2000000, 0x00000000e2000000| Untracked 
|  97|0x00000000e3000000, 0x00000000e3000000, 0x00000000e4000000|  0%| F|  |TAMS 0x00000000e3000000, 0x00000000e3000000| Untracked 
|  98|0x00000000e4000000, 0x00000000e4000000, 0x00000000e5000000|  0%| F|  |TAMS 0x00000000e4000000, 0x00000000e4000000| Untracked 
|  99|0x00000000e5000000, 0x00000000e5000000, 0x00000000e6000000|  0%| F|  |TAMS 0x00000000e5000000, 0x00000000e5000000| Untracked 
| 100|0x00000000e6000000, 0x00000000e6000000, 0x00000000e7000000|  0%| F|  |TAMS 0x00000000e6000000, 0x00000000e6000000| Untracked 
| 101|0x00000000e7000000, 0x00000000e7000000, 0x00000000e8000000|  0%| F|  |TAMS 0x00000000e7000000, 0x00000000e7000000| Untracked 
| 102|0x00000000e8000000, 0x00000000e8000000, 0x00000000e9000000|  0%| F|  |TAMS 0x00000000e8000000, 0x00000000e8000000| Untracked 
| 103|0x00000000e9000000, 0x00000000e9000000, 0x00000000ea000000|  0%| F|  |TAMS 0x00000000e9000000, 0x00000000e9000000| Untracked 
| 104|0x00000000ea000000, 0x00000000ea000000, 0x00000000eb000000|  0%| F|  |TAMS 0x00000000ea000000, 0x00000000ea000000| Untracked 
| 105|0x00000000eb000000, 0x00000000eb000000, 0x00000000ec000000|  0%| F|  |TAMS 0x00000000eb000000, 0x00000000eb000000| Untracked 
| 106|0x00000000ec000000, 0x00000000ec000000, 0x00000000ed000000|  0%| F|  |TAMS 0x00000000ec000000, 0x00000000ec000000| Untracked 
| 107|0x00000000ed000000, 0x00000000ed000000, 0x00000000ee000000|  0%| F|  |TAMS 0x00000000ed000000, 0x00000000ed000000| Untracked 
| 108|0x00000000ee000000, 0x00000000ee000000, 0x00000000ef000000|  0%| F|  |TAMS 0x00000000ee000000, 0x00000000ee000000| Untracked 
| 109|0x00000000ef000000, 0x00000000ef000000, 0x00000000f0000000|  0%| F|  |TAMS 0x00000000ef000000, 0x00000000ef000000| Untracked 
| 110|0x00000000f0000000, 0x00000000f0000000, 0x00000000f1000000|  0%| F|  |TAMS 0x00000000f0000000, 0x00000000f0000000| Untracked 
| 111|0x00000000f1000000, 0x00000000f1000000, 0x00000000f2000000|  0%| F|  |TAMS 0x00000000f1000000, 0x00000000f1000000| Untracked 
| 112|0x00000000f2000000, 0x00000000f2000000, 0x00000000f3000000|  0%| F|  |TAMS 0x00000000f2000000, 0x00000000f2000000| Untracked 
| 113|0x00000000f3000000, 0x00000000f3000000, 0x00000000f4000000|  0%| F|  |TAMS 0x00000000f3000000, 0x00000000f3000000| Untracked 
| 114|0x00000000f4000000, 0x00000000f4000000, 0x00000000f5000000|  0%| F|  |TAMS 0x00000000f4000000, 0x00000000f4000000| Untracked 
| 115|0x00000000f5000000, 0x00000000f5281a70, 0x00000000f6000000| 15%| S|CS|TAMS 0x00000000f5000000, 0x00000000f5000000| Complete 
| 116|0x00000000f6000000, 0x00000000f6000000, 0x00000000f7000000|  0%| F|  |TAMS 0x00000000f6000000, 0x00000000f6000000| Untracked 
| 117|0x00000000f7000000, 0x00000000f7000000, 0x00000000f8000000|  0%| F|  |TAMS 0x00000000f7000000, 0x00000000f7000000| Untracked 
| 118|0x00000000f8000000, 0x00000000f8000000, 0x00000000f9000000|  0%| F|  |TAMS 0x00000000f8000000, 0x00000000f8000000| Untracked 
| 119|0x00000000f9000000, 0x00000000f9927280, 0x00000000fa000000| 57%| E|  |TAMS 0x00000000f9000000, 0x00000000f9000000| Complete 
| 120|0x00000000fa000000, 0x00000000fb000000, 0x00000000fb000000|100%| E|CS|TAMS 0x00000000fa000000, 0x00000000fa000000| Complete 
| 121|0x00000000fb000000, 0x00000000fc000000, 0x00000000fc000000|100%| E|CS|TAMS 0x00000000fb000000, 0x00000000fb000000| Complete 
|1916|0x00000007fe000000, 0x00000007fef75000, 0x00000007ff000000| 96%|OA|  |TAMS 0x00000007fe000000, 0x00000007fe000000| Untracked 
|1917|0x00000007ff000000, 0x00000007ff078000, 0x0000000800000000|  2%|CA|  |TAMS 0x00000007ff000000, 0x00000007ff000000| Untracked 

Card table byte_map: [0x00007fef81a20000,0x00007fef85610000] _byte_map_base: 0x00007fef81610000

Marking Bits (Prev, Next): (CMBitMap*) 0x00007fefa0061050, (CMBitMap*) 0x00007fefa0061090
 Prev Bits: [0x00007fef5feb0000, 0x00007fef7de30000)
 Next Bits: [0x00007fef41f30000, 0x00007fef5feb0000)

Polling page: 0x00007fefa7e6a000

Metaspace:

Usage:
  Non-class:      4.33 MB used.
      Class:    404.94 KB used.
       Both:      4.73 MB used.

Virtual space:
  Non-class space:       64.00 MB reserved,       4.44 MB (  7%) committed,  1 nodes.
      Class space:        1.00 GB reserved,     512.00 KB ( <1%) committed,  1 nodes.
             Both:        1.06 GB reserved,       4.94 MB ( <1%) committed. 

Chunk freelists:
   Non-Class:  9.17 MB
       Class:  15.47 MB
        Both:  24.64 MB

MaxMetaspaceSize: unlimited
CompressedClassSpaceSize: 1.00 GB
Initial GC threshold: 21.00 MB
Current GC threshold: 21.00 MB
CDS: on
MetaspaceReclaimPolicy: balanced
 - commit_granule_bytes: 65536.
 - commit_granule_words: 8192.
 - virtual_space_node_default_size: 8388608.
 - enlarge_chunks_in_place: 1.
 - new_chunks_are_fully_committed: 0.
 - uncommit_free_chunks: 1.
 - use_allocation_guard: 0.
 - handle_deallocations: 1.


Internal statistics:

num_allocs_failed_limit: 0.
num_arena_births: 52.
num_arena_deaths: 0.
num_vsnodes_births: 2.
num_vsnodes_deaths: 0.
num_space_committed: 79.
num_space_uncommitted: 0.
num_chunks_returned_to_freelist: 0.
num_chunks_taken_from_freelist: 175.
num_chunk_merges: 0.
num_chunk_splits: 137.
num_chunks_enlarged: 116.
num_inconsistent_stats: 0.

CodeHeap 'non-profiled nmethods': size=119168Kb used=285Kb max_used=285Kb free=118882Kb
 bounds [0x00007fef90da0000, 0x00007fef91010000, 0x00007fef98200000]
CodeHeap 'profiled nmethods': size=119164Kb used=1508Kb max_used=1508Kb free=117656Kb
 bounds [0x00007fef89200000, 0x00007fef89470000, 0x00007fef9065f000]
CodeHeap 'non-nmethods': size=7428Kb used=2330Kb max_used=2354Kb free=5097Kb
 bounds [0x00007fef9065f000, 0x00007fef908cf000, 0x00007fef90da0000]
 total_blobs=1356 nmethods=846 adapters=422
 compilation: enabled
              stopped_count=0, restarted_count=0
 full_count=0

Compilation events (20 events):
Event: 0.239 Thread 0x00007fefa01f55c0 nmethod 833 0x00007fef89376a90 code [0x00007fef89376d20, 0x00007fef893778c0]
Event: 0.240 Thread 0x00007fefa01f4090 nmethod 832 0x00007fef90ddcf10 code [0x00007fef90ddd0a0, 0x00007fef90ddd1f8]
Event: 0.241 Thread 0x00007feec4187fa0  836       3       com.cadoodlecad.manifold.ManifoldBindings::union (13 bytes)
Event: 0.241 Thread 0x00007feec4187fa0 nmethod 836 0x00007fef89377d10 code [0x00007fef89377ec0, 0x00007fef89378030]
Event: 0.242 Thread 0x00007feec409f3e0  837       1       jdk.internal.loader.Resource::getManifest (2 bytes)
Event: 0.242 Thread 0x00007feec4187fa0  839       1       jdk.internal.loader.Resource::getCodeSigners (2 bytes)
Event: 0.242 Thread 0x00007feec409f3e0 nmethod 837 0x00007fef90ddda90 code [0x00007fef90dddc20, 0x00007fef90dddcf0]
Event: 0.242 Thread 0x00007feec4187fa0 nmethod 839 0x00007fef90dddd90 code [0x00007fef90dddf20, 0x00007fef90dddff0]
Event: 0.244 Thread 0x00007feec409f3e0  840       3       java.util.Arrays::asList (9 bytes)
Event: 0.244 Thread 0x00007fefa01f55c0  841       3       java.util.Arrays$ArrayList::<init> (16 bytes)
Event: 0.244 Thread 0x00007feec409f3e0 nmethod 840 0x00007fef89378110 code [0x00007fef893782e0, 0x00007fef89378760]
Event: 0.244 Thread 0x00007fefa01f55c0 nmethod 841 0x00007fef89378910 code [0x00007fef89378ae0, 0x00007fef89378ec0]
Event: 0.246 Thread 0x00007fefa01f4090  842       4       jdk.internal.misc.Unsafe::allocateUninitializedArray (55 bytes)
Event: 0.247 Thread 0x00007fefa01f4090 nmethod 842 0x00007fef90dde090 code [0x00007fef90dde220, 0x00007fef90dde3d8]
Event: 0.249 Thread 0x00007fefa01f4090  843       4       java.lang.StringConcatHelper::mix (27 bytes)
Event: 0.249 Thread 0x00007fefa01f4090 nmethod 843 0x00007fef90dde510 code [0x00007fef90dde6a0, 0x00007fef90dde758]
Event: 0.250 Thread 0x00007fefa01f4090  844       4       jdk.internal.misc.Unsafe::allocateUninitializedArray0 (90 bytes)
Event: 0.251 Thread 0x00007fefa01f4090 nmethod 844 0x00007fef90dde890 code [0x00007fef90ddea20, 0x00007fef90ddebd8]
Event: 0.252 Thread 0x00007fefa01f4090  845       4       jdk.internal.misc.Unsafe::allocateUninitializedArray (55 bytes)
Event: 0.253 Thread 0x00007fefa01f4090 nmethod 845 0x00007fef90ddec90 code [0x00007fef90ddee20, 0x00007fef90ddefd8]

GC Heap History (2 events):
Event: 0.223 GC heap before
{Heap before GC invocations=0 (full 0):
 garbage-first heap   total 2031616K, used 114612K [0x0000000082000000, 0x0000000800000000)
  region size 16384K, 6 young (98304K), 0 survivors (0K)
 Metaspace       used 4771K, committed 4992K, reserved 1114112K
  class space    used 393K, committed 512K, reserved 1048576K
}
Event: 0.224 GC heap after
{Heap after GC invocations=1 (full 0):
 garbage-first heap   total 2031616K, used 18874K [0x0000000082000000, 0x0000000800000000)
  region size 16384K, 1 young (16384K), 1 survivors (16384K)
 Metaspace       used 4771K, committed 4992K, reserved 1114112K
  class space    used 393K, committed 512K, reserved 1048576K
}

Dll operation events (9 events):
Event: 0.001 Loaded shared library /home/grishberg/.gradle/jdks/eclipse_adoptium-17-amd64-linux/jdk-17.0.19+10/lib/libjava.so
Event: 0.014 Loaded shared library /home/grishberg/.gradle/jdks/eclipse_adoptium-17-amd64-linux/jdk-17.0.19+10/lib/libjsvml.so
Event: 0.022 Loaded shared library /home/grishberg/.gradle/jdks/eclipse_adoptium-17-amd64-linux/jdk-17.0.19+10/lib/libnio.so
Event: 0.023 Loaded shared library /home/grishberg/.gradle/jdks/eclipse_adoptium-17-amd64-linux/jdk-17.0.19+10/lib/libzip.so
Event: 0.056 Loaded shared library /home/grishberg/.gradle/jdks/eclipse_adoptium-17-amd64-linux/jdk-17.0.19+10/lib/libjimage.so
Event: 0.059 Loaded shared library /home/grishberg/.gradle/jdks/eclipse_adoptium-17-amd64-linux/jdk-17.0.19+10/lib/libnet.so
Event: 0.070 Loaded shared library /tmp/manifold3d18238518904419924416/libmanifold.so.3
Event: 0.072 Loaded shared library /tmp/manifold3d18238518904419924416/libmanifoldc.so.3
Event: 0.073 Loaded shared library /tmp/manifold3d18238518904419924416/libmanifold_jni.so

Deoptimization events (20 events):
Event: 0.213 Thread 0x00007feea0053890 Uncommon trap: trap_request=0xffffff6e fr.pc=0x00007fef90dbc140 relative=0x0000000000000420
Event: 0.213 Thread 0x00007feea0053890 Uncommon trap: reason=loop_limit_check action=maybe_recompile pc=0x00007fef90dbc140 method=java.lang.StringLatin1.indexOf([BI[BII)I @ 37 c2
Event: 0.213 Thread 0x00007feea0053890 DEOPT PACKING pc=0x00007fef90dbc140 sp=0x00007fef403fe1c0
Event: 0.213 Thread 0x00007feea0053890 DEOPT UNPACKING pc=0x00007fef906b5699 sp=0x00007fef403fe140 mode 2
Event: 0.247 Thread 0x00007fefa04782d0 Uncommon trap: trap_request=0xffffffde fr.pc=0x00007fef90dde328 relative=0x0000000000000108
Event: 0.247 Thread 0x00007fefa04782d0 Uncommon trap: reason=class_check action=maybe_recompile pc=0x00007fef90dde328 method=jdk.internal.misc.Unsafe.allocateUninitializedArray(Ljava/lang/Class;I)Ljava/lang/Object; @ 51 c2
Event: 0.247 Thread 0x00007fefa04782d0 DEOPT PACKING pc=0x00007fef90dde328 sp=0x00007fef407fdde0
Event: 0.247 Thread 0x00007fefa04782d0 DEOPT UNPACKING pc=0x00007fef906b5699 sp=0x00007fef407fdd88 mode 2
Event: 0.247 Thread 0x00007fefa04782d0 Uncommon trap: trap_request=0xffffffde fr.pc=0x00007fef90dde328 relative=0x0000000000000108
Event: 0.247 Thread 0x00007fefa04782d0 Uncommon trap: reason=class_check action=maybe_recompile pc=0x00007fef90dde328 method=jdk.internal.misc.Unsafe.allocateUninitializedArray(Ljava/lang/Class;I)Ljava/lang/Object; @ 51 c2
Event: 0.247 Thread 0x00007fefa04782d0 DEOPT PACKING pc=0x00007fef90dde328 sp=0x00007fef407fdc80
Event: 0.247 Thread 0x00007fefa04782d0 DEOPT UNPACKING pc=0x00007fef906b5699 sp=0x00007fef407fdc28 mode 2
Event: 0.247 Thread 0x00007fefa04782d0 Uncommon trap: trap_request=0xffffffde fr.pc=0x00007fef90dde328 relative=0x0000000000000108
Event: 0.247 Thread 0x00007fefa04782d0 Uncommon trap: reason=class_check action=maybe_recompile pc=0x00007fef90dde328 method=jdk.internal.misc.Unsafe.allocateUninitializedArray(Ljava/lang/Class;I)Ljava/lang/Object; @ 51 c2
Event: 0.247 Thread 0x00007fefa04782d0 DEOPT PACKING pc=0x00007fef90dde328 sp=0x00007fef407fdd60
Event: 0.247 Thread 0x00007fefa04782d0 DEOPT UNPACKING pc=0x00007fef906b5699 sp=0x00007fef407fdd08 mode 2
Event: 0.247 Thread 0x00007fefa04782d0 Uncommon trap: trap_request=0xffffffde fr.pc=0x00007fef90dde328 relative=0x0000000000000108
Event: 0.247 Thread 0x00007fefa04782d0 Uncommon trap: reason=class_check action=maybe_recompile pc=0x00007fef90dde328 method=jdk.internal.misc.Unsafe.allocateUninitializedArray(Ljava/lang/Class;I)Ljava/lang/Object; @ 51 c2
Event: 0.247 Thread 0x00007fefa04782d0 DEOPT PACKING pc=0x00007fef90dde328 sp=0x00007fef407fdcd0
Event: 0.247 Thread 0x00007fefa04782d0 DEOPT UNPACKING pc=0x00007fef906b5699 sp=0x00007fef407fdc78 mode 2

Classes loaded (20 events):
Event: 0.100 Loading class java/util/concurrent/atomic/AtomicIntegerFieldUpdater$AtomicIntegerFieldUpdaterImpl
Event: 0.100 Loading class java/util/concurrent/atomic/AtomicIntegerFieldUpdater$AtomicIntegerFieldUpdaterImpl done
Event: 0.100 Loading class java/util/concurrent/atomic/AtomicIntegerFieldUpdater$AtomicIntegerFieldUpdaterImpl$1
Event: 0.100 Loading class java/util/concurrent/atomic/AtomicIntegerFieldUpdater$AtomicIntegerFieldUpdaterImpl$1 done
Event: 0.100 Loading class java/util/concurrent/atomic/AtomicReferenceFieldUpdater
Event: 0.100 Loading class java/util/concurrent/atomic/AtomicReferenceFieldUpdater done
Event: 0.100 Loading class java/util/concurrent/atomic/AtomicReferenceFieldUpdater$AtomicReferenceFieldUpdaterImpl
Event: 0.100 Loading class java/util/concurrent/atomic/AtomicReferenceFieldUpdater$AtomicReferenceFieldUpdaterImpl done
Event: 0.100 Loading class java/util/concurrent/atomic/AtomicReferenceFieldUpdater$AtomicReferenceFieldUpdaterImpl$1
Event: 0.100 Loading class java/util/concurrent/atomic/AtomicReferenceFieldUpdater$AtomicReferenceFieldUpdaterImpl$1 done
Event: 0.100 Loading class java/util/concurrent/atomic/AtomicReferenceArray
Event: 0.101 Loading class java/util/concurrent/atomic/AtomicReferenceArray done
Event: 0.112 Loading class java/lang/NoSuchFieldError
Event: 0.112 Loading class java/lang/NoSuchFieldError done
Event: 0.117 Loading class java/lang/StrictMath
Event: 0.117 Loading class java/lang/StrictMath done
Event: 0.131 Loading class java/util/concurrent/CancellationException
Event: 0.131 Loading class java/util/concurrent/CancellationException done
Event: 0.146 Loading class java/util/Collections$SingletonList
Event: 0.146 Loading class java/util/Collections$SingletonList done

Classes unloaded (0 events):
No events

Classes redefined (0 events):
No events

Internal exceptions (4 events):
Event: 0.058 Thread 0x00007fefa002aac0 Exception <a 'sun/nio/fs/UnixException'{0x00000000fb1889f8}> (0x00000000fb1889f8) 
thrown [src/hotspot/share/prims/jni.cpp, line 516]
Event: 0.071 Thread 0x00007fefa002aac0 Exception <a 'sun/nio/fs/UnixException'{0x00000000fb1926f0}> (0x00000000fb1926f0) 
thrown [src/hotspot/share/prims/jni.cpp, line 516]
Event: 0.072 Thread 0x00007fefa002aac0 Exception <a 'sun/nio/fs/UnixException'{0x00000000fb1a4df0}> (0x00000000fb1a4df0) 
thrown [src/hotspot/share/prims/jni.cpp, line 516]
Event: 0.214 Thread 0x00007feea0053890 Exception <a 'java/lang/NoSuchMethodError'{0x00000000f67d3508}: 'java.lang.Object java.lang.invoke.DirectMethodHandle$Holder.newInvokeSpecial(java.lang.Object, java.lang.Object, java.lang.Object, java.lang.Object, java.lang.Object, java.lang.Object)'> (0x00000000f67d3508) 
thrown [src/hotspot/share/interpreter/linkResolver.cpp, line 758]

VM Operations (2 events):
Event: 0.222 Executing VM operation: G1CollectForAllocation
Event: 0.224 Executing VM operation: G1CollectForAllocation done

Memory protections (20 events):
Event: 0.016 Protecting memory [0x00007fef9ff00000,0x00007fef9ff04000] with protection modes 0
Event: 0.016 Protecting memory [0x00007fef41e30000,0x00007fef41e34000] with protection modes 0
Event: 0.017 Protecting memory [0x00007fef41700000,0x00007fef41704000] with protection modes 0
Event: 0.017 Protecting memory [0x00007fef41600000,0x00007fef41604000] with protection modes 0
Event: 0.017 Protecting memory [0x00007fef41500000,0x00007fef41504000] with protection modes 0
Event: 0.017 Protecting memory [0x00007fef41400000,0x00007fef41404000] with protection modes 0
Event: 0.017 Protecting memory [0x00007fef41300000,0x00007fef41304000] with protection modes 0
Event: 0.017 Protecting memory [0x00007fef41200000,0x00007fef41204000] with protection modes 0
Event: 0.019 Protecting memory [0x00007fef41100000,0x00007fef41104000] with protection modes 0
Event: 0.020 Protecting memory [0x00007fef40eff000,0x00007fef40f03000] with protection modes 0
Event: 0.044 Protecting memory [0x00007fef40dff000,0x00007fef40e03000] with protection modes 0
Event: 0.106 Protecting memory [0x00007fef40900000,0x00007fef40904000] with protection modes 0
Event: 0.131 Protecting memory [0x00007fef40800000,0x00007fef40804000] with protection modes 0
Event: 0.131 Protecting memory [0x00007fef40700000,0x00007fef40704000] with protection modes 0
Event: 0.138 Protecting memory [0x00007fef40600000,0x00007fef40604000] with protection modes 0
Event: 0.138 Protecting memory [0x00007fef40500000,0x00007fef40504000] with protection modes 0
Event: 0.139 Protecting memory [0x00007fef40400000,0x00007fef40404000] with protection modes 0
Event: 0.139 Protecting memory [0x00007fef40300000,0x00007fef40304000] with protection modes 0
Event: 0.152 Protecting memory [0x00007fef40200000,0x00007fef40204000] with protection modes 0
Event: 0.214 Protecting memory [0x00007fef40100000,0x00007fef40104000] with protection modes 0

Nmethod flushes (0 events):
No events

Events (20 events):
Event: 0.016 Thread 0x00007fefa002aac0 Thread added: 0x00007fefa01e9530
Event: 0.016 Thread 0x00007fefa002aac0 Thread added: 0x00007fefa01ea910
Event: 0.017 Thread 0x00007fefa002aac0 Thread added: 0x00007fefa01efea0
Event: 0.017 Thread 0x00007fefa002aac0 Thread added: 0x00007fefa01f1250
Event: 0.017 Thread 0x00007fefa002aac0 Thread added: 0x00007fefa01f2660
Event: 0.017 Thread 0x00007fefa002aac0 Thread added: 0x00007fefa01f4090
Event: 0.017 Thread 0x00007fefa002aac0 Thread added: 0x00007fefa01f55c0
Event: 0.017 Thread 0x00007fefa002aac0 Thread added: 0x00007fefa01f6a30
Event: 0.019 Thread 0x00007fefa002aac0 Thread added: 0x00007fefa01fe750
Event: 0.020 Thread 0x00007fefa002aac0 Thread added: 0x00007fefa0201ee0
Event: 0.044 Thread 0x00007fefa01f55c0 Thread added: 0x00007feec409f3e0
Event: 0.106 Thread 0x00007fefa01f4090 Thread added: 0x00007feec0189750
Event: 0.131 Thread 0x00007fefa002aac0 Thread added: 0x00007fefa04776a0
Event: 0.131 Thread 0x00007fefa002aac0 Thread added: 0x00007fefa04782d0
Event: 0.138 Thread 0x00007fefa04776a0 Thread added: 0x00007feea0064e70
Event: 0.138 Thread 0x00007fefa04776a0 Thread added: 0x00007feea0057380
Event: 0.139 Thread 0x00007fefa04776a0 Thread added: 0x00007feea002fef0
Event: 0.139 Thread 0x00007fefa04776a0 Thread added: 0x00007feea0053890
Event: 0.152 Thread 0x00007fefa01f55c0 Thread added: 0x00007feec4187fa0
Event: 0.214 Thread 0x00007feea0053890 Thread added: 0x00007fee9402a8b0


Dynamic libraries:
82000000-fc000000 rw-p 00000000 00:00 0 
fc000000-7fe000000 ---p 00000000 00:00 0 
7fe000000-7fef00000 rw-p 00000000 00:00 0 
7fef00000-7fef75000 rw-p 00c7a000 103:01 75498865                        /home/grishberg/.gradle/jdks/eclipse_adoptium-17-amd64-linux/jdk-17.0.19+10/lib/server/classes.jsa
7fef75000-7ff000000 rw-p 00000000 00:00 0 
7ff000000-7ff078000 rw-p 00c02000 103:01 75498865                        /home/grishberg/.gradle/jdks/eclipse_adoptium-17-amd64-linux/jdk-17.0.19+10/lib/server/classes.jsa
7ff078000-800000000 rw-p 00000000 00:00 0 
586c10bb6000-586c10bb7000 r--p 00000000 103:01 75498845                  /home/grishberg/.gradle/jdks/eclipse_adoptium-17-amd64-linux/jdk-17.0.19+10/bin/java
586c10bb7000-586c10bb8000 r-xp 00001000 103:01 75498845                  /home/grishberg/.gradle/jdks/eclipse_adoptium-17-amd64-linux/jdk-17.0.19+10/bin/java
586c10bb8000-586c10bb9000 r--p 00002000 103:01 75498845                  /home/grishberg/.gradle/jdks/eclipse_adoptium-17-amd64-linux/jdk-17.0.19+10/bin/java
586c10bb9000-586c10bba000 r--p 00002000 103:01 75498845                  /home/grishberg/.gradle/jdks/eclipse_adoptium-17-amd64-linux/jdk-17.0.19+10/bin/java
586c10bba000-586c10bbb000 rw-p 00003000 103:01 75498845                  /home/grishberg/.gradle/jdks/eclipse_adoptium-17-amd64-linux/jdk-17.0.19+10/bin/java
586c1c770000-586c1c7b9000 rw-p 00000000 00:00 0                          [heap]
7fee58000000-7fee58021000 rw-p 00000000 00:00 0 
7fee58021000-7fee5c000000 ---p 00000000 00:00 0 
7fee5c000000-7fee5c021000 rw-p 00000000 00:00 0 
7fee5c021000-7fee60000000 ---p 00000000 00:00 0 
7fee60000000-7fee60021000 rw-p 00000000 00:00 0 
7fee60021000-7fee64000000 ---p 00000000 00:00 0 
7fee64000000-7fee64021000 rw-p 00000000 00:00 0 
7fee64021000-7fee68000000 ---p 00000000 00:00 0 
7fee68000000-7fee68021000 rw-p 00000000 00:00 0 
7fee68021000-7fee6c000000 ---p 00000000 00:00 0 
7fee6c000000-7fee6c021000 rw-p 00000000 00:00 0 
7fee6c021000-7fee70000000 ---p 00000000 00:00 0 
7fee70000000-7fee70021000 rw-p 00000000 00:00 0 
7fee70021000-7fee74000000 ---p 00000000 00:00 0 
7fee74000000-7fee74021000 rw-p 00000000 00:00 0 
7fee74021000-7fee78000000 ---p 00000000 00:00 0 
7fee78000000-7fee78021000 rw-p 00000000 00:00 0 
7fee78021000-7fee7c000000 ---p 00000000 00:00 0 
7fee7c000000-7fee7c021000 rw-p 00000000 00:00 0 
7fee7c021000-7fee80000000 ---p 00000000 00:00 0 
7fee80000000-7fee80021000 rw-p 00000000 00:00 0 
7fee80021000-7fee84000000 ---p 00000000 00:00 0 
7fee84000000-7fee84021000 rw-p 00000000 00:00 0 
7fee84021000-7fee88000000 ---p 00000000 00:00 0 
7fee88000000-7fee880ad000 rw-p 00000000 00:00 0 
7fee880ad000-7fee8c000000 ---p 00000000 00:00 0 
7fee8c000000-7fee8ca11000 rw-p 00000000 00:00 0 
7fee8ca11000-7fee90000000 ---p 00000000 00:00 0 
7fee90000000-7fee90024000 rw-p 00000000 00:00 0 
7fee90024000-7fee94000000 ---p 00000000 00:00 0 
7fee94000000-7fee941c9000 rw-p 00000000 00:00 0 
7fee941c9000-7fee98000000 ---p 00000000 00:00 0 
7fee98000000-7fee98153000 rw-p 00000000 00:00 0 
7fee98153000-7fee9c000000 ---p 00000000 00:00 0 
7fee9c000000-7fee9c09d000 rw-p 00000000 00:00 0 
7fee9c09d000-7feea0000000 ---p 00000000 00:00 0 
7feea0000000-7feea0067000 rw-p 00000000 00:00 0 
7feea0067000-7feea4000000 ---p 00000000 00:00 0 
7feea4000000-7feea45c2000 rw-p 00000000 00:00 0 
7feea45c2000-7feea8000000 ---p 00000000 00:00 0 
7feea8000000-7feea81a5000 rw-p 00000000 00:00 0 
7feea81a5000-7feeac000000 ---p 00000000 00:00 0 
7feeac000000-7feeac669000 rw-p 00000000 00:00 0 
7feeac669000-7feeb0000000 ---p 00000000 00:00 0 
7feeb0000000-7feeb0021000 rw-p 00000000 00:00 0 
7feeb0021000-7feeb4000000 ---p 00000000 00:00 0 
7feeb4000000-7feeb4021000 rw-p 00000000 00:00 0 
7feeb4021000-7feeb8000000 ---p 00000000 00:00 0 
7feeb8000000-7feeb8021000 rw-p 00000000 00:00 0 
7feeb8021000-7feebc000000 ---p 00000000 00:00 0 
7feebc000000-7feebc021000 rw-p 00000000 00:00 0 
7feebc021000-7feec0000000 ---p 00000000 00:00 0 
7feec0000000-7feec04db000 rw-p 00000000 00:00 0 
7feec04db000-7feec4000000 ---p 00000000 00:00 0 
7feec4000000-7feec439f000 rw-p 00000000 00:00 0 
7feec439f000-7feec8000000 ---p 00000000 00:00 0 
7feec8000000-7feec8021000 rw-p 00000000 00:00 0 
7feec8021000-7feecc000000 ---p 00000000 00:00 0 
7feecc000000-7feecc021000 rw-p 00000000 00:00 0 
7feecc021000-7feed0000000 ---p 00000000 00:00 0 
7feed0000000-7feed0021000 rw-p 00000000 00:00 0 
7feed0021000-7feed4000000 ---p 00000000 00:00 0 
7feed4000000-7feed4021000 rw-p 00000000 00:00 0 
7feed4021000-7feed8000000 ---p 00000000 00:00 0 
7feed8000000-7feed8021000 rw-p 00000000 00:00 0 
7feed8021000-7feedc000000 ---p 00000000 00:00 0 
7feedf000000-7feedf190000 rw-p 00000000 00:00 0 
7feedf190000-7feedf400000 ---p 00000000 00:00 0 
7feedf400000-7feedf6e0000 rw-p 00000000 00:00 0 
7feedf6e0000-7feee3000000 ---p 00000000 00:00 0 
7feee3000000-7feee3bca000 rw-p 00001000 103:01 75498865                  /home/grishberg/.gradle/jdks/eclipse_adoptium-17-amd64-linux/jdk-17.0.19+10/lib/server/classes.jsa
7feee3bca000-7feee4000000 ---p 00000000 00:00 0 
7feee4000000-7feee4040000 rw-p 00000000 00:00 0 
7feee4040000-7feee4070000 rw-p 00000000 00:00 0 
7feee4070000-7feee4080000 ---p 00000000 00:00 0 
7feee4080000-7feee4090000 rw-p 00000000 00:00 0 
7feee4090000-7fef24000000 ---p 00000000 00:00 0 
7fef24000000-7fef24021000 rw-p 00000000 00:00 0 
7fef24021000-7fef28000000 ---p 00000000 00:00 0 
7fef28000000-7fef28021000 rw-p 00000000 00:00 0 
7fef28021000-7fef2c000000 ---p 00000000 00:00 0 
7fef2c000000-7fef2c021000 rw-p 00000000 00:00 0 
7fef2c021000-7fef30000000 ---p 00000000 00:00 0 
7fef3100c000-7fef313f4000 rw-p 00000000 00:00 0 
7fef313f4000-7fef313f5000 ---p 00000000 00:00 0 
7fef313f5000-7fef314f5000 rw-p 00000000 00:00 0 
7fef314f5000-7fef314f6000 ---p 00000000 00:00 0 
7fef314f6000-7fef315f6000 rw-p 00000000 00:00 0 
7fef315f6000-7fef315f7000 ---p 00000000 00:00 0 
7fef315f7000-7fef316f7000 rw-p 00000000 00:00 0 
7fef316f7000-7fef316f8000 ---p 00000000 00:00 0 
7fef316f8000-7fef317f8000 rw-p 00000000 00:00 0 
7fef317f8000-7fef317f9000 ---p 00000000 00:00 0 
7fef317f9000-7fef318f9000 rw-p 00000000 00:00 0 
7fef318f9000-7fef318fa000 ---p 00000000 00:00 0 
7fef318fa000-7fef319fa000 rw-p 00000000 00:00 0 
7fef319fa000-7fef319fb000 ---p 00000000 00:00 0 
7fef319fb000-7fef31afb000 rw-p 00000000 00:00 0 
7fef31afb000-7fef31afc000 ---p 00000000 00:00 0 
7fef31afc000-7fef31bfc000 rw-p 00000000 00:00 0 
7fef31bfc000-7fef31bfd000 ---p 00000000 00:00 0 
7fef31bfd000-7fef31cfd000 rw-p 00000000 00:00 0 
7fef31cfd000-7fef31cfe000 ---p 00000000 00:00 0 
7fef31cfe000-7fef31dfe000 rw-p 00000000 00:00 0 
7fef31dfe000-7fef31dff000 ---p 00000000 00:00 0 
7fef31dff000-7fef31eff000 rw-p 00000000 00:00 0 
7fef31eff000-7fef31f00000 ---p 00000000 00:00 0 
7fef31f00000-7fef32000000 rw-p 00000000 00:00 0 
7fef32000000-7fef34021000 rw-p 00000000 00:00 0 
7fef34021000-7fef38000000 ---p 00000000 00:00 0 
7fef38000000-7fef38021000 rw-p 00000000 00:00 0 
7fef38021000-7fef3c000000 ---p 00000000 00:00 0 
7fef3c000000-7fef3c021000 rw-p 00000000 00:00 0 
7fef3c021000-7fef40000000 ---p 00000000 00:00 0 
7fef40100000-7fef40104000 ---p 00000000 00:00 0 
7fef40104000-7fef40200000 rw-p 00000000 00:00 0 
7fef40200000-7fef40204000 ---p 00000000 00:00 0 
7fef40204000-7fef40300000 rw-p 00000000 00:00 0 
7fef40300000-7fef40304000 ---p 00000000 00:00 0 
7fef40304000-7fef40400000 rw-p 00000000 00:00 0 
7fef40400000-7fef40404000 ---p 00000000 00:00 0 
7fef40404000-7fef40500000 rw-p 00000000 00:00 0 
7fef40500000-7fef40504000 ---p 00000000 00:00 0 
7fef40504000-7fef40600000 rw-p 00000000 00:00 0 
7fef40600000-7fef40604000 ---p 00000000 00:00 0 
7fef40604000-7fef40700000 rw-p 00000000 00:00 0 
7fef40700000-7fef40704000 ---p 00000000 00:00 0 
7fef40704000-7fef40800000 rw-p 00000000 00:00 0 
7fef40800000-7fef40804000 ---p 00000000 00:00 0 
7fef40804000-7fef40900000 rw-p 00000000 00:00 0 
7fef40900000-7fef40904000 ---p 00000000 00:00 0 
7fef40904000-7fef40a00000 rw-p 00000000 00:00 0 
7fef40a00000-7fef40a9d000 r--p 00000000 103:01 90443236                  /usr/lib/x86_64-linux-gnu/libstdc++.so.6.0.33
7fef40a9d000-7fef40be5000 r-xp 0009d000 103:01 90443236                  /usr/lib/x86_64-linux-gnu/libstdc++.so.6.0.33
7fef40be5000-7fef40c6c000 r--p 001e5000 103:01 90443236                  /usr/lib/x86_64-linux-gnu/libstdc++.so.6.0.33
7fef40c6c000-7fef40c77000 r--p 0026b000 103:01 90443236                  /usr/lib/x86_64-linux-gnu/libstdc++.so.6.0.33
7fef40c77000-7fef40c7a000 rw-p 00276000 103:01 90443236                  /usr/lib/x86_64-linux-gnu/libstdc++.so.6.0.33
7fef40c7a000-7fef40c7e000 rw-p 00000000 00:00 0 
7fef40c9a000-7fef40cc1000 r--p 00000000 103:01 51524699                  /tmp/manifold3d18238518904419924416/libmanifold.so.3
7fef40cc1000-7fef40ddd000 r-xp 00027000 103:01 51524699                  /tmp/manifold3d18238518904419924416/libmanifold.so.3
7fef40ddd000-7fef40dfc000 r--p 00143000 103:01 51524699                  /tmp/manifold3d18238518904419924416/libmanifold.so.3
7fef40dfc000-7fef40dfd000 r--p 00162000 103:01 51524699                  /tmp/manifold3d18238518904419924416/libmanifold.so.3
7fef40dfd000-7fef40dff000 rw-p 00163000 103:01 51524699                  /tmp/manifold3d18238518904419924416/libmanifold.so.3
7fef40dff000-7fef40e03000 ---p 00000000 00:00 0 
7fef40e03000-7fef40eff000 rw-p 00000000 00:00 0 
7fef40eff000-7fef40f03000 ---p 00000000 00:00 0 
7fef40f03000-7fef40fff000 rw-p 00000000 00:00 0 
7fef40fff000-7fef41000000 ---p 00000000 00:00 0 
7fef41000000-7fef41100000 rw-p 00000000 00:00 0 
7fef41100000-7fef41104000 ---p 00000000 00:00 0 
7fef41104000-7fef41200000 rw-p 00000000 00:00 0 
7fef41200000-7fef41204000 ---p 00000000 00:00 0 
7fef41204000-7fef41300000 rw-p 00000000 00:00 0 
7fef41300000-7fef41304000 ---p 00000000 00:00 0 
7fef41304000-7fef41400000 rw-p 00000000 00:00 0 
7fef41400000-7fef41404000 ---p 00000000 00:00 0 
7fef41404000-7fef41500000 rw-p 00000000 00:00 0 
7fef41500000-7fef41504000 ---p 00000000 00:00 0 
7fef41504000-7fef41600000 rw-p 00000000 00:00 0 
7fef41600000-7fef41604000 ---p 00000000 00:00 0 
7fef41604000-7fef41700000 rw-p 00000000 00:00 0 
7fef41700000-7fef41704000 ---p 00000000 00:00 0 
7fef41704000-7fef41800000 rw-p 00000000 00:00 0 
7fef41800000-7fef41d75000 r--p 00000000 103:01 90475490                  /usr/lib/locale/locale-archive
7fef41e30000-7fef41e34000 ---p 00000000 00:00 0 
7fef41e34000-7fef41f30000 rw-p 00000000 00:00 0 
7fef41f30000-7fef43db0000 rw-p 00000000 00:00 0 
7fef43db0000-7fef5fe30000 ---p 00000000 00:00 0 
7fef5fe30000-7fef61d30000 rw-p 00000000 00:00 0 
7fef61d30000-7fef7ddb0000 ---p 00000000 00:00 0 
7fef7ddb0000-7fef7e200000 rw-p 00000000 00:00 0 
7fef7e200000-7fef81a10000 ---p 00000000 00:00 0 
7fef81a10000-7fef81df0000 rw-p 00000000 00:00 0 
7fef81df0000-7fef85600000 ---p 00000000 00:00 0 
7fef85600000-7fef859e0000 rw-p 00000000 00:00 0 
7fef859e0000-7fef891f0000 ---p 00000000 00:00 0 
7fef891f0000-7fef89200000 rw-p 00000000 00:00 0 
7fef89200000-7fef89470000 rwxp 00000000 00:00 0 
7fef89470000-7fef9065f000 ---p 00000000 00:00 0 
7fef9065f000-7fef908cf000 rwxp 00000000 00:00 0 
7fef908cf000-7fef90da0000 ---p 00000000 00:00 0 
7fef90da0000-7fef91010000 rwxp 00000000 00:00 0 
7fef91010000-7fef98200000 ---p 00000000 00:00 0 
7fef98200000-7fef9fe3b000 r--s 00000000 103:01 75498899                  /home/grishberg/.gradle/jdks/eclipse_adoptium-17-amd64-linux/jdk-17.0.19+10/lib/modules
7fef9fe97000-7fef9fea3000 r--p 00000000 103:01 51524700                  /tmp/manifold3d18238518904419924416/libmanifoldc.so.3
7fef9fea3000-7fef9feb6000 r-xp 0000c000 103:01 51524700                  /tmp/manifold3d18238518904419924416/libmanifoldc.so.3
7fef9feb6000-7fef9febd000 r--p 0001f000 103:01 51524700                  /tmp/manifold3d18238518904419924416/libmanifoldc.so.3
7fef9febd000-7fef9febe000 r--p 00025000 103:01 51524700                  /tmp/manifold3d18238518904419924416/libmanifoldc.so.3
7fef9febe000-7fef9febf000 rw-p 00026000 103:01 51524700                  /tmp/manifold3d18238518904419924416/libmanifoldc.so.3
7fef9febf000-7fef9fec3000 r--p 00000000 103:01 90443244                  /usr/lib/x86_64-linux-gnu/libgcc_s.so.1
7fef9fec3000-7fef9fee7000 r-xp 00004000 103:01 90443244                  /usr/lib/x86_64-linux-gnu/libgcc_s.so.1
7fef9fee7000-7fef9feeb000 r--p 00028000 103:01 90443244                  /usr/lib/x86_64-linux-gnu/libgcc_s.so.1
7fef9feeb000-7fef9feec000 r--p 0002b000 103:01 90443244                  /usr/lib/x86_64-linux-gnu/libgcc_s.so.1
7fef9feec000-7fef9feed000 rw-p 0002c000 103:01 90443244                  /usr/lib/x86_64-linux-gnu/libgcc_s.so.1
7fef9ff00000-7fef9ff04000 ---p 00000000 00:00 0 
7fef9ff04000-7fefa0000000 rw-p 00000000 00:00 0 
7fefa0000000-7fefa0492000 rw-p 00000000 00:00 0 
7fefa0492000-7fefa4000000 ---p 00000000 00:00 0 
7fefa4008000-7fefa400a000 r--p 00000000 103:01 75498880                  /home/grishberg/.gradle/jdks/eclipse_adoptium-17-amd64-linux/jdk-17.0.19+10/lib/libzip.so
7fefa400a000-7fefa401d000 r-xp 00002000 103:01 75498880                  /home/grishberg/.gradle/jdks/eclipse_adoptium-17-amd64-linux/jdk-17.0.19+10/lib/libzip.so
7fefa401d000-7fefa4024000 r--p 00015000 103:01 75498880                  /home/grishberg/.gradle/jdks/eclipse_adoptium-17-amd64-linux/jdk-17.0.19+10/lib/libzip.so
7fefa4024000-7fefa4025000 ---p 0001c000 103:01 75498880                  /home/grishberg/.gradle/jdks/eclipse_adoptium-17-amd64-linux/jdk-17.0.19+10/lib/libzip.so
7fefa4025000-7fefa4026000 r--p 0001c000 103:01 75498880                  /home/grishberg/.gradle/jdks/eclipse_adoptium-17-amd64-linux/jdk-17.0.19+10/lib/libzip.so
7fefa4026000-7fefa4027000 rw-p 0001d000 103:01 75498880                  /home/grishberg/.gradle/jdks/eclipse_adoptium-17-amd64-linux/jdk-17.0.19+10/lib/libzip.so
7fefa4027000-7fefa4058000 rw-p 00000000 00:00 0 
7fefa4058000-7fefa4059000 ---p 00000000 00:00 0 
7fefa4059000-7fefa4159000 rw-p 00000000 00:00 0 
7fefa4159000-7fefa415e000 r--p 00000000 103:01 75498881                  /home/grishberg/.gradle/jdks/eclipse_adoptium-17-amd64-linux/jdk-17.0.19+10/lib/libjsvml.so
7fefa415e000-7fefa419f000 r-xp 00005000 103:01 75498881                  /home/grishberg/.gradle/jdks/eclipse_adoptium-17-amd64-linux/jdk-17.0.19+10/lib/libjsvml.so
7fefa419f000-7fefa4228000 r--p 00046000 103:01 75498881                  /home/grishberg/.gradle/jdks/eclipse_adoptium-17-amd64-linux/jdk-17.0.19+10/lib/libjsvml.so
7fefa4228000-7fefa4229000 r--p 000ce000 103:01 75498881                  /home/grishberg/.gradle/jdks/eclipse_adoptium-17-amd64-linux/jdk-17.0.19+10/lib/libjsvml.so
7fefa4229000-7fefa422a000 rw-p 000cf000 103:01 75498881                  /home/grishberg/.gradle/jdks/eclipse_adoptium-17-amd64-linux/jdk-17.0.19+10/lib/libjsvml.so
7fefa422a000-7fefa4347000 rw-p 00000000 00:00 0 
7fefa434f000-7fefa4353000 r--p 00000000 103:01 75498890                  /home/grishberg/.gradle/jdks/eclipse_adoptium-17-amd64-linux/jdk-17.0.19+10/lib/libnet.so
7fefa4353000-7fefa4361000 r-xp 00004000 103:01 75498890                  /home/grishberg/.gradle/jdks/eclipse_adoptium-17-amd64-linux/jdk-17.0.19+10/lib/libnet.so
7fefa4361000-7fefa4365000 r--p 00012000 103:01 75498890                  /home/grishberg/.gradle/jdks/eclipse_adoptium-17-amd64-linux/jdk-17.0.19+10/lib/libnet.so
7fefa4365000-7fefa4366000 r--p 00015000 103:01 75498890                  /home/grishberg/.gradle/jdks/eclipse_adoptium-17-amd64-linux/jdk-17.0.19+10/lib/libnet.so
7fefa4366000-7fefa4367000 rw-p 00016000 103:01 75498890                  /home/grishberg/.gradle/jdks/eclipse_adoptium-17-amd64-linux/jdk-17.0.19+10/lib/libnet.so
7fefa4367000-7fefa436e000 r--p 00000000 103:01 75498910                  /home/grishberg/.gradle/jdks/eclipse_adoptium-17-amd64-linux/jdk-17.0.19+10/lib/libnio.so
7fefa436e000-7fefa4377000 r-xp 00007000 103:01 75498910                  /home/grishberg/.gradle/jdks/eclipse_adoptium-17-amd64-linux/jdk-17.0.19+10/lib/libnio.so
7fefa4377000-7fefa437b000 r--p 00010000 103:01 75498910                  /home/grishberg/.gradle/jdks/eclipse_adoptium-17-amd64-linux/jdk-17.0.19+10/lib/libnio.so
7fefa437b000-7fefa437c000 ---p 00014000 103:01 75498910                  /home/grishberg/.gradle/jdks/eclipse_adoptium-17-amd64-linux/jdk-17.0.19+10/lib/libnio.so
7fefa437c000-7fefa437d000 r--p 00014000 103:01 75498910                  /home/grishberg/.gradle/jdks/eclipse_adoptium-17-amd64-linux/jdk-17.0.19+10/lib/libnio.so
7fefa437d000-7fefa437e000 rw-p 00015000 103:01 75498910                  /home/grishberg/.gradle/jdks/eclipse_adoptium-17-amd64-linux/jdk-17.0.19+10/lib/libnio.so
7fefa437e000-7fefa437f000 ---p 00000000 00:00 0 
7fefa437f000-7fefa447f000 rw-p 00000000 00:00 0 
7fefa447f000-7fefa4480000 ---p 00000000 00:00 0 
7fefa4480000-7fefa4580000 rw-p 00000000 00:00 0 
7fefa4580000-7fefa528d000 rw-p 00000000 00:00 0 
7fefa528d000-7fefa528e000 ---p 00000000 00:00 0 
7fefa528e000-7fefa538e000 rw-p 00000000 00:00 0 
7fefa538e000-7fefa538f000 ---p 00000000 00:00 0 
7fefa538f000-7fefa548f000 rw-p 00000000 00:00 0 
7fefa548f000-7fefa5490000 ---p 00000000 00:00 0 
7fefa5490000-7fefa5590000 rw-p 00000000 00:00 0 
7fefa5590000-7fefa644a000 rw-p 00000000 00:00 0 
7fefa644a000-7fefa652e000 ---p 00000000 00:00 0 
7fefa652e000-7fefa6533000 rw-p 00000000 00:00 0 
7fefa6533000-7fefa6617000 ---p 00000000 00:00 0 
7fefa6617000-7fefa661b000 ---p 00000000 00:00 0 
7fefa661b000-7fefa6717000 rw-p 00000000 00:00 0 
7fefa6717000-7fefa6727000 r--p 00000000 103:01 90442151                  /usr/lib/x86_64-linux-gnu/libm.so.6
7fefa6727000-7fefa67a6000 r-xp 00010000 103:01 90442151                  /usr/lib/x86_64-linux-gnu/libm.so.6
7fefa67a6000-7fefa67fe000 r--p 0008f000 103:01 90442151                  /usr/lib/x86_64-linux-gnu/libm.so.6
7fefa67fe000-7fefa67ff000 r--p 000e7000 103:01 90442151                  /usr/lib/x86_64-linux-gnu/libm.so.6
7fefa67ff000-7fefa6800000 rw-p 000e8000 103:01 90442151                  /usr/lib/x86_64-linux-gnu/libm.so.6
7fefa6800000-7fefa6a53000 r--p 00000000 103:01 75498866                  /home/grishberg/.gradle/jdks/eclipse_adoptium-17-amd64-linux/jdk-17.0.19+10/lib/server/libjvm.so
7fefa6a53000-7fefa777b000 r-xp 00253000 103:01 75498866                  /home/grishberg/.gradle/jdks/eclipse_adoptium-17-amd64-linux/jdk-17.0.19+10/lib/server/libjvm.so
7fefa777b000-7fefa7a08000 r--p 00f7b000 103:01 75498866                  /home/grishberg/.gradle/jdks/eclipse_adoptium-17-amd64-linux/jdk-17.0.19+10/lib/server/libjvm.so
7fefa7a08000-7fefa7a09000 ---p 01208000 103:01 75498866                  /home/grishberg/.gradle/jdks/eclipse_adoptium-17-amd64-linux/jdk-17.0.19+10/lib/server/libjvm.so
7fefa7a09000-7fefa7ac2000 r--p 01208000 103:01 75498866                  /home/grishberg/.gradle/jdks/eclipse_adoptium-17-amd64-linux/jdk-17.0.19+10/lib/server/libjvm.so
7fefa7ac2000-7fefa7af7000 rw-p 012c1000 103:01 75498866                  /home/grishberg/.gradle/jdks/eclipse_adoptium-17-amd64-linux/jdk-17.0.19+10/lib/server/libjvm.so
7fefa7af7000-7fefa7b52000 rw-p 00000000 00:00 0 
7fefa7b53000-7fefa7b58000 r--p 00000000 103:01 51524701                  /tmp/manifold3d18238518904419924416/libmanifold_jni.so
7fefa7b58000-7fefa7b5b000 r-xp 00005000 103:01 51524701                  /tmp/manifold3d18238518904419924416/libmanifold_jni.so
7fefa7b5b000-7fefa7b5c000 r--p 00008000 103:01 51524701                  /tmp/manifold3d18238518904419924416/libmanifold_jni.so
7fefa7b5c000-7fefa7b5d000 r--p 00009000 103:01 51524701                  /tmp/manifold3d18238518904419924416/libmanifold_jni.so
7fefa7b5d000-7fefa7b5e000 rw-p 0000a000 103:01 51524701                  /tmp/manifold3d18238518904419924416/libmanifold_jni.so
7fefa7b5e000-7fefa7bd6000 rw-p 00000000 00:00 0 
7fefa7bd6000-7fefa7be4000 r--p 00000000 103:01 75498920                  /home/grishberg/.gradle/jdks/eclipse_adoptium-17-amd64-linux/jdk-17.0.19+10/lib/libjava.so
7fefa7be4000-7fefa7bf6000 r-xp 0000e000 103:01 75498920                  /home/grishberg/.gradle/jdks/eclipse_adoptium-17-amd64-linux/jdk-17.0.19+10/lib/libjava.so
7fefa7bf6000-7fefa7bfc000 r--p 00020000 103:01 75498920                  /home/grishberg/.gradle/jdks/eclipse_adoptium-17-amd64-linux/jdk-17.0.19+10/lib/libjava.so
7fefa7bfc000-7fefa7bfd000 ---p 00026000 103:01 75498920                  /home/grishberg/.gradle/jdks/eclipse_adoptium-17-amd64-linux/jdk-17.0.19+10/lib/libjava.so
7fefa7bfd000-7fefa7bfe000 r--p 00026000 103:01 75498920                  /home/grishberg/.gradle/jdks/eclipse_adoptium-17-amd64-linux/jdk-17.0.19+10/lib/libjava.so
7fefa7bfe000-7fefa7bff000 rw-p 00027000 103:01 75498920                  /home/grishberg/.gradle/jdks/eclipse_adoptium-17-amd64-linux/jdk-17.0.19+10/lib/libjava.so
7fefa7bff000-7fefa7c00000 rw-p 00000000 00:00 0 
7fefa7c00000-7fefa7c28000 r--p 00000000 103:01 90442148                  /usr/lib/x86_64-linux-gnu/libc.so.6
7fefa7c28000-7fefa7db0000 r-xp 00028000 103:01 90442148                  /usr/lib/x86_64-linux-gnu/libc.so.6
7fefa7db0000-7fefa7dff000 r--p 001b0000 103:01 90442148                  /usr/lib/x86_64-linux-gnu/libc.so.6
7fefa7dff000-7fefa7e03000 r--p 001fe000 103:01 90442148                  /usr/lib/x86_64-linux-gnu/libc.so.6
7fefa7e03000-7fefa7e05000 rw-p 00202000 103:01 90442148                  /usr/lib/x86_64-linux-gnu/libc.so.6
7fefa7e05000-7fefa7e12000 rw-p 00000000 00:00 0 
7fefa7e1a000-7fefa7e1f000 rw-p 00000000 00:00 0 
7fefa7e1f000-7fefa7e29000 ---p 00000000 00:00 0 
7fefa7e29000-7fefa7e2d000 r--p 00000000 103:01 75498904                  /home/grishberg/.gradle/jdks/eclipse_adoptium-17-amd64-linux/jdk-17.0.19+10/lib/libjimage.so
7fefa7e2d000-7fefa7e40000 r-xp 00004000 103:01 75498904                  /home/grishberg/.gradle/jdks/eclipse_adoptium-17-amd64-linux/jdk-17.0.19+10/lib/libjimage.so
7fefa7e40000-7fefa7e46000 r--p 00017000 103:01 75498904                  /home/grishberg/.gradle/jdks/eclipse_adoptium-17-amd64-linux/jdk-17.0.19+10/lib/libjimage.so
7fefa7e46000-7fefa7e48000 r--p 0001c000 103:01 75498904                  /home/grishberg/.gradle/jdks/eclipse_adoptium-17-amd64-linux/jdk-17.0.19+10/lib/libjimage.so
7fefa7e48000-7fefa7e49000 rw-p 0001e000 103:01 75498904                  /home/grishberg/.gradle/jdks/eclipse_adoptium-17-amd64-linux/jdk-17.0.19+10/lib/libjimage.so
7fefa7e49000-7fefa7e4a000 r--p 00000000 103:01 90442162                  /usr/lib/x86_64-linux-gnu/librt.so.1
7fefa7e4a000-7fefa7e4b000 r-xp 00001000 103:01 90442162                  /usr/lib/x86_64-linux-gnu/librt.so.1
7fefa7e4b000-7fefa7e4c000 r--p 00002000 103:01 90442162                  /usr/lib/x86_64-linux-gnu/librt.so.1
7fefa7e4c000-7fefa7e4d000 r--p 00002000 103:01 90442162                  /usr/lib/x86_64-linux-gnu/librt.so.1
7fefa7e4d000-7fefa7e4e000 rw-p 00003000 103:01 90442162                  /usr/lib/x86_64-linux-gnu/librt.so.1
7fefa7e4e000-7fefa7e50000 rw-p 00000000 00:00 0 
7fefa7e50000-7fefa7e51000 r--p 00000000 103:01 90442150                  /usr/lib/x86_64-linux-gnu/libdl.so.2
7fefa7e51000-7fefa7e52000 r-xp 00001000 103:01 90442150                  /usr/lib/x86_64-linux-gnu/libdl.so.2
7fefa7e52000-7fefa7e53000 r--p 00002000 103:01 90442150                  /usr/lib/x86_64-linux-gnu/libdl.so.2
7fefa7e53000-7fefa7e54000 r--p 00002000 103:01 90442150                  /usr/lib/x86_64-linux-gnu/libdl.so.2
7fefa7e54000-7fefa7e55000 rw-p 00003000 103:01 90442150                  /usr/lib/x86_64-linux-gnu/libdl.so.2
7fefa7e55000-7fefa7e56000 r--p 00000000 103:01 90442160                  /usr/lib/x86_64-linux-gnu/libpthread.so.0
7fefa7e56000-7fefa7e57000 r-xp 00001000 103:01 90442160                  /usr/lib/x86_64-linux-gnu/libpthread.so.0
7fefa7e57000-7fefa7e58000 r--p 00002000 103:01 90442160                  /usr/lib/x86_64-linux-gnu/libpthread.so.0
7fefa7e58000-7fefa7e59000 r--p 00002000 103:01 90442160                  /usr/lib/x86_64-linux-gnu/libpthread.so.0
7fefa7e59000-7fefa7e5a000 rw-p 00003000 103:01 90442160                  /usr/lib/x86_64-linux-gnu/libpthread.so.0
7fefa7e5b000-7fefa7e62000 r--s 00000000 103:01 90442137                  /usr/lib/x86_64-linux-gnu/gconv/gconv-modules.cache
7fefa7e62000-7fefa7e6a000 rw-s 00000000 103:01 51524607                  /tmp/hsperfdata_grishberg/89406
7fefa7e6a000-7fefa7e6b000 ---p 00000000 00:00 0 
7fefa7e6b000-7fefa7e6c000 r--p 00000000 00:00 0 
7fefa7e6c000-7fefa7e6d000 ---p 00000000 00:00 0 
7fefa7e6d000-7fefa7e70000 r--p 00000000 103:01 75498874                  /home/grishberg/.gradle/jdks/eclipse_adoptium-17-amd64-linux/jdk-17.0.19+10/lib/libjli.so
7fefa7e70000-7fefa7e80000 r-xp 00003000 103:01 75498874                  /home/grishberg/.gradle/jdks/eclipse_adoptium-17-amd64-linux/jdk-17.0.19+10/lib/libjli.so
7fefa7e80000-7fefa7e87000 r--p 00013000 103:01 75498874                  /home/grishberg/.gradle/jdks/eclipse_adoptium-17-amd64-linux/jdk-17.0.19+10/lib/libjli.so
7fefa7e87000-7fefa7e88000 r--p 00019000 103:01 75498874                  /home/grishberg/.gradle/jdks/eclipse_adoptium-17-amd64-linux/jdk-17.0.19+10/lib/libjli.so
7fefa7e88000-7fefa7e89000 rw-p 0001a000 103:01 75498874                  /home/grishberg/.gradle/jdks/eclipse_adoptium-17-amd64-linux/jdk-17.0.19+10/lib/libjli.so
7fefa7e89000-7fefa7e8b000 rw-p 00000000 00:00 0 
7fefa7e8b000-7fefa7e8f000 r--p 00000000 00:00 0                          [vvar]
7fefa7e8f000-7fefa7e91000 r--p 00000000 00:00 0                          [vvar_vclock]
7fefa7e91000-7fefa7e93000 r-xp 00000000 00:00 0                          [vdso]
7fefa7e93000-7fefa7e94000 r--p 00000000 103:01 90442145                  /usr/lib/x86_64-linux-gnu/ld-linux-x86-64.so.2
7fefa7e94000-7fefa7ebf000 r-xp 00001000 103:01 90442145                  /usr/lib/x86_64-linux-gnu/ld-linux-x86-64.so.2
7fefa7ebf000-7fefa7ec9000 r--p 0002c000 103:01 90442145                  /usr/lib/x86_64-linux-gnu/ld-linux-x86-64.so.2
7fefa7ec9000-7fefa7ecb000 r--p 00036000 103:01 90442145                  /usr/lib/x86_64-linux-gnu/ld-linux-x86-64.so.2
7fefa7ecb000-7fefa7ecd000 rw-p 00038000 103:01 90442145                  /usr/lib/x86_64-linux-gnu/ld-linux-x86-64.so.2
7ffe8405b000-7ffe8407d000 rw-p 00000000 00:00 0                          [stack]
ffffffffff600000-ffffffffff601000 --xp 00000000 00:00 0                  [vsyscall]


VM Arguments:
jvm_args: -Djava.library.path=/home/grishberg/projects/java/opengl_kbd_render/cad3d/build/manifold-natives/manifold3d/natives/linux-x86_64 -Dfile.encoding=UTF-8 -Duser.country=US -Duser.language=en -Duser.variant 
java_command: com.github.grishberg.cad3d.cli.CliRunnerKt --model matrix_right
java_class_path (initial): /home/grishberg/projects/java/opengl_kbd_render/cad3d/build/classes/java/main:/home/grishberg/projects/java/opengl_kbd_render/cad3d/build/classes/kotlin/main:/home/grishberg/projects/java/opengl_kbd_render/cad3d/build/resources/main:/home/grishberg/projects/java/opengl_kbd_render/common/build/libs/common-1.0.1.jar:/home/grishberg/projects/java/opengl_kbd_render/kbd_core/build/libs/kbd_core-1.0.1.jar:/home/grishberg/projects/java/opengl_kbd_render/plugin/build/libs/plugin-1.0.jar:/home/grishberg/projects/java/opengl_kbd_render/javascad/build/libs/javascad-1.0.jar:/home/grishberg/projects/java/opengl_kbd_render/libs/manifold3d-3.2.13.jar:/home/grishberg/.gradle/caches/modules-2/files-2.1/org.jetbrains.kotlin/kotlin-stdlib-jdk8/1.9.22/dea0c11e2fa503ab891c8a090e3b54754472975d/kotlin-stdlib-jdk8-1.9.22.jar:/home/grishberg/.gradle/caches/modules-2/files-2.1/org.jetbrains.kotlinx/kotlinx-coroutines-core-jvm/1.8.0/ac1dc37a30a93150b704022f8d895ee1bd3a36b3/kotlinx-coroutines-core-jvm-1.8.0.jar:/home/grishberg/.gradle/caches/modules-2/files-2.1/org.jetbrains.kotlin/kotlin-stdlib-jdk7/1.9.22/c4b17283ad7939e778989663f8301d871987fa5e/kotlin-stdlib-jdk7-1.9.22.jar:/home/grishberg/.gradle/caches/modules-2/files-2.1/org.jetbrains.kotlinx/kotlinx-serialization-core-jvm/1.6.2/384c2492c987f1d92bfa186580de058c284b2ad9/kotlinx-serialization-core-jvm-1.6.2.jar:/home/grishberg/.gradle/caches/modules-2/files-2.1/org.jetbrains.kotlinx/kotlinx-serialization-json-jvm/1.6.2/8f4df208edf91a3012e7a27ccd02f386d4bfc8c6/kotlinx-serialization-json-jvm-1.6.2.jar:/home/grishberg/.gradle/caches/modules-2/files-2.1/org.jetbrains.kotlin/kotlin-stdlib/1.9.22/d6c44cd08d8f3f9bece8101216dbe6553365c6e3/kotlin-stdlib-1.9.22.jar:/home/grishberg/.gradle/caches/modules-2/files-2.1/org.jetbrains/annotations/23.0.0/8cc20c07506ec18e0834947b84a864bfc094484e/annotations-23.0.0.jar
Launcher Type: SUN_STANDARD

[Global flags]
     intx CICompilerCount                          = 12                                        {product} {ergonomic}
     uint ConcGCThreads                            = 3                                         {product} {ergonomic}
     uint G1ConcRefinementThreads                  = 13                                        {product} {ergonomic}
   size_t G1HeapRegionSize                         = 16777216                                  {product} {ergonomic}
    uintx GCDrainStackTargetSize                   = 64                                        {product} {ergonomic}
   size_t InitialHeapSize                          = 2046820352                                {product} {ergonomic}
   size_t MarkStackSize                            = 4194304                                   {product} {ergonomic}
   size_t MaxHeapSize                              = 32178700288                               {product} {ergonomic}
   size_t MaxNewSize                               = 19293798400                               {product} {ergonomic}
   size_t MinHeapDeltaBytes                        = 16777216                                  {product} {ergonomic}
   size_t MinHeapSize                              = 16777216                                  {product} {ergonomic}
    uintx NonNMethodCodeHeapSize                   = 7602480                                {pd product} {ergonomic}
    uintx NonProfiledCodeHeapSize                  = 122027880                              {pd product} {ergonomic}
    uintx ProfiledCodeHeapSize                     = 122027880                              {pd product} {ergonomic}
    uintx ReservedCodeCacheSize                    = 251658240                              {pd product} {ergonomic}
     bool SegmentedCodeCache                       = true                                      {product} {ergonomic}
   size_t SoftMaxHeapSize                          = 32178700288                            {manageable} {ergonomic}
     bool UseCompressedClassPointers               = true                           {product lp64_product} {ergonomic}
     bool UseCompressedOops                        = true                           {product lp64_product} {ergonomic}
     bool UseG1GC                                  = true                                      {product} {ergonomic}

Logging:
Log output configuration:
 #0: stdout all=warning uptime,level,tags
 #1: stderr all=off uptime,level,tags

Environment Variables:
PATH=/home/grishberg/projects/ts/opencode/bot/venv/bin:/home/grishberg/android-sdk/platform-tools:/home/grishberg/.local/bin:/usr/local/sbin:/usr/local/bin:/usr/sbin:/usr/bin:/sbin:/bin:/usr/games:/usr/local/games:/snap/bin:/snap/bin
USERNAME=grishberg
SHELL=/bin/bash
DISPLAY=:0
LANG=en_US.UTF-8

Active Locale:
LC_ALL=en_US.UTF-8
LC_COLLATE=en_US.UTF-8
LC_CTYPE=en_US.UTF-8
LC_MESSAGES=en_US.UTF-8
LC_MONETARY=en_US.UTF-8
LC_NUMERIC=en_US.UTF-8
LC_TIME=en_US.UTF-8

Signal Handlers:
   SIGSEGV: crash_handler in libjvm.so, mask=11100100010111111101111111111110, flags=SA_RESTART|SA_SIGINFO, unblocked
    SIGBUS: crash_handler in libjvm.so, mask=11100100010111111101111111111110, flags=SA_RESTART|SA_SIGINFO, unblocked
    SIGFPE: crash_handler in libjvm.so, mask=11100100010111111101111111111110, flags=SA_RESTART|SA_SIGINFO, unblocked
   SIGPIPE: javaSignalHandler in libjvm.so, mask=11100100010111111101111111111110, flags=SA_RESTART|SA_SIGINFO, blocked
   SIGXFSZ: javaSignalHandler in libjvm.so, mask=11100100010111111101111111111110, flags=SA_RESTART|SA_SIGINFO, blocked
    SIGILL: crash_handler in libjvm.so, mask=11100100010111111101111111111110, flags=SA_RESTART|SA_SIGINFO, unblocked
   SIGUSR2: SR_handler in libjvm.so, mask=00000000000000000000000000000000, flags=SA_RESTART|SA_SIGINFO, blocked
    SIGHUP: UserHandler in libjvm.so, mask=11100100010111111101111111111110, flags=SA_RESTART|SA_SIGINFO, blocked
    SIGINT: UserHandler in libjvm.so, mask=11100100010111111101111111111110, flags=SA_RESTART|SA_SIGINFO, blocked
   SIGTERM: UserHandler in libjvm.so, mask=11100100010111111101111111111110, flags=SA_RESTART|SA_SIGINFO, blocked
   SIGQUIT: UserHandler in libjvm.so, mask=11100100010111111101111111111110, flags=SA_RESTART|SA_SIGINFO, blocked
   SIGTRAP: crash_handler in libjvm.so, mask=11100100010111111101111111111110, flags=SA_RESTART|SA_SIGINFO, unblocked


Periodic native trim disabled


---------------  S Y S T E M  ---------------

OS:
DISTRIB_ID=Ubuntu
DISTRIB_RELEASE=24.04
DISTRIB_CODENAME=noble
DISTRIB_DESCRIPTION="Ubuntu 24.04.4 LTS"
uname: Linux 6.17.0-35-generic #35~24.04.1-Ubuntu SMP PREEMPT_DYNAMIC Tue May 26 19:30:42 UTC 2 x86_64
OS uptime: 0 days 7:01 hours
libc: glibc 2.39 NPTL 2.39 
rlimit (soft/hard): STACK 8192k/infinity , CORE 0k/infinity , NPROC 496841/496841 , NOFILE 1048576/1048576 , AS infinity/infinity , CPU infinity/infinity , DATA infinity/infinity , FSIZE infinity/infinity , MEMLOCK 15919580k/15919580k
load average: 2.51 2.21 1.75

/proc/meminfo:
MemTotal:       127356652 kB
MemFree:        42251300 kB
MemAvailable:   85563216 kB
Buffers:         2908940 kB
Cached:         43418004 kB
SwapCached:            0 kB
Active:         40625964 kB
Inactive:       41128556 kB
Active(anon):   38464492 kB
Inactive(anon):        0 kB
Active(file):    2161472 kB
Inactive(file): 41128556 kB
Unevictable:           0 kB
Mlocked:               0 kB
SwapTotal:       8388604 kB
SwapFree:        8388604 kB
Zswap:                 0 kB
Zswapped:              0 kB
Dirty:              6376 kB
Writeback:             0 kB
AnonPages:      35427860 kB
Mapped:          4231336 kB
Shmem:           3036928 kB
KReclaimable:    1237060 kB
Slab:            1599096 kB
SReclaimable:    1237060 kB
SUnreclaim:       362036 kB
KernelStack:       23456 kB
PageTables:       108212 kB
SecPageTables:      2180 kB
NFS_Unstable:          0 kB
Bounce:                0 kB
WritebackTmp:          0 kB
CommitLimit:    72066928 kB
Committed_AS:   54585924 kB
VmallocTotal:   34359738367 kB
VmallocUsed:      165788 kB
VmallocChunk:          0 kB
Percpu:            15232 kB
HardwareCorrupted:     0 kB
AnonHugePages:         0 kB
ShmemHugePages:        0 kB
ShmemPmdMapped:        0 kB
FileHugePages:    321536 kB
FilePmdMapped:      2048 kB
CmaTotal:              0 kB
CmaFree:               0 kB
Unaccepted:            0 kB
Balloon:               0 kB
HugePages_Total:       0
HugePages_Free:        0
HugePages_Rsvd:        0
HugePages_Surp:        0
Hugepagesize:       2048 kB
Hugetlb:               0 kB
DirectMap4k:      508068 kB
DirectMap2M:    13033472 kB
DirectMap1G:    121634816 kB

/sys/kernel/mm/transparent_hugepage/enabled: always [madvise] never
/sys/kernel/mm/transparent_hugepage/hpage_pmd_size: 2097152
/sys/kernel/mm/transparent_hugepage/defrag (defrag/compaction efforts parameter): always defer defer+madvise [madvise] never

Process Memory:
Virtual Size: 36860740K (peak: 36860740K)
Resident Set Size: 192964K (peak: 192964K) (anon: 169076K, file: 23888K, shmem: 0K)
Swapped out: 0K
C-Heap outstanding allocations: 61585K, retained: 16922K
glibc malloc tunables: (default)

/proc/sys/kernel/threads-max (system-wide limit on the number of threads): 993683
/proc/sys/vm/max_map_count (maximum number of memory map areas a process may have): 1048576
/proc/sys/vm/swappiness (control to define how aggressively the kernel swaps out anonymous memory): 60
/proc/sys/kernel/pid_max (system-wide limit on number of process identifiers): 4194304

container (cgroup) information:
container_type: cgroupv2
cpu_cpuset_cpus: not supported
cpu_memory_nodes: not supported
active_processor_count: 16
cpu_quota: not supported
cpu_period: not supported
cpu_shares: not supported
memory_limit_in_bytes: unlimited
memory_and_swap_limit_in_bytes: unlimited
memory_soft_limit_in_bytes: 0
memory_usage_in_bytes: 77724460 k
memory_max_usage_in_bytes: not supported
rss_usage_in_bytes: 34138412 k
cache_usage_in_bytes: 42507724 k
memory_swap_current_in_bytes: 0
memory_swap_max_limit_in_bytes: unlimited
maximum number of tasks: 149052
current number of tasks: 605

Steal ticks since vm start: 0
Steal ticks percentage since vm start:  0.000

CPU: total 16 (initial active 16) (16 cores per cpu, 2 threads per core) family 25 model 33 stepping 2 microcode 0xa201213, cx8, cmov, fxsr, ht, mmx, 3dnowpref, sse, sse2, sse3, ssse3, sse4a, sse4.1, sse4.2, popcnt, lzcnt, tsc, tscinvbit, avx, avx2, aes, erms, clmul, bmi1, bmi2, adx, sha, fma, vzeroupper, clflush, clflushopt
CPU Model and flags from /proc/cpuinfo:
model name	: AMD Ryzen 7 5800X3D 8-Core Processor
flags		: fpu vme de pse tsc msr pae mce cx8 apic sep mtrr pge mca cmov pat pse36 clflush mmx fxsr sse sse2 ht syscall nx mmxext fxsr_opt pdpe1gb rdtscp lm constant_tsc rep_good nopl xtopology nonstop_tsc cpuid extd_apicid aperfmperf rapl pni pclmulqdq monitor ssse3 fma cx16 sse4_1 sse4_2 x2apic movbe popcnt aes xsave avx f16c rdrand lahf_lm cmp_legacy svm extapic cr8_legacy abm sse4a misalignsse 3dnowprefetch osvw ibs skinit wdt tce topoext perfctr_core perfctr_nb bpext perfctr_llc mwaitx cpb cat_l3 cdp_l3 hw_pstate ssbd mba ibrs ibpb stibp vmmcall fsgsbase bmi1 avx2 smep bmi2 erms invpcid cqm rdt_a rdseed adx smap clflushopt clwb sha_ni xsaveopt xsavec xgetbv1 xsaves cqm_llc cqm_occup_llc cqm_mbm_total cqm_mbm_local user_shstk clzero irperf xsaveerptr rdpru wbnoinvd arat npt lbrv svm_lock nrip_save tsc_scale vmcb_clean flushbyasid decodeassists pausefilter pfthreshold avic v_vmsave_vmload vgif v_spec_ctrl umip pku ospke vaes vpclmulqdq rdpid overflow_recov succor smca fsrm debug_swap

Online cpus: 0-15
Offline cpus: 
BIOS frequency limitation: <Not Available>
Frequency switch latency (ns): 0
Available cpu frequencies: <Not Available>
Current governor: powersave
Core performance/turbo boost: 1

Memory: 4k page, physical 127356652k(42251300k free), swap 8388604k(8388604k free)
Page Sizes: 4k

vm_info: OpenJDK 64-Bit Server VM (17.0.19+10) for linux-amd64 JRE (17.0.19+10), built on Apr 21 2026 00:00:00 by "admin" with gcc 10.3.0

END.
