#
# A fatal error has been detected by the Java Runtime Environment:
#
#  SIGSEGV (0xb) at pc=0x000073012289fff4, pid=75140, tid=75165
#
# JRE version: OpenJDK Runtime Environment Temurin-17.0.19+10 (17.0.19+10) (build 17.0.19+10)
# Java VM: OpenJDK 64-Bit Server VM Temurin-17.0.19+10 (17.0.19+10, mixed mode, sharing, tiered, compressed oops, compressed class ptrs, g1 gc, linux-amd64)
# Problematic frame:
# C  [libc.so.6+0x9fff4]  pthread_mutex_lock+0x4
#
# Core dump will be written. Default location: Core dumps may be processed with "/usr/share/apport/apport -p%p -s%s -c%c -d%d -P%P -u%u -g%g -F%F -- %E" (or dumping to /home/grishberg/projects/java/opengl_kbd_render/cad3d/core.75140)
#
# If you would like to submit a bug report, please visit:
#   https://github.com/adoptium/adoptium-support/issues
# The crash happened outside the Java Virtual Machine in native code.
# See problematic frame for where to report the bug.
#

---------------  S U M M A R Y ------------

Command Line: -Djava.library.path=/home/grishberg/projects/java/opengl_kbd_render/cad3d/build/manifold-natives/manifold3d/natives/linux-x86_64 -Dfile.encoding=UTF-8 -Duser.country=US -Duser.language=en -Duser.variant com.github.grishberg.cad3d.cli.CliRunnerKt --model matrix_right

Host: AMD Ryzen 7 5800X3D 8-Core Processor, 16 cores, 121G, Ubuntu 24.04.4 LTS
Time: Wed Jul 15 14:04:34 2026 MSK elapsed time: 0.259758 seconds (0d 0h 0m 0s)

---------------  T H R E A D  ---------------

Current thread (0x0000730028064d90):  JavaThread "DefaultDispatcher-worker-3" daemon [_thread_in_native, id=75165, stack(0x00007300ad500000,0x00007300ad600000)]

Stack: [0x00007300ad500000,0x00007300ad600000],  sp=0x00007300ad5fd948,  free space=1014k
Native frames: (J=compiled Java code, j=interpreted, Vv=VM code, C=native code)
C  [libc.so.6+0x9fff4]  pthread_mutex_lock+0x4
J 742  com.cadoodlecad.manifold.ManifoldBindings.jniDeleteManifold(J)V (0 bytes) @ 0x000073010cdd30dc [0x000073010cdd3020+0x00000000000000bc]

[error occurred during error reporting (printing native stack), id 0xb, SIGSEGV (0xb) at pc=0x0000730121acc0d5]

Java frames: (J=compiled Java code, j=interpreted, Vv=VM code)
J 771  com.cadoodlecad.manifold.ManifoldBindings.jniUnion(JJJ)J (0 bytes) @ 0x000073010cdd4a6f [0x000073010cdd4a20+0x000000000000004f]
J 846 c1 com.cadoodlecad.manifold.ManifoldBindings.union(JJ)J (13 bytes) @ 0x0000730105379564 [0x00007301053794c0+0x00000000000000a4]
J 786 c1 eu.printingin3d.javascad.manifold.Manifold3dEngine.operateNative(JJI)J (113 bytes) @ 0x0000730105360c5c [0x0000730105360a40+0x000000000000021c]
J 787 c1 eu.printingin3d.javascad.manifold.Manifold3dEngine.unionNative(JJ)J (8 bytes) @ 0x00007301053615bc [0x0000730105361540+0x000000000000007c]
j  eu.printingin3d.javascad.tranzitions.Union.toInnerNativeMesh(Leu/printingin3d/javascad/vrl/FacetGenerationContext;)J+61
J 760 c1 eu.printingin3d.javascad.models.Abstract3dModel.toNativeMesh(Leu/printingin3d/javascad/vrl/FacetGenerationContext;)J (160 bytes) @ 0x0000730105352a54 [0x0000730105352380+0x00000000000006d4]
j  eu.printingin3d.javascad.tranzitions.Difference.toInnerNativeMesh(Leu/printingin3d/javascad/vrl/FacetGenerationContext;)J+5
J 760 c1 eu.printingin3d.javascad.models.Abstract3dModel.toNativeMesh(Leu/printingin3d/javascad/vrl/FacetGenerationContext;)J (160 bytes) @ 0x0000730105352a54 [0x0000730105352380+0x00000000000006d4]
j  com.github.grishberg.cad3d.util.VertexHolderUtilsKt.fromModelNative(Leu/printingin3d/javascad/models/Abstract3dModel;I)Lcom/github/grishberg/cad3d/plugin/VertexHolder;+28
j  com.github.grishberg.cad3d.util.VertexHolderUtilsKt.fromModel(Leu/printingin3d/javascad/models/Abstract3dModel;I)Lcom/github/grishberg/cad3d/plugin/VertexHolder;+8
j  com.github.grishberg.cad3d.keyboard.ModelHolder$Companion.createVertexHolders(Lcom/github/grishberg/cad3d/keyboard/cfg/KeyboardConfig;Leu/printingin3d/javascad/models/Abstract3dModel;Ljava/util/List;)Ljava/util/List;+101
j  com.github.grishberg.cad3d.keyboard.ModelHolder.<init>(Lcom/github/grishberg/cad3d/keyboard/cfg/KeyboardConfig;Leu/printingin3d/javascad/models/Abstract3dModel;[Leu/printingin3d/javascad/models/Abstract3dModel;)V+29
j  com.github.grishberg.cad3d.KeyboardBuilder.createCaseModel(Lcom/github/grishberg/cad3d/keyboard/cfg/KeyboardConfig;Lcom/github/grishberg/cad3d/keyboard/KeyPlace;Lcom/github/grishberg/cad3d/keyboard/ThumbKeyPlace;Lcom/github/grishberg/cad3d/keyboard/screws/ScrewWallPlaces;Lcom/github/grishberg/cad3d/keyboard/casebody/Walls;Lcom/github/grishberg/cad3d/keyboard/casebody/controllers/ControllerPlace;Lcom/github/grishberg/cad3d/keyboard/casebody/controllers/SwitcherPlace;Lcom/github/grishberg/cad3d/keyboard/casebody/controllers/ControllerFactory;Lcom/github/grishberg/cad3d/keyboard/casebody/controllers/switcher/SwitcherFactory;Lcom/github/grishberg/cad3d/keyboard/casebody/controllers/Controller;Lcom/github/grishberg/cad3d/trackball/Trackball;Lcom/github/grishberg/cad3d/keyboard/casebody/thumb/ThumbBorders;Lcom/github/grishberg/cad3d/keyboard/casebody/thumb/ThumbWalls;)Lcom/github/grishberg/cad3d/keyboard/ModelHolder;+665
j  com.github.grishberg.cad3d.KeyboardBuilder.createCase(Lcom/github/grishberg/cad3d/keyboard/cfg/KeyboardConfig;Lcom/github/grishberg/cad3d/keyboard/KeyPlace;Lcom/github/grishberg/cad3d/keyboard/ThumbKeyPlace;Lcom/github/grishberg/cad3d/keyboard/screws/ScrewWallPlaces;Lcom/github/grishberg/cad3d/keyboard/casebody/Walls;Lcom/github/grishberg/cad3d/keyboard/casebody/controllers/ControllerPlace;Lcom/github/grishberg/cad3d/keyboard/casebody/controllers/SwitcherPlace;Lcom/github/grishberg/cad3d/keyboard/casebody/controllers/ControllerFactory;Lcom/github/grishberg/cad3d/keyboard/casebody/controllers/switcher/SwitcherFactory;Lcom/github/grishberg/cad3d/keyboard/casebody/controllers/Controller;Lcom/github/grishberg/cad3d/trackball/Trackball;Lcom/github/grishberg/cad3d/keyboard/casebody/thumb/ThumbBorders;Lcom/github/grishberg/cad3d/keyboard/casebody/thumb/ThumbWalls;)Ljava/util/List;+44
j  com.github.grishberg.cad3d.KeyboardBuilder.access$createCase(Lcom/github/grishberg/cad3d/KeyboardBuilder;Lcom/github/grishberg/cad3d/keyboard/cfg/KeyboardConfig;Lcom/github/grishberg/cad3d/keyboard/KeyPlace;Lcom/github/grishberg/cad3d/keyboard/ThumbKeyPlace;Lcom/github/grishberg/cad3d/keyboard/screws/ScrewWallPlaces;Lcom/github/grishberg/cad3d/keyboard/casebody/Walls;Lcom/github/grishberg/cad3d/keyboard/casebody/controllers/ControllerPlace;Lcom/github/grishberg/cad3d/keyboard/casebody/controllers/SwitcherPlace;Lcom/github/grishberg/cad3d/keyboard/casebody/controllers/ControllerFactory;Lcom/github/grishberg/cad3d/keyboard/casebody/controllers/switcher/SwitcherFactory;Lcom/github/grishberg/cad3d/keyboard/casebody/controllers/Controller;Lcom/github/grishberg/cad3d/trackball/Trackball;Lcom/github/grishberg/cad3d/keyboard/casebody/thumb/ThumbBorders;Lcom/github/grishberg/cad3d/keyboard/casebody/thumb/ThumbWalls;)Ljava/util/List;+24
j  com.github.grishberg.cad3d.KeyboardBuilder$exportStl$1$2.invokeSuspend(Ljava/lang/Object;)Ljava/lang/Object;+104
j  kotlin.coroutines.jvm.internal.BaseContinuationImpl.resumeWith(Ljava/lang/Object;)V+44
j  kotlinx.coroutines.DispatchedTask.run()V+317
j  kotlinx.coroutines.scheduling.CoroutineScheduler.runSafely(Lkotlinx/coroutines/scheduling/Task;)V+2
j  kotlinx.coroutines.scheduling.CoroutineScheduler$Worker.executeTask(Lkotlinx/coroutines/scheduling/Task;)V+30
j  kotlinx.coroutines.scheduling.CoroutineScheduler$Worker.runWorker()V+44
j  kotlinx.coroutines.scheduling.CoroutineScheduler$Worker.run()V+1
v  ~StubRoutines::call_stub

siginfo: si_signo: 11 (SIGSEGV), si_code: 1 (SEGV_MAPERR), si_addr: 0x0000730710061fa4

Registers:
RAX=0x00007300adbfc398, RBX=0x0000730020044700, RCX=0x0000000000000000, RDX=0x0000000000000000
RSP=0x00007300ad5fd948, RBP=0x00007300ad5fd980, RSI=0x0000730020044700, RDI=0x0000730710061f94
R8 =0x0000730020044700, R9 =0x0000000000000000, R10=0x000073010cdd4a6f, R11=0x0000730105361560
R12=0x0000730710061f94, R13=0x0000730020048020, R14=0x00007300ad5fd980, R15=0x00007300adb10b30
RIP=0x000073012289fff4, EFLAGS=0x0000000000010246, CSGSFS=0x002b000000000033, ERR=0x0000000000000004
  TRAPNO=0x000000000000000e

XMM[0]=0x0000730020048010 0x0000730020048020
XMM[1]=0x0000000000000000 0x0000000000000000
XMM[2]=0x0000000000000000 0x3f1a36e2eb1c432d
XMM[3]=0x0000000000000000 0x3ff0000000000000
XMM[4]=0x0000000000000000 0x0000000000000000
XMM[5]=0x0000000000000000 0x3ff0000000000000
XMM[6]=0x0000000000000000 0x40477c23087a6128
XMM[7]=0x0000000000000000 0x40477c23087a6128
XMM[8]=0x0000000000000000 0x0000000000000000
XMM[9]=0x0000000000000000 0x0000000000000000
XMM[10]=0x0000000000000000 0xc021334a2aee9cea
XMM[11]=0x0000000000000000 0x0000000000000000
XMM[12]=0x0000000000000000 0x0000000000000000
XMM[13]=0x0000000000000000 0x0000000000000000
XMM[14]=0x0000000000000000 0x0000000000000000
XMM[15]=0x0000000000000000 0x3ff0000000000000
  MXCSR=0x00001fa4


Register to memory mapping:

RAX=0x00007300adbfc398: _ZTVN8manifold9CsgOpNodeE+0x0000000000000010 in /tmp/manifold3d10771059545706556582/libmanifold.so.3 at 0x00007300ada9a000
RBX=0x0000730020044700 points into unknown readable memory: 0x0000730710061f94 | 94 1f 06 10 07 73 00 00
RCX=0x0 is NULL
RDX=0x0 is NULL
RSP=0x00007300ad5fd948 is pointing into the stack for thread: 0x0000730028064d90
RBP=0x00007300ad5fd980 is pointing into the stack for thread: 0x0000730028064d90
RSI=0x0000730020044700 points into unknown readable memory: 0x0000730710061f94 | 94 1f 06 10 07 73 00 00
RDI=0x0000730710061f94 is an unknown value
R8 =0x0000730020044700 points into unknown readable memory: 0x0000730710061f94 | 94 1f 06 10 07 73 00 00
R9 =0x0 is NULL
R10=0x000073010cdd4a6f is at entry_point+79 in (nmethod*)0x000073010cdd4890
Compiled method (n/a) 260  771     n 0       com.cadoodlecad.manifold.ManifoldBindings::jniUnion (native)
 total in heap  [0x000073010cdd4890,0x000073010cdd4c10] = 896
 relocation     [0x000073010cdd49f0,0x000073010cdd4a20] = 48
 main code      [0x000073010cdd4a20,0x000073010cdd4c08] = 488
 oops           [0x000073010cdd4c08,0x000073010cdd4c10] = 8
0x000073010cdd4a4f:   4c 8b c1 48 8b ca 48 8b d6 49 be a8 01 03 f5 00
0x000073010cdd4a5f:   00 00 00 4c 89 74 24 30 4c 8d 74 24 30 49 8b f6
0x000073010cdd4a6f:   c5 f8 77 
R11=0x0000730105361560 is at entry_point+32 in (nmethod*)0x0000730105361390
Compiled method (c1) 260  787       3       eu.printingin3d.javascad.manifold.Manifold3dEngine::unionNative (8 bytes)
 total in heap  [0x0000730105361390,0x0000730105361700] = 880
 relocation     [0x00007301053614f0,0x0000730105361528] = 56
 main code      [0x0000730105361540,0x0000730105361640] = 256
 stub code      [0x0000730105361640,0x0000730105361680] = 64
 oops           [0x0000730105361680,0x0000730105361688] = 8
 metadata       [0x0000730105361688,0x0000730105361690] = 8
 scopes data    [0x0000730105361690,0x00007301053616b8] = 40
 scopes pcs     [0x00007301053616b8,0x00007301053616f8] = 64
 dependencies   [0x00007301053616f8,0x0000730105361700] = 8
0x0000730105361560:   89 84 24 00 c0 fe ff 55 48 83 ec 40 
R12=0x0000730710061f94 is an unknown value
R13=0x0000730020048020 points into unknown readable memory: 0x00007300adbfc398 | 98 c3 bf ad 00 73 00 00
R14=0x00007300ad5fd980 is pointing into the stack for thread: 0x0000730028064d90
R15=0x00007300adb10b30: _ZN8manifold9CsgOpNode7BooleanERKSt10shared_ptrINS_7CsgNodeEENS_6OpTypeE+0x0000000000000000 in /tmp/manifold3d10771059545706556582/libmanifold.so.3 at 0x00007300ada9a000


Top of Stack: (sp=0x00007300ad5fd948)
0x00007300ad5fd948:   00007300adb53899 00007300ad5fda10
0x00007300ad5fd958:   0000000000000000 0000730020044700
0x00007300ad5fd968:   00007300adb56c5e 0000730020048020
0x00007300ad5fd978:   0000730020048010 00007300ad5fd9d0
0x00007300ad5fd988:   000073010cdd30dc 00007300ad5fd978
0x00007300ad5fd998:   00007300ad8e0000 0000000000000000
0x00007300ad5fd9a8:   a33b26ad27ac5b00 0000000000000002
0x00007300ad5fd9b8:   00007300ad5fda10 00007300ad5fda10
0x00007300ad5fd9c8:   0000730020044700 00007300ad5fdc38
0x00007300ad5fd9d8:   00007300ad5fdae0 0000730028064d90
0x00007300ad5fd9e8:   00007300adb56eb3 000073010c668260
0x00007300ad5fd9f8:   a33b26ad27ac5b00 0000730020044700
0x00007300ad5fda08:   000073012001e2f6 000073005b409ea3
0x00007300ad5fda18:   0000730020044700 0000000000000009
0x00007300ad5fda28:   00000000f50481a8 00000000f50103c0
0x00007300ad5fda38:   0000000000000030 0000000000000000
0x00007300ad5fda48:   a33b26ad27ac5b00 0000000000000150
0x00007300ad5fda58:   00007300ad5fdaa0 0000000000000000
0x00007300ad5fda68:   0000730120008fbf 00007300ad5fdaa0
0x00007300ad5fda78:   0000730020044700 0000730020052320
0x00007300ad5fda88:   0000730020044700 00007300ad5fdae0
0x00007300ad5fda98:   0000730028065040 00007300ad5fdaf0
0x00007300ad5fdaa8:   000073010cdd4ae8 0000000000000007
0x00007300ad5fdab8:   00007300200008e0 00000000f50103c0
0x00007300ad5fdac8:   0000730020044700 00007300ad5fdb00
0x00007300ad5fdad8:   0000730020044700 00000000f50301a8
0x00007300ad5fdae8:   ffffffff6ea05002 00007300ad5fdca8
0x00007300ad5fdaf8:   0000730105379564 00007300ad5fdca8
0x00007300ad5fdb08:   0000730105353b2b 00007300ad5fdc18
0x00007300ad5fdb18:   00000000f50103c0 0000000000000000
0x00007300ad5fdb28:   0000000000000138 0000000000000000
0x00007300ad5fdb38:   0000730020052320 0000730020044700 

Instructions: (pc=0x000073012289fff4)
0x000073012289fef4:   ff ff ff 83 f8 92 0f 84 68 ff ff ff 8d 50 26 83
0x000073012289ff04:   f8 da 72 14 48 b8 09 00 00 08 2c 00 00 00 48 0f
0x000073012289ff14:   a3 d0 0f 82 4c ff ff ff 48 8d 3d d5 10 13 00 e8
0x000073012289ff24:   18 0b ff ff 83 f8 f5 0f 84 a9 fd ff ff 83 f8 fc
0x000073012289ff34:   0f 84 a0 fd ff ff eb e0 0f 1f 40 00 be 80 00 00
0x000073012289ff44:   00 48 89 df e8 73 90 ff ff e9 16 ff ff ff 64 48
0x000073012289ff54:   c7 04 25 f0 02 00 00 00 00 00 00 b8 23 00 00 00
0x000073012289ff64:   e9 97 fa ff ff b8 0b 00 00 00 e9 8d fa ff ff 41
0x000073012289ff74:   8b 04 24 83 e0 7f 83 f8 12 74 d3 83 f8 11 0f 85
0x000073012289ff84:   2f fd ff ff e9 06 ff ff ff e8 2e 7f 09 00 48 8d
0x000073012289ff94:   0d e7 4d 13 00 ba bd 01 00 00 48 8d 35 c0 c4 12
0x000073012289ffa4:   00 48 8d 3d 74 11 13 00 e8 3f b3 f9 ff 48 8d 0d
0x000073012289ffb4:   c8 4d 13 00 ba c2 01 00 00 48 8d 35 a1 c4 12 00
0x000073012289ffc4:   48 8d 3d af c4 12 00 e8 20 b3 f9 ff 48 8d 0d a9
0x000073012289ffd4:   4d 13 00 ba 5f 02 00 00 48 8d 35 82 c4 12 00 48
0x000073012289ffe4:   8d 3d a6 c4 12 00 e8 01 b3 f9 ff 90 f3 0f 1e fa
0x000073012289fff4:   8b 47 10 89 c2 81 e2 7f 01 00 00 90 83 e0 7c 0f
0x00007301228a0004:   85 a7 00 00 00 55 48 89 e5 53 48 83 ec 18 85 d2
0x00007301228a0014:   0f 85 9e 00 00 00 44 8b 0d 0f 57 16 00 45 85 c9
0x00007301228a0024:   75 5a 8b 77 10 81 e6 80 00 00 00 75 09 80 3d 08
0x00007301228a0034:   b0 16 00 00 75 36 31 c0 ba 01 00 00 00 f0 0f b1
0x00007301228a0044:   17 0f 85 ad 00 00 00 8b 4f 08 85 c9 0f 85 54 01
0x00007301228a0054:   00 00 64 8b 04 25 d0 02 00 00 89 47 08 83 47 0c
0x00007301228a0064:   01 90 31 c0 48 8b 5d f8 c9 c3 66 90 44 8b 07 45
0x00007301228a0074:   85 c0 75 c2 c7 07 01 00 00 00 eb cb 8b 47 10 f6
0x00007301228a0084:   c4 03 74 08 f6 c4 01 74 99 eb 07 90 80 cc 01 89
0x00007301228a0094:   47 10 8b 57 10 48 8b 5d f8 48 8d 77 16 c9 81 e2
0x00007301228a00a4:   80 00 00 00 e9 a3 88 ff ff 0f 1f 00 e9 5b f8 ff
0x00007301228a00b4:   ff 0f 1f 00 81 fa 00 01 00 00 74 d6 8b 57 10 83
0x00007301228a00c4:   e2 7f 83 fa 01 0f 85 8e 00 00 00 64 8b 04 25 d0
0x00007301228a00d4:   02 00 00 39 47 08 75 2e 8b 47 04 83 f8 ff 0f 84
0x00007301228a00e4:   b8 00 00 00 83 c0 01 89 47 04 e9 73 ff ff ff 0f 


Stack slot to memory mapping:
stack at sp + 0 slots: 0x00007300adb53899: _ZNK8manifold8Manifold9LoadPNodeEv+0x0000000000000019 in /tmp/manifold3d10771059545706556582/libmanifold.so.3 at 0x00007300ada9a000
stack at sp + 1 slots: 0x00007300ad5fda10 is pointing into the stack for thread: 0x0000730028064d90
stack at sp + 2 slots: 0x0 is NULL
stack at sp + 3 slots: 0x0000730020044700 points into unknown readable memory: 0x0000730710061f94 | 94 1f 06 10 07 73 00 00
stack at sp + 4 slots: 0x00007300adb56c5e: _ZNK8manifold8Manifold7BooleanERKS0_NS_6OpTypeE+0x000000000000004e in /tmp/manifold3d10771059545706556582/libmanifold.so.3 at 0x00007300ada9a000
stack at sp + 5 slots: 0x0000730020048020 points into unknown readable memory: 0x00007300adbfc398 | 98 c3 bf ad 00 73 00 00
stack at sp + 6 slots: 0x0000730020048010 points into unknown readable memory: 0x00007300adbfc3d0 | d0 c3 bf ad 00 73 00 00
stack at sp + 7 slots: 0x00007300ad5fd9d0 is pointing into the stack for thread: 0x0000730028064d90


Compiled method (n/a) 263  771     n 0       com.cadoodlecad.manifold.ManifoldBindings::jniUnion (native)
 total in heap  [0x000073010cdd4890,0x000073010cdd4c10] = 896
 relocation     [0x000073010cdd49f0,0x000073010cdd4a20] = 48
 main code      [0x000073010cdd4a20,0x000073010cdd4c08] = 488
 oops           [0x000073010cdd4c08,0x000073010cdd4c10] = 8

[Constant Pool (empty)]

[MachCode]
[Entry Point]
  # {method} {0x000073005b413880} 'jniUnion' '(JJJ)J' in 'com/cadoodlecad/manifold/ManifoldBindings'
  # parm0:    rsi:rsi   = long
  # parm1:    rdx:rdx   = long
  # parm2:    rcx:rcx   = long
  #           [sp+0x50]  (sp of caller)
  0x000073010cdd4a20: 448b 5608 | 49bb 0000 | 005f 0073 | 0000 4d03 | d349 3bc2 | 0f84 0600 

  0x000073010cdd4a38: ;   {runtime_call ic_miss_stub}
  0x000073010cdd4a38: 0000 e941 | b38d ff90 
[Verified Entry Point]
  0x000073010cdd4a40: 8984 2400 | c0fe ff55 | 488b ec48 | 83ec 404c | 8bc1 488b | ca48 8bd6 

  0x000073010cdd4a58: ;   {oop(a 'java/lang/Class'{0x00000000f50301a8} = 'com/cadoodlecad/manifold/ManifoldBindings')}
  0x000073010cdd4a58: 49be a801 | 03f5 0000 | 0000 4c89 | 7424 304c | 8d74 2430 | 498b f6c5 

  0x000073010cdd4a70: ;   {internal_word}
  0x000073010cdd4a70: f877 49ba | 6f4a dd0c | 0173 0000 | 4d89 9798 | 0200 0049 | 89a7 9002 

  0x000073010cdd4a88: ;   {external_word}
  0x000073010cdd4a88: 0000 803d | f486 9315 | 000f 843a | 0000 0056 | 5251 4150 

  0x000073010cdd4a9c: ;   {metadata({method} {0x000073005b413880} 'jniUnion' '(JJJ)J' in 'com/cadoodlecad/manifold/ManifoldBindings')}
  0x000073010cdd4a9c: 48be 8038 | 415b 0073 | 0000 498b | fff7 c40f | 0000 000f | 8412 0000 | 0048 83ec 

  0x000073010cdd4ab8: ;   {runtime_call SharedRuntime::dtrace_method_entry(JavaThread*, Method*)}
  0x000073010cdd4ab8: 08e8 e2df | 3015 4883 | c408 e905 

  0x000073010cdd4ac4: ;   {runtime_call SharedRuntime::dtrace_method_entry(JavaThread*, Method*)}
  0x000073010cdd4ac4: 0000 00e8 | d4df 3015 | 4158 595a | 5e49 8dbf | b002 0000 | 41c7 8738 | 0300 0004 

  0x000073010cdd4ae0: ;   {runtime_call Java_com_cadoodlecad_manifold_ManifoldBindings_jniUnion}
  0x000073010cdd4ae0: 0000 00e8 | a044 2313 | c5f8 7741 | c787 3803 | 0000 0500 | 0000 f083 | 4424 c000 | 493b af40 
  0x000073010cdd4b00: 0300 000f | 8711 0000 | 0041 81bf | 2803 0000 | 0000 0000 | 0f84 2400 | 0000 c5f8 | 7748 8945 
  0x000073010cdd4b20: f849 8bff | 4c8b e448 | 83ec 0048 

  0x000073010cdd4b2c: ;   {runtime_call JavaThread::check_special_condition_for_native_trans(JavaThread*)}
  0x000073010cdd4b2c: 83e4 f0e8 | 9ca4 4915 | 498b e44d | 33e4 488b | 45f8 41c7 | 8738 0300 | 0008 0000 | 0041 81bf 
  0x000073010cdd4b4c: a803 0000 | 0200 0000 | 0f84 8400 

  0x000073010cdd4b58: ;   {external_word}
  0x000073010cdd4b58: 0000 803d | 2486 9315 | 000f 8438 | 0000 0048 

  0x000073010cdd4b68: ;   {metadata({method} {0x000073005b413880} 'jniUnion' '(JJJ)J' in 'com/cadoodlecad/manifold/ManifoldBindings')}
  0x000073010cdd4b68: 8945 f848 | be80 3841 | 5b00 7300 | 0049 8bff | f7c4 0f00 | 0000 0f84 | 1200 0000 | 4883 ec08 
  0x000073010cdd4b88: ;   {runtime_call SharedRuntime::dtrace_method_exit(JavaThread*, Method*)}
  0x000073010cdd4b88: e8c3 df30 | 1548 83c4 | 08e9 0500 

  0x000073010cdd4b94: ;   {runtime_call SharedRuntime::dtrace_method_exit(JavaThread*, Method*)}
  0x000073010cdd4b94: 0000 e8b5 | df30 1548 | 8b45 f849 | c787 9002 | 0000 0000 | 0000 49c7 | 8798 0200 | 0000 0000 
  0x000073010cdd4bb4: 00c5 f877 | 498b 8fd8 | 0000 00c7 | 8100 0100 | 0000 0000 | 00c9 4981 | 7f08 0000 | 0000 0f85 
  0x000073010cdd4bd4: 0100 0000 

  0x000073010cdd4bd8: ;   {runtime_call StubRoutines (1)}
  0x000073010cdd4bd8: c3e9 22b0 | 88ff c5f8 | 7748 8945 | f84c 8be4 | 4883 ec00 | 4883 e4f0 

  0x000073010cdd4bf0: ;   {runtime_call SharedRuntime::reguard_yellow_pages()}
  0x000073010cdd4bf0: e8cb ed30 | 1549 8be4 | 4d33 e448 | 8b45 f8e9 | 56ff ffff | f4f4 f4f4 
[/MachCode]


Compiled method (c1) 267  846       3       com.cadoodlecad.manifold.ManifoldBindings::union (13 bytes)
 total in heap  [0x0000730105379310,0x00007301053796e0] = 976
 relocation     [0x0000730105379470,0x00007301053794b8] = 72
 main code      [0x00007301053794c0,0x00007301053795e0] = 288
 stub code      [0x00007301053795e0,0x0000730105379630] = 80
 oops           [0x0000730105379630,0x0000730105379638] = 8
 metadata       [0x0000730105379638,0x0000730105379640] = 8
 scopes data    [0x0000730105379640,0x0000730105379688] = 72
 scopes pcs     [0x0000730105379688,0x00007301053796d8] = 80
 dependencies   [0x00007301053796d8,0x00007301053796e0] = 8

[Constant Pool (empty)]

[MachCode]
[Entry Point]
  # {method} {0x000073005b417908} 'union' '(JJ)J' in 'com/cadoodlecad/manifold/ManifoldBindings'
  # this:     rsi:rsi   = 'com/cadoodlecad/manifold/ManifoldBindings'
  # parm0:    rdx:rdx   = long
  # parm1:    rcx:rcx   = long
  #           [sp+0x60]  (sp of caller)
  0x00007301053794c0: 448b 5608 | 49bb 0000 | 005f 0073 | 0000 4d03 | d34c 3bd0 

  0x00007301053794d4: ;   {runtime_call ic_miss_stub}
  0x00007301053794d4: 0f85 a668 | 3307 660f | 1f44 0000 
[Verified Entry Point]
  0x00007301053794e0: 8984 2400 | c0fe ff55 | 4883 ec50 

  0x00007301053794ec: ;   {metadata(method data for {method} {0x000073005b417908} 'union' '(JJ)J' in 'com/cadoodlecad/manifold/ManifoldBindings')}
  0x00007301053794ec: 48bf c0a9 | 6b5b 0073 | 0000 8b9f | f400 0000 | 83c3 0289 | 9ff4 0000 | 0081 e3fe | 0700 0083 
  0x000073010537950c: fb00 0f84 | 6300 0000 | 4889 4c24 | 4048 8954 

  0x000073010537951c: ;   {metadata(method data for {method} {0x000073005b417908} 'union' '(JJ)J' in 'com/cadoodlecad/manifold/ManifoldBindings')}
  0x000073010537951c: 2438 48be | c0a9 6b5b | 0073 0000 | 4883 8638 | 0100 0001 | 0f1f 8000 

  0x0000730105379534: ;   {static_call}
  0x0000730105379534: 0000 00e8 

  0x0000730105379538: ; ImmutableOopMap {}
                      ;*invokestatic jniAllocManifold {reexecute=0 rethrow=0 return_oop=0}
                      ; - com.cadoodlecad.manifold.ManifoldBindings::union@0 (line 433)
  0x0000730105379538: 8497 a507 

  0x000073010537953c: ;   {metadata(method data for {method} {0x000073005b417908} 'union' '(JJ)J' in 'com/cadoodlecad/manifold/ManifoldBindings')}
  0x000073010537953c: 48be c0a9 | 6b5b 0073 | 0000 4883 | 8648 0100 | 0001 488b | f048 8b54 | 2438 488b | 4c24 400f 
  0x000073010537955c: ;   {static_call}
  0x000073010537955c: 1f40 00e8 

  0x0000730105379560: ; ImmutableOopMap {}
                      ;*invokestatic jniUnion {reexecute=0 rethrow=0 return_oop=0}
                      ; - com.cadoodlecad.manifold.ManifoldBindings::union@9 (line 434)
  0x0000730105379560: dcb4 a507 | 4883 c450 

  0x0000730105379568: ;   {poll_return}
  0x0000730105379568: 5d49 3ba7 | 4003 0000 | 0f87 2200 

  0x0000730105379574: ;   {metadata({method} {0x000073005b417908} 'union' '(JJ)J' in 'com/cadoodlecad/manifold/ManifoldBindings')}
  0x0000730105379574: 0000 c349 | ba08 7941 | 5b00 7300 | 004c 8954 | 2408 48c7 | 0424 ffff 

  0x000073010537958c: ;   {runtime_call counter_overflow Runtime1 stub}
  0x000073010537958c: ffff e8ed 

  0x0000730105379590: ; ImmutableOopMap {rsi=Oop }
                      ;*synchronization entry
                      ; - com.cadoodlecad.manifold.ManifoldBindings::union@-1 (line 433)
  0x0000730105379590: dc3d 07e9 | 7cff ffff 

  0x0000730105379598: ;   {internal_word}
  0x0000730105379598: 49ba 6995 | 3705 0173 | 0000 4d89 | 9758 0300 

  0x00007301053795a8: ;   {runtime_call SafepointBlob}
  0x00007301053795a8: 00e9 52d1 | 3307 9090 | 498b 87d0 | 0300 0049 | c787 d003 | 0000 0000 | 0000 49c7 | 87d8 0300 
  0x00007301053795c8: 0000 0000 | 0048 83c4 

  0x00007301053795d0: ;   {runtime_call unwind_exception Runtime1 stub}
  0x00007301053795d0: 505d e929 | a334 07f4 | f4f4 f4f4 | f4f4 f4f4 
[Stub Code]
  0x00007301053795e0: ;   {no_reloc}
  0x00007301053795e0: 0f1f 4400 

  0x00007301053795e4: ;   {static_stub}
  0x00007301053795e4: 0048 bb00 | 0000 0000 

  0x00007301053795ec: ;   {runtime_call}
  0x00007301053795ec: 0000 00e9 | fbff ffff 

  0x00007301053795f4: ;   {static_stub}
  0x00007301053795f4: 9048 bb00 | 0000 0000 

  0x00007301053795fc: ;   {runtime_call}
  0x00007301053795fc: 0000 00e9 | fbff ffff 
[Exception Handler]
  0x0000730105379604: ;   {runtime_call handle_exception_from_callee Runtime1 stub}
  0x0000730105379604: e877 9d3d 

  0x0000730105379608: ;   {external_word}
  0x0000730105379608: 0748 bf52 | 5739 2201 | 7300 0048 

  0x0000730105379614: ;   {runtime_call MacroAssembler::debug64(char*, long, long*)}
  0x0000730105379614: 83e4 f0e8 | 5415 b91c 

  0x000073010537961c: ;   {section_word}
  0x000073010537961c: f449 ba1d | 9637 0501 | 7300 0041 

  0x0000730105379628: ;   {runtime_call DeoptimizationBlob}
  0x0000730105379628: 52e9 72c3 | 3307 f4f4 
[/MachCode]


Compiled method (c1) 269  786   !   3       eu.printingin3d.javascad.manifold.Manifold3dEngine::operateNative (113 bytes)
 total in heap  [0x0000730105360810,0x0000730105361308] = 2808
 relocation     [0x0000730105360970,0x0000730105360a28] = 184
 main code      [0x0000730105360a40,0x0000730105360ee0] = 1184
 stub code      [0x0000730105360ee0,0x0000730105360f70] = 144
 oops           [0x0000730105360f70,0x0000730105360f80] = 16
 metadata       [0x0000730105360f80,0x0000730105360f90] = 16
 scopes data    [0x0000730105360f90,0x0000730105361080] = 240
 scopes pcs     [0x0000730105361080,0x00007301053611a0] = 288
 dependencies   [0x00007301053611a0,0x00007301053611a8] = 8
 handler table  [0x00007301053611a8,0x00007301053612e0] = 312
 nul chk table  [0x00007301053612e0,0x0000730105361308] = 40

[Constant Pool (empty)]

[MachCode]
[Entry Point]
  # {method} {0x000073005b40b740} 'operateNative' '(JJI)J' in 'eu/printingin3d/javascad/manifold/Manifold3dEngine'
  # this:     rsi:rsi   = 'eu/printingin3d/javascad/manifold/Manifold3dEngine'
  # parm0:    rdx:rdx   = long
  # parm1:    rcx:rcx   = long
  # parm2:    r8        = int
  #           [sp+0x80]  (sp of caller)
  0x0000730105360a40: 448b 5608 | 49bb 0000 | 005f 0073 | 0000 4d03 | d34c 3bd0 

  0x0000730105360a54: ;   {runtime_call ic_miss_stub}
  0x0000730105360a54: 0f85 26f3 | 3407 660f | 1f44 0000 
[Verified Entry Point]
  0x0000730105360a60: 8984 2400 | c0fe ff55 | 4883 ec70 

  0x0000730105360a6c: ;   {metadata(method data for {method} {0x000073005b40b740} 'operateNative' '(JJI)J' in 'eu/printingin3d/javascad/manifold/Manifold3dEngine')}
  0x0000730105360a6c: 48b8 88a6 | 6b5b 0073 | 0000 8bb8 | f400 0000 | 83c7 0289 | b8f4 0000 | 0081 e7fe | 0700 0083 
  0x0000730105360a8c: ff00 0f84 | 4d03 0000 

  0x0000730105360a94: ;   {oop(a 'java/lang/Object'{0x00000000f50481a8})}
  0x0000730105360a94: 48be a881 | 04f5 0000 | 0000 488d | 7c24 5048 | 8977 0848 | 8b06 4883 | c801 4889 | 07f0 480f 
  0x0000730105360ab4: b13e 0f84 | 1300 0000 | 482b c448 | 81e0 07f0 | ffff 4889 | 070f 8538 | 0300 0044 | 8944 2430 
  0x0000730105360ad4: 4889 4c24 | 4048 8954 

  0x0000730105360adc: ;   {oop(a 'eu/printingin3d/javascad/manifold/Manifold3dEngine'{0x00000000f5010378})}
  0x0000730105360adc: 2438 48be | 7803 01f5 | 0000 0000 

  0x0000730105360ae8: ;   {metadata(method data for {method} {0x000073005b40b740} 'operateNative' '(JJI)J' in 'eu/printingin3d/javascad/manifold/Manifold3dEngine')}
  0x0000730105360ae8: 488b fe48 | bb88 a66b | 5b00 7300 | 0048 8383 | 3801 0000 

  0x0000730105360afc: ;   {optimized virtual_call}
  0x0000730105360afc: 0166 90e8 

  0x0000730105360b00: ; ImmutableOopMap {[88]=Oop }
                      ;*invokespecial getBindings {reexecute=0 rethrow=0 return_oop=0}
                      ; - eu.printingin3d.javascad.manifold.Manifold3dEngine::operateNative@15 (line 222)
  0x0000730105360b00: bc47 feff 

  0x0000730105360b04: ;   {metadata(method data for {method} {0x000073005b40b740} 'operateNative' '(JJI)J' in 'eu/printingin3d/javascad/manifold/Manifold3dEngine')}
  0x0000730105360b04: 48ba 88a6 | 6b5b 0073 | 0000 48c7 | c150 0100 | 0044 8b44 | 2430 4183 | f800 488b | f148 c7c1 
  0x0000730105360b24: 6001 0000 | 480f 45ce | 4183 f801 | 488b f148 | c7c1 7001 | 0000 480f | 45ce 4183 | f802 488b 
  0x0000730105360b44: f148 c7c1 | 8001 0000 | 480f 45ce | 488b 340a | 49c7 c201 | 0000 0049 | 03f2 4889 | 340a 4183 
  0x0000730105360b64: f800 0f84 | b500 0000 | 4183 f801 | 0f84 5b00 | 0000 4183 | f802 0f85 | 3f01 0000 

  0x0000730105360b80: ; implicit exception: dispatches to 0x0000730105360e1a
  0x0000730105360b80: 483b 0048 

  0x0000730105360b84: ;   {metadata(method data for {method} {0x000073005b40b740} 'operateNative' '(JJI)J' in 'eu/printingin3d/javascad/manifold/Manifold3dEngine')}
  0x0000730105360b84: 8bd0 48b9 | 88a6 6b5b | 0073 0000 

  0x0000730105360b90: ;   {metadata('com/cadoodlecad/manifold/ManifoldBindings')}
  0x0000730105360b90: 49ba 0020 | 0060 0073 | 0000 4c89 | 9148 0200 | 0048 8381 | 5002 0000 | 0148 8b54 | 2438 488b 
  0x0000730105360bb0: 4c24 4048 

  0x0000730105360bb4: ;   {optimized virtual_call}
  0x0000730105360bb4: 8bf0 90e8 

  0x0000730105360bb8: ; ImmutableOopMap {[88]=Oop }
                      ;*invokevirtual intersection {reexecute=0 rethrow=0 return_oop=0}
                      ; - eu.printingin3d.javascad.manifold.Manifold3dEngine::operateNative@72 (line 226)
  0x0000730105360bb8: c4f4 3407 

  0x0000730105360bbc: ;   {metadata(method data for {method} {0x000073005b40b740} 'operateNative' '(JJI)J' in 'eu/printingin3d/javascad/manifold/Manifold3dEngine')}
  0x0000730105360bbc: 48ba 88a6 | 6b5b 0073 | 0000 ff82 | 7002 0000 | e99b 0000 | 0048 3b00 

  0x0000730105360bd4: ;   {metadata(method data for {method} {0x000073005b40b740} 'operateNative' '(JJI)J' in 'eu/printingin3d/javascad/manifold/Manifold3dEngine')}
  0x0000730105360bd4: 488b d048 | b988 a66b | 5b00 7300 

  0x0000730105360be0: ;   {metadata('com/cadoodlecad/manifold/ManifoldBindings')}
  0x0000730105360be0: 0049 ba00 | 2000 6000 | 7300 004c | 8991 f801 | 0000 4883 | 8100 0200 | 0001 488b | 5424 3848 
  0x0000730105360c00: 8b4c 2440 

  0x0000730105360c04: ;   {optimized virtual_call}
  0x0000730105360c04: 488b f0e8 

  0x0000730105360c08: ; ImmutableOopMap {[88]=Oop }
                      ;*invokevirtual difference {reexecute=0 rethrow=0 return_oop=0}
                      ; - eu.printingin3d.javascad.manifold.Manifold3dEngine::operateNative@62 (line 225)
  0x0000730105360c08: f902 0000 

  0x0000730105360c0c: ;   {metadata(method data for {method} {0x000073005b40b740} 'operateNative' '(JJI)J' in 'eu/printingin3d/javascad/manifold/Manifold3dEngine')}
  0x0000730105360c0c: 48ba 88a6 | 6b5b 0073 | 0000 ff82 | 2002 0000 | e94b 0000 | 0048 8b4c | 2440 488b | 5424 3848 
  0x0000730105360c2c: 3b00 488b 

  0x0000730105360c30: ;   {metadata(method data for {method} {0x000073005b40b740} 'operateNative' '(JJI)J' in 'eu/printingin3d/javascad/manifold/Manifold3dEngine')}
  0x0000730105360c30: f048 bf88 | a66b 5b00 

  0x0000730105360c38: ;   {metadata('com/cadoodlecad/manifold/ManifoldBindings')}
  0x0000730105360c38: 7300 0049 | ba00 2000 | 6000 7300 | 004c 8997 | a801 0000 | 4883 87b0 | 0100 0001 

  0x0000730105360c54: ;   {optimized virtual_call}
  0x0000730105360c54: 488b f0e8 

  0x0000730105360c58: ; ImmutableOopMap {[88]=Oop }
                      ;*invokevirtual union {reexecute=0 rethrow=0 return_oop=0}
                      ; - eu.printingin3d.javascad.manifold.Manifold3dEngine::operateNative@52 (line 224)
  0x0000730105360c58: 8488 0100 

  0x0000730105360c5c: ;   {metadata(method data for {method} {0x000073005b40b740} 'operateNative' '(JJI)J' in 'eu/printingin3d/javascad/manifold/Manifold3dEngine')}
  0x0000730105360c5c: 48ba 88a6 | 6b5b 0073 | 0000 ff82 | d001 0000 

  0x0000730105360c6c: ;   {oop(a 'java/lang/Object'{0x00000000f50481a8})}
  0x0000730105360c6c: 488b f048 | b8a8 8104 | f500 0000 | 0048 8d44 | 2450 488b | 1048 85d2 | 0f84 0f00 | 0000 488b 
  0x0000730105360c8c: 7808 f048 | 0fb1 170f | 8590 0100 

  0x0000730105360c98: ;   {metadata(method data for {method} {0x000073005b40b740} 'operateNative' '(JJI)J' in 'eu/printingin3d/javascad/manifold/Manifold3dEngine')}
  0x0000730105360c98: 0048 b888 | a66b 5b00 | 7300 00ff | 80b8 0200 | 0048 8bc6 | 4883 c470 

  0x0000730105360cb0: ;   {poll_return}
  0x0000730105360cb0: 5d49 3ba7 | 4003 0000 | 0f87 7e01 | 0000 c390 

  0x0000730105360cc0: ;   {no_reloc}
  0x0000730105360cc0: e99c 0100 | 0000 0000 | 0000 498b | 8708 0100 | 0048 8d78 | 2849 3bbf | 1801 0000 | 0f87 8901 
  0x0000730105360ce0: 0000 4989 | bf08 0100 | 0048 c700 | 0100 0000 | 488b ca49 | ba00 0000 | 5f00 7300 | 0049 2bca 
  0x0000730105360d00: 8948 0848 | 33c9 8948 | 0c48 33c9 | 4889 4810 | 4889 4818 | 4889 4820 

  0x0000730105360d18: ;   {no_reloc}
  0x0000730105360d18: e96a 0100 | 0090 9090 | 9090 498b | f048 8944 | 2448 0f1f 

  0x0000730105360d2c: ;   {static_call}
  0x0000730105360d2c: 4400 00e8 

  0x0000730105360d30: ; ImmutableOopMap {[72]=Oop [88]=Oop }
                      ;*invokedynamic {reexecute=0 rethrow=0 return_oop=0}
                      ; - eu.printingin3d.javascad.manifold.Manifold3dEngine::operateNative@84 (line 227)
  0x0000730105360d30: 4cf9 3407 

  0x0000730105360d34: ;   {metadata(method data for {method} {0x000073005b40b740} 'operateNative' '(JJI)J' in 'eu/printingin3d/javascad/manifold/Manifold3dEngine')}
  0x0000730105360d34: 48ba 88a6 | 6b5b 0073 | 0000 488d | 9298 0200 | 0048 85c0 | 750e 48f7 | 0201 0000 | 0075 05f0 
  0x0000730105360d54: 4883 0a01 | 488b 5424 

  0x0000730105360d5c: ;   {metadata(method data for {method} {0x000073005b40b740} 'operateNative' '(JJI)J' in 'eu/printingin3d/javascad/manifold/Manifold3dEngine')}
  0x0000730105360d5c: 4848 be88 | a66b 5b00 | 7300 0048 | 8386 a802 | 0000 0148 | 8bd0 488b 

  0x0000730105360d74: ;   {optimized virtual_call}
  0x0000730105360d74: 7424 48e8 

  0x0000730105360d78: ; ImmutableOopMap {[72]=Oop [88]=Oop }
                      ;*invokespecial <init> {reexecute=0 rethrow=0 return_oop=0}
                      ; - eu.printingin3d.javascad.manifold.Manifold3dEngine::operateNative@89 (line 227)
  0x0000730105360d78: 04f3 3407 | 488b 4424 

  0x0000730105360d80: ; ImmutableOopMap {[88]=Oop rax=Oop }
                      ;*athrow {reexecute=1 rethrow=0 return_oop=0}
                      ; - (reexecute) eu.printingin3d.javascad.manifold.Manifold3dEngine::operateNative@92 (line 227)
                      ;   {section_word}
  0x0000730105360d80: 4848 ba81 | 0d36 0501 

  0x0000730105360d88: ;   {runtime_call handle_exception_nofpu Runtime1 stub}
  0x0000730105360d88: 7300 00e8 | f01f 3f07 | 9049 8b87 | d003 0000 | 4d33 d24d | 8997 d003 | 0000 4d33 | d24d 8997 
  0x0000730105360da8: d803 0000 

  0x0000730105360dac: ;   {oop(a 'java/lang/Object'{0x00000000f50481a8})}
  0x0000730105360dac: 488b f048 | b8a8 8104 | f500 0000 | 0048 8d44 | 2450 488b | 3848 85ff | 0f84 0f00 | 0000 488b 
  0x0000730105360dcc: 5808 f048 | 0fb1 3b0f | 85b8 0000 | 0048 8bc6 | e9e2 0000 

  0x0000730105360de0: ;   {metadata({method} {0x000073005b40b740} 'operateNative' '(JJI)J' in 'eu/printingin3d/javascad/manifold/Manifold3dEngine')}
  0x0000730105360de0: 0049 ba40 | b740 5b00 | 7300 004c | 8954 2408 | 48c7 0424 | ffff ffff 

  0x0000730105360df8: ;   {runtime_call counter_overflow Runtime1 stub}
  0x0000730105360df8: e883 643f 

  0x0000730105360dfc: ; ImmutableOopMap {rsi=Oop }
                      ;*synchronization entry
                      ; - eu.printingin3d.javascad.manifold.Manifold3dEngine::operateNative@-1 (line 221)
  0x0000730105360dfc: 07e9 92fc 

  0x0000730105360e00: ;   {runtime_call throw_null_pointer_exception Runtime1 stub}
  0x0000730105360e00: ffff e899 

  0x0000730105360e04: ; ImmutableOopMap {rsi=Oop }
                      ;*monitorenter {reexecute=0 rethrow=0 return_oop=0}
                      ; - eu.printingin3d.javascad.manifold.Manifold3dEngine::operateNative@7 (line 221)
  0x0000730105360e04: 073f 0748 | 8974 2408 | 4889 3c24 

  0x0000730105360e10: ;   {runtime_call monitorenter_nofpu Runtime1 stub}
  0x0000730105360e10: e86b 3d3f 

  0x0000730105360e14: ; ImmutableOopMap {rsi=Oop [88]=Oop }
                      ;*monitorenter {reexecute=0 rethrow=0 return_oop=0}
                      ; - eu.printingin3d.javascad.manifold.Manifold3dEngine::operateNative@7 (line 221)
  0x0000730105360e14: 07e9 b5fc 

  0x0000730105360e18: ;   {runtime_call throw_null_pointer_exception Runtime1 stub}
  0x0000730105360e18: ffff e881 

  0x0000730105360e1c: ; ImmutableOopMap {rax=Oop [88]=Oop }
                      ;*invokevirtual intersection {reexecute=0 rethrow=0 return_oop=0}
                      ; - eu.printingin3d.javascad.manifold.Manifold3dEngine::operateNative@72 (line 226)
                      ;   {runtime_call throw_null_pointer_exception Runtime1 stub}
  0x0000730105360e1c: 073f 07e8 

  0x0000730105360e20: ; ImmutableOopMap {rax=Oop [88]=Oop }
                      ;*invokevirtual difference {reexecute=0 rethrow=0 return_oop=0}
                      ; - eu.printingin3d.javascad.manifold.Manifold3dEngine::operateNative@62 (line 225)
  0x0000730105360e20: 7c07 3f07 

  0x0000730105360e24: ;   {runtime_call throw_null_pointer_exception Runtime1 stub}
  0x0000730105360e24: e877 073f 

  0x0000730105360e28: ; ImmutableOopMap {rax=Oop [88]=Oop }
                      ;*invokevirtual union {reexecute=0 rethrow=0 return_oop=0}
                      ; - eu.printingin3d.javascad.manifold.Manifold3dEngine::operateNative@52 (line 224)
  0x0000730105360e28: 0748 8d44 | 2450 4889 

  0x0000730105360e30: ;   {runtime_call monitorexit_nofpu Runtime1 stub}
  0x0000730105360e30: 0424 e849 | 433f 07e9 | 5dfe ffff 

  0x0000730105360e3c: ;   {internal_word}
  0x0000730105360e3c: 49ba b10c | 3605 0173 | 0000 4d89 | 9758 0300 

  0x0000730105360e4c: ;   {runtime_call SafepointBlob}
  0x0000730105360e4c: 00e9 ae58 

  0x0000730105360e50: ;   {metadata(NULL)}
  0x0000730105360e50: 3507 48ba | 0000 0000 | 0000 0000 | b800 0f05 

  0x0000730105360e60: ;   {runtime_call load_klass_patching Runtime1 stub}
  0x0000730105360e60: 0ae8 9a50 

  0x0000730105360e64: ; ImmutableOopMap {[88]=Oop }
                      ;*new {reexecute=1 rethrow=0 return_oop=0}
                      ; - (reexecute) eu.printingin3d.javascad.manifold.Manifold3dEngine::operateNative@78 (line 227)
  0x0000730105360e64: 3f07 e955 | feff ff48 

  0x0000730105360e6c: ;   {runtime_call fast_new_instance Runtime1 stub}
  0x0000730105360e6c: 8bd2 e80d 

  0x0000730105360e70: ; ImmutableOopMap {[88]=Oop }
                      ;*new {reexecute=0 rethrow=0 return_oop=0}
                      ; - eu.printingin3d.javascad.manifold.Manifold3dEngine::operateNative@78 (line 227)
  0x0000730105360e70: 103f 07e9 | a0fe ffff | 48ba 0000 | 0000 0000 | 0000 b800 

  0x0000730105360e84: ;   {runtime_call load_appendix_patching Runtime1 stub}
  0x0000730105360e84: 0f05 0ae8 

  0x0000730105360e88: ; ImmutableOopMap {rax=Oop [88]=Oop }
                      ;*invokedynamic {reexecute=1 rethrow=0 return_oop=0}
                      ; - (reexecute) eu.printingin3d.javascad.manifold.Manifold3dEngine::operateNative@84 (line 227)
  0x0000730105360e88: 745c 3f07 | e987 feff | ff48 8d44 | 2450 4889 

  0x0000730105360e98: ;   {runtime_call monitorexit_nofpu Runtime1 stub}
  0x0000730105360e98: 0424 e8e1 | 423f 07e9 | 35ff ffff | 9090 498b | 87d0 0300 | 0049 c787 | d003 0000 | 0000 0000 
  0x0000730105360eb8: 49c7 87d8 | 0300 0000 | 0000 0048 | 83c4 705d 

  0x0000730105360ec8: ;   {runtime_call unwind_exception Runtime1 stub}
  0x0000730105360ec8: e933 2a36 | 07f4 f4f4 | f4f4 f4f4 | f4f4 f4f4 | f4f4 f4f4 | f4f4 f4f4 
[Stub Code]
  0x0000730105360ee0: ;   {no_reloc}
  0x0000730105360ee0: 0f1f 4400 

  0x0000730105360ee4: ;   {static_stub}
  0x0000730105360ee4: 0048 bb00 | 0000 0000 

  0x0000730105360eec: ;   {runtime_call}
  0x0000730105360eec: 0000 00e9 | fbff ffff 

  0x0000730105360ef4: ;   {static_stub}
  0x0000730105360ef4: 9048 bb00 | 0000 0000 

  0x0000730105360efc: ;   {runtime_call}
  0x0000730105360efc: 0000 00e9 | fbff ffff 

  0x0000730105360f04: ;   {static_stub}
  0x0000730105360f04: 9048 bbd8 | 7941 5b00 

  0x0000730105360f0c: ;   {runtime_call I2C/C2I adapters}
  0x0000730105360f0c: 7300 00e9 | cd90 3407 

  0x0000730105360f14: ;   {static_stub}
  0x0000730105360f14: 9048 bb08 | 7941 5b00 

  0x0000730105360f1c: ;   {runtime_call I2C/C2I adapters}
  0x0000730105360f1c: 7300 00e9 | bd90 3407 

  0x0000730105360f24: ;   {static_stub}
  0x0000730105360f24: 9048 bb00 | 0000 0000 

  0x0000730105360f2c: ;   {runtime_call}
  0x0000730105360f2c: 0000 00e9 | fbff ffff 

  0x0000730105360f34: ;   {static_stub}
  0x0000730105360f34: 9048 bb00 | 0000 0000 

  0x0000730105360f3c: ;   {runtime_call}
  0x0000730105360f3c: 0000 00e9 | fbff ffff 
[Exception Handler]
  0x0000730105360f44: ;   {runtime_call handle_exception_from_callee Runtime1 stub}
  0x0000730105360f44: e837 243f 

  0x0000730105360f48: ;   {external_word}
  0x0000730105360f48: 0748 bf52 | 5739 2201 | 7300 0048 

  0x0000730105360f54: ;   {runtime_call MacroAssembler::debug64(char*, long, long*)}
  0x0000730105360f54: 83e4 f0e8 | 149c ba1c 

  0x0000730105360f5c: ;   {section_word}
  0x0000730105360f5c: f449 ba5d | 0f36 0501 | 7300 0041 

  0x0000730105360f68: ;   {runtime_call DeoptimizationBlob}
  0x0000730105360f68: 52e9 324a | 3507 f4f4 
[/MachCode]


---------------  P R O C E S S  ---------------

Threads class SMR info:
_java_thread_list=0x0000730004080330, length=22, elements={
0x000073011c02aac0, 0x000073011c1e9530, 0x000073011c1ea910, 0x000073011c1efea0,
0x000073011c1f1250, 0x000073011c1f2660, 0x000073011c1f4090, 0x000073011c1f55c0,
0x000073011c1f6a30, 0x000073011c1fe730, 0x000073011c201ec0, 0x00007300400b73f0,
0x000073011c437450, 0x000073011c438080, 0x0000730028064d90, 0x0000730028057090,
0x000073002802fea0, 0x00007300280537b0, 0x00007300240b9800, 0x000073000c009950,
0x00007300240dd570, 0x000073000407f7f0
}

Java Threads: ( => current thread )
  0x000073011c02aac0 JavaThread "main" [_thread_blocked, id=75144, stack(0x0000730121300000,0x0000730121400000)]
  0x000073011c1e9530 JavaThread "Reference Handler" daemon [_thread_blocked, id=75151, stack(0x00007300bccce000,0x00007300bcdce000)]
  0x000073011c1ea910 JavaThread "Finalizer" daemon [_thread_blocked, id=75152, stack(0x00007300bcbce000,0x00007300bccce000)]
  0x000073011c1efea0 JavaThread "Signal Dispatcher" daemon [_thread_blocked, id=75153, stack(0x00007300bc500000,0x00007300bc600000)]
  0x000073011c1f1250 JavaThread "Service Thread" daemon [_thread_blocked, id=75154, stack(0x00007300bc400000,0x00007300bc500000)]
  0x000073011c1f2660 JavaThread "Monitor Deflation Thread" daemon [_thread_blocked, id=75155, stack(0x00007300bc300000,0x00007300bc400000)]
  0x000073011c1f4090 JavaThread "C2 CompilerThread0" daemon [_thread_blocked, id=75156, stack(0x00007300bc200000,0x00007300bc300000)]
  0x000073011c1f55c0 JavaThread "C1 CompilerThread0" daemon [_thread_blocked, id=75157, stack(0x00007300bc100000,0x00007300bc200000)]
  0x000073011c1f6a30 JavaThread "Sweeper thread" daemon [_thread_blocked, id=75158, stack(0x00007300bc000000,0x00007300bc100000)]
  0x000073011c1fe730 JavaThread "Notification Thread" daemon [_thread_blocked, id=75159, stack(0x00007300adf00000,0x00007300ae000000)]
  0x000073011c201ec0 JavaThread "Common-Cleaner" daemon [_thread_blocked, id=75161, stack(0x00007300adcff000,0x00007300addff000)]
  0x00007300400b73f0 JavaThread "C1 CompilerThread1" daemon [_thread_blocked, id=75162, stack(0x00007300adbff000,0x00007300adcff000)]
  0x000073011c437450 JavaThread "DefaultDispatcher-worker-1" daemon [_thread_blocked, id=75163, stack(0x00007300ad700000,0x00007300ad800000)]
  0x000073011c438080 JavaThread "DefaultDispatcher-worker-2" daemon [_thread_blocked, id=75164, stack(0x00007300ad600000,0x00007300ad700000)]
=>0x0000730028064d90 JavaThread "DefaultDispatcher-worker-3" daemon [_thread_in_native, id=75165, stack(0x00007300ad500000,0x00007300ad600000)]
  0x0000730028057090 JavaThread "DefaultDispatcher-worker-4" daemon [_thread_blocked, id=75166, stack(0x00007300ad400000,0x00007300ad500000)]
  0x000073002802fea0 JavaThread "DefaultDispatcher-worker-5" daemon [_thread_blocked, id=75167, stack(0x00007300ad300000,0x00007300ad400000)]
  0x00007300280537b0 JavaThread "DefaultDispatcher-worker-6" daemon [_thread_blocked, id=75168, stack(0x00007300ad200000,0x00007300ad300000)]
  0x00007300240b9800 JavaThread "C1 CompilerThread2" daemon [_thread_blocked, id=75169, stack(0x00007300ad100000,0x00007300ad200000)]
  0x000073000c009950 JavaThread "Thread-6" daemon [_thread_in_native, id=75171, stack(0x00007300acf00000,0x00007300ad000000)]
  0x00007300240dd570 JavaThread "C2 CompilerThread1" daemon [_thread_blocked, id=75170, stack(0x00007300ad000000,0x00007300ad100000)]
  0x000073000407f7f0 JavaThread "C2 CompilerThread2" daemon [_thread_blocked, id=75184, stack(0x00007300ac1f4000,0x00007300ac2f4000)]

Other Threads:
  0x000073011c1e5560 VMThread "VM Thread" [stack: 0x00007300bcdcf000,0x00007300bcecf000] [id=75150]
  0x000073011c200070 WatcherThread [stack: 0x00007300ade00000,0x00007300adf00000] [id=75160]
  0x000073011c0605c0 GCTaskThread "GC Thread#0" [stack: 0x0000730120179000,0x0000730120279000] [id=75145]
  0x00007300a40068e0 GCTaskThread "GC Thread#1" [stack: 0x00007300ace00000,0x00007300acf00000] [id=75172]
  0x00007300a4007350 GCTaskThread "GC Thread#2" [stack: 0x00007300accff000,0x00007300acdff000] [id=75173]
  0x00007300a4007dc0 GCTaskThread "GC Thread#3" [stack: 0x00007300acbfe000,0x00007300accfe000] [id=75174]
  0x00007300a4008830 GCTaskThread "GC Thread#4" [stack: 0x00007300acafd000,0x00007300acbfd000] [id=75175]
  0x00007300a40092a0 GCTaskThread "GC Thread#5" [stack: 0x00007300ac9fc000,0x00007300acafc000] [id=75176]
  0x00007300a4009d40 GCTaskThread "GC Thread#6" [stack: 0x00007300ac8fb000,0x00007300ac9fb000] [id=75177]
  0x00007300a400a7e0 GCTaskThread "GC Thread#7" [stack: 0x00007300ac7fa000,0x00007300ac8fa000] [id=75178]
  0x00007300a400b280 GCTaskThread "GC Thread#8" [stack: 0x00007300ac6f9000,0x00007300ac7f9000] [id=75179]
  0x00007300a400bd20 GCTaskThread "GC Thread#9" [stack: 0x00007300ac5f8000,0x00007300ac6f8000] [id=75180]
  0x00007300a400c7c0 GCTaskThread "GC Thread#10" [stack: 0x00007300ac4f7000,0x00007300ac5f7000] [id=75181]
  0x00007300a400d650 GCTaskThread "GC Thread#11" [stack: 0x00007300ac3f6000,0x00007300ac4f6000] [id=75182]
  0x00007300a400e4e0 GCTaskThread "GC Thread#12" [stack: 0x00007300ac2f5000,0x00007300ac3f5000] [id=75183]
  0x000073011c070bb0 ConcurrentGCThread "G1 Main Marker" [stack: 0x0000730120078000,0x0000730120178000] [id=75146]
  0x000073011c071b20 ConcurrentGCThread "G1 Conc#0" [stack: 0x000073011bf00000,0x000073011c000000] [id=75147]
  0x000073011c1b26b0 ConcurrentGCThread "G1 Refine#0" [stack: 0x00007300bd123000,0x00007300bd223000] [id=75148]
  0x000073011c1b35b0 ConcurrentGCThread "G1 Service" [stack: 0x00007300bd022000,0x00007300bd122000] [id=75149]

Threads with active compile tasks:

VM state: not at safepoint (normal execution)

VM Mutex/Monitor currently owned by a thread: None

Heap address: 0x0000000082000000, size: 30688 MB, Compressed Oops mode: Zero based, Oop shift amount: 3

CDS archive(s) mapped at: [0x000073005f000000-0x000073005fbca000-0x000073005fbca000), size 12361728, SharedBaseAddress: 0x000073005f000000, ArchiveRelocationMode: 1.
Compressed class space mapped at: 0x0000730060000000-0x00007300a0000000, reserved size: 1073741824
Narrow klass base: 0x000073005f000000, Narrow klass shift: 0, Narrow klass range: 0x100000000

GC Precious Log:
 CPUs: 16 total, 16 available
 Memory: 121G
 Large Page Support: Disabled
 NUMA Support: Disabled
 Compressed Oops: Enabled (Zero based)
 Heap Region Size: 16M
 Heap Min Capacity: 16M
 Heap Initial Capacity: 1952M
 Heap Max Capacity: 30688M
 Pre-touch: Disabled
 Parallel Workers: 13
 Concurrent Workers: 3
 Concurrent Refinement Workers: 13
 Periodic GC: Disabled

Heap:
 garbage-first heap   total 2031616K, used 50707K [0x0000000082000000, 0x0000000800000000)
  region size 16384K, 4 young (65536K), 1 survivors (16384K)
 Metaspace       used 4836K, committed 5056K, reserved 1114112K
  class space    used 404K, committed 512K, reserved 1048576K

Heap Regions: E=young(eden), S=young(survivor), O=old, HS=humongous(starts), HC=humongous(continues), CS=collection set, F=free, OA=open archive, CA=closed archive, TAMS=top-at-mark-start (previous, next)
|   0|0x0000000082000000, 0x0000000082000000, 0x0000000083000000|  0%| F|  |TAMS 0x0000000082000000, 0x0000000082000000| Untracked 
|   1|0x0000000083000000, 0x0000000083000000, 0x0000000084000000|  0%| F|  |TAMS 0x0000000083000000, 0x0000000083000000| Untracked 
|   2|0x0000000084000000, 0x0000000084000000, 0x0000000085000000|  0%| F|  |TAMS 0x0000000084000000, 0x0000000084000000| Untracked 
|   3|0x0000000085000000, 0x0000000085000000, 0x0000000086000000|  0%| F|  |TAMS 0x0000000085000000, 0x0000000085000000| Untracked 
|   4|0x0000000086000000, 0x0000000086000000, 0x0000000087000000|  0%| F|  |TAMS 0x0000000086000000, 0x0000000086000000| Untracked 
|   5|0x0000000087000000, 0x0000000087000000, 0x0000000088000000|  0%| F|  |TAMS 0x0000000087000000, 0x0000000087000000| Untracked 
|   6|0x0000000088000000, 0x0000000088000000, 0x0000000089000000|  0%| F|  |TAMS 0x0000000088000000, 0x0000000088000000| Untracked 
|   7|0x0000000089000000, 0x0000000089000000, 0x000000008a000000|  0%| F|  |TAMS 0x0000000089000000, 0x0000000089000000| Untracked 
|   8|0x000000008a000000, 0x000000008a000000, 0x000000008b000000|  0%| F|  |TAMS 0x000000008a000000, 0x000000008a000000| Untracked 
|   9|0x000000008b000000, 0x000000008b000000, 0x000000008c000000|  0%| F|  |TAMS 0x000000008b000000, 0x000000008b000000| Untracked 
|  10|0x000000008c000000, 0x000000008c000000, 0x000000008d000000|  0%| F|  |TAMS 0x000000008c000000, 0x000000008c000000| Untracked 
|  11|0x000000008d000000, 0x000000008d000000, 0x000000008e000000|  0%| F|  |TAMS 0x000000008d000000, 0x000000008d000000| Untracked 
|  12|0x000000008e000000, 0x000000008e000000, 0x000000008f000000|  0%| F|  |TAMS 0x000000008e000000, 0x000000008e000000| Untracked 
|  13|0x000000008f000000, 0x000000008f000000, 0x0000000090000000|  0%| F|  |TAMS 0x000000008f000000, 0x000000008f000000| Untracked 
|  14|0x0000000090000000, 0x0000000090000000, 0x0000000091000000|  0%| F|  |TAMS 0x0000000090000000, 0x0000000090000000| Untracked 
|  15|0x0000000091000000, 0x0000000091000000, 0x0000000092000000|  0%| F|  |TAMS 0x0000000091000000, 0x0000000091000000| Untracked 
|  16|0x0000000092000000, 0x0000000092000000, 0x0000000093000000|  0%| F|  |TAMS 0x0000000092000000, 0x0000000092000000| Untracked 
|  17|0x0000000093000000, 0x0000000093000000, 0x0000000094000000|  0%| F|  |TAMS 0x0000000093000000, 0x0000000093000000| Untracked 
|  18|0x0000000094000000, 0x0000000094000000, 0x0000000095000000|  0%| F|  |TAMS 0x0000000094000000, 0x0000000094000000| Untracked 
|  19|0x0000000095000000, 0x0000000095000000, 0x0000000096000000|  0%| F|  |TAMS 0x0000000095000000, 0x0000000095000000| Untracked 
|  20|0x0000000096000000, 0x0000000096000000, 0x0000000097000000|  0%| F|  |TAMS 0x0000000096000000, 0x0000000096000000| Untracked 
|  21|0x0000000097000000, 0x0000000097000000, 0x0000000098000000|  0%| F|  |TAMS 0x0000000097000000, 0x0000000097000000| Untracked 
|  22|0x0000000098000000, 0x0000000098000000, 0x0000000099000000|  0%| F|  |TAMS 0x0000000098000000, 0x0000000098000000| Untracked 
|  23|0x0000000099000000, 0x0000000099000000, 0x000000009a000000|  0%| F|  |TAMS 0x0000000099000000, 0x0000000099000000| Untracked 
|  24|0x000000009a000000, 0x000000009a000000, 0x000000009b000000|  0%| F|  |TAMS 0x000000009a000000, 0x000000009a000000| Untracked 
|  25|0x000000009b000000, 0x000000009b000000, 0x000000009c000000|  0%| F|  |TAMS 0x000000009b000000, 0x000000009b000000| Untracked 
|  26|0x000000009c000000, 0x000000009c000000, 0x000000009d000000|  0%| F|  |TAMS 0x000000009c000000, 0x000000009c000000| Untracked 
|  27|0x000000009d000000, 0x000000009d000000, 0x000000009e000000|  0%| F|  |TAMS 0x000000009d000000, 0x000000009d000000| Untracked 
|  28|0x000000009e000000, 0x000000009e000000, 0x000000009f000000|  0%| F|  |TAMS 0x000000009e000000, 0x000000009e000000| Untracked 
|  29|0x000000009f000000, 0x000000009f000000, 0x00000000a0000000|  0%| F|  |TAMS 0x000000009f000000, 0x000000009f000000| Untracked 
|  30|0x00000000a0000000, 0x00000000a0000000, 0x00000000a1000000|  0%| F|  |TAMS 0x00000000a0000000, 0x00000000a0000000| Untracked 
|  31|0x00000000a1000000, 0x00000000a1000000, 0x00000000a2000000|  0%| F|  |TAMS 0x00000000a1000000, 0x00000000a1000000| Untracked 
|  32|0x00000000a2000000, 0x00000000a2000000, 0x00000000a3000000|  0%| F|  |TAMS 0x00000000a2000000, 0x00000000a2000000| Untracked 
|  33|0x00000000a3000000, 0x00000000a3000000, 0x00000000a4000000|  0%| F|  |TAMS 0x00000000a3000000, 0x00000000a3000000| Untracked 
|  34|0x00000000a4000000, 0x00000000a4000000, 0x00000000a5000000|  0%| F|  |TAMS 0x00000000a4000000, 0x00000000a4000000| Untracked 
|  35|0x00000000a5000000, 0x00000000a5000000, 0x00000000a6000000|  0%| F|  |TAMS 0x00000000a5000000, 0x00000000a5000000| Untracked 
|  36|0x00000000a6000000, 0x00000000a6000000, 0x00000000a7000000|  0%| F|  |TAMS 0x00000000a6000000, 0x00000000a6000000| Untracked 
|  37|0x00000000a7000000, 0x00000000a7000000, 0x00000000a8000000|  0%| F|  |TAMS 0x00000000a7000000, 0x00000000a7000000| Untracked 
|  38|0x00000000a8000000, 0x00000000a8000000, 0x00000000a9000000|  0%| F|  |TAMS 0x00000000a8000000, 0x00000000a8000000| Untracked 
|  39|0x00000000a9000000, 0x00000000a9000000, 0x00000000aa000000|  0%| F|  |TAMS 0x00000000a9000000, 0x00000000a9000000| Untracked 
|  40|0x00000000aa000000, 0x00000000aa000000, 0x00000000ab000000|  0%| F|  |TAMS 0x00000000aa000000, 0x00000000aa000000| Untracked 
|  41|0x00000000ab000000, 0x00000000ab000000, 0x00000000ac000000|  0%| F|  |TAMS 0x00000000ab000000, 0x00000000ab000000| Untracked 
|  42|0x00000000ac000000, 0x00000000ac000000, 0x00000000ad000000|  0%| F|  |TAMS 0x00000000ac000000, 0x00000000ac000000| Untracked 
|  43|0x00000000ad000000, 0x00000000ad000000, 0x00000000ae000000|  0%| F|  |TAMS 0x00000000ad000000, 0x00000000ad000000| Untracked 
|  44|0x00000000ae000000, 0x00000000ae000000, 0x00000000af000000|  0%| F|  |TAMS 0x00000000ae000000, 0x00000000ae000000| Untracked 
|  45|0x00000000af000000, 0x00000000af000000, 0x00000000b0000000|  0%| F|  |TAMS 0x00000000af000000, 0x00000000af000000| Untracked 
|  46|0x00000000b0000000, 0x00000000b0000000, 0x00000000b1000000|  0%| F|  |TAMS 0x00000000b0000000, 0x00000000b0000000| Untracked 
|  47|0x00000000b1000000, 0x00000000b1000000, 0x00000000b2000000|  0%| F|  |TAMS 0x00000000b1000000, 0x00000000b1000000| Untracked 
|  48|0x00000000b2000000, 0x00000000b2000000, 0x00000000b3000000|  0%| F|  |TAMS 0x00000000b2000000, 0x00000000b2000000| Untracked 
|  49|0x00000000b3000000, 0x00000000b3000000, 0x00000000b4000000|  0%| F|  |TAMS 0x00000000b3000000, 0x00000000b3000000| Untracked 
|  50|0x00000000b4000000, 0x00000000b4000000, 0x00000000b5000000|  0%| F|  |TAMS 0x00000000b4000000, 0x00000000b4000000| Untracked 
|  51|0x00000000b5000000, 0x00000000b5000000, 0x00000000b6000000|  0%| F|  |TAMS 0x00000000b5000000, 0x00000000b5000000| Untracked 
|  52|0x00000000b6000000, 0x00000000b6000000, 0x00000000b7000000|  0%| F|  |TAMS 0x00000000b6000000, 0x00000000b6000000| Untracked 
|  53|0x00000000b7000000, 0x00000000b7000000, 0x00000000b8000000|  0%| F|  |TAMS 0x00000000b7000000, 0x00000000b7000000| Untracked 
|  54|0x00000000b8000000, 0x00000000b8000000, 0x00000000b9000000|  0%| F|  |TAMS 0x00000000b8000000, 0x00000000b8000000| Untracked 
|  55|0x00000000b9000000, 0x00000000b9000000, 0x00000000ba000000|  0%| F|  |TAMS 0x00000000b9000000, 0x00000000b9000000| Untracked 
|  56|0x00000000ba000000, 0x00000000ba000000, 0x00000000bb000000|  0%| F|  |TAMS 0x00000000ba000000, 0x00000000ba000000| Untracked 
|  57|0x00000000bb000000, 0x00000000bb000000, 0x00000000bc000000|  0%| F|  |TAMS 0x00000000bb000000, 0x00000000bb000000| Untracked 
|  58|0x00000000bc000000, 0x00000000bc000000, 0x00000000bd000000|  0%| F|  |TAMS 0x00000000bc000000, 0x00000000bc000000| Untracked 
|  59|0x00000000bd000000, 0x00000000bd000000, 0x00000000be000000|  0%| F|  |TAMS 0x00000000bd000000, 0x00000000bd000000| Untracked 
|  60|0x00000000be000000, 0x00000000be000000, 0x00000000bf000000|  0%| F|  |TAMS 0x00000000be000000, 0x00000000be000000| Untracked 
|  61|0x00000000bf000000, 0x00000000bf000000, 0x00000000c0000000|  0%| F|  |TAMS 0x00000000bf000000, 0x00000000bf000000| Untracked 
|  62|0x00000000c0000000, 0x00000000c0000000, 0x00000000c1000000|  0%| F|  |TAMS 0x00000000c0000000, 0x00000000c0000000| Untracked 
|  63|0x00000000c1000000, 0x00000000c1000000, 0x00000000c2000000|  0%| F|  |TAMS 0x00000000c1000000, 0x00000000c1000000| Untracked 
|  64|0x00000000c2000000, 0x00000000c2000000, 0x00000000c3000000|  0%| F|  |TAMS 0x00000000c2000000, 0x00000000c2000000| Untracked 
|  65|0x00000000c3000000, 0x00000000c3000000, 0x00000000c4000000|  0%| F|  |TAMS 0x00000000c3000000, 0x00000000c3000000| Untracked 
|  66|0x00000000c4000000, 0x00000000c4000000, 0x00000000c5000000|  0%| F|  |TAMS 0x00000000c4000000, 0x00000000c4000000| Untracked 
|  67|0x00000000c5000000, 0x00000000c5000000, 0x00000000c6000000|  0%| F|  |TAMS 0x00000000c5000000, 0x00000000c5000000| Untracked 
|  68|0x00000000c6000000, 0x00000000c6000000, 0x00000000c7000000|  0%| F|  |TAMS 0x00000000c6000000, 0x00000000c6000000| Untracked 
|  69|0x00000000c7000000, 0x00000000c7000000, 0x00000000c8000000|  0%| F|  |TAMS 0x00000000c7000000, 0x00000000c7000000| Untracked 
|  70|0x00000000c8000000, 0x00000000c8000000, 0x00000000c9000000|  0%| F|  |TAMS 0x00000000c8000000, 0x00000000c8000000| Untracked 
|  71|0x00000000c9000000, 0x00000000c9000000, 0x00000000ca000000|  0%| F|  |TAMS 0x00000000c9000000, 0x00000000c9000000| Untracked 
|  72|0x00000000ca000000, 0x00000000ca000000, 0x00000000cb000000|  0%| F|  |TAMS 0x00000000ca000000, 0x00000000ca000000| Untracked 
|  73|0x00000000cb000000, 0x00000000cb000000, 0x00000000cc000000|  0%| F|  |TAMS 0x00000000cb000000, 0x00000000cb000000| Untracked 
|  74|0x00000000cc000000, 0x00000000cc000000, 0x00000000cd000000|  0%| F|  |TAMS 0x00000000cc000000, 0x00000000cc000000| Untracked 
|  75|0x00000000cd000000, 0x00000000cd000000, 0x00000000ce000000|  0%| F|  |TAMS 0x00000000cd000000, 0x00000000cd000000| Untracked 
|  76|0x00000000ce000000, 0x00000000ce000000, 0x00000000cf000000|  0%| F|  |TAMS 0x00000000ce000000, 0x00000000ce000000| Untracked 
|  77|0x00000000cf000000, 0x00000000cf000000, 0x00000000d0000000|  0%| F|  |TAMS 0x00000000cf000000, 0x00000000cf000000| Untracked 
|  78|0x00000000d0000000, 0x00000000d0000000, 0x00000000d1000000|  0%| F|  |TAMS 0x00000000d0000000, 0x00000000d0000000| Untracked 
|  79|0x00000000d1000000, 0x00000000d1000000, 0x00000000d2000000|  0%| F|  |TAMS 0x00000000d1000000, 0x00000000d1000000| Untracked 
|  80|0x00000000d2000000, 0x00000000d2000000, 0x00000000d3000000|  0%| F|  |TAMS 0x00000000d2000000, 0x00000000d2000000| Untracked 
|  81|0x00000000d3000000, 0x00000000d3000000, 0x00000000d4000000|  0%| F|  |TAMS 0x00000000d3000000, 0x00000000d3000000| Untracked 
|  82|0x00000000d4000000, 0x00000000d4000000, 0x00000000d5000000|  0%| F|  |TAMS 0x00000000d4000000, 0x00000000d4000000| Untracked 
|  83|0x00000000d5000000, 0x00000000d5000000, 0x00000000d6000000|  0%| F|  |TAMS 0x00000000d5000000, 0x00000000d5000000| Untracked 
|  84|0x00000000d6000000, 0x00000000d6000000, 0x00000000d7000000|  0%| F|  |TAMS 0x00000000d6000000, 0x00000000d6000000| Untracked 
|  85|0x00000000d7000000, 0x00000000d7000000, 0x00000000d8000000|  0%| F|  |TAMS 0x00000000d7000000, 0x00000000d7000000| Untracked 
|  86|0x00000000d8000000, 0x00000000d8000000, 0x00000000d9000000|  0%| F|  |TAMS 0x00000000d8000000, 0x00000000d8000000| Untracked 
|  87|0x00000000d9000000, 0x00000000d9000000, 0x00000000da000000|  0%| F|  |TAMS 0x00000000d9000000, 0x00000000d9000000| Untracked 
|  88|0x00000000da000000, 0x00000000da000000, 0x00000000db000000|  0%| F|  |TAMS 0x00000000da000000, 0x00000000da000000| Untracked 
|  89|0x00000000db000000, 0x00000000db000000, 0x00000000dc000000|  0%| F|  |TAMS 0x00000000db000000, 0x00000000db000000| Untracked 
|  90|0x00000000dc000000, 0x00000000dc000000, 0x00000000dd000000|  0%| F|  |TAMS 0x00000000dc000000, 0x00000000dc000000| Untracked 
|  91|0x00000000dd000000, 0x00000000dd000000, 0x00000000de000000|  0%| F|  |TAMS 0x00000000dd000000, 0x00000000dd000000| Untracked 
|  92|0x00000000de000000, 0x00000000de000000, 0x00000000df000000|  0%| F|  |TAMS 0x00000000de000000, 0x00000000de000000| Untracked 
|  93|0x00000000df000000, 0x00000000df000000, 0x00000000e0000000|  0%| F|  |TAMS 0x00000000df000000, 0x00000000df000000| Untracked 
|  94|0x00000000e0000000, 0x00000000e0000000, 0x00000000e1000000|  0%| F|  |TAMS 0x00000000e0000000, 0x00000000e0000000| Untracked 
|  95|0x00000000e1000000, 0x00000000e1000000, 0x00000000e2000000|  0%| F|  |TAMS 0x00000000e1000000, 0x00000000e1000000| Untracked 
|  96|0x00000000e2000000, 0x00000000e2000000, 0x00000000e3000000|  0%| F|  |TAMS 0x00000000e2000000, 0x00000000e2000000| Untracked 
|  97|0x00000000e3000000, 0x00000000e3000000, 0x00000000e4000000|  0%| F|  |TAMS 0x00000000e3000000, 0x00000000e3000000| Untracked 
|  98|0x00000000e4000000, 0x00000000e4000000, 0x00000000e5000000|  0%| F|  |TAMS 0x00000000e4000000, 0x00000000e4000000| Untracked 
|  99|0x00000000e5000000, 0x00000000e5000000, 0x00000000e6000000|  0%| F|  |TAMS 0x00000000e5000000, 0x00000000e5000000| Untracked 
| 100|0x00000000e6000000, 0x00000000e6000000, 0x00000000e7000000|  0%| F|  |TAMS 0x00000000e6000000, 0x00000000e6000000| Untracked 
| 101|0x00000000e7000000, 0x00000000e7000000, 0x00000000e8000000|  0%| F|  |TAMS 0x00000000e7000000, 0x00000000e7000000| Untracked 
| 102|0x00000000e8000000, 0x00000000e8000000, 0x00000000e9000000|  0%| F|  |TAMS 0x00000000e8000000, 0x00000000e8000000| Untracked 
| 103|0x00000000e9000000, 0x00000000e9000000, 0x00000000ea000000|  0%| F|  |TAMS 0x00000000e9000000, 0x00000000e9000000| Untracked 
| 104|0x00000000ea000000, 0x00000000ea000000, 0x00000000eb000000|  0%| F|  |TAMS 0x00000000ea000000, 0x00000000ea000000| Untracked 
| 105|0x00000000eb000000, 0x00000000eb000000, 0x00000000ec000000|  0%| F|  |TAMS 0x00000000eb000000, 0x00000000eb000000| Untracked 
| 106|0x00000000ec000000, 0x00000000ec000000, 0x00000000ed000000|  0%| F|  |TAMS 0x00000000ec000000, 0x00000000ec000000| Untracked 
| 107|0x00000000ed000000, 0x00000000ed000000, 0x00000000ee000000|  0%| F|  |TAMS 0x00000000ed000000, 0x00000000ed000000| Untracked 
| 108|0x00000000ee000000, 0x00000000ee000000, 0x00000000ef000000|  0%| F|  |TAMS 0x00000000ee000000, 0x00000000ee000000| Untracked 
| 109|0x00000000ef000000, 0x00000000ef000000, 0x00000000f0000000|  0%| F|  |TAMS 0x00000000ef000000, 0x00000000ef000000| Untracked 
| 110|0x00000000f0000000, 0x00000000f0000000, 0x00000000f1000000|  0%| F|  |TAMS 0x00000000f0000000, 0x00000000f0000000| Untracked 
| 111|0x00000000f1000000, 0x00000000f1000000, 0x00000000f2000000|  0%| F|  |TAMS 0x00000000f1000000, 0x00000000f1000000| Untracked 
| 112|0x00000000f2000000, 0x00000000f2000000, 0x00000000f3000000|  0%| F|  |TAMS 0x00000000f2000000, 0x00000000f2000000| Untracked 
| 113|0x00000000f3000000, 0x00000000f3000000, 0x00000000f4000000|  0%| F|  |TAMS 0x00000000f3000000, 0x00000000f3000000| Untracked 
| 114|0x00000000f4000000, 0x00000000f4000000, 0x00000000f5000000|  0%| F|  |TAMS 0x00000000f4000000, 0x00000000f4000000| Untracked 
| 115|0x00000000f5000000, 0x00000000f5197dd0, 0x00000000f6000000|  9%| S|CS|TAMS 0x00000000f5000000, 0x00000000f5000000| Complete 
| 116|0x00000000f6000000, 0x00000000f6000000, 0x00000000f7000000|  0%| F|  |TAMS 0x00000000f6000000, 0x00000000f6000000| Untracked 
| 117|0x00000000f7000000, 0x00000000f7000000, 0x00000000f8000000|  0%| F|  |TAMS 0x00000000f7000000, 0x00000000f7000000| Untracked 
| 118|0x00000000f8000000, 0x00000000f8000000, 0x00000000f9000000|  0%| F|  |TAMS 0x00000000f8000000, 0x00000000f8000000| Untracked 
| 119|0x00000000f9000000, 0x00000000f97edf28, 0x00000000fa000000| 49%| E|  |TAMS 0x00000000f9000000, 0x00000000f9000000| Complete 
| 120|0x00000000fa000000, 0x00000000fb000000, 0x00000000fb000000|100%| E|CS|TAMS 0x00000000fa000000, 0x00000000fa000000| Complete 
| 121|0x00000000fb000000, 0x00000000fc000000, 0x00000000fc000000|100%| E|CS|TAMS 0x00000000fb000000, 0x00000000fb000000| Complete 
|1916|0x00000007fe000000, 0x00000007fef75000, 0x00000007ff000000| 96%|OA|  |TAMS 0x00000007fe000000, 0x00000007fe000000| Untracked 
|1917|0x00000007ff000000, 0x00000007ff078000, 0x0000000800000000|  2%|CA|  |TAMS 0x00000007ff000000, 0x00000007ff000000| Untracked 

Card table byte_map: [0x00007300fda20000,0x0000730101610000] _byte_map_base: 0x00007300fd610000

Marking Bits (Prev, Next): (CMBitMap*) 0x000073011c061050, (CMBitMap*) 0x000073011c061090
 Prev Bits: [0x00007300dbeb0000, 0x00007300f9e30000)
 Next Bits: [0x00007300bdf30000, 0x00007300dbeb0000)

Polling page: 0x0000730122bc6000

Metaspace:

Usage:
  Non-class:      4.33 MB used.
      Class:    404.80 KB used.
       Both:      4.72 MB used.

Virtual space:
  Non-class space:       64.00 MB reserved,       4.44 MB (  7%) committed,  1 nodes.
      Class space:        1.00 GB reserved,     512.00 KB ( <1%) committed,  1 nodes.
             Both:        1.06 GB reserved,       4.94 MB ( <1%) committed. 

Chunk freelists:
   Non-Class:  9.17 MB
       Class:  15.47 MB
        Both:  24.64 MB

MaxMetaspaceSize: unlimited
CompressedClassSpaceSize: 1.00 GB
Initial GC threshold: 21.00 MB
Current GC threshold: 21.00 MB
CDS: on
MetaspaceReclaimPolicy: balanced
 - commit_granule_bytes: 65536.
 - commit_granule_words: 8192.
 - virtual_space_node_default_size: 8388608.
 - enlarge_chunks_in_place: 1.
 - new_chunks_are_fully_committed: 0.
 - uncommit_free_chunks: 1.
 - use_allocation_guard: 0.
 - handle_deallocations: 1.


Internal statistics:

num_allocs_failed_limit: 0.
num_arena_births: 52.
num_arena_deaths: 0.
num_vsnodes_births: 2.
num_vsnodes_deaths: 0.
num_space_committed: 79.
num_space_uncommitted: 0.
num_chunks_returned_to_freelist: 0.
num_chunks_taken_from_freelist: 175.
num_chunk_merges: 0.
num_chunk_splits: 136.
num_chunks_enlarged: 116.
num_inconsistent_stats: 0.

CodeHeap 'non-profiled nmethods': size=119168Kb used=290Kb max_used=290Kb free=118877Kb
 bounds [0x000073010cda0000, 0x000073010d010000, 0x0000730114200000]
CodeHeap 'profiled nmethods': size=119164Kb used=1509Kb max_used=1509Kb free=117654Kb
 bounds [0x0000730105200000, 0x0000730105470000, 0x000073010c65f000]
CodeHeap 'non-nmethods': size=7428Kb used=2329Kb max_used=2353Kb free=5098Kb
 bounds [0x000073010c65f000, 0x000073010c8cf000, 0x000073010cda0000]
 total_blobs=1363 nmethods=853 adapters=422
 compilation: enabled
              stopped_count=0, restarted_count=0
 full_count=0

Compilation events (20 events):
Event: 0.243 Thread 0x00007300240dd570 nmethod 823 0x000073010cddce90 code [0x000073010cddd060, 0x000073010cddd758]
Event: 0.244 Thread 0x00007300240dd570  834       4       eu.printingin3d.javascad.coords.V3d::create (9 bytes)
Event: 0.244 Thread 0x000073000407f7f0 nmethod 816 0x000073010cdddb90 code [0x000073010cdddd40, 0x000073010cdde358]
Event: 0.244 Thread 0x00007300240dd570 nmethod 834 0x000073010cdde510 code [0x000073010cdde6a0, 0x000073010cdde798]
Event: 0.244 Thread 0x00007300400b73f0  841       1       jdk.internal.loader.Resource::getManifest (2 bytes)
Event: 0.244 Thread 0x00007300240b9800  843       1       jdk.internal.loader.Resource::getCodeSigners (2 bytes)
Event: 0.244 Thread 0x00007300400b73f0 nmethod 841 0x000073010cddec90 code [0x000073010cddee20, 0x000073010cddeef0]
Event: 0.244 Thread 0x00007300240b9800 nmethod 843 0x000073010cddef90 code [0x000073010cddf120, 0x000073010cddf1f0]
Event: 0.246 Thread 0x00007300240b9800  845       3       java.util.Arrays$ArrayList::<init> (16 bytes)
Event: 0.246 Thread 0x00007300400b73f0  844       3       java.util.Arrays::asList (9 bytes)
Event: 0.246 Thread 0x00007300240b9800 nmethod 845 0x0000730105378410 code [0x00007301053785e0, 0x00007301053789c0]
Event: 0.246 Thread 0x00007300400b73f0 nmethod 844 0x0000730105378b10 code [0x0000730105378ce0, 0x0000730105379160]
Event: 0.246 Thread 0x00007300240b9800  846       3       com.cadoodlecad.manifold.ManifoldBindings::union (13 bytes)
Event: 0.247 Thread 0x00007300240b9800 nmethod 846 0x0000730105379310 code [0x00007301053794c0, 0x0000730105379630]
Event: 0.252 Thread 0x000073000407f7f0  847       4       jdk.internal.misc.Unsafe::allocateUninitializedArray (55 bytes)
Event: 0.253 Thread 0x000073000407f7f0 nmethod 847 0x000073010cddf290 code [0x000073010cddf420, 0x000073010cddf5d8]
Event: 0.257 Thread 0x00007300240dd570  848       4       jdk.internal.misc.Unsafe::allocateUninitializedArray0 (90 bytes)
Event: 0.257 Thread 0x00007300240dd570 nmethod 848 0x000073010cddf710 code [0x000073010cddf8a0, 0x000073010cddfa58]
Event: 0.258 Thread 0x000073000407f7f0  849       4       jdk.internal.misc.Unsafe::allocateUninitializedArray (55 bytes)
Event: 0.259 Thread 0x000073000407f7f0 nmethod 849 0x000073010cddfb10 code [0x000073010cddfca0, 0x000073010cddfe58]

GC Heap History (2 events):
Event: 0.227 GC heap before
{Heap before GC invocations=0 (full 0):
 garbage-first heap   total 2031616K, used 114612K [0x0000000082000000, 0x0000000800000000)
  region size 16384K, 6 young (98304K), 0 survivors (0K)
 Metaspace       used 4768K, committed 4992K, reserved 1114112K
  class space    used 392K, committed 512K, reserved 1048576K
}
Event: 0.228 GC heap after
{Heap after GC invocations=1 (full 0):
 garbage-first heap   total 2031616K, used 17939K [0x0000000082000000, 0x0000000800000000)
  region size 16384K, 1 young (16384K), 1 survivors (16384K)
 Metaspace       used 4768K, committed 4992K, reserved 1114112K
  class space    used 392K, committed 512K, reserved 1048576K
}

Dll operation events (9 events):
Event: 0.001 Loaded shared library /home/grishberg/.gradle/jdks/eclipse_adoptium-17-amd64-linux/jdk-17.0.19+10/lib/libjava.so
Event: 0.014 Loaded shared library /home/grishberg/.gradle/jdks/eclipse_adoptium-17-amd64-linux/jdk-17.0.19+10/lib/libjsvml.so
Event: 0.024 Loaded shared library /home/grishberg/.gradle/jdks/eclipse_adoptium-17-amd64-linux/jdk-17.0.19+10/lib/libnio.so
Event: 0.025 Loaded shared library /home/grishberg/.gradle/jdks/eclipse_adoptium-17-amd64-linux/jdk-17.0.19+10/lib/libzip.so
Event: 0.061 Loaded shared library /home/grishberg/.gradle/jdks/eclipse_adoptium-17-amd64-linux/jdk-17.0.19+10/lib/libjimage.so
Event: 0.064 Loaded shared library /home/grishberg/.gradle/jdks/eclipse_adoptium-17-amd64-linux/jdk-17.0.19+10/lib/libnet.so
Event: 0.077 Loaded shared library /tmp/manifold3d10771059545706556582/libmanifold.so.3
Event: 0.079 Loaded shared library /tmp/manifold3d10771059545706556582/libmanifoldc.so.3
Event: 0.080 Loaded shared library /tmp/manifold3d10771059545706556582/libmanifold_jni.so

Deoptimization events (20 events):
Event: 0.218 Thread 0x00007300280537b0 Uncommon trap: trap_request=0xffffff6e fr.pc=0x000073010cdbcb3c relative=0x000000000000041c
Event: 0.218 Thread 0x00007300280537b0 Uncommon trap: reason=loop_limit_check action=maybe_recompile pc=0x000073010cdbcb3c method=java.lang.StringLatin1.indexOf([BI[BII)I @ 37 c2
Event: 0.218 Thread 0x00007300280537b0 DEOPT PACKING pc=0x000073010cdbcb3c sp=0x00007300ad2fe1c0
Event: 0.218 Thread 0x00007300280537b0 DEOPT UNPACKING pc=0x000073010c6b5699 sp=0x00007300ad2fe140 mode 2
Event: 0.253 Thread 0x000073011c438080 Uncommon trap: trap_request=0xffffffde fr.pc=0x000073010cddf528 relative=0x0000000000000108
Event: 0.253 Thread 0x000073011c438080 Uncommon trap: reason=class_check action=maybe_recompile pc=0x000073010cddf528 method=jdk.internal.misc.Unsafe.allocateUninitializedArray(Ljava/lang/Class;I)Ljava/lang/Object; @ 51 c2
Event: 0.253 Thread 0x000073011c438080 DEOPT PACKING pc=0x000073010cddf528 sp=0x00007300ad6fdce0
Event: 0.253 Thread 0x000073011c438080 DEOPT UNPACKING pc=0x000073010c6b5699 sp=0x00007300ad6fdc88 mode 2
Event: 0.253 Thread 0x000073011c438080 Uncommon trap: trap_request=0xffffffde fr.pc=0x000073010cddf528 relative=0x0000000000000108
Event: 0.253 Thread 0x000073011c438080 Uncommon trap: reason=class_check action=maybe_recompile pc=0x000073010cddf528 method=jdk.internal.misc.Unsafe.allocateUninitializedArray(Ljava/lang/Class;I)Ljava/lang/Object; @ 51 c2
Event: 0.253 Thread 0x000073011c438080 DEOPT PACKING pc=0x000073010cddf528 sp=0x00007300ad6fdce0
Event: 0.253 Thread 0x000073011c438080 DEOPT UNPACKING pc=0x000073010c6b5699 sp=0x00007300ad6fdc88 mode 2
Event: 0.253 Thread 0x000073011c438080 Uncommon trap: trap_request=0xffffffde fr.pc=0x000073010cddf528 relative=0x0000000000000108
Event: 0.253 Thread 0x000073011c438080 Uncommon trap: reason=class_check action=maybe_recompile pc=0x000073010cddf528 method=jdk.internal.misc.Unsafe.allocateUninitializedArray(Ljava/lang/Class;I)Ljava/lang/Object; @ 51 c2
Event: 0.253 Thread 0x000073011c438080 DEOPT PACKING pc=0x000073010cddf528 sp=0x00007300ad6fdce0
Event: 0.253 Thread 0x000073011c438080 DEOPT UNPACKING pc=0x000073010c6b5699 sp=0x00007300ad6fdc88 mode 2
Event: 0.253 Thread 0x000073011c438080 Uncommon trap: trap_request=0xffffffde fr.pc=0x000073010cddf528 relative=0x0000000000000108
Event: 0.253 Thread 0x000073011c438080 Uncommon trap: reason=class_check action=maybe_recompile pc=0x000073010cddf528 method=jdk.internal.misc.Unsafe.allocateUninitializedArray(Ljava/lang/Class;I)Ljava/lang/Object; @ 51 c2
Event: 0.253 Thread 0x000073011c438080 DEOPT PACKING pc=0x000073010cddf528 sp=0x00007300ad6fdde0
Event: 0.253 Thread 0x000073011c438080 DEOPT UNPACKING pc=0x000073010c6b5699 sp=0x00007300ad6fdd88 mode 2

Classes loaded (20 events):
Event: 0.105 Loading class java/util/concurrent/atomic/AtomicIntegerFieldUpdater$AtomicIntegerFieldUpdaterImpl
Event: 0.105 Loading class java/util/concurrent/atomic/AtomicIntegerFieldUpdater$AtomicIntegerFieldUpdaterImpl done
Event: 0.105 Loading class java/util/concurrent/atomic/AtomicIntegerFieldUpdater$AtomicIntegerFieldUpdaterImpl$1
Event: 0.105 Loading class java/util/concurrent/atomic/AtomicIntegerFieldUpdater$AtomicIntegerFieldUpdaterImpl$1 done
Event: 0.105 Loading class java/util/concurrent/atomic/AtomicReferenceFieldUpdater
Event: 0.105 Loading class java/util/concurrent/atomic/AtomicReferenceFieldUpdater done
Event: 0.105 Loading class java/util/concurrent/atomic/AtomicReferenceFieldUpdater$AtomicReferenceFieldUpdaterImpl
Event: 0.105 Loading class java/util/concurrent/atomic/AtomicReferenceFieldUpdater$AtomicReferenceFieldUpdaterImpl done
Event: 0.105 Loading class java/util/concurrent/atomic/AtomicReferenceFieldUpdater$AtomicReferenceFieldUpdaterImpl$1
Event: 0.105 Loading class java/util/concurrent/atomic/AtomicReferenceFieldUpdater$AtomicReferenceFieldUpdaterImpl$1 done
Event: 0.106 Loading class java/util/concurrent/atomic/AtomicReferenceArray
Event: 0.106 Loading class java/util/concurrent/atomic/AtomicReferenceArray done
Event: 0.119 Loading class java/lang/NoSuchFieldError
Event: 0.119 Loading class java/lang/NoSuchFieldError done
Event: 0.124 Loading class java/lang/StrictMath
Event: 0.124 Loading class java/lang/StrictMath done
Event: 0.139 Loading class java/util/concurrent/CancellationException
Event: 0.139 Loading class java/util/concurrent/CancellationException done
Event: 0.151 Loading class java/util/Collections$SingletonList
Event: 0.151 Loading class java/util/Collections$SingletonList done

Classes unloaded (0 events):
No events

Classes redefined (0 events):
No events

Internal exceptions (4 events):
Event: 0.064 Thread 0x000073011c02aac0 Exception <a 'sun/nio/fs/UnixException'{0x00000000fb188510}> (0x00000000fb188510) 
thrown [src/hotspot/share/prims/jni.cpp, line 516]
Event: 0.077 Thread 0x000073011c02aac0 Exception <a 'sun/nio/fs/UnixException'{0x00000000fb192208}> (0x00000000fb192208) 
thrown [src/hotspot/share/prims/jni.cpp, line 516]
Event: 0.079 Thread 0x000073011c02aac0 Exception <a 'sun/nio/fs/UnixException'{0x00000000fb1a4908}> (0x00000000fb1a4908) 
thrown [src/hotspot/share/prims/jni.cpp, line 516]
Event: 0.219 Thread 0x00007300280537b0 Exception <a 'java/lang/NoSuchMethodError'{0x00000000f8516040}: 'java.lang.Object java.lang.invoke.DirectMethodHandle$Holder.newInvokeSpecial(java.lang.Object, java.lang.Object, java.lang.Object, java.lang.Object, java.lang.Object, java.lang.Object)'> (0x00000000f8516040) 
thrown [src/hotspot/share/interpreter/linkResolver.cpp, line 758]

VM Operations (2 events):
Event: 0.226 Executing VM operation: G1CollectForAllocation
Event: 0.228 Executing VM operation: G1CollectForAllocation done

Memory protections (20 events):
Event: 0.016 Protecting memory [0x00007300bcbce000,0x00007300bcbd2000] with protection modes 0
Event: 0.017 Protecting memory [0x00007300bc500000,0x00007300bc504000] with protection modes 0
Event: 0.017 Protecting memory [0x00007300bc400000,0x00007300bc404000] with protection modes 0
Event: 0.017 Protecting memory [0x00007300bc300000,0x00007300bc304000] with protection modes 0
Event: 0.018 Protecting memory [0x00007300bc200000,0x00007300bc204000] with protection modes 0
Event: 0.018 Protecting memory [0x00007300bc100000,0x00007300bc104000] with protection modes 0
Event: 0.018 Protecting memory [0x00007300bc000000,0x00007300bc004000] with protection modes 0
Event: 0.021 Protecting memory [0x00007300adf00000,0x00007300adf04000] with protection modes 0
Event: 0.022 Protecting memory [0x00007300adcff000,0x00007300add03000] with protection modes 0
Event: 0.048 Protecting memory [0x00007300adbff000,0x00007300adc03000] with protection modes 0
Event: 0.138 Protecting memory [0x00007300ad700000,0x00007300ad704000] with protection modes 0
Event: 0.138 Protecting memory [0x00007300ad600000,0x00007300ad604000] with protection modes 0
Event: 0.146 Protecting memory [0x00007300ad500000,0x00007300ad504000] with protection modes 0
Event: 0.146 Protecting memory [0x00007300ad400000,0x00007300ad404000] with protection modes 0
Event: 0.147 Protecting memory [0x00007300ad300000,0x00007300ad304000] with protection modes 0
Event: 0.147 Protecting memory [0x00007300ad200000,0x00007300ad204000] with protection modes 0
Event: 0.157 Protecting memory [0x00007300ad100000,0x00007300ad104000] with protection modes 0
Event: 0.220 Protecting memory [0x00007300acf00000,0x00007300acf04000] with protection modes 0
Event: 0.220 Protecting memory [0x00007300ad000000,0x00007300ad004000] with protection modes 0
Event: 0.237 Protecting memory [0x00007300ac1f4000,0x00007300ac1f8000] with protection modes 0

Nmethod flushes (0 events):
No events

Events (20 events):
Event: 0.016 Thread 0x000073011c02aac0 Thread added: 0x000073011c1ea910
Event: 0.017 Thread 0x000073011c02aac0 Thread added: 0x000073011c1efea0
Event: 0.017 Thread 0x000073011c02aac0 Thread added: 0x000073011c1f1250
Event: 0.017 Thread 0x000073011c02aac0 Thread added: 0x000073011c1f2660
Event: 0.018 Thread 0x000073011c02aac0 Thread added: 0x000073011c1f4090
Event: 0.018 Thread 0x000073011c02aac0 Thread added: 0x000073011c1f55c0
Event: 0.018 Thread 0x000073011c02aac0 Thread added: 0x000073011c1f6a30
Event: 0.021 Thread 0x000073011c02aac0 Thread added: 0x000073011c1fe730
Event: 0.022 Thread 0x000073011c02aac0 Thread added: 0x000073011c201ec0
Event: 0.048 Thread 0x000073011c1f55c0 Thread added: 0x00007300400b73f0
Event: 0.138 Thread 0x000073011c02aac0 Thread added: 0x000073011c437450
Event: 0.138 Thread 0x000073011c02aac0 Thread added: 0x000073011c438080
Event: 0.146 Thread 0x000073011c437450 Thread added: 0x0000730028064d90
Event: 0.146 Thread 0x000073011c437450 Thread added: 0x0000730028057090
Event: 0.147 Thread 0x000073011c437450 Thread added: 0x000073002802fea0
Event: 0.147 Thread 0x000073011c437450 Thread added: 0x00007300280537b0
Event: 0.157 Thread 0x00007300400b73f0 Thread added: 0x00007300240b9800
Event: 0.219 Thread 0x00007300280537b0 Thread added: 0x000073000c009950
Event: 0.219 Thread 0x00007300400b73f0 Thread added: 0x00007300240dd570
Event: 0.237 Thread 0x00007300240dd570 Thread added: 0x000073000407f7f0


Dynamic libraries:
82000000-fc000000 rw-p 00000000 00:00 0 
fc000000-7fe000000 ---p 00000000 00:00 0 
7fe000000-7fef00000 rw-p 00000000 00:00 0 
7fef00000-7fef75000 rw-p 00c7a000 103:01 75498865                        /home/grishberg/.gradle/jdks/eclipse_adoptium-17-amd64-linux/jdk-17.0.19+10/lib/server/classes.jsa
7fef75000-7ff000000 rw-p 00000000 00:00 0 
7ff000000-7ff078000 rw-p 00c02000 103:01 75498865                        /home/grishberg/.gradle/jdks/eclipse_adoptium-17-amd64-linux/jdk-17.0.19+10/lib/server/classes.jsa
7ff078000-800000000 rw-p 00000000 00:00 0 
5e96609de000-5e96609df000 r--p 00000000 103:01 75498845                  /home/grishberg/.gradle/jdks/eclipse_adoptium-17-amd64-linux/jdk-17.0.19+10/bin/java
5e96609df000-5e96609e0000 r-xp 00001000 103:01 75498845                  /home/grishberg/.gradle/jdks/eclipse_adoptium-17-amd64-linux/jdk-17.0.19+10/bin/java
5e96609e0000-5e96609e1000 r--p 00002000 103:01 75498845                  /home/grishberg/.gradle/jdks/eclipse_adoptium-17-amd64-linux/jdk-17.0.19+10/bin/java
5e96609e1000-5e96609e2000 r--p 00002000 103:01 75498845                  /home/grishberg/.gradle/jdks/eclipse_adoptium-17-amd64-linux/jdk-17.0.19+10/bin/java
5e96609e2000-5e96609e3000 rw-p 00003000 103:01 75498845                  /home/grishberg/.gradle/jdks/eclipse_adoptium-17-amd64-linux/jdk-17.0.19+10/bin/java
5e9688675000-5e96886be000 rw-p 00000000 00:00 0                          [heap]
72ffcc000000-72ffcc0a6000 rw-p 00000000 00:00 0 
72ffcc0a6000-72ffd0000000 ---p 00000000 00:00 0 
72ffd4000000-72ffd4021000 rw-p 00000000 00:00 0 
72ffd4021000-72ffd8000000 ---p 00000000 00:00 0 
72ffd8000000-72ffd8021000 rw-p 00000000 00:00 0 
72ffd8021000-72ffdc000000 ---p 00000000 00:00 0 
72ffdc000000-72ffdc021000 rw-p 00000000 00:00 0 
72ffdc021000-72ffe0000000 ---p 00000000 00:00 0 
72ffe0000000-72ffe0021000 rw-p 00000000 00:00 0 
72ffe0021000-72ffe4000000 ---p 00000000 00:00 0 
72ffe4000000-72ffe4021000 rw-p 00000000 00:00 0 
72ffe4021000-72ffe8000000 ---p 00000000 00:00 0 
72ffe8000000-72ffe8021000 rw-p 00000000 00:00 0 
72ffe8021000-72ffec000000 ---p 00000000 00:00 0 
72ffec000000-72ffec021000 rw-p 00000000 00:00 0 
72ffec021000-72fff0000000 ---p 00000000 00:00 0 
72fff0000000-72fff0021000 rw-p 00000000 00:00 0 
72fff0021000-72fff4000000 ---p 00000000 00:00 0 
72fff4000000-72fff4021000 rw-p 00000000 00:00 0 
72fff4021000-72fff8000000 ---p 00000000 00:00 0 
72fff8000000-72fff8021000 rw-p 00000000 00:00 0 
72fff8021000-72fffc000000 ---p 00000000 00:00 0 
72fffc000000-72fffc021000 rw-p 00000000 00:00 0 
72fffc021000-730000000000 ---p 00000000 00:00 0 
730000000000-730000021000 rw-p 00000000 00:00 0 
730000021000-730004000000 ---p 00000000 00:00 0 
730004000000-7300041b1000 rw-p 00000000 00:00 0 
7300041b1000-730008000000 ---p 00000000 00:00 0 
730008000000-730008a11000 rw-p 00000000 00:00 0 
730008a11000-73000c000000 ---p 00000000 00:00 0 
73000c000000-73000c174000 rw-p 00000000 00:00 0 
73000c174000-730010000000 ---p 00000000 00:00 0 
730010000000-730010236000 rw-p 00000000 00:00 0 
730010236000-730014000000 ---p 00000000 00:00 0 
730014000000-73001409c000 rw-p 00000000 00:00 0 
73001409c000-730018000000 ---p 00000000 00:00 0 
730018000000-730018023000 rw-p 00000000 00:00 0 
730018023000-73001c000000 ---p 00000000 00:00 0 
73001c000000-73001c55a000 rw-p 00000000 00:00 0 
73001c55a000-730020000000 ---p 00000000 00:00 0 
730020000000-730020154000 rw-p 00000000 00:00 0 
730020154000-730024000000 ---p 00000000 00:00 0 
730024000000-730024251000 rw-p 00000000 00:00 0 
730024251000-730028000000 ---p 00000000 00:00 0 
730028000000-730028067000 rw-p 00000000 00:00 0 
730028067000-73002c000000 ---p 00000000 00:00 0 
73002c000000-73002c021000 rw-p 00000000 00:00 0 
73002c021000-730030000000 ---p 00000000 00:00 0 
730030000000-730030021000 rw-p 00000000 00:00 0 
730030021000-730034000000 ---p 00000000 00:00 0 
730034000000-730034021000 rw-p 00000000 00:00 0 
730034021000-730038000000 ---p 00000000 00:00 0 
730038000000-730038021000 rw-p 00000000 00:00 0 
730038021000-73003c000000 ---p 00000000 00:00 0 
73003c000000-73003c8f9000 rw-p 00000000 00:00 0 
73003c8f9000-730040000000 ---p 00000000 00:00 0 
730040000000-7300402bc000 rw-p 00000000 00:00 0 
7300402bc000-730044000000 ---p 00000000 00:00 0 
730044000000-730044021000 rw-p 00000000 00:00 0 
730044021000-730048000000 ---p 00000000 00:00 0 
730048000000-730048021000 rw-p 00000000 00:00 0 
730048021000-73004c000000 ---p 00000000 00:00 0 
73004c000000-73004c021000 rw-p 00000000 00:00 0 
73004c021000-730050000000 ---p 00000000 00:00 0 
730050000000-730050021000 rw-p 00000000 00:00 0 
730050021000-730054000000 ---p 00000000 00:00 0 
730054000000-730054021000 rw-p 00000000 00:00 0 
730054021000-730058000000 ---p 00000000 00:00 0 
73005ad6e000-73005b190000 rw-p 00000000 00:00 0 
73005b190000-73005b400000 ---p 00000000 00:00 0 
73005b400000-73005b6e0000 rw-p 00000000 00:00 0 
73005b6e0000-73005f000000 ---p 00000000 00:00 0 
73005f000000-73005fbca000 rw-p 00001000 103:01 75498865                  /home/grishberg/.gradle/jdks/eclipse_adoptium-17-amd64-linux/jdk-17.0.19+10/lib/server/classes.jsa
73005fbca000-730060000000 ---p 00000000 00:00 0 
730060000000-730060040000 rw-p 00000000 00:00 0 
730060040000-730060070000 rw-p 00000000 00:00 0 
730060070000-730060080000 ---p 00000000 00:00 0 
730060080000-730060090000 rw-p 00000000 00:00 0 
730060090000-7300a0000000 ---p 00000000 00:00 0 
7300a0000000-7300a0021000 rw-p 00000000 00:00 0 
7300a0021000-7300a4000000 ---p 00000000 00:00 0 
7300a4000000-7300a4021000 rw-p 00000000 00:00 0 
7300a4021000-7300a8000000 ---p 00000000 00:00 0 
7300a8000000-7300a8021000 rw-p 00000000 00:00 0 
7300a8021000-7300ac000000 ---p 00000000 00:00 0 
7300ac09e000-7300ac1f4000 rw-p 00000000 00:00 0 
7300ac1f4000-7300ac1f8000 ---p 00000000 00:00 0 
7300ac1f8000-7300ac2f4000 rw-p 00000000 00:00 0 
7300ac2f4000-7300ac2f5000 ---p 00000000 00:00 0 
7300ac2f5000-7300ac3f5000 rw-p 00000000 00:00 0 
7300ac3f5000-7300ac3f6000 ---p 00000000 00:00 0 
7300ac3f6000-7300ac4f6000 rw-p 00000000 00:00 0 
7300ac4f6000-7300ac4f7000 ---p 00000000 00:00 0 
7300ac4f7000-7300ac5f7000 rw-p 00000000 00:00 0 
7300ac5f7000-7300ac5f8000 ---p 00000000 00:00 0 
7300ac5f8000-7300ac6f8000 rw-p 00000000 00:00 0 
7300ac6f8000-7300ac6f9000 ---p 00000000 00:00 0 
7300ac6f9000-7300ac7f9000 rw-p 00000000 00:00 0 
7300ac7f9000-7300ac7fa000 ---p 00000000 00:00 0 
7300ac7fa000-7300ac8fa000 rw-p 00000000 00:00 0 
7300ac8fa000-7300ac8fb000 ---p 00000000 00:00 0 
7300ac8fb000-7300ac9fb000 rw-p 00000000 00:00 0 
7300ac9fb000-7300ac9fc000 ---p 00000000 00:00 0 
7300ac9fc000-7300acafc000 rw-p 00000000 00:00 0 
7300acafc000-7300acafd000 ---p 00000000 00:00 0 
7300acafd000-7300acbfd000 rw-p 00000000 00:00 0 
7300acbfd000-7300acbfe000 ---p 00000000 00:00 0 
7300acbfe000-7300accfe000 rw-p 00000000 00:00 0 
7300accfe000-7300accff000 ---p 00000000 00:00 0 
7300accff000-7300acdff000 rw-p 00000000 00:00 0 
7300acdff000-7300ace00000 ---p 00000000 00:00 0 
7300ace00000-7300acf00000 rw-p 00000000 00:00 0 
7300acf00000-7300acf04000 ---p 00000000 00:00 0 
7300acf04000-7300ad000000 rw-p 00000000 00:00 0 
7300ad000000-7300ad004000 ---p 00000000 00:00 0 
7300ad004000-7300ad100000 rw-p 00000000 00:00 0 
7300ad100000-7300ad104000 ---p 00000000 00:00 0 
7300ad104000-7300ad200000 rw-p 00000000 00:00 0 
7300ad200000-7300ad204000 ---p 00000000 00:00 0 
7300ad204000-7300ad300000 rw-p 00000000 00:00 0 
7300ad300000-7300ad304000 ---p 00000000 00:00 0 
7300ad304000-7300ad400000 rw-p 00000000 00:00 0 
7300ad400000-7300ad404000 ---p 00000000 00:00 0 
7300ad404000-7300ad500000 rw-p 00000000 00:00 0 
7300ad500000-7300ad504000 ---p 00000000 00:00 0 
7300ad504000-7300ad600000 rw-p 00000000 00:00 0 
7300ad600000-7300ad604000 ---p 00000000 00:00 0 
7300ad604000-7300ad700000 rw-p 00000000 00:00 0 
7300ad700000-7300ad704000 ---p 00000000 00:00 0 
7300ad704000-7300ad800000 rw-p 00000000 00:00 0 
7300ad800000-7300ad89d000 r--p 00000000 103:01 90443236                  /usr/lib/x86_64-linux-gnu/libstdc++.so.6.0.33
7300ad89d000-7300ad9e5000 r-xp 0009d000 103:01 90443236                  /usr/lib/x86_64-linux-gnu/libstdc++.so.6.0.33
7300ad9e5000-7300ada6c000 r--p 001e5000 103:01 90443236                  /usr/lib/x86_64-linux-gnu/libstdc++.so.6.0.33
7300ada6c000-7300ada77000 r--p 0026b000 103:01 90443236                  /usr/lib/x86_64-linux-gnu/libstdc++.so.6.0.33
7300ada77000-7300ada7a000 rw-p 00276000 103:01 90443236                  /usr/lib/x86_64-linux-gnu/libstdc++.so.6.0.33
7300ada7a000-7300ada7e000 rw-p 00000000 00:00 0 
7300ada9a000-7300adac1000 r--p 00000000 103:01 51524976                  /tmp/manifold3d10771059545706556582/libmanifold.so.3
7300adac1000-7300adbdd000 r-xp 00027000 103:01 51524976                  /tmp/manifold3d10771059545706556582/libmanifold.so.3
7300adbdd000-7300adbfc000 r--p 00143000 103:01 51524976                  /tmp/manifold3d10771059545706556582/libmanifold.so.3
7300adbfc000-7300adbfd000 r--p 00162000 103:01 51524976                  /tmp/manifold3d10771059545706556582/libmanifold.so.3
7300adbfd000-7300adbff000 rw-p 00163000 103:01 51524976                  /tmp/manifold3d10771059545706556582/libmanifold.so.3
7300adbff000-7300adc03000 ---p 00000000 00:00 0 
7300adc03000-7300adcff000 rw-p 00000000 00:00 0 
7300adcff000-7300add03000 ---p 00000000 00:00 0 
7300add03000-7300addff000 rw-p 00000000 00:00 0 
7300addff000-7300ade00000 ---p 00000000 00:00 0 
7300ade00000-7300adf00000 rw-p 00000000 00:00 0 
7300adf00000-7300adf04000 ---p 00000000 00:00 0 
7300adf04000-7300ae000000 rw-p 00000000 00:00 0 
7300ae000000-7300b0021000 rw-p 00000000 00:00 0 
7300b0021000-7300b4000000 ---p 00000000 00:00 0 
7300b4000000-7300b4021000 rw-p 00000000 00:00 0 
7300b4021000-7300b8000000 ---p 00000000 00:00 0 
7300b8000000-7300b8021000 rw-p 00000000 00:00 0 
7300b8021000-7300bc004000 ---p 00000000 00:00 0 
7300bc004000-7300bc100000 rw-p 00000000 00:00 0 
7300bc100000-7300bc104000 ---p 00000000 00:00 0 
7300bc104000-7300bc200000 rw-p 00000000 00:00 0 
7300bc200000-7300bc204000 ---p 00000000 00:00 0 
7300bc204000-7300bc300000 rw-p 00000000 00:00 0 
7300bc300000-7300bc304000 ---p 00000000 00:00 0 
7300bc304000-7300bc400000 rw-p 00000000 00:00 0 
7300bc400000-7300bc404000 ---p 00000000 00:00 0 
7300bc404000-7300bc500000 rw-p 00000000 00:00 0 
7300bc500000-7300bc504000 ---p 00000000 00:00 0 
7300bc504000-7300bc600000 rw-p 00000000 00:00 0 
7300bc600000-7300bcb75000 r--p 00000000 103:01 90475490                  /usr/lib/locale/locale-archive
7300bcbce000-7300bcbd2000 ---p 00000000 00:00 0 
7300bcbd2000-7300bccce000 rw-p 00000000 00:00 0 
7300bccce000-7300bccd2000 ---p 00000000 00:00 0 
7300bccd2000-7300bcdce000 rw-p 00000000 00:00 0 
7300bcdce000-7300bcdcf000 ---p 00000000 00:00 0 
7300bcdcf000-7300bcecf000 rw-p 00000000 00:00 0 
7300bcecf000-7300bced4000 r--p 00000000 103:01 75498881                  /home/grishberg/.gradle/jdks/eclipse_adoptium-17-amd64-linux/jdk-17.0.19+10/lib/libjsvml.so
7300bced4000-7300bcf15000 r-xp 00005000 103:01 75498881                  /home/grishberg/.gradle/jdks/eclipse_adoptium-17-amd64-linux/jdk-17.0.19+10/lib/libjsvml.so
7300bcf15000-7300bcf9e000 r--p 00046000 103:01 75498881                  /home/grishberg/.gradle/jdks/eclipse_adoptium-17-amd64-linux/jdk-17.0.19+10/lib/libjsvml.so
7300bcf9e000-7300bcf9f000 r--p 000ce000 103:01 75498881                  /home/grishberg/.gradle/jdks/eclipse_adoptium-17-amd64-linux/jdk-17.0.19+10/lib/libjsvml.so
7300bcf9f000-7300bcfa0000 rw-p 000cf000 103:01 75498881                  /home/grishberg/.gradle/jdks/eclipse_adoptium-17-amd64-linux/jdk-17.0.19+10/lib/libjsvml.so
7300bcfa0000-7300bd021000 rw-p 00000000 00:00 0 
7300bd021000-7300bd022000 ---p 00000000 00:00 0 
7300bd022000-7300bd122000 rw-p 00000000 00:00 0 
7300bd122000-7300bd123000 ---p 00000000 00:00 0 
7300bd123000-7300bd223000 rw-p 00000000 00:00 0 
7300bd223000-7300bfdb0000 rw-p 00000000 00:00 0 
7300bfdb0000-7300dbe30000 ---p 00000000 00:00 0 
7300dbe30000-7300ddd30000 rw-p 00000000 00:00 0 
7300ddd30000-7300f9db0000 ---p 00000000 00:00 0 
7300f9db0000-7300fa200000 rw-p 00000000 00:00 0 
7300fa200000-7300fda10000 ---p 00000000 00:00 0 
7300fda10000-7300fddf0000 rw-p 00000000 00:00 0 
7300fddf0000-730101600000 ---p 00000000 00:00 0 
730101600000-7301019e0000 rw-p 00000000 00:00 0 
7301019e0000-7301051f0000 ---p 00000000 00:00 0 
7301051f0000-730105200000 rw-p 00000000 00:00 0 
730105200000-730105470000 rwxp 00000000 00:00 0 
730105470000-73010c65f000 ---p 00000000 00:00 0 
73010c65f000-73010c8cf000 rwxp 00000000 00:00 0 
73010c8cf000-73010cda0000 ---p 00000000 00:00 0 
73010cda0000-73010d010000 rwxp 00000000 00:00 0 
73010d010000-730114200000 ---p 00000000 00:00 0 
730114200000-73011be3b000 r--s 00000000 103:01 75498899                  /home/grishberg/.gradle/jdks/eclipse_adoptium-17-amd64-linux/jdk-17.0.19+10/lib/modules
73011be76000-73011be7a000 r--p 00000000 103:01 90443244                  /usr/lib/x86_64-linux-gnu/libgcc_s.so.1
73011be7a000-73011be9e000 r-xp 00004000 103:01 90443244                  /usr/lib/x86_64-linux-gnu/libgcc_s.so.1
73011be9e000-73011bea2000 r--p 00028000 103:01 90443244                  /usr/lib/x86_64-linux-gnu/libgcc_s.so.1
73011bea2000-73011bea3000 r--p 0002b000 103:01 90443244                  /usr/lib/x86_64-linux-gnu/libgcc_s.so.1
73011bea3000-73011bea4000 rw-p 0002c000 103:01 90443244                  /usr/lib/x86_64-linux-gnu/libgcc_s.so.1
73011bea4000-73011beff000 rw-p 00000000 00:00 0 
73011beff000-73011bf00000 ---p 00000000 00:00 0 
73011bf00000-73011c000000 rw-p 00000000 00:00 0 
73011c000000-73011c44a000 rw-p 00000000 00:00 0 
73011c44a000-730120000000 ---p 00000000 00:00 0 
730120003000-730120008000 r--p 00000000 103:01 51524978                  /tmp/manifold3d10771059545706556582/libmanifold_jni.so
730120008000-73012000b000 r-xp 00005000 103:01 51524978                  /tmp/manifold3d10771059545706556582/libmanifold_jni.so
73012000b000-73012000c000 r--p 00008000 103:01 51524978                  /tmp/manifold3d10771059545706556582/libmanifold_jni.so
73012000c000-73012000d000 r--p 00009000 103:01 51524978                  /tmp/manifold3d10771059545706556582/libmanifold_jni.so
73012000d000-73012000e000 rw-p 0000a000 103:01 51524978                  /tmp/manifold3d10771059545706556582/libmanifold_jni.so
73012000e000-73012001a000 r--p 00000000 103:01 51524977                  /tmp/manifold3d10771059545706556582/libmanifoldc.so.3
73012001a000-73012002d000 r-xp 0000c000 103:01 51524977                  /tmp/manifold3d10771059545706556582/libmanifoldc.so.3
73012002d000-730120034000 r--p 0001f000 103:01 51524977                  /tmp/manifold3d10771059545706556582/libmanifoldc.so.3
730120034000-730120035000 r--p 00025000 103:01 51524977                  /tmp/manifold3d10771059545706556582/libmanifoldc.so.3
730120035000-730120036000 rw-p 00026000 103:01 51524977                  /tmp/manifold3d10771059545706556582/libmanifoldc.so.3
730120036000-730120077000 rw-p 00000000 00:00 0 
730120077000-730120078000 ---p 00000000 00:00 0 
730120078000-730120178000 rw-p 00000000 00:00 0 
730120178000-730120179000 ---p 00000000 00:00 0 
730120179000-730120279000 rw-p 00000000 00:00 0 
730120279000-730121133000 rw-p 00000000 00:00 0 
730121133000-730121217000 ---p 00000000 00:00 0 
730121217000-73012121c000 rw-p 00000000 00:00 0 
73012121c000-730121300000 ---p 00000000 00:00 0 
730121300000-730121304000 ---p 00000000 00:00 0 
730121304000-730121400000 rw-p 00000000 00:00 0 
730121400000-730121653000 r--p 00000000 103:01 75498866                  /home/grishberg/.gradle/jdks/eclipse_adoptium-17-amd64-linux/jdk-17.0.19+10/lib/server/libjvm.so
730121653000-73012237b000 r-xp 00253000 103:01 75498866                  /home/grishberg/.gradle/jdks/eclipse_adoptium-17-amd64-linux/jdk-17.0.19+10/lib/server/libjvm.so
73012237b000-730122608000 r--p 00f7b000 103:01 75498866                  /home/grishberg/.gradle/jdks/eclipse_adoptium-17-amd64-linux/jdk-17.0.19+10/lib/server/libjvm.so
730122608000-730122609000 ---p 01208000 103:01 75498866                  /home/grishberg/.gradle/jdks/eclipse_adoptium-17-amd64-linux/jdk-17.0.19+10/lib/server/libjvm.so
730122609000-7301226c2000 r--p 01208000 103:01 75498866                  /home/grishberg/.gradle/jdks/eclipse_adoptium-17-amd64-linux/jdk-17.0.19+10/lib/server/libjvm.so
7301226c2000-7301226f7000 rw-p 012c1000 103:01 75498866                  /home/grishberg/.gradle/jdks/eclipse_adoptium-17-amd64-linux/jdk-17.0.19+10/lib/server/libjvm.so
7301226f7000-730122752000 rw-p 00000000 00:00 0 
730122757000-730122800000 rw-p 00000000 00:00 0 
730122800000-730122828000 r--p 00000000 103:01 90442148                  /usr/lib/x86_64-linux-gnu/libc.so.6
730122828000-7301229b0000 r-xp 00028000 103:01 90442148                  /usr/lib/x86_64-linux-gnu/libc.so.6
7301229b0000-7301229ff000 r--p 001b0000 103:01 90442148                  /usr/lib/x86_64-linux-gnu/libc.so.6
7301229ff000-730122a03000 r--p 001fe000 103:01 90442148                  /usr/lib/x86_64-linux-gnu/libc.so.6
730122a03000-730122a05000 rw-p 00202000 103:01 90442148                  /usr/lib/x86_64-linux-gnu/libc.so.6
730122a05000-730122a12000 rw-p 00000000 00:00 0 
730122a15000-730122a17000 r--p 00000000 103:01 75498880                  /home/grishberg/.gradle/jdks/eclipse_adoptium-17-amd64-linux/jdk-17.0.19+10/lib/libzip.so
730122a17000-730122a2a000 r-xp 00002000 103:01 75498880                  /home/grishberg/.gradle/jdks/eclipse_adoptium-17-amd64-linux/jdk-17.0.19+10/lib/libzip.so
730122a2a000-730122a31000 r--p 00015000 103:01 75498880                  /home/grishberg/.gradle/jdks/eclipse_adoptium-17-amd64-linux/jdk-17.0.19+10/lib/libzip.so
730122a31000-730122a32000 ---p 0001c000 103:01 75498880                  /home/grishberg/.gradle/jdks/eclipse_adoptium-17-amd64-linux/jdk-17.0.19+10/lib/libzip.so
730122a32000-730122a33000 r--p 0001c000 103:01 75498880                  /home/grishberg/.gradle/jdks/eclipse_adoptium-17-amd64-linux/jdk-17.0.19+10/lib/libzip.so
730122a33000-730122a34000 rw-p 0001d000 103:01 75498880                  /home/grishberg/.gradle/jdks/eclipse_adoptium-17-amd64-linux/jdk-17.0.19+10/lib/libzip.so
730122a34000-730122a38000 r--p 00000000 103:01 75498890                  /home/grishberg/.gradle/jdks/eclipse_adoptium-17-amd64-linux/jdk-17.0.19+10/lib/libnet.so
730122a38000-730122a46000 r-xp 00004000 103:01 75498890                  /home/grishberg/.gradle/jdks/eclipse_adoptium-17-amd64-linux/jdk-17.0.19+10/lib/libnet.so
730122a46000-730122a4a000 r--p 00012000 103:01 75498890                  /home/grishberg/.gradle/jdks/eclipse_adoptium-17-amd64-linux/jdk-17.0.19+10/lib/libnet.so
730122a4a000-730122a4b000 r--p 00015000 103:01 75498890                  /home/grishberg/.gradle/jdks/eclipse_adoptium-17-amd64-linux/jdk-17.0.19+10/lib/libnet.so
730122a4b000-730122a4c000 rw-p 00016000 103:01 75498890                  /home/grishberg/.gradle/jdks/eclipse_adoptium-17-amd64-linux/jdk-17.0.19+10/lib/libnet.so
730122a4c000-730122a53000 r--p 00000000 103:01 75498910                  /home/grishberg/.gradle/jdks/eclipse_adoptium-17-amd64-linux/jdk-17.0.19+10/lib/libnio.so
730122a53000-730122a5c000 r-xp 00007000 103:01 75498910                  /home/grishberg/.gradle/jdks/eclipse_adoptium-17-amd64-linux/jdk-17.0.19+10/lib/libnio.so
730122a5c000-730122a60000 r--p 00010000 103:01 75498910                  /home/grishberg/.gradle/jdks/eclipse_adoptium-17-amd64-linux/jdk-17.0.19+10/lib/libnio.so
730122a60000-730122a61000 ---p 00014000 103:01 75498910                  /home/grishberg/.gradle/jdks/eclipse_adoptium-17-amd64-linux/jdk-17.0.19+10/lib/libnio.so
730122a61000-730122a62000 r--p 00014000 103:01 75498910                  /home/grishberg/.gradle/jdks/eclipse_adoptium-17-amd64-linux/jdk-17.0.19+10/lib/libnio.so
730122a62000-730122a63000 rw-p 00015000 103:01 75498910                  /home/grishberg/.gradle/jdks/eclipse_adoptium-17-amd64-linux/jdk-17.0.19+10/lib/libnio.so
730122a63000-730122a68000 rw-p 00000000 00:00 0 
730122a68000-730122a72000 ---p 00000000 00:00 0 
730122a72000-730122a80000 r--p 00000000 103:01 75498920                  /home/grishberg/.gradle/jdks/eclipse_adoptium-17-amd64-linux/jdk-17.0.19+10/lib/libjava.so
730122a80000-730122a92000 r-xp 0000e000 103:01 75498920                  /home/grishberg/.gradle/jdks/eclipse_adoptium-17-amd64-linux/jdk-17.0.19+10/lib/libjava.so
730122a92000-730122a98000 r--p 00020000 103:01 75498920                  /home/grishberg/.gradle/jdks/eclipse_adoptium-17-amd64-linux/jdk-17.0.19+10/lib/libjava.so
730122a98000-730122a99000 ---p 00026000 103:01 75498920                  /home/grishberg/.gradle/jdks/eclipse_adoptium-17-amd64-linux/jdk-17.0.19+10/lib/libjava.so
730122a99000-730122a9a000 r--p 00026000 103:01 75498920                  /home/grishberg/.gradle/jdks/eclipse_adoptium-17-amd64-linux/jdk-17.0.19+10/lib/libjava.so
730122a9a000-730122a9b000 rw-p 00027000 103:01 75498920                  /home/grishberg/.gradle/jdks/eclipse_adoptium-17-amd64-linux/jdk-17.0.19+10/lib/libjava.so
730122a9b000-730122a9c000 rw-p 00000000 00:00 0 
730122a9c000-730122aa0000 r--p 00000000 103:01 75498904                  /home/grishberg/.gradle/jdks/eclipse_adoptium-17-amd64-linux/jdk-17.0.19+10/lib/libjimage.so
730122aa0000-730122ab3000 r-xp 00004000 103:01 75498904                  /home/grishberg/.gradle/jdks/eclipse_adoptium-17-amd64-linux/jdk-17.0.19+10/lib/libjimage.so
730122ab3000-730122ab9000 r--p 00017000 103:01 75498904                  /home/grishberg/.gradle/jdks/eclipse_adoptium-17-amd64-linux/jdk-17.0.19+10/lib/libjimage.so
730122ab9000-730122abb000 r--p 0001c000 103:01 75498904                  /home/grishberg/.gradle/jdks/eclipse_adoptium-17-amd64-linux/jdk-17.0.19+10/lib/libjimage.so
730122abb000-730122abc000 rw-p 0001e000 103:01 75498904                  /home/grishberg/.gradle/jdks/eclipse_adoptium-17-amd64-linux/jdk-17.0.19+10/lib/libjimage.so
730122abc000-730122acc000 r--p 00000000 103:01 90442151                  /usr/lib/x86_64-linux-gnu/libm.so.6
730122acc000-730122b4b000 r-xp 00010000 103:01 90442151                  /usr/lib/x86_64-linux-gnu/libm.so.6
730122b4b000-730122ba3000 r--p 0008f000 103:01 90442151                  /usr/lib/x86_64-linux-gnu/libm.so.6
730122ba3000-730122ba4000 r--p 000e7000 103:01 90442151                  /usr/lib/x86_64-linux-gnu/libm.so.6
730122ba4000-730122ba5000 rw-p 000e8000 103:01 90442151                  /usr/lib/x86_64-linux-gnu/libm.so.6
730122ba5000-730122ba6000 r--p 00000000 103:01 90442162                  /usr/lib/x86_64-linux-gnu/librt.so.1
730122ba6000-730122ba7000 r-xp 00001000 103:01 90442162                  /usr/lib/x86_64-linux-gnu/librt.so.1
730122ba7000-730122ba8000 r--p 00002000 103:01 90442162                  /usr/lib/x86_64-linux-gnu/librt.so.1
730122ba8000-730122ba9000 r--p 00002000 103:01 90442162                  /usr/lib/x86_64-linux-gnu/librt.so.1
730122ba9000-730122baa000 rw-p 00003000 103:01 90442162                  /usr/lib/x86_64-linux-gnu/librt.so.1
730122baa000-730122bac000 rw-p 00000000 00:00 0 
730122bac000-730122bad000 r--p 00000000 103:01 90442150                  /usr/lib/x86_64-linux-gnu/libdl.so.2
730122bad000-730122bae000 r-xp 00001000 103:01 90442150                  /usr/lib/x86_64-linux-gnu/libdl.so.2
730122bae000-730122baf000 r--p 00002000 103:01 90442150                  /usr/lib/x86_64-linux-gnu/libdl.so.2
730122baf000-730122bb0000 r--p 00002000 103:01 90442150                  /usr/lib/x86_64-linux-gnu/libdl.so.2
730122bb0000-730122bb1000 rw-p 00003000 103:01 90442150                  /usr/lib/x86_64-linux-gnu/libdl.so.2
730122bb1000-730122bb2000 r--p 00000000 103:01 90442160                  /usr/lib/x86_64-linux-gnu/libpthread.so.0
730122bb2000-730122bb3000 r-xp 00001000 103:01 90442160                  /usr/lib/x86_64-linux-gnu/libpthread.so.0
730122bb3000-730122bb4000 r--p 00002000 103:01 90442160                  /usr/lib/x86_64-linux-gnu/libpthread.so.0
730122bb4000-730122bb5000 r--p 00002000 103:01 90442160                  /usr/lib/x86_64-linux-gnu/libpthread.so.0
730122bb5000-730122bb6000 rw-p 00003000 103:01 90442160                  /usr/lib/x86_64-linux-gnu/libpthread.so.0
730122bb7000-730122bbe000 r--s 00000000 103:01 90442137                  /usr/lib/x86_64-linux-gnu/gconv/gconv-modules.cache
730122bbe000-730122bc6000 rw-s 00000000 103:01 51524974                  /tmp/hsperfdata_grishberg/75140
730122bc6000-730122bc7000 ---p 00000000 00:00 0 
730122bc7000-730122bc8000 r--p 00000000 00:00 0 
730122bc8000-730122bc9000 ---p 00000000 00:00 0 
730122bc9000-730122bcc000 r--p 00000000 103:01 75498874                  /home/grishberg/.gradle/jdks/eclipse_adoptium-17-amd64-linux/jdk-17.0.19+10/lib/libjli.so
730122bcc000-730122bdc000 r-xp 00003000 103:01 75498874                  /home/grishberg/.gradle/jdks/eclipse_adoptium-17-amd64-linux/jdk-17.0.19+10/lib/libjli.so
730122bdc000-730122be3000 r--p 00013000 103:01 75498874                  /home/grishberg/.gradle/jdks/eclipse_adoptium-17-amd64-linux/jdk-17.0.19+10/lib/libjli.so
730122be3000-730122be4000 r--p 00019000 103:01 75498874                  /home/grishberg/.gradle/jdks/eclipse_adoptium-17-amd64-linux/jdk-17.0.19+10/lib/libjli.so
730122be4000-730122be5000 rw-p 0001a000 103:01 75498874                  /home/grishberg/.gradle/jdks/eclipse_adoptium-17-amd64-linux/jdk-17.0.19+10/lib/libjli.so
730122be5000-730122be7000 rw-p 00000000 00:00 0 
730122be7000-730122beb000 r--p 00000000 00:00 0                          [vvar]
730122beb000-730122bed000 r--p 00000000 00:00 0                          [vvar_vclock]
730122bed000-730122bef000 r-xp 00000000 00:00 0                          [vdso]
730122bef000-730122bf0000 r--p 00000000 103:01 90442145                  /usr/lib/x86_64-linux-gnu/ld-linux-x86-64.so.2
730122bf0000-730122c1b000 r-xp 00001000 103:01 90442145                  /usr/lib/x86_64-linux-gnu/ld-linux-x86-64.so.2
730122c1b000-730122c25000 r--p 0002c000 103:01 90442145                  /usr/lib/x86_64-linux-gnu/ld-linux-x86-64.so.2
730122c25000-730122c27000 r--p 00036000 103:01 90442145                  /usr/lib/x86_64-linux-gnu/ld-linux-x86-64.so.2
730122c27000-730122c29000 rw-p 00038000 103:01 90442145                  /usr/lib/x86_64-linux-gnu/ld-linux-x86-64.so.2
7ffe3d4fc000-7ffe3d51e000 rw-p 00000000 00:00 0                          [stack]
ffffffffff600000-ffffffffff601000 --xp 00000000 00:00 0                  [vsyscall]


VM Arguments:
jvm_args: -Djava.library.path=/home/grishberg/projects/java/opengl_kbd_render/cad3d/build/manifold-natives/manifold3d/natives/linux-x86_64 -Dfile.encoding=UTF-8 -Duser.country=US -Duser.language=en -Duser.variant 
java_command: com.github.grishberg.cad3d.cli.CliRunnerKt --model matrix_right
java_class_path (initial): /home/grishberg/projects/java/opengl_kbd_render/cad3d/build/classes/java/main:/home/grishberg/projects/java/opengl_kbd_render/cad3d/build/classes/kotlin/main:/home/grishberg/projects/java/opengl_kbd_render/cad3d/build/resources/main:/home/grishberg/projects/java/opengl_kbd_render/common/build/libs/common-1.0.1.jar:/home/grishberg/projects/java/opengl_kbd_render/kbd_core/build/libs/kbd_core-1.0.1.jar:/home/grishberg/projects/java/opengl_kbd_render/plugin/build/libs/plugin-1.0.jar:/home/grishberg/projects/java/opengl_kbd_render/javascad/build/libs/javascad-1.0.jar:/home/grishberg/projects/java/opengl_kbd_render/libs/manifold3d-3.2.13.jar:/home/grishberg/.gradle/caches/modules-2/files-2.1/org.jetbrains.kotlin/kotlin-stdlib-jdk8/1.9.22/dea0c11e2fa503ab891c8a090e3b54754472975d/kotlin-stdlib-jdk8-1.9.22.jar:/home/grishberg/.gradle/caches/modules-2/files-2.1/org.jetbrains.kotlinx/kotlinx-coroutines-core-jvm/1.8.0/ac1dc37a30a93150b704022f8d895ee1bd3a36b3/kotlinx-coroutines-core-jvm-1.8.0.jar:/home/grishberg/.gradle/caches/modules-2/files-2.1/org.jetbrains.kotlin/kotlin-stdlib-jdk7/1.9.22/c4b17283ad7939e778989663f8301d871987fa5e/kotlin-stdlib-jdk7-1.9.22.jar:/home/grishberg/.gradle/caches/modules-2/files-2.1/org.jetbrains.kotlinx/kotlinx-serialization-core-jvm/1.6.2/384c2492c987f1d92bfa186580de058c284b2ad9/kotlinx-serialization-core-jvm-1.6.2.jar:/home/grishberg/.gradle/caches/modules-2/files-2.1/org.jetbrains.kotlinx/kotlinx-serialization-json-jvm/1.6.2/8f4df208edf91a3012e7a27ccd02f386d4bfc8c6/kotlinx-serialization-json-jvm-1.6.2.jar:/home/grishberg/.gradle/caches/modules-2/files-2.1/org.jetbrains.kotlin/kotlin-stdlib/1.9.22/d6c44cd08d8f3f9bece8101216dbe6553365c6e3/kotlin-stdlib-1.9.22.jar:/home/grishberg/.gradle/caches/modules-2/files-2.1/org.jetbrains/annotations/23.0.0/8cc20c07506ec18e0834947b84a864bfc094484e/annotations-23.0.0.jar
Launcher Type: SUN_STANDARD

[Global flags]
     intx CICompilerCount                          = 12                                        {product} {ergonomic}
     uint ConcGCThreads                            = 3                                         {product} {ergonomic}
     uint G1ConcRefinementThreads                  = 13                                        {product} {ergonomic}
   size_t G1HeapRegionSize                         = 16777216                                  {product} {ergonomic}
    uintx GCDrainStackTargetSize                   = 64                                        {product} {ergonomic}
   size_t InitialHeapSize                          = 2046820352                                {product} {ergonomic}
   size_t MarkStackSize                            = 4194304                                   {product} {ergonomic}
   size_t MaxHeapSize                              = 32178700288                               {product} {ergonomic}
   size_t MaxNewSize                               = 19293798400                               {product} {ergonomic}
   size_t MinHeapDeltaBytes                        = 16777216                                  {product} {ergonomic}
   size_t MinHeapSize                              = 16777216                                  {product} {ergonomic}
    uintx NonNMethodCodeHeapSize                   = 7602480                                {pd product} {ergonomic}
    uintx NonProfiledCodeHeapSize                  = 122027880                              {pd product} {ergonomic}
    uintx ProfiledCodeHeapSize                     = 122027880                              {pd product} {ergonomic}
    uintx ReservedCodeCacheSize                    = 251658240                              {pd product} {ergonomic}
     bool SegmentedCodeCache                       = true                                      {product} {ergonomic}
   size_t SoftMaxHeapSize                          = 32178700288                            {manageable} {ergonomic}
     bool UseCompressedClassPointers               = true                           {product lp64_product} {ergonomic}
     bool UseCompressedOops                        = true                           {product lp64_product} {ergonomic}
     bool UseG1GC                                  = true                                      {product} {ergonomic}

Logging:
Log output configuration:
 #0: stdout all=warning uptime,level,tags
 #1: stderr all=off uptime,level,tags

Environment Variables:
PATH=/home/grishberg/projects/ts/opencode/bot/venv/bin:/home/grishberg/android-sdk/platform-tools:/home/grishberg/.local/bin:/usr/local/sbin:/usr/local/bin:/usr/sbin:/usr/bin:/sbin:/bin:/usr/games:/usr/local/games:/snap/bin:/snap/bin
USERNAME=grishberg
SHELL=/bin/bash
DISPLAY=:0
LANG=en_US.UTF-8

Active Locale:
LC_ALL=en_US.UTF-8
LC_COLLATE=en_US.UTF-8
LC_CTYPE=en_US.UTF-8
LC_MESSAGES=en_US.UTF-8
LC_MONETARY=en_US.UTF-8
LC_NUMERIC=en_US.UTF-8
LC_TIME=en_US.UTF-8

Signal Handlers:
   SIGSEGV: crash_handler in libjvm.so, mask=11100100010111111101111111111110, flags=SA_RESTART|SA_SIGINFO, unblocked
    SIGBUS: crash_handler in libjvm.so, mask=11100100010111111101111111111110, flags=SA_RESTART|SA_SIGINFO, unblocked
    SIGFPE: crash_handler in libjvm.so, mask=11100100010111111101111111111110, flags=SA_RESTART|SA_SIGINFO, unblocked
   SIGPIPE: javaSignalHandler in libjvm.so, mask=11100100010111111101111111111110, flags=SA_RESTART|SA_SIGINFO, blocked
   SIGXFSZ: javaSignalHandler in libjvm.so, mask=11100100010111111101111111111110, flags=SA_RESTART|SA_SIGINFO, blocked
    SIGILL: crash_handler in libjvm.so, mask=11100100010111111101111111111110, flags=SA_RESTART|SA_SIGINFO, unblocked
   SIGUSR2: SR_handler in libjvm.so, mask=00000000000000000000000000000000, flags=SA_RESTART|SA_SIGINFO, blocked
    SIGHUP: UserHandler in libjvm.so, mask=11100100010111111101111111111110, flags=SA_RESTART|SA_SIGINFO, blocked
    SIGINT: UserHandler in libjvm.so, mask=11100100010111111101111111111110, flags=SA_RESTART|SA_SIGINFO, blocked
   SIGTERM: UserHandler in libjvm.so, mask=11100100010111111101111111111110, flags=SA_RESTART|SA_SIGINFO, blocked
   SIGQUIT: UserHandler in libjvm.so, mask=11100100010111111101111111111110, flags=SA_RESTART|SA_SIGINFO, blocked
   SIGTRAP: crash_handler in libjvm.so, mask=11100100010111111101111111111110, flags=SA_RESTART|SA_SIGINFO, unblocked


Periodic native trim disabled


---------------  S Y S T E M  ---------------

OS:
DISTRIB_ID=Ubuntu
DISTRIB_RELEASE=24.04
DISTRIB_CODENAME=noble
DISTRIB_DESCRIPTION="Ubuntu 24.04.4 LTS"
uname: Linux 6.17.0-35-generic #35~24.04.1-Ubuntu SMP PREEMPT_DYNAMIC Tue May 26 19:30:42 UTC 2 x86_64
OS uptime: 0 days 6:43 hours
libc: glibc 2.39 NPTL 2.39 
rlimit (soft/hard): STACK 8192k/infinity , CORE 0k/infinity , NPROC 496841/496841 , NOFILE 1048576/1048576 , AS infinity/infinity , CPU infinity/infinity , DATA infinity/infinity , FSIZE infinity/infinity , MEMLOCK 15919580k/15919580k
load average: 1.62 1.32 1.10

/proc/meminfo:
MemTotal:       127356652 kB
MemFree:        49519020 kB
MemAvailable:   89056604 kB
Buffers:          172920 kB
Cached:         43260384 kB
SwapCached:            0 kB
Active:         37273000 kB
Inactive:       38266708 kB
Active(anon):   35143324 kB
Inactive(anon):        0 kB
Active(file):    2129676 kB
Inactive(file): 38266708 kB
Unevictable:           0 kB
Mlocked:               0 kB
SwapTotal:       8388604 kB
SwapFree:        8388604 kB
Zswap:                 0 kB
Zswapped:              0 kB
Dirty:              9548 kB
Writeback:             0 kB
AnonPages:      32107400 kB
Mapped:          4231096 kB
Shmem:           3036928 kB
KReclaimable:     322804 kB
Slab:             593440 kB
SReclaimable:     322804 kB
SUnreclaim:       270636 kB
KernelStack:       24880 kB
PageTables:       102244 kB
SecPageTables:      2180 kB
NFS_Unstable:          0 kB
Bounce:                0 kB
WritebackTmp:          0 kB
CommitLimit:    72066928 kB
Committed_AS:   51877068 kB
VmallocTotal:   34359738367 kB
VmallocUsed:      167132 kB
VmallocChunk:          0 kB
Percpu:            15232 kB
HardwareCorrupted:     0 kB
AnonHugePages:         0 kB
ShmemHugePages:        0 kB
ShmemPmdMapped:        0 kB
FileHugePages:    329728 kB
FilePmdMapped:      2048 kB
CmaTotal:              0 kB
CmaFree:               0 kB
Unaccepted:            0 kB
Balloon:               0 kB
HugePages_Total:       0
HugePages_Free:        0
HugePages_Rsvd:        0
HugePages_Surp:        0
Hugepagesize:       2048 kB
Hugetlb:               0 kB
DirectMap4k:      508068 kB
DirectMap2M:    13033472 kB
DirectMap1G:    121634816 kB

/sys/kernel/mm/transparent_hugepage/enabled: always [madvise] never
/sys/kernel/mm/transparent_hugepage/hpage_pmd_size: 2097152
/sys/kernel/mm/transparent_hugepage/defrag (defrag/compaction efforts parameter): always defer defer+madvise [madvise] never

Process Memory:
Virtual Size: 36927300K (peak: 36988808K)
Resident Set Size: 193464K (peak: 193724K) (anon: 169632K, file: 23832K, shmem: 0K)
Swapped out: 0K
C-Heap outstanding allocations: 60435K, retained: 18488K
glibc malloc tunables: (default)

/proc/sys/kernel/threads-max (system-wide limit on the number of threads): 993683
/proc/sys/vm/max_map_count (maximum number of memory map areas a process may have): 1048576
/proc/sys/vm/swappiness (control to define how aggressively the kernel swaps out anonymous memory): 60
/proc/sys/kernel/pid_max (system-wide limit on number of process identifiers): 4194304

container (cgroup) information:
container_type: cgroupv2
cpu_cpuset_cpus: not supported
cpu_memory_nodes: not supported
active_processor_count: 16
cpu_quota: not supported
cpu_period: not supported
cpu_shares: not supported
memory_limit_in_bytes: unlimited
memory_and_swap_limit_in_bytes: unlimited
memory_soft_limit_in_bytes: 0
memory_usage_in_bytes: 70604920 k
memory_max_usage_in_bytes: not supported
rss_usage_in_bytes: 30817204 k
cache_usage_in_bytes: 39619496 k
memory_swap_current_in_bytes: 0
memory_swap_max_limit_in_bytes: unlimited
maximum number of tasks: 149052
current number of tasks: 697

Steal ticks since vm start: 0
Steal ticks percentage since vm start:  0.000

CPU: total 16 (initial active 16) (16 cores per cpu, 2 threads per core) family 25 model 33 stepping 2 microcode 0xa201213, cx8, cmov, fxsr, ht, mmx, 3dnowpref, sse, sse2, sse3, ssse3, sse4a, sse4.1, sse4.2, popcnt, lzcnt, tsc, tscinvbit, avx, avx2, aes, erms, clmul, bmi1, bmi2, adx, sha, fma, vzeroupper, clflush, clflushopt
CPU Model and flags from /proc/cpuinfo:
model name	: AMD Ryzen 7 5800X3D 8-Core Processor
flags		: fpu vme de pse tsc msr pae mce cx8 apic sep mtrr pge mca cmov pat pse36 clflush mmx fxsr sse sse2 ht syscall nx mmxext fxsr_opt pdpe1gb rdtscp lm constant_tsc rep_good nopl xtopology nonstop_tsc cpuid extd_apicid aperfmperf rapl pni pclmulqdq monitor ssse3 fma cx16 sse4_1 sse4_2 x2apic movbe popcnt aes xsave avx f16c rdrand lahf_lm cmp_legacy svm extapic cr8_legacy abm sse4a misalignsse 3dnowprefetch osvw ibs skinit wdt tce topoext perfctr_core perfctr_nb bpext perfctr_llc mwaitx cpb cat_l3 cdp_l3 hw_pstate ssbd mba ibrs ibpb stibp vmmcall fsgsbase bmi1 avx2 smep bmi2 erms invpcid cqm rdt_a rdseed adx smap clflushopt clwb sha_ni xsaveopt xsavec xgetbv1 xsaves cqm_llc cqm_occup_llc cqm_mbm_total cqm_mbm_local user_shstk clzero irperf xsaveerptr rdpru wbnoinvd arat npt lbrv svm_lock nrip_save tsc_scale vmcb_clean flushbyasid decodeassists pausefilter pfthreshold avic v_vmsave_vmload vgif v_spec_ctrl umip pku ospke vaes vpclmulqdq rdpid overflow_recov succor smca fsrm debug_swap

Online cpus: 0-15
Offline cpus: 
BIOS frequency limitation: <Not Available>
Frequency switch latency (ns): 0
Available cpu frequencies: <Not Available>
Current governor: powersave
Core performance/turbo boost: 1

Memory: 4k page, physical 127356652k(49519020k free), swap 8388604k(8388604k free)
Page Sizes: 4k

vm_info: OpenJDK 64-Bit Server VM (17.0.19+10) for linux-amd64 JRE (17.0.19+10), built on Apr 21 2026 00:00:00 by "admin" with gcc 10.3.0

END.
