#
# A fatal error has been detected by the Java Runtime Environment:
#
#  SIGSEGV (0xb) at pc=0x000075852269fff4, pid=91981, tid=92004
#
# JRE version: OpenJDK Runtime Environment Temurin-17.0.19+10 (17.0.19+10) (build 17.0.19+10)
# Java VM: OpenJDK 64-Bit Server VM Temurin-17.0.19+10 (17.0.19+10, mixed mode, sharing, tiered, compressed oops, compressed class ptrs, g1 gc, linux-amd64)
# Problematic frame:
# C  [libc.so.6+0x9fff4]  pthread_mutex_lock+0x4
#
# Core dump will be written. Default location: Core dumps may be processed with "/usr/share/apport/apport -p%p -s%s -c%c -d%d -P%P -u%u -g%g -F%F -- %E" (or dumping to /home/grishberg/projects/java/opengl_kbd_render/cad3d/core.91981)
#
# If you would like to submit a bug report, please visit:
#   https://github.com/adoptium/adoptium-support/issues
# The crash happened outside the Java Virtual Machine in native code.
# See problematic frame for where to report the bug.
#

---------------  S U M M A R Y ------------

Command Line: -Djava.library.path=/home/grishberg/projects/java/opengl_kbd_render/cad3d/build/manifold-natives/manifold3d/natives/linux-x86_64 -Dfile.encoding=UTF-8 -Duser.country=US -Duser.language=en -Duser.variant com.github.grishberg.cad3d.cli.CliRunnerKt --model matrix_right

Host: AMD Ryzen 7 5800X3D 8-Core Processor, 16 cores, 121G, Ubuntu 24.04.4 LTS
Time: Wed Jul 15 14:26:49 2026 MSK elapsed time: 0.243178 seconds (0d 0h 0m 0s)

---------------  T H R E A D  ---------------

Current thread (0x000075841c064c40):  JavaThread "DefaultDispatcher-worker-3" daemon [_thread_in_native, id=92004, stack(0x00007584ad200000,0x00007584ad300000)]

Stack: [0x00007584ad200000,0x00007584ad300000],  sp=0x00007584ad2fd938,  free space=1014k
Native frames: (J=compiled Java code, j=interpreted, Vv=VM code, C=native code)
C  [libc.so.6+0x9fff4]  pthread_mutex_lock+0x4

Java frames: (J=compiled Java code, j=interpreted, Vv=VM code)
J 759  com.cadoodlecad.manifold.ManifoldBindings.jniUnion(JJJ)J (0 bytes) @ 0x000075850cdd5a6f [0x000075850cdd5a20+0x000000000000004f]
J 835 c1 com.cadoodlecad.manifold.ManifoldBindings.union(JJ)J (13 bytes) @ 0x00007585053768e4 [0x0000758505376840+0x00000000000000a4]
J 780 c1 eu.printingin3d.javascad.manifold.Manifold3dEngine.operateNative(JJI)J (113 bytes) @ 0x000075850535e75c [0x000075850535e540+0x000000000000021c]
J 781 c1 eu.printingin3d.javascad.manifold.Manifold3dEngine.unionNative(JJ)J (8 bytes) @ 0x000075850535f0bc [0x000075850535f040+0x000000000000007c]
j  eu.printingin3d.javascad.tranzitions.Union.toInnerNativeMesh(Leu/printingin3d/javascad/vrl/FacetGenerationContext;)J+67
J 753 c1 eu.printingin3d.javascad.models.Abstract3dModel.toNativeMesh(Leu/printingin3d/javascad/vrl/FacetGenerationContext;)J (160 bytes) @ 0x000075850534f354 [0x000075850534ec80+0x00000000000006d4]
j  eu.printingin3d.javascad.tranzitions.Difference.toInnerNativeMesh(Leu/printingin3d/javascad/vrl/FacetGenerationContext;)J+5
J 753 c1 eu.printingin3d.javascad.models.Abstract3dModel.toNativeMesh(Leu/printingin3d/javascad/vrl/FacetGenerationContext;)J (160 bytes) @ 0x000075850534f354 [0x000075850534ec80+0x00000000000006d4]
j  com.github.grishberg.cad3d.util.VertexHolderUtilsKt.fromModelNative(Leu/printingin3d/javascad/models/Abstract3dModel;I)Lcom/github/grishberg/cad3d/plugin/VertexHolder;+28
j  com.github.grishberg.cad3d.util.VertexHolderUtilsKt.fromModel(Leu/printingin3d/javascad/models/Abstract3dModel;I)Lcom/github/grishberg/cad3d/plugin/VertexHolder;+8
j  com.github.grishberg.cad3d.keyboard.ModelHolder$Companion.createVertexHolders(Lcom/github/grishberg/cad3d/keyboard/cfg/KeyboardConfig;Leu/printingin3d/javascad/models/Abstract3dModel;Ljava/util/List;)Ljava/util/List;+101
j  com.github.grishberg.cad3d.keyboard.ModelHolder.<init>(Lcom/github/grishberg/cad3d/keyboard/cfg/KeyboardConfig;Leu/printingin3d/javascad/models/Abstract3dModel;[Leu/printingin3d/javascad/models/Abstract3dModel;)V+29
j  com.github.grishberg.cad3d.KeyboardBuilder.createCaseModel(Lcom/github/grishberg/cad3d/keyboard/cfg/KeyboardConfig;Lcom/github/grishberg/cad3d/keyboard/KeyPlace;Lcom/github/grishberg/cad3d/keyboard/ThumbKeyPlace;Lcom/github/grishberg/cad3d/keyboard/screws/ScrewWallPlaces;Lcom/github/grishberg/cad3d/keyboard/casebody/Walls;Lcom/github/grishberg/cad3d/keyboard/casebody/controllers/ControllerPlace;Lcom/github/grishberg/cad3d/keyboard/casebody/controllers/SwitcherPlace;Lcom/github/grishberg/cad3d/keyboard/casebody/controllers/ControllerFactory;Lcom/github/grishberg/cad3d/keyboard/casebody/controllers/switcher/SwitcherFactory;Lcom/github/grishberg/cad3d/keyboard/casebody/controllers/Controller;Lcom/github/grishberg/cad3d/trackball/Trackball;Lcom/github/grishberg/cad3d/keyboard/casebody/thumb/ThumbBorders;Lcom/github/grishberg/cad3d/keyboard/casebody/thumb/ThumbWalls;)Lcom/github/grishberg/cad3d/keyboard/ModelHolder;+665
j  com.github.grishberg.cad3d.KeyboardBuilder.createCase(Lcom/github/grishberg/cad3d/keyboard/cfg/KeyboardConfig;Lcom/github/grishberg/cad3d/keyboard/KeyPlace;Lcom/github/grishberg/cad3d/keyboard/ThumbKeyPlace;Lcom/github/grishberg/cad3d/keyboard/screws/ScrewWallPlaces;Lcom/github/grishberg/cad3d/keyboard/casebody/Walls;Lcom/github/grishberg/cad3d/keyboard/casebody/controllers/ControllerPlace;Lcom/github/grishberg/cad3d/keyboard/casebody/controllers/SwitcherPlace;Lcom/github/grishberg/cad3d/keyboard/casebody/controllers/ControllerFactory;Lcom/github/grishberg/cad3d/keyboard/casebody/controllers/switcher/SwitcherFactory;Lcom/github/grishberg/cad3d/keyboard/casebody/controllers/Controller;Lcom/github/grishberg/cad3d/trackball/Trackball;Lcom/github/grishberg/cad3d/keyboard/casebody/thumb/ThumbBorders;Lcom/github/grishberg/cad3d/keyboard/casebody/thumb/ThumbWalls;)Ljava/util/List;+44
j  com.github.grishberg.cad3d.KeyboardBuilder.access$createCase(Lcom/github/grishberg/cad3d/KeyboardBuilder;Lcom/github/grishberg/cad3d/keyboard/cfg/KeyboardConfig;Lcom/github/grishberg/cad3d/keyboard/KeyPlace;Lcom/github/grishberg/cad3d/keyboard/ThumbKeyPlace;Lcom/github/grishberg/cad3d/keyboard/screws/ScrewWallPlaces;Lcom/github/grishberg/cad3d/keyboard/casebody/Walls;Lcom/github/grishberg/cad3d/keyboard/casebody/controllers/ControllerPlace;Lcom/github/grishberg/cad3d/keyboard/casebody/controllers/SwitcherPlace;Lcom/github/grishberg/cad3d/keyboard/casebody/controllers/ControllerFactory;Lcom/github/grishberg/cad3d/keyboard/casebody/controllers/switcher/SwitcherFactory;Lcom/github/grishberg/cad3d/keyboard/casebody/controllers/Controller;Lcom/github/grishberg/cad3d/trackball/Trackball;Lcom/github/grishberg/cad3d/keyboard/casebody/thumb/ThumbBorders;Lcom/github/grishberg/cad3d/keyboard/casebody/thumb/ThumbWalls;)Ljava/util/List;+24
j  com.github.grishberg.cad3d.KeyboardBuilder$exportStl$1$2.invokeSuspend(Ljava/lang/Object;)Ljava/lang/Object;+104
j  kotlin.coroutines.jvm.internal.BaseContinuationImpl.resumeWith(Ljava/lang/Object;)V+44
j  kotlinx.coroutines.DispatchedTask.run()V+317
j  kotlinx.coroutines.scheduling.CoroutineScheduler.runSafely(Lkotlinx/coroutines/scheduling/Task;)V+2
j  kotlinx.coroutines.scheduling.CoroutineScheduler$Worker.executeTask(Lkotlinx/coroutines/scheduling/Task;)V+30
j  kotlinx.coroutines.scheduling.CoroutineScheduler$Worker.runWorker()V+44
j  kotlinx.coroutines.scheduling.CoroutineScheduler$Worker.run()V+1
v  ~StubRoutines::call_stub

siginfo: si_signo: 11 (SIGSEGV), si_code: 1 (SEGV_MAPERR), si_addr: 0x000075834c42db13

Registers:
RAX=0x00007584ad9fc398, RBX=0x0000758414053e20, RCX=0x0000000000000000, RDX=0x0000000000000000
RSP=0x00007584ad2fd938, RBP=0x00007584ad2fd970, RSI=0x0000758414053e20, RDI=0x000075834c42db03
R8 =0x0000758414053e20, R9 =0x0000000000000000, R10=0x000075850cdd5a6f, R11=0x000075850535f060
R12=0x000075834c42db03, R13=0x000075841409feb0, R14=0x00007584ad2fd970, R15=0x00007584ad910b30
RIP=0x000075852269fff4, EFLAGS=0x0000000000010246, CSGSFS=0x002b000000000033, ERR=0x0000000000000004
  TRAPNO=0x000000000000000e

XMM[0]=0x000075841409fea0 0x000075841409feb0
XMM[1]=0x0000000000000000 0x0000000000000000
XMM[2]=0x0000000000000000 0x3f1a36e2eb1c432d
XMM[3]=0x0000000000000000 0x3ff0000000000000
XMM[4]=0x0000000000000000 0x0000000000000000
XMM[5]=0x0000000000000000 0x3ff0000000000000
XMM[6]=0x0000000000000000 0x40477c23087a6128
XMM[7]=0x0000000000000000 0x40477c23087a6128
XMM[8]=0x0000000000000000 0x0000000000000000
XMM[9]=0x0000000000000000 0x0000000000000000
XMM[10]=0x0000000000000000 0xc021334a2aee9cea
XMM[11]=0x0000000000000000 0x0000000000000000
XMM[12]=0x0000000000000000 0x0000000000000000
XMM[13]=0x0000000000000000 0x0000000000000000
XMM[14]=0x0000000000000000 0x0000000000000000
XMM[15]=0x0000000000000000 0x3ff0000000000000
  MXCSR=0x00001fa4


Register to memory mapping:

RAX=0x00007584ad9fc398: _ZTVN8manifold9CsgOpNodeE+0x0000000000000010 in /tmp/manifold3d17298498159524010389/libmanifold.so.3 at 0x00007584ad89a000
RBX=0x0000758414053e20 points into unknown readable memory: 0x000075834c42db03 | 03 db 42 4c 83 75 00 00
RCX=0x0 is NULL
RDX=0x0 is NULL
RSP=0x00007584ad2fd938 is pointing into the stack for thread: 0x000075841c064c40
RBP=0x00007584ad2fd970 is pointing into the stack for thread: 0x000075841c064c40
RSI=0x0000758414053e20 points into unknown readable memory: 0x000075834c42db03 | 03 db 42 4c 83 75 00 00
RDI=0x000075834c42db03 is an unknown value
R8 =0x0000758414053e20 points into unknown readable memory: 0x000075834c42db03 | 03 db 42 4c 83 75 00 00
R9 =0x0 is NULL
R10=0x000075850cdd5a6f is at entry_point+79 in (nmethod*)0x000075850cdd5890
Compiled method (n/a) 243  759     n 0       com.cadoodlecad.manifold.ManifoldBindings::jniUnion (native)
 total in heap  [0x000075850cdd5890,0x000075850cdd5c10] = 896
 relocation     [0x000075850cdd59f0,0x000075850cdd5a20] = 48
 main code      [0x000075850cdd5a20,0x000075850cdd5c08] = 488
 oops           [0x000075850cdd5c08,0x000075850cdd5c10] = 8
0x000075850cdd5a4f:   4c 8b c1 48 8b ca 48 8b d6 49 be a8 01 03 f5 00
0x000075850cdd5a5f:   00 00 00 4c 89 74 24 30 4c 8d 74 24 30 49 8b f6
0x000075850cdd5a6f:   c5 f8 77 
R11=0x000075850535f060 is at entry_point+32 in (nmethod*)0x000075850535ee90
Compiled method (c1) 243  781       3       eu.printingin3d.javascad.manifold.Manifold3dEngine::unionNative (8 bytes)
 total in heap  [0x000075850535ee90,0x000075850535f200] = 880
 relocation     [0x000075850535eff0,0x000075850535f028] = 56
 main code      [0x000075850535f040,0x000075850535f140] = 256
 stub code      [0x000075850535f140,0x000075850535f180] = 64
 oops           [0x000075850535f180,0x000075850535f188] = 8
 metadata       [0x000075850535f188,0x000075850535f190] = 8
 scopes data    [0x000075850535f190,0x000075850535f1b8] = 40
 scopes pcs     [0x000075850535f1b8,0x000075850535f1f8] = 64
 dependencies   [0x000075850535f1f8,0x000075850535f200] = 8
0x000075850535f060:   89 84 24 00 c0 fe ff 55 48 83 ec 40 
R12=0x000075834c42db03 is an unknown value
R13=0x000075841409feb0 points into unknown readable memory: 0x00007584ad9fc398 | 98 c3 9f ad 84 75 00 00
R14=0x00007584ad2fd970 is pointing into the stack for thread: 0x000075841c064c40
R15=0x00007584ad910b30: _ZN8manifold9CsgOpNode7BooleanERKSt10shared_ptrINS_7CsgNodeEENS_6OpTypeE+0x0000000000000000 in /tmp/manifold3d17298498159524010389/libmanifold.so.3 at 0x00007584ad89a000


Top of Stack: (sp=0x00007584ad2fd938)
0x00007584ad2fd938:   00007584ad953899 00007584ad2fda00
0x00007584ad2fd948:   0000000000000000 0000758414053e20
0x00007584ad2fd958:   00007584ad956c5e 000075841409feb0
0x00007584ad2fd968:   000075841409fea0 0000000000000007
0x00007584ad2fd978:   00007584140008e0 00000000f50501b8
0x00007584ad2fd988:   ffffffff62d5d002 00007584ad2fd9c0
0x00007584ad2fd998:   a24e255b546fe000 0000000000000138
0x00007584ad2fd9a8:   00007584ad2fda00 00007584ad2fda00
0x00007584ad2fd9b8:   0000758414053e20 00007584ad2fdc28
0x00007584ad2fd9c8:   00007584ad2fdad0 000075841c064c40
0x00007584ad2fd9d8:   00007584ad956eb3 000075850c668260
0x00007584ad2fd9e8:   a24e255b546fe000 0000758414053e20
0x00007584ad2fd9f8:   00007584bc9862f6 000075845b40a04b
0x00007584ad2fda08:   0000758414053e20 ffffffff62d5d002
0x00007584ad2fda18:   00000000f50501b8 00000000f5030238
0x00007584ad2fda28:   0000000000000030 0000000000000000
0x00007584ad2fda38:   a24e255b546fe000 0000000000000154
0x00007584ad2fda48:   00007584ad2fda90 0000000000000000
0x00007584ad2fda58:   0000758522558fbf 00007584ad2fda90
0x00007584ad2fda68:   0000758414053e20 0000758414031f80
0x00007584ad2fda78:   0000758414053e20 00007584ad2fdad0
0x00007584ad2fda88:   000075841c064ef0 00007584ad2fdae0
0x00007584ad2fda98:   000075850cdd5ae8 0000000000000007
0x00007584ad2fdaa8:   00007584140008e0 00000000f50501b8
0x00007584ad2fdab8:   0000758414053e20 000075841c064c40
0x00007584ad2fdac8:   00007584ad2fdd10 00000000f50301a8
0x00007584ad2fdad8:   0000000000000000 00007584ad2fdca8
0x00007584ad2fdae8:   00007585053768e4 0000000000000007
0x00007584ad2fdaf8:   0000000000000000 00007584ad2fdba0
0x00007584ad2fdb08:   00000000f50501b8 00007584ad2fdb40
0x00007584ad2fdb18:   0000000000000138 000075845b409e40
0x00007584ad2fdb28:   0000758414031f80 0000758414053e20 

Instructions: (pc=0x000075852269fff4)
0x000075852269fef4:   ff ff ff 83 f8 92 0f 84 68 ff ff ff 8d 50 26 83
0x000075852269ff04:   f8 da 72 14 48 b8 09 00 00 08 2c 00 00 00 48 0f
0x000075852269ff14:   a3 d0 0f 82 4c ff ff ff 48 8d 3d d5 10 13 00 e8
0x000075852269ff24:   18 0b ff ff 83 f8 f5 0f 84 a9 fd ff ff 83 f8 fc
0x000075852269ff34:   0f 84 a0 fd ff ff eb e0 0f 1f 40 00 be 80 00 00
0x000075852269ff44:   00 48 89 df e8 73 90 ff ff e9 16 ff ff ff 64 48
0x000075852269ff54:   c7 04 25 f0 02 00 00 00 00 00 00 b8 23 00 00 00
0x000075852269ff64:   e9 97 fa ff ff b8 0b 00 00 00 e9 8d fa ff ff 41
0x000075852269ff74:   8b 04 24 83 e0 7f 83 f8 12 74 d3 83 f8 11 0f 85
0x000075852269ff84:   2f fd ff ff e9 06 ff ff ff e8 2e 7f 09 00 48 8d
0x000075852269ff94:   0d e7 4d 13 00 ba bd 01 00 00 48 8d 35 c0 c4 12
0x000075852269ffa4:   00 48 8d 3d 74 11 13 00 e8 3f b3 f9 ff 48 8d 0d
0x000075852269ffb4:   c8 4d 13 00 ba c2 01 00 00 48 8d 35 a1 c4 12 00
0x000075852269ffc4:   48 8d 3d af c4 12 00 e8 20 b3 f9 ff 48 8d 0d a9
0x000075852269ffd4:   4d 13 00 ba 5f 02 00 00 48 8d 35 82 c4 12 00 48
0x000075852269ffe4:   8d 3d a6 c4 12 00 e8 01 b3 f9 ff 90 f3 0f 1e fa
0x000075852269fff4:   8b 47 10 89 c2 81 e2 7f 01 00 00 90 83 e0 7c 0f
0x00007585226a0004:   85 a7 00 00 00 55 48 89 e5 53 48 83 ec 18 85 d2
0x00007585226a0014:   0f 85 9e 00 00 00 44 8b 0d 0f 57 16 00 45 85 c9
0x00007585226a0024:   75 5a 8b 77 10 81 e6 80 00 00 00 75 09 80 3d 08
0x00007585226a0034:   b0 16 00 00 75 36 31 c0 ba 01 00 00 00 f0 0f b1
0x00007585226a0044:   17 0f 85 ad 00 00 00 8b 4f 08 85 c9 0f 85 54 01
0x00007585226a0054:   00 00 64 8b 04 25 d0 02 00 00 89 47 08 83 47 0c
0x00007585226a0064:   01 90 31 c0 48 8b 5d f8 c9 c3 66 90 44 8b 07 45
0x00007585226a0074:   85 c0 75 c2 c7 07 01 00 00 00 eb cb 8b 47 10 f6
0x00007585226a0084:   c4 03 74 08 f6 c4 01 74 99 eb 07 90 80 cc 01 89
0x00007585226a0094:   47 10 8b 57 10 48 8b 5d f8 48 8d 77 16 c9 81 e2
0x00007585226a00a4:   80 00 00 00 e9 a3 88 ff ff 0f 1f 00 e9 5b f8 ff
0x00007585226a00b4:   ff 0f 1f 00 81 fa 00 01 00 00 74 d6 8b 57 10 83
0x00007585226a00c4:   e2 7f 83 fa 01 0f 85 8e 00 00 00 64 8b 04 25 d0
0x00007585226a00d4:   02 00 00 39 47 08 75 2e 8b 47 04 83 f8 ff 0f 84
0x00007585226a00e4:   b8 00 00 00 83 c0 01 89 47 04 e9 73 ff ff ff 0f 


Stack slot to memory mapping:
stack at sp + 0 slots: 0x00007584ad953899: _ZNK8manifold8Manifold9LoadPNodeEv+0x0000000000000019 in /tmp/manifold3d17298498159524010389/libmanifold.so.3 at 0x00007584ad89a000
stack at sp + 1 slots: 0x00007584ad2fda00 is pointing into the stack for thread: 0x000075841c064c40
stack at sp + 2 slots: 0x0 is NULL
stack at sp + 3 slots: 0x0000758414053e20 points into unknown readable memory: 0x000075834c42db03 | 03 db 42 4c 83 75 00 00
stack at sp + 4 slots: 0x00007584ad956c5e: _ZNK8manifold8Manifold7BooleanERKS0_NS_6OpTypeE+0x000000000000004e in /tmp/manifold3d17298498159524010389/libmanifold.so.3 at 0x00007584ad89a000
stack at sp + 5 slots: 0x000075841409feb0 points into unknown readable memory: 0x00007584ad9fc398 | 98 c3 9f ad 84 75 00 00
stack at sp + 6 slots: 0x000075841409fea0 points into unknown readable memory: 0x00007584ad9fc3d0 | d0 c3 9f ad 84 75 00 00
stack at sp + 7 slots: 0x0000000000000007 is an unknown value


Compiled method (n/a) 246  759     n 0       com.cadoodlecad.manifold.ManifoldBindings::jniUnion (native)
 total in heap  [0x000075850cdd5890,0x000075850cdd5c10] = 896
 relocation     [0x000075850cdd59f0,0x000075850cdd5a20] = 48
 main code      [0x000075850cdd5a20,0x000075850cdd5c08] = 488
 oops           [0x000075850cdd5c08,0x000075850cdd5c10] = 8

[Constant Pool (empty)]

[MachCode]
[Entry Point]
  # {method} {0x000075845b413880} 'jniUnion' '(JJJ)J' in 'com/cadoodlecad/manifold/ManifoldBindings'
  # parm0:    rsi:rsi   = long
  # parm1:    rdx:rdx   = long
  # parm2:    rcx:rcx   = long
  #           [sp+0x50]  (sp of caller)
  0x000075850cdd5a20: 448b 5608 | 49bb 0000 | 005f 8475 | 0000 4d03 | d349 3bc2 | 0f84 0600 

  0x000075850cdd5a38: ;   {runtime_call ic_miss_stub}
  0x000075850cdd5a38: 0000 e941 | a38d ff90 
[Verified Entry Point]
  0x000075850cdd5a40: 8984 2400 | c0fe ff55 | 488b ec48 | 83ec 404c | 8bc1 488b | ca48 8bd6 

  0x000075850cdd5a58: ;   {oop(a 'java/lang/Class'{0x00000000f50301a8} = 'com/cadoodlecad/manifold/ManifoldBindings')}
  0x000075850cdd5a58: 49be a801 | 03f5 0000 | 0000 4c89 | 7424 304c | 8d74 2430 | 498b f6c5 

  0x000075850cdd5a70: ;   {internal_word}
  0x000075850cdd5a70: f877 49ba | 6f5a dd0c | 8575 0000 | 4d89 9798 | 0200 0049 | 89a7 9002 

  0x000075850cdd5a88: ;   {external_word}
  0x000075850cdd5a88: 0000 803d | f476 7315 | 000f 843a | 0000 0056 | 5251 4150 

  0x000075850cdd5a9c: ;   {metadata({method} {0x000075845b413880} 'jniUnion' '(JJJ)J' in 'com/cadoodlecad/manifold/ManifoldBindings')}
  0x000075850cdd5a9c: 48be 8038 | 415b 8475 | 0000 498b | fff7 c40f | 0000 000f | 8412 0000 | 0048 83ec 

  0x000075850cdd5ab8: ;   {runtime_call SharedRuntime::dtrace_method_entry(JavaThread*, Method*)}
  0x000075850cdd5ab8: 08e8 e2cf | 1015 4883 | c408 e905 

  0x000075850cdd5ac4: ;   {runtime_call SharedRuntime::dtrace_method_entry(JavaThread*, Method*)}
  0x000075850cdd5ac4: 0000 00e8 | d4cf 1015 | 4158 595a | 5e49 8dbf | b002 0000 | 41c7 8738 | 0300 0004 

  0x000075850cdd5ae0: ;   {runtime_call Java_com_cadoodlecad_manifold_ManifoldBindings_jniUnion}
  0x000075850cdd5ae0: 0000 00e8 | a034 7815 | c5f8 7741 | c787 3803 | 0000 0500 | 0000 f083 | 4424 c000 | 493b af40 
  0x000075850cdd5b00: 0300 000f | 8711 0000 | 0041 81bf | 2803 0000 | 0000 0000 | 0f84 2400 | 0000 c5f8 | 7748 8945 
  0x000075850cdd5b20: f849 8bff | 4c8b e448 | 83ec 0048 

  0x000075850cdd5b2c: ;   {runtime_call JavaThread::check_special_condition_for_native_trans(JavaThread*)}
  0x000075850cdd5b2c: 83e4 f0e8 | 9c94 2915 | 498b e44d | 33e4 488b | 45f8 41c7 | 8738 0300 | 0008 0000 | 0041 81bf 
  0x000075850cdd5b4c: a803 0000 | 0200 0000 | 0f84 8400 

  0x000075850cdd5b58: ;   {external_word}
  0x000075850cdd5b58: 0000 803d | 2476 7315 | 000f 8438 | 0000 0048 

  0x000075850cdd5b68: ;   {metadata({method} {0x000075845b413880} 'jniUnion' '(JJJ)J' in 'com/cadoodlecad/manifold/ManifoldBindings')}
  0x000075850cdd5b68: 8945 f848 | be80 3841 | 5b84 7500 | 0049 8bff | f7c4 0f00 | 0000 0f84 | 1200 0000 | 4883 ec08 
  0x000075850cdd5b88: ;   {runtime_call SharedRuntime::dtrace_method_exit(JavaThread*, Method*)}
  0x000075850cdd5b88: e8c3 cf10 | 1548 83c4 | 08e9 0500 

  0x000075850cdd5b94: ;   {runtime_call SharedRuntime::dtrace_method_exit(JavaThread*, Method*)}
  0x000075850cdd5b94: 0000 e8b5 | cf10 1548 | 8b45 f849 | c787 9002 | 0000 0000 | 0000 49c7 | 8798 0200 | 0000 0000 
  0x000075850cdd5bb4: 00c5 f877 | 498b 8fd8 | 0000 00c7 | 8100 0100 | 0000 0000 | 00c9 4981 | 7f08 0000 | 0000 0f85 
  0x000075850cdd5bd4: 0100 0000 

  0x000075850cdd5bd8: ;   {runtime_call StubRoutines (1)}
  0x000075850cdd5bd8: c3e9 22a0 | 88ff c5f8 | 7748 8945 | f84c 8be4 | 4883 ec00 | 4883 e4f0 

  0x000075850cdd5bf0: ;   {runtime_call SharedRuntime::reguard_yellow_pages()}
  0x000075850cdd5bf0: e8cb dd10 | 1549 8be4 | 4d33 e448 | 8b45 f8e9 | 56ff ffff | f4f4 f4f4 
[/MachCode]


Compiled method (c1) 250  835       3       com.cadoodlecad.manifold.ManifoldBindings::union (13 bytes)
 total in heap  [0x0000758505376690,0x0000758505376a60] = 976
 relocation     [0x00007585053767f0,0x0000758505376838] = 72
 main code      [0x0000758505376840,0x0000758505376960] = 288
 stub code      [0x0000758505376960,0x00007585053769b0] = 80
 oops           [0x00007585053769b0,0x00007585053769b8] = 8
 metadata       [0x00007585053769b8,0x00007585053769c0] = 8
 scopes data    [0x00007585053769c0,0x0000758505376a08] = 72
 scopes pcs     [0x0000758505376a08,0x0000758505376a58] = 80
 dependencies   [0x0000758505376a58,0x0000758505376a60] = 8

[Constant Pool (empty)]

[MachCode]
[Entry Point]
  # {method} {0x000075845b417908} 'union' '(JJ)J' in 'com/cadoodlecad/manifold/ManifoldBindings'
  # this:     rsi:rsi   = 'com/cadoodlecad/manifold/ManifoldBindings'
  # parm0:    rdx:rdx   = long
  # parm1:    rcx:rcx   = long
  #           [sp+0x60]  (sp of caller)
  0x0000758505376840: 448b 5608 | 49bb 0000 | 005f 8475 | 0000 4d03 | d34c 3bd0 

  0x0000758505376854: ;   {runtime_call ic_miss_stub}
  0x0000758505376854: 0f85 2695 | 3307 660f | 1f44 0000 
[Verified Entry Point]
  0x0000758505376860: 8984 2400 | c0fe ff55 | 4883 ec50 

  0x000075850537686c: ;   {metadata(method data for {method} {0x000075845b417908} 'union' '(JJ)J' in 'com/cadoodlecad/manifold/ManifoldBindings')}
  0x000075850537686c: 48bf f865 | 6b5b 8475 | 0000 8b9f | f400 0000 | 83c3 0289 | 9ff4 0000 | 0081 e3fe | 0700 0083 
  0x000075850537688c: fb00 0f84 | 6300 0000 | 4889 4c24 | 4048 8954 

  0x000075850537689c: ;   {metadata(method data for {method} {0x000075845b417908} 'union' '(JJ)J' in 'com/cadoodlecad/manifold/ManifoldBindings')}
  0x000075850537689c: 2438 48be | f865 6b5b | 8475 0000 | 4883 8638 | 0100 0001 | 0f1f 8000 

  0x00007585053768b4: ;   {static_call}
  0x00007585053768b4: 0000 00e8 

  0x00007585053768b8: ; ImmutableOopMap {}
                      ;*invokestatic jniAllocManifold {reexecute=0 rethrow=0 return_oop=0}
                      ; - com.cadoodlecad.manifold.ManifoldBindings::union@0 (line 433)
  0x00007585053768b8: 04cb a507 

  0x00007585053768bc: ;   {metadata(method data for {method} {0x000075845b417908} 'union' '(JJ)J' in 'com/cadoodlecad/manifold/ManifoldBindings')}
  0x00007585053768bc: 48be f865 | 6b5b 8475 | 0000 4883 | 8648 0100 | 0001 488b | f048 8b54 | 2438 488b | 4c24 400f 
  0x00007585053768dc: ;   {static_call}
  0x00007585053768dc: 1f40 00e8 

  0x00007585053768e0: ; ImmutableOopMap {}
                      ;*invokestatic jniUnion {reexecute=0 rethrow=0 return_oop=0}
                      ; - com.cadoodlecad.manifold.ManifoldBindings::union@9 (line 434)
  0x00007585053768e0: 5cf1 a507 | 4883 c450 

  0x00007585053768e8: ;   {poll_return}
  0x00007585053768e8: 5d49 3ba7 | 4003 0000 | 0f87 2200 

  0x00007585053768f4: ;   {metadata({method} {0x000075845b417908} 'union' '(JJ)J' in 'com/cadoodlecad/manifold/ManifoldBindings')}
  0x00007585053768f4: 0000 c349 | ba08 7941 | 5b84 7500 | 004c 8954 | 2408 48c7 | 0424 ffff 

  0x000075850537690c: ;   {runtime_call counter_overflow Runtime1 stub}
  0x000075850537690c: ffff e86d 

  0x0000758505376910: ; ImmutableOopMap {rsi=Oop }
                      ;*synchronization entry
                      ; - com.cadoodlecad.manifold.ManifoldBindings::union@-1 (line 433)
  0x0000758505376910: 123e 07e9 | 7cff ffff 

  0x0000758505376918: ;   {internal_word}
  0x0000758505376918: 49ba e968 | 3705 8575 | 0000 4d89 | 9758 0300 

  0x0000758505376928: ;   {runtime_call SafepointBlob}
  0x0000758505376928: 00e9 d2fd | 3307 9090 | 498b 87d0 | 0300 0049 | c787 d003 | 0000 0000 | 0000 49c7 | 87d8 0300 
  0x0000758505376948: 0000 0000 | 0048 83c4 

  0x0000758505376950: ;   {runtime_call unwind_exception Runtime1 stub}
  0x0000758505376950: 505d e929 | 9d3d 07f4 | f4f4 f4f4 | f4f4 f4f4 
[Stub Code]
  0x0000758505376960: ;   {no_reloc}
  0x0000758505376960: 0f1f 4400 

  0x0000758505376964: ;   {static_stub}
  0x0000758505376964: 0048 bb00 | 0000 0000 

  0x000075850537696c: ;   {runtime_call}
  0x000075850537696c: 0000 00e9 | fbff ffff 

  0x0000758505376974: ;   {static_stub}
  0x0000758505376974: 9048 bb00 | 0000 0000 

  0x000075850537697c: ;   {runtime_call}
  0x000075850537697c: 0000 00e9 | fbff ffff 
[Exception Handler]
  0x0000758505376984: ;   {runtime_call handle_exception_from_callee Runtime1 stub}
  0x0000758505376984: e8f7 d83d 

  0x0000758505376988: ;   {external_word}
  0x0000758505376988: 0748 bf52 | 5719 2285 | 7500 0048 

  0x0000758505376994: ;   {runtime_call MacroAssembler::debug64(char*, long, long*)}
  0x0000758505376994: 83e4 f0e8 | d441 991c 

  0x000075850537699c: ;   {section_word}
  0x000075850537699c: f449 ba9d | 6937 0585 | 7500 0041 

  0x00007585053769a8: ;   {runtime_call DeoptimizationBlob}
  0x00007585053769a8: 52e9 f2ef | 3307 f4f4 
[/MachCode]


Compiled method (c1) 252  780   !   3       eu.printingin3d.javascad.manifold.Manifold3dEngine::operateNative (113 bytes)
 total in heap  [0x000075850535e310,0x000075850535ee08] = 2808
 relocation     [0x000075850535e470,0x000075850535e528] = 184
 main code      [0x000075850535e540,0x000075850535e9e0] = 1184
 stub code      [0x000075850535e9e0,0x000075850535ea70] = 144
 oops           [0x000075850535ea70,0x000075850535ea80] = 16
 metadata       [0x000075850535ea80,0x000075850535ea90] = 16
 scopes data    [0x000075850535ea90,0x000075850535eb80] = 240
 scopes pcs     [0x000075850535eb80,0x000075850535eca0] = 288
 dependencies   [0x000075850535eca0,0x000075850535eca8] = 8
 handler table  [0x000075850535eca8,0x000075850535ede0] = 312
 nul chk table  [0x000075850535ede0,0x000075850535ee08] = 40

[Constant Pool (empty)]

[MachCode]
[Entry Point]
  # {method} {0x000075845b40b8e8} 'operateNative' '(JJI)J' in 'eu/printingin3d/javascad/manifold/Manifold3dEngine'
  # this:     rsi:rsi   = 'eu/printingin3d/javascad/manifold/Manifold3dEngine'
  # parm0:    rdx:rdx   = long
  # parm1:    rcx:rcx   = long
  # parm2:    r8        = int
  #           [sp+0x80]  (sp of caller)
  0x000075850535e540: 448b 5608 | 49bb 0000 | 005f 8475 | 0000 4d03 | d34c 3bd0 

  0x000075850535e554: ;   {runtime_call ic_miss_stub}
  0x000075850535e554: 0f85 2618 | 3507 660f | 1f44 0000 
[Verified Entry Point]
  0x000075850535e560: 8984 2400 | c0fe ff55 | 4883 ec70 

  0x000075850535e56c: ;   {metadata(method data for {method} {0x000075845b40b8e8} 'operateNative' '(JJI)J' in 'eu/printingin3d/javascad/manifold/Manifold3dEngine')}
  0x000075850535e56c: 48b8 c062 | 6b5b 8475 | 0000 8bb8 | f400 0000 | 83c7 0289 | b8f4 0000 | 0081 e7fe | 0700 0083 
  0x000075850535e58c: ff00 0f84 | 4d03 0000 

  0x000075850535e594: ;   {oop(a 'java/lang/Object'{0x00000000f50501b8})}
  0x000075850535e594: 48be b801 | 05f5 0000 | 0000 488d | 7c24 5048 | 8977 0848 | 8b06 4883 | c801 4889 | 07f0 480f 
  0x000075850535e5b4: b13e 0f84 | 1300 0000 | 482b c448 | 81e0 07f0 | ffff 4889 | 070f 8538 | 0300 0044 | 8944 2430 
  0x000075850535e5d4: 4889 4c24 | 4048 8954 

  0x000075850535e5dc: ;   {oop(a 'eu/printingin3d/javascad/manifold/Manifold3dEngine'{0x00000000f5050170})}
  0x000075850535e5dc: 2438 48be | 7001 05f5 | 0000 0000 

  0x000075850535e5e8: ;   {metadata(method data for {method} {0x000075845b40b8e8} 'operateNative' '(JJI)J' in 'eu/printingin3d/javascad/manifold/Manifold3dEngine')}
  0x000075850535e5e8: 488b fe48 | bbc0 626b | 5b84 7500 | 0048 8383 | 3801 0000 

  0x000075850535e5fc: ;   {optimized virtual_call}
  0x000075850535e5fc: 0166 90e8 

  0x000075850535e600: ; ImmutableOopMap {[88]=Oop }
                      ;*invokespecial getBindings {reexecute=0 rethrow=0 return_oop=0}
                      ; - eu.printingin3d.javascad.manifold.Manifold3dEngine::operateNative@15 (line 226)
  0x000075850535e600: bc4c feff 

  0x000075850535e604: ;   {metadata(method data for {method} {0x000075845b40b8e8} 'operateNative' '(JJI)J' in 'eu/printingin3d/javascad/manifold/Manifold3dEngine')}
  0x000075850535e604: 48ba c062 | 6b5b 8475 | 0000 48c7 | c150 0100 | 0044 8b44 | 2430 4183 | f800 488b | f148 c7c1 
  0x000075850535e624: 6001 0000 | 480f 45ce | 4183 f801 | 488b f148 | c7c1 7001 | 0000 480f | 45ce 4183 | f802 488b 
  0x000075850535e644: f148 c7c1 | 8001 0000 | 480f 45ce | 488b 340a | 49c7 c201 | 0000 0049 | 03f2 4889 | 340a 4183 
  0x000075850535e664: f800 0f84 | b500 0000 | 4183 f801 | 0f84 5b00 | 0000 4183 | f802 0f85 | 3f01 0000 

  0x000075850535e680: ; implicit exception: dispatches to 0x000075850535e91a
  0x000075850535e680: 483b 0048 

  0x000075850535e684: ;   {metadata(method data for {method} {0x000075845b40b8e8} 'operateNative' '(JJI)J' in 'eu/printingin3d/javascad/manifold/Manifold3dEngine')}
  0x000075850535e684: 8bd0 48b9 | c062 6b5b | 8475 0000 

  0x000075850535e690: ;   {metadata('com/cadoodlecad/manifold/ManifoldBindings')}
  0x000075850535e690: 49ba 0020 | 0060 8475 | 0000 4c89 | 9148 0200 | 0048 8381 | 5002 0000 | 0148 8b54 | 2438 488b 
  0x000075850535e6b0: 4c24 4048 

  0x000075850535e6b4: ;   {optimized virtual_call}
  0x000075850535e6b4: 8bf0 90e8 

  0x000075850535e6b8: ; ImmutableOopMap {[88]=Oop }
                      ;*invokevirtual intersection {reexecute=0 rethrow=0 return_oop=0}
                      ; - eu.printingin3d.javascad.manifold.Manifold3dEngine::operateNative@72 (line 230)
  0x000075850535e6b8: c419 3507 

  0x000075850535e6bc: ;   {metadata(method data for {method} {0x000075845b40b8e8} 'operateNative' '(JJI)J' in 'eu/printingin3d/javascad/manifold/Manifold3dEngine')}
  0x000075850535e6bc: 48ba c062 | 6b5b 8475 | 0000 ff82 | 7002 0000 | e99b 0000 | 0048 3b00 

  0x000075850535e6d4: ;   {metadata(method data for {method} {0x000075845b40b8e8} 'operateNative' '(JJI)J' in 'eu/printingin3d/javascad/manifold/Manifold3dEngine')}
  0x000075850535e6d4: 488b d048 | b9c0 626b | 5b84 7500 

  0x000075850535e6e0: ;   {metadata('com/cadoodlecad/manifold/ManifoldBindings')}
  0x000075850535e6e0: 0049 ba00 | 2000 6084 | 7500 004c | 8991 f801 | 0000 4883 | 8100 0200 | 0001 488b | 5424 3848 
  0x000075850535e700: 8b4c 2440 

  0x000075850535e704: ;   {optimized virtual_call}
  0x000075850535e704: 488b f0e8 

  0x000075850535e708: ; ImmutableOopMap {[88]=Oop }
                      ;*invokevirtual difference {reexecute=0 rethrow=0 return_oop=0}
                      ; - eu.printingin3d.javascad.manifold.Manifold3dEngine::operateNative@62 (line 229)
  0x000075850535e708: f902 0000 

  0x000075850535e70c: ;   {metadata(method data for {method} {0x000075845b40b8e8} 'operateNative' '(JJI)J' in 'eu/printingin3d/javascad/manifold/Manifold3dEngine')}
  0x000075850535e70c: 48ba c062 | 6b5b 8475 | 0000 ff82 | 2002 0000 | e94b 0000 | 0048 8b4c | 2440 488b | 5424 3848 
  0x000075850535e72c: 3b00 488b 

  0x000075850535e730: ;   {metadata(method data for {method} {0x000075845b40b8e8} 'operateNative' '(JJI)J' in 'eu/printingin3d/javascad/manifold/Manifold3dEngine')}
  0x000075850535e730: f048 bfc0 | 626b 5b84 

  0x000075850535e738: ;   {metadata('com/cadoodlecad/manifold/ManifoldBindings')}
  0x000075850535e738: 7500 0049 | ba00 2000 | 6084 7500 | 004c 8997 | a801 0000 | 4883 87b0 | 0100 0001 

  0x000075850535e754: ;   {optimized virtual_call}
  0x000075850535e754: 488b f0e8 

  0x000075850535e758: ; ImmutableOopMap {[88]=Oop }
                      ;*invokevirtual union {reexecute=0 rethrow=0 return_oop=0}
                      ; - eu.printingin3d.javascad.manifold.Manifold3dEngine::operateNative@52 (line 228)
  0x000075850535e758: 0481 0100 

  0x000075850535e75c: ;   {metadata(method data for {method} {0x000075845b40b8e8} 'operateNative' '(JJI)J' in 'eu/printingin3d/javascad/manifold/Manifold3dEngine')}
  0x000075850535e75c: 48ba c062 | 6b5b 8475 | 0000 ff82 | d001 0000 

  0x000075850535e76c: ;   {oop(a 'java/lang/Object'{0x00000000f50501b8})}
  0x000075850535e76c: 488b f048 | b8b8 0105 | f500 0000 | 0048 8d44 | 2450 488b | 1048 85d2 | 0f84 0f00 | 0000 488b 
  0x000075850535e78c: 7808 f048 | 0fb1 170f | 8590 0100 

  0x000075850535e798: ;   {metadata(method data for {method} {0x000075845b40b8e8} 'operateNative' '(JJI)J' in 'eu/printingin3d/javascad/manifold/Manifold3dEngine')}
  0x000075850535e798: 0048 b8c0 | 626b 5b84 | 7500 00ff | 80b8 0200 | 0048 8bc6 | 4883 c470 

  0x000075850535e7b0: ;   {poll_return}
  0x000075850535e7b0: 5d49 3ba7 | 4003 0000 | 0f87 7e01 | 0000 c390 

  0x000075850535e7c0: ;   {no_reloc}
  0x000075850535e7c0: e99c 0100 | 0000 0000 | 0000 498b | 8708 0100 | 0048 8d78 | 2849 3bbf | 1801 0000 | 0f87 8901 
  0x000075850535e7e0: 0000 4989 | bf08 0100 | 0048 c700 | 0100 0000 | 488b ca49 | ba00 0000 | 5f84 7500 | 0049 2bca 
  0x000075850535e800: 8948 0848 | 33c9 8948 | 0c48 33c9 | 4889 4810 | 4889 4818 | 4889 4820 

  0x000075850535e818: ;   {no_reloc}
  0x000075850535e818: e96a 0100 | 0090 9090 | 9090 498b | f048 8944 | 2448 0f1f 

  0x000075850535e82c: ;   {static_call}
  0x000075850535e82c: 4400 00e8 

  0x000075850535e830: ; ImmutableOopMap {[72]=Oop [88]=Oop }
                      ;*invokedynamic {reexecute=0 rethrow=0 return_oop=0}
                      ; - eu.printingin3d.javascad.manifold.Manifold3dEngine::operateNative@84 (line 231)
  0x000075850535e830: 4c1e 3507 

  0x000075850535e834: ;   {metadata(method data for {method} {0x000075845b40b8e8} 'operateNative' '(JJI)J' in 'eu/printingin3d/javascad/manifold/Manifold3dEngine')}
  0x000075850535e834: 48ba c062 | 6b5b 8475 | 0000 488d | 9298 0200 | 0048 85c0 | 750e 48f7 | 0201 0000 | 0075 05f0 
  0x000075850535e854: 4883 0a01 | 488b 5424 

  0x000075850535e85c: ;   {metadata(method data for {method} {0x000075845b40b8e8} 'operateNative' '(JJI)J' in 'eu/printingin3d/javascad/manifold/Manifold3dEngine')}
  0x000075850535e85c: 4848 bec0 | 626b 5b84 | 7500 0048 | 8386 a802 | 0000 0148 | 8bd0 488b 

  0x000075850535e874: ;   {optimized virtual_call}
  0x000075850535e874: 7424 48e8 

  0x000075850535e878: ; ImmutableOopMap {[72]=Oop [88]=Oop }
                      ;*invokespecial <init> {reexecute=0 rethrow=0 return_oop=0}
                      ; - eu.printingin3d.javascad.manifold.Manifold3dEngine::operateNative@89 (line 231)
  0x000075850535e878: 0418 3507 | 488b 4424 

  0x000075850535e880: ; ImmutableOopMap {[88]=Oop rax=Oop }
                      ;*athrow {reexecute=1 rethrow=0 return_oop=0}
                      ; - (reexecute) eu.printingin3d.javascad.manifold.Manifold3dEngine::operateNative@92 (line 231)
                      ;   {section_word}
  0x000075850535e880: 4848 ba81 | e835 0585 

  0x000075850535e888: ;   {runtime_call handle_exception_nofpu Runtime1 stub}
  0x000075850535e888: 7500 00e8 | f053 3f07 | 9049 8b87 | d003 0000 | 4d33 d24d | 8997 d003 | 0000 4d33 | d24d 8997 
  0x000075850535e8a8: d803 0000 

  0x000075850535e8ac: ;   {oop(a 'java/lang/Object'{0x00000000f50501b8})}
  0x000075850535e8ac: 488b f048 | b8b8 0105 | f500 0000 | 0048 8d44 | 2450 488b | 3848 85ff | 0f84 0f00 | 0000 488b 
  0x000075850535e8cc: 5808 f048 | 0fb1 3b0f | 85b8 0000 | 0048 8bc6 | e9e2 0000 

  0x000075850535e8e0: ;   {metadata({method} {0x000075845b40b8e8} 'operateNative' '(JJI)J' in 'eu/printingin3d/javascad/manifold/Manifold3dEngine')}
  0x000075850535e8e0: 0049 bae8 | b840 5b84 | 7500 004c | 8954 2408 | 48c7 0424 | ffff ffff 

  0x000075850535e8f8: ;   {runtime_call counter_overflow Runtime1 stub}
  0x000075850535e8f8: e883 923f 

  0x000075850535e8fc: ; ImmutableOopMap {rsi=Oop }
                      ;*synchronization entry
                      ; - eu.printingin3d.javascad.manifold.Manifold3dEngine::operateNative@-1 (line 225)
  0x000075850535e8fc: 07e9 92fc 

  0x000075850535e900: ;   {runtime_call throw_null_pointer_exception Runtime1 stub}
  0x000075850535e900: ffff e899 

  0x000075850535e904: ; ImmutableOopMap {rsi=Oop }
                      ;*monitorenter {reexecute=0 rethrow=0 return_oop=0}
                      ; - eu.printingin3d.javascad.manifold.Manifold3dEngine::operateNative@7 (line 225)
  0x000075850535e904: 383f 0748 | 8974 2408 | 4889 3c24 

  0x000075850535e910: ;   {runtime_call monitorenter_nofpu Runtime1 stub}
  0x000075850535e910: e86b 6b3f 

  0x000075850535e914: ; ImmutableOopMap {rsi=Oop [88]=Oop }
                      ;*monitorenter {reexecute=0 rethrow=0 return_oop=0}
                      ; - eu.printingin3d.javascad.manifold.Manifold3dEngine::operateNative@7 (line 225)
  0x000075850535e914: 07e9 b5fc 

  0x000075850535e918: ;   {runtime_call throw_null_pointer_exception Runtime1 stub}
  0x000075850535e918: ffff e881 

  0x000075850535e91c: ; ImmutableOopMap {rax=Oop [88]=Oop }
                      ;*invokevirtual intersection {reexecute=0 rethrow=0 return_oop=0}
                      ; - eu.printingin3d.javascad.manifold.Manifold3dEngine::operateNative@72 (line 230)
                      ;   {runtime_call throw_null_pointer_exception Runtime1 stub}
  0x000075850535e91c: 383f 07e8 

  0x000075850535e920: ; ImmutableOopMap {rax=Oop [88]=Oop }
                      ;*invokevirtual difference {reexecute=0 rethrow=0 return_oop=0}
                      ; - eu.printingin3d.javascad.manifold.Manifold3dEngine::operateNative@62 (line 229)
  0x000075850535e920: 7c38 3f07 

  0x000075850535e924: ;   {runtime_call throw_null_pointer_exception Runtime1 stub}
  0x000075850535e924: e877 383f 

  0x000075850535e928: ; ImmutableOopMap {rax=Oop [88]=Oop }
                      ;*invokevirtual union {reexecute=0 rethrow=0 return_oop=0}
                      ; - eu.printingin3d.javascad.manifold.Manifold3dEngine::operateNative@52 (line 228)
  0x000075850535e928: 0748 8d44 | 2450 4889 

  0x000075850535e930: ;   {runtime_call monitorexit_nofpu Runtime1 stub}
  0x000075850535e930: 0424 e849 | 743f 07e9 | 5dfe ffff 

  0x000075850535e93c: ;   {internal_word}
  0x000075850535e93c: 49ba b1e7 | 3505 8575 | 0000 4d89 | 9758 0300 

  0x000075850535e94c: ;   {runtime_call SafepointBlob}
  0x000075850535e94c: 00e9 ae7d 

  0x000075850535e950: ;   {metadata(NULL)}
  0x000075850535e950: 3507 48ba | 0000 0000 | 0000 0000 | b800 0f05 

  0x000075850535e960: ;   {runtime_call load_klass_patching Runtime1 stub}
  0x000075850535e960: 0ae8 9a81 

  0x000075850535e964: ; ImmutableOopMap {[88]=Oop }
                      ;*new {reexecute=1 rethrow=0 return_oop=0}
                      ; - (reexecute) eu.printingin3d.javascad.manifold.Manifold3dEngine::operateNative@78 (line 231)
  0x000075850535e964: 3f07 e955 | feff ff48 

  0x000075850535e96c: ;   {runtime_call fast_new_instance Runtime1 stub}
  0x000075850535e96c: 8bd2 e80d 

  0x000075850535e970: ; ImmutableOopMap {[88]=Oop }
                      ;*new {reexecute=0 rethrow=0 return_oop=0}
                      ; - eu.printingin3d.javascad.manifold.Manifold3dEngine::operateNative@78 (line 231)
  0x000075850535e970: 413f 07e9 | a0fe ffff | 48ba 0000 | 0000 0000 | 0000 b800 

  0x000075850535e984: ;   {runtime_call load_appendix_patching Runtime1 stub}
  0x000075850535e984: 0f05 0ae8 

  0x000075850535e988: ; ImmutableOopMap {rax=Oop [88]=Oop }
                      ;*invokedynamic {reexecute=1 rethrow=0 return_oop=0}
                      ; - (reexecute) eu.printingin3d.javascad.manifold.Manifold3dEngine::operateNative@84 (line 231)
  0x000075850535e988: 748a 3f07 | e987 feff | ff48 8d44 | 2450 4889 

  0x000075850535e998: ;   {runtime_call monitorexit_nofpu Runtime1 stub}
  0x000075850535e998: 0424 e8e1 | 733f 07e9 | 35ff ffff | 9090 498b | 87d0 0300 | 0049 c787 | d003 0000 | 0000 0000 
  0x000075850535e9b8: 49c7 87d8 | 0300 0000 | 0000 0048 | 83c4 705d 

  0x000075850535e9c8: ;   {runtime_call unwind_exception Runtime1 stub}
  0x000075850535e9c8: e9b3 1c3f | 07f4 f4f4 | f4f4 f4f4 | f4f4 f4f4 | f4f4 f4f4 | f4f4 f4f4 
[Stub Code]
  0x000075850535e9e0: ;   {no_reloc}
  0x000075850535e9e0: 0f1f 4400 

  0x000075850535e9e4: ;   {static_stub}
  0x000075850535e9e4: 0048 bb00 | 0000 0000 

  0x000075850535e9ec: ;   {runtime_call}
  0x000075850535e9ec: 0000 00e9 | fbff ffff 

  0x000075850535e9f4: ;   {static_stub}
  0x000075850535e9f4: 9048 bb00 | 0000 0000 

  0x000075850535e9fc: ;   {runtime_call}
  0x000075850535e9fc: 0000 00e9 | fbff ffff 

  0x000075850535ea04: ;   {static_stub}
  0x000075850535ea04: 9048 bbd8 | 7941 5b84 

  0x000075850535ea0c: ;   {runtime_call I2C/C2I adapters}
  0x000075850535ea0c: 7500 00e9 | cdb5 3407 

  0x000075850535ea14: ;   {static_stub}
  0x000075850535ea14: 9048 bb08 | 7941 5b84 

  0x000075850535ea1c: ;   {runtime_call I2C/C2I adapters}
  0x000075850535ea1c: 7500 00e9 | bdb5 3407 

  0x000075850535ea24: ;   {static_stub}
  0x000075850535ea24: 9048 bb00 | 0000 0000 

  0x000075850535ea2c: ;   {runtime_call}
  0x000075850535ea2c: 0000 00e9 | fbff ffff 

  0x000075850535ea34: ;   {static_stub}
  0x000075850535ea34: 9048 bb00 | 0000 0000 

  0x000075850535ea3c: ;   {runtime_call}
  0x000075850535ea3c: 0000 00e9 | fbff ffff 
[Exception Handler]
  0x000075850535ea44: ;   {runtime_call handle_exception_from_callee Runtime1 stub}
  0x000075850535ea44: e837 583f 

  0x000075850535ea48: ;   {external_word}
  0x000075850535ea48: 0748 bf52 | 5719 2285 | 7500 0048 

  0x000075850535ea54: ;   {runtime_call MacroAssembler::debug64(char*, long, long*)}
  0x000075850535ea54: 83e4 f0e8 | 14c1 9a1c 

  0x000075850535ea5c: ;   {section_word}
  0x000075850535ea5c: f449 ba5d | ea35 0585 | 7500 0041 

  0x000075850535ea68: ;   {runtime_call DeoptimizationBlob}
  0x000075850535ea68: 52e9 326f | 3507 f4f4 
[/MachCode]


---------------  P R O C E S S  ---------------

Threads class SMR info:
_java_thread_list=0x000075841009ea50, length=20, elements={
0x000075851c02aac0, 0x000075851c1e9530, 0x000075851c1ea910, 0x000075851c1efea0,
0x000075851c1f1250, 0x000075851c1f2660, 0x000075851c1f4090, 0x000075851c1f55c0,
0x000075851c1f6a30, 0x000075851c1fe730, 0x000075851c201ec0, 0x000075843c0de930,
0x000075843c14fee0, 0x000075851c4cf500, 0x000075851c4d0130, 0x000075841c064c40,
0x000075841c057150, 0x000075841c02fcc0, 0x000075841c053770, 0x0000758410020be0
}

Java Threads: ( => current thread )
  0x000075851c02aac0 JavaThread "main" [_thread_blocked, id=91982, stack(0x0000758521100000,0x0000758521200000)]
  0x000075851c1e9530 JavaThread "Reference Handler" daemon [_thread_blocked, id=91989, stack(0x00007584bcacc000,0x00007584bcbcc000)]
  0x000075851c1ea910 JavaThread "Finalizer" daemon [_thread_blocked, id=91990, stack(0x00007584bc9cc000,0x00007584bcacc000)]
  0x000075851c1efea0 JavaThread "Signal Dispatcher" daemon [_thread_blocked, id=91991, stack(0x00007584bc300000,0x00007584bc400000)]
  0x000075851c1f1250 JavaThread "Service Thread" daemon [_thread_blocked, id=91992, stack(0x00007584bc200000,0x00007584bc300000)]
  0x000075851c1f2660 JavaThread "Monitor Deflation Thread" daemon [_thread_blocked, id=91993, stack(0x00007584bc100000,0x00007584bc200000)]
  0x000075851c1f4090 JavaThread "C2 CompilerThread0" daemon [_thread_in_native, id=91994, stack(0x00007584bc000000,0x00007584bc100000)]
  0x000075851c1f55c0 JavaThread "C1 CompilerThread0" daemon [_thread_blocked, id=91995, stack(0x00007584adf00000,0x00007584ae000000)]
  0x000075851c1f6a30 JavaThread "Sweeper thread" daemon [_thread_blocked, id=91996, stack(0x00007584ade00000,0x00007584adf00000)]
  0x000075851c1fe730 JavaThread "Notification Thread" daemon [_thread_blocked, id=91997, stack(0x00007584add00000,0x00007584ade00000)]
  0x000075851c201ec0 JavaThread "Common-Cleaner" daemon [_thread_blocked, id=91999, stack(0x00007584adaff000,0x00007584adbff000)]
  0x000075843c0de930 JavaThread "C1 CompilerThread1" daemon [_thread_blocked, id=92000, stack(0x00007584ad9ff000,0x00007584adaff000)]
  0x000075843c14fee0 JavaThread "C2 CompilerThread1" daemon [_thread_blocked, id=92001, stack(0x00007584ad500000,0x00007584ad600000)]
  0x000075851c4cf500 JavaThread "DefaultDispatcher-worker-1" daemon [_thread_blocked, id=92002, stack(0x00007584ad400000,0x00007584ad500000)]
  0x000075851c4d0130 JavaThread "DefaultDispatcher-worker-2" daemon [_thread_blocked, id=92003, stack(0x00007584ad300000,0x00007584ad400000)]
=>0x000075841c064c40 JavaThread "DefaultDispatcher-worker-3" daemon [_thread_in_native, id=92004, stack(0x00007584ad200000,0x00007584ad300000)]
  0x000075841c057150 JavaThread "DefaultDispatcher-worker-4" daemon [_thread_blocked, id=92005, stack(0x00007584ad100000,0x00007584ad200000)]
  0x000075841c02fcc0 JavaThread "DefaultDispatcher-worker-5" daemon [_thread_blocked, id=92006, stack(0x00007584ad000000,0x00007584ad100000)]
  0x000075841c053770 JavaThread "DefaultDispatcher-worker-6" daemon [_thread_blocked, id=92007, stack(0x00007584acf00000,0x00007584ad000000)]
  0x0000758410020be0 JavaThread "Thread-6" daemon [_thread_in_native, id=92008, stack(0x00007584ace00000,0x00007584acf00000)]

Other Threads:
  0x000075851c1e5560 VMThread "VM Thread" [stack: 0x00007584bcbcd000,0x00007584bcccd000] [id=91988]
  0x000075851c200070 WatcherThread [stack: 0x00007584adc00000,0x00007584add00000] [id=91998]
  0x000075851c0605c0 GCTaskThread "GC Thread#0" [stack: 0x000075851bf00000,0x000075851c000000] [id=91983]
  0x00007584a40068e0 GCTaskThread "GC Thread#1" [stack: 0x00007584acd00000,0x00007584ace00000] [id=92009]
  0x00007584a4007350 GCTaskThread "GC Thread#2" [stack: 0x00007584acbff000,0x00007584accff000] [id=92010]
  0x00007584a4007dc0 GCTaskThread "GC Thread#3" [stack: 0x00007584acafe000,0x00007584acbfe000] [id=92011]
  0x00007584a4008830 GCTaskThread "GC Thread#4" [stack: 0x00007584ac9fd000,0x00007584acafd000] [id=92012]
  0x00007584a40092a0 GCTaskThread "GC Thread#5" [stack: 0x00007584ac8fc000,0x00007584ac9fc000] [id=92013]
  0x00007584a4009d40 GCTaskThread "GC Thread#6" [stack: 0x00007584ac7fb000,0x00007584ac8fb000] [id=92014]
  0x00007584a400a7e0 GCTaskThread "GC Thread#7" [stack: 0x00007584ac6fa000,0x00007584ac7fa000] [id=92015]
  0x00007584a400b280 GCTaskThread "GC Thread#8" [stack: 0x00007584ac5f9000,0x00007584ac6f9000] [id=92016]
  0x00007584a400bd20 GCTaskThread "GC Thread#9" [stack: 0x00007584ac4f8000,0x00007584ac5f8000] [id=92017]
  0x00007584a400cbb0 GCTaskThread "GC Thread#10" [stack: 0x00007584ac3f7000,0x00007584ac4f7000] [id=92018]
  0x00007584a400da40 GCTaskThread "GC Thread#11" [stack: 0x00007584ac2f6000,0x00007584ac3f6000] [id=92019]
  0x00007584a400e8d0 GCTaskThread "GC Thread#12" [stack: 0x00007584ac1f5000,0x00007584ac2f5000] [id=92020]
  0x000075851c070bb0 ConcurrentGCThread "G1 Main Marker" [stack: 0x00007584bde30000,0x00007584bdf30000] [id=91984]
  0x000075851c071b20 ConcurrentGCThread "G1 Conc#0" [stack: 0x00007584bdd2f000,0x00007584bde2f000] [id=91985]
  0x000075851c1b26b0 ConcurrentGCThread "G1 Refine#0" [stack: 0x00007584bcf21000,0x00007584bd021000] [id=91986]
  0x000075851c1b35b0 ConcurrentGCThread "G1 Service" [stack: 0x00007584bce20000,0x00007584bcf20000] [id=91987]

Threads with active compile tasks:
C2 CompilerThread0  259  738       4       eu.printingin3d.javascad.coords.Angles3d::rotate (392 bytes)

VM state: not at safepoint (normal execution)

VM Mutex/Monitor currently owned by a thread: None

Heap address: 0x0000000082000000, size: 30688 MB, Compressed Oops mode: Zero based, Oop shift amount: 3

CDS archive(s) mapped at: [0x000075845f000000-0x000075845fbca000-0x000075845fbca000), size 12361728, SharedBaseAddress: 0x000075845f000000, ArchiveRelocationMode: 1.
Compressed class space mapped at: 0x0000758460000000-0x00007584a0000000, reserved size: 1073741824
Narrow klass base: 0x000075845f000000, Narrow klass shift: 0, Narrow klass range: 0x100000000

GC Precious Log:
 CPUs: 16 total, 16 available
 Memory: 121G
 Large Page Support: Disabled
 NUMA Support: Disabled
 Compressed Oops: Enabled (Zero based)
 Heap Region Size: 16M
 Heap Min Capacity: 16M
 Heap Initial Capacity: 1952M
 Heap Max Capacity: 30688M
 Pre-touch: Disabled
 Parallel Workers: 13
 Concurrent Workers: 3
 Concurrent Refinement Workers: 13
 Periodic GC: Disabled

Heap:
 garbage-first heap   total 2031616K, used 50674K [0x0000000082000000, 0x0000000800000000)
  region size 16384K, 4 young (65536K), 1 survivors (16384K)
 Metaspace       used 4832K, committed 5056K, reserved 1114112K
  class space    used 404K, committed 512K, reserved 1048576K

Heap Regions: E=young(eden), S=young(survivor), O=old, HS=humongous(starts), HC=humongous(continues), CS=collection set, F=free, OA=open archive, CA=closed archive, TAMS=top-at-mark-start (previous, next)
|   0|0x0000000082000000, 0x0000000082000000, 0x0000000083000000|  0%| F|  |TAMS 0x0000000082000000, 0x0000000082000000| Untracked 
|   1|0x0000000083000000, 0x0000000083000000, 0x0000000084000000|  0%| F|  |TAMS 0x0000000083000000, 0x0000000083000000| Untracked 
|   2|0x0000000084000000, 0x0000000084000000, 0x0000000085000000|  0%| F|  |TAMS 0x0000000084000000, 0x0000000084000000| Untracked 
|   3|0x0000000085000000, 0x0000000085000000, 0x0000000086000000|  0%| F|  |TAMS 0x0000000085000000, 0x0000000085000000| Untracked 
|   4|0x0000000086000000, 0x0000000086000000, 0x0000000087000000|  0%| F|  |TAMS 0x0000000086000000, 0x0000000086000000| Untracked 
|   5|0x0000000087000000, 0x0000000087000000, 0x0000000088000000|  0%| F|  |TAMS 0x0000000087000000, 0x0000000087000000| Untracked 
|   6|0x0000000088000000, 0x0000000088000000, 0x0000000089000000|  0%| F|  |TAMS 0x0000000088000000, 0x0000000088000000| Untracked 
|   7|0x0000000089000000, 0x0000000089000000, 0x000000008a000000|  0%| F|  |TAMS 0x0000000089000000, 0x0000000089000000| Untracked 
|   8|0x000000008a000000, 0x000000008a000000, 0x000000008b000000|  0%| F|  |TAMS 0x000000008a000000, 0x000000008a000000| Untracked 
|   9|0x000000008b000000, 0x000000008b000000, 0x000000008c000000|  0%| F|  |TAMS 0x000000008b000000, 0x000000008b000000| Untracked 
|  10|0x000000008c000000, 0x000000008c000000, 0x000000008d000000|  0%| F|  |TAMS 0x000000008c000000, 0x000000008c000000| Untracked 
|  11|0x000000008d000000, 0x000000008d000000, 0x000000008e000000|  0%| F|  |TAMS 0x000000008d000000, 0x000000008d000000| Untracked 
|  12|0x000000008e000000, 0x000000008e000000, 0x000000008f000000|  0%| F|  |TAMS 0x000000008e000000, 0x000000008e000000| Untracked 
|  13|0x000000008f000000, 0x000000008f000000, 0x0000000090000000|  0%| F|  |TAMS 0x000000008f000000, 0x000000008f000000| Untracked 
|  14|0x0000000090000000, 0x0000000090000000, 0x0000000091000000|  0%| F|  |TAMS 0x0000000090000000, 0x0000000090000000| Untracked 
|  15|0x0000000091000000, 0x0000000091000000, 0x0000000092000000|  0%| F|  |TAMS 0x0000000091000000, 0x0000000091000000| Untracked 
|  16|0x0000000092000000, 0x0000000092000000, 0x0000000093000000|  0%| F|  |TAMS 0x0000000092000000, 0x0000000092000000| Untracked 
|  17|0x0000000093000000, 0x0000000093000000, 0x0000000094000000|  0%| F|  |TAMS 0x0000000093000000, 0x0000000093000000| Untracked 
|  18|0x0000000094000000, 0x0000000094000000, 0x0000000095000000|  0%| F|  |TAMS 0x0000000094000000, 0x0000000094000000| Untracked 
|  19|0x0000000095000000, 0x0000000095000000, 0x0000000096000000|  0%| F|  |TAMS 0x0000000095000000, 0x0000000095000000| Untracked 
|  20|0x0000000096000000, 0x0000000096000000, 0x0000000097000000|  0%| F|  |TAMS 0x0000000096000000, 0x0000000096000000| Untracked 
|  21|0x0000000097000000, 0x0000000097000000, 0x0000000098000000|  0%| F|  |TAMS 0x0000000097000000, 0x0000000097000000| Untracked 
|  22|0x0000000098000000, 0x0000000098000000, 0x0000000099000000|  0%| F|  |TAMS 0x0000000098000000, 0x0000000098000000| Untracked 
|  23|0x0000000099000000, 0x0000000099000000, 0x000000009a000000|  0%| F|  |TAMS 0x0000000099000000, 0x0000000099000000| Untracked 
|  24|0x000000009a000000, 0x000000009a000000, 0x000000009b000000|  0%| F|  |TAMS 0x000000009a000000, 0x000000009a000000| Untracked 
|  25|0x000000009b000000, 0x000000009b000000, 0x000000009c000000|  0%| F|  |TAMS 0x000000009b000000, 0x000000009b000000| Untracked 
|  26|0x000000009c000000, 0x000000009c000000, 0x000000009d000000|  0%| F|  |TAMS 0x000000009c000000, 0x000000009c000000| Untracked 
|  27|0x000000009d000000, 0x000000009d000000, 0x000000009e000000|  0%| F|  |TAMS 0x000000009d000000, 0x000000009d000000| Untracked 
|  28|0x000000009e000000, 0x000000009e000000, 0x000000009f000000|  0%| F|  |TAMS 0x000000009e000000, 0x000000009e000000| Untracked 
|  29|0x000000009f000000, 0x000000009f000000, 0x00000000a0000000|  0%| F|  |TAMS 0x000000009f000000, 0x000000009f000000| Untracked 
|  30|0x00000000a0000000, 0x00000000a0000000, 0x00000000a1000000|  0%| F|  |TAMS 0x00000000a0000000, 0x00000000a0000000| Untracked 
|  31|0x00000000a1000000, 0x00000000a1000000, 0x00000000a2000000|  0%| F|  |TAMS 0x00000000a1000000, 0x00000000a1000000| Untracked 
|  32|0x00000000a2000000, 0x00000000a2000000, 0x00000000a3000000|  0%| F|  |TAMS 0x00000000a2000000, 0x00000000a2000000| Untracked 
|  33|0x00000000a3000000, 0x00000000a3000000, 0x00000000a4000000|  0%| F|  |TAMS 0x00000000a3000000, 0x00000000a3000000| Untracked 
|  34|0x00000000a4000000, 0x00000000a4000000, 0x00000000a5000000|  0%| F|  |TAMS 0x00000000a4000000, 0x00000000a4000000| Untracked 
|  35|0x00000000a5000000, 0x00000000a5000000, 0x00000000a6000000|  0%| F|  |TAMS 0x00000000a5000000, 0x00000000a5000000| Untracked 
|  36|0x00000000a6000000, 0x00000000a6000000, 0x00000000a7000000|  0%| F|  |TAMS 0x00000000a6000000, 0x00000000a6000000| Untracked 
|  37|0x00000000a7000000, 0x00000000a7000000, 0x00000000a8000000|  0%| F|  |TAMS 0x00000000a7000000, 0x00000000a7000000| Untracked 
|  38|0x00000000a8000000, 0x00000000a8000000, 0x00000000a9000000|  0%| F|  |TAMS 0x00000000a8000000, 0x00000000a8000000| Untracked 
|  39|0x00000000a9000000, 0x00000000a9000000, 0x00000000aa000000|  0%| F|  |TAMS 0x00000000a9000000, 0x00000000a9000000| Untracked 
|  40|0x00000000aa000000, 0x00000000aa000000, 0x00000000ab000000|  0%| F|  |TAMS 0x00000000aa000000, 0x00000000aa000000| Untracked 
|  41|0x00000000ab000000, 0x00000000ab000000, 0x00000000ac000000|  0%| F|  |TAMS 0x00000000ab000000, 0x00000000ab000000| Untracked 
|  42|0x00000000ac000000, 0x00000000ac000000, 0x00000000ad000000|  0%| F|  |TAMS 0x00000000ac000000, 0x00000000ac000000| Untracked 
|  43|0x00000000ad000000, 0x00000000ad000000, 0x00000000ae000000|  0%| F|  |TAMS 0x00000000ad000000, 0x00000000ad000000| Untracked 
|  44|0x00000000ae000000, 0x00000000ae000000, 0x00000000af000000|  0%| F|  |TAMS 0x00000000ae000000, 0x00000000ae000000| Untracked 
|  45|0x00000000af000000, 0x00000000af000000, 0x00000000b0000000|  0%| F|  |TAMS 0x00000000af000000, 0x00000000af000000| Untracked 
|  46|0x00000000b0000000, 0x00000000b0000000, 0x00000000b1000000|  0%| F|  |TAMS 0x00000000b0000000, 0x00000000b0000000| Untracked 
|  47|0x00000000b1000000, 0x00000000b1000000, 0x00000000b2000000|  0%| F|  |TAMS 0x00000000b1000000, 0x00000000b1000000| Untracked 
|  48|0x00000000b2000000, 0x00000000b2000000, 0x00000000b3000000|  0%| F|  |TAMS 0x00000000b2000000, 0x00000000b2000000| Untracked 
|  49|0x00000000b3000000, 0x00000000b3000000, 0x00000000b4000000|  0%| F|  |TAMS 0x00000000b3000000, 0x00000000b3000000| Untracked 
|  50|0x00000000b4000000, 0x00000000b4000000, 0x00000000b5000000|  0%| F|  |TAMS 0x00000000b4000000, 0x00000000b4000000| Untracked 
|  51|0x00000000b5000000, 0x00000000b5000000, 0x00000000b6000000|  0%| F|  |TAMS 0x00000000b5000000, 0x00000000b5000000| Untracked 
|  52|0x00000000b6000000, 0x00000000b6000000, 0x00000000b7000000|  0%| F|  |TAMS 0x00000000b6000000, 0x00000000b6000000| Untracked 
|  53|0x00000000b7000000, 0x00000000b7000000, 0x00000000b8000000|  0%| F|  |TAMS 0x00000000b7000000, 0x00000000b7000000| Untracked 
|  54|0x00000000b8000000, 0x00000000b8000000, 0x00000000b9000000|  0%| F|  |TAMS 0x00000000b8000000, 0x00000000b8000000| Untracked 
|  55|0x00000000b9000000, 0x00000000b9000000, 0x00000000ba000000|  0%| F|  |TAMS 0x00000000b9000000, 0x00000000b9000000| Untracked 
|  56|0x00000000ba000000, 0x00000000ba000000, 0x00000000bb000000|  0%| F|  |TAMS 0x00000000ba000000, 0x00000000ba000000| Untracked 
|  57|0x00000000bb000000, 0x00000000bb000000, 0x00000000bc000000|  0%| F|  |TAMS 0x00000000bb000000, 0x00000000bb000000| Untracked 
|  58|0x00000000bc000000, 0x00000000bc000000, 0x00000000bd000000|  0%| F|  |TAMS 0x00000000bc000000, 0x00000000bc000000| Untracked 
|  59|0x00000000bd000000, 0x00000000bd000000, 0x00000000be000000|  0%| F|  |TAMS 0x00000000bd000000, 0x00000000bd000000| Untracked 
|  60|0x00000000be000000, 0x00000000be000000, 0x00000000bf000000|  0%| F|  |TAMS 0x00000000be000000, 0x00000000be000000| Untracked 
|  61|0x00000000bf000000, 0x00000000bf000000, 0x00000000c0000000|  0%| F|  |TAMS 0x00000000bf000000, 0x00000000bf000000| Untracked 
|  62|0x00000000c0000000, 0x00000000c0000000, 0x00000000c1000000|  0%| F|  |TAMS 0x00000000c0000000, 0x00000000c0000000| Untracked 
|  63|0x00000000c1000000, 0x00000000c1000000, 0x00000000c2000000|  0%| F|  |TAMS 0x00000000c1000000, 0x00000000c1000000| Untracked 
|  64|0x00000000c2000000, 0x00000000c2000000, 0x00000000c3000000|  0%| F|  |TAMS 0x00000000c2000000, 0x00000000c2000000| Untracked 
|  65|0x00000000c3000000, 0x00000000c3000000, 0x00000000c4000000|  0%| F|  |TAMS 0x00000000c3000000, 0x00000000c3000000| Untracked 
|  66|0x00000000c4000000, 0x00000000c4000000, 0x00000000c5000000|  0%| F|  |TAMS 0x00000000c4000000, 0x00000000c4000000| Untracked 
|  67|0x00000000c5000000, 0x00000000c5000000, 0x00000000c6000000|  0%| F|  |TAMS 0x00000000c5000000, 0x00000000c5000000| Untracked 
|  68|0x00000000c6000000, 0x00000000c6000000, 0x00000000c7000000|  0%| F|  |TAMS 0x00000000c6000000, 0x00000000c6000000| Untracked 
|  69|0x00000000c7000000, 0x00000000c7000000, 0x00000000c8000000|  0%| F|  |TAMS 0x00000000c7000000, 0x00000000c7000000| Untracked 
|  70|0x00000000c8000000, 0x00000000c8000000, 0x00000000c9000000|  0%| F|  |TAMS 0x00000000c8000000, 0x00000000c8000000| Untracked 
|  71|0x00000000c9000000, 0x00000000c9000000, 0x00000000ca000000|  0%| F|  |TAMS 0x00000000c9000000, 0x00000000c9000000| Untracked 
|  72|0x00000000ca000000, 0x00000000ca000000, 0x00000000cb000000|  0%| F|  |TAMS 0x00000000ca000000, 0x00000000ca000000| Untracked 
|  73|0x00000000cb000000, 0x00000000cb000000, 0x00000000cc000000|  0%| F|  |TAMS 0x00000000cb000000, 0x00000000cb000000| Untracked 
|  74|0x00000000cc000000, 0x00000000cc000000, 0x00000000cd000000|  0%| F|  |TAMS 0x00000000cc000000, 0x00000000cc000000| Untracked 
|  75|0x00000000cd000000, 0x00000000cd000000, 0x00000000ce000000|  0%| F|  |TAMS 0x00000000cd000000, 0x00000000cd000000| Untracked 
|  76|0x00000000ce000000, 0x00000000ce000000, 0x00000000cf000000|  0%| F|  |TAMS 0x00000000ce000000, 0x00000000ce000000| Untracked 
|  77|0x00000000cf000000, 0x00000000cf000000, 0x00000000d0000000|  0%| F|  |TAMS 0x00000000cf000000, 0x00000000cf000000| Untracked 
|  78|0x00000000d0000000, 0x00000000d0000000, 0x00000000d1000000|  0%| F|  |TAMS 0x00000000d0000000, 0x00000000d0000000| Untracked 
|  79|0x00000000d1000000, 0x00000000d1000000, 0x00000000d2000000|  0%| F|  |TAMS 0x00000000d1000000, 0x00000000d1000000| Untracked 
|  80|0x00000000d2000000, 0x00000000d2000000, 0x00000000d3000000|  0%| F|  |TAMS 0x00000000d2000000, 0x00000000d2000000| Untracked 
|  81|0x00000000d3000000, 0x00000000d3000000, 0x00000000d4000000|  0%| F|  |TAMS 0x00000000d3000000, 0x00000000d3000000| Untracked 
|  82|0x00000000d4000000, 0x00000000d4000000, 0x00000000d5000000|  0%| F|  |TAMS 0x00000000d4000000, 0x00000000d4000000| Untracked 
|  83|0x00000000d5000000, 0x00000000d5000000, 0x00000000d6000000|  0%| F|  |TAMS 0x00000000d5000000, 0x00000000d5000000| Untracked 
|  84|0x00000000d6000000, 0x00000000d6000000, 0x00000000d7000000|  0%| F|  |TAMS 0x00000000d6000000, 0x00000000d6000000| Untracked 
|  85|0x00000000d7000000, 0x00000000d7000000, 0x00000000d8000000|  0%| F|  |TAMS 0x00000000d7000000, 0x00000000d7000000| Untracked 
|  86|0x00000000d8000000, 0x00000000d8000000, 0x00000000d9000000|  0%| F|  |TAMS 0x00000000d8000000, 0x00000000d8000000| Untracked 
|  87|0x00000000d9000000, 0x00000000d9000000, 0x00000000da000000|  0%| F|  |TAMS 0x00000000d9000000, 0x00000000d9000000| Untracked 
|  88|0x00000000da000000, 0x00000000da000000, 0x00000000db000000|  0%| F|  |TAMS 0x00000000da000000, 0x00000000da000000| Untracked 
|  89|0x00000000db000000, 0x00000000db000000, 0x00000000dc000000|  0%| F|  |TAMS 0x00000000db000000, 0x00000000db000000| Untracked 
|  90|0x00000000dc000000, 0x00000000dc000000, 0x00000000dd000000|  0%| F|  |TAMS 0x00000000dc000000, 0x00000000dc000000| Untracked 
|  91|0x00000000dd000000, 0x00000000dd000000, 0x00000000de000000|  0%| F|  |TAMS 0x00000000dd000000, 0x00000000dd000000| Untracked 
|  92|0x00000000de000000, 0x00000000de000000, 0x00000000df000000|  0%| F|  |TAMS 0x00000000de000000, 0x00000000de000000| Untracked 
|  93|0x00000000df000000, 0x00000000df000000, 0x00000000e0000000|  0%| F|  |TAMS 0x00000000df000000, 0x00000000df000000| Untracked 
|  94|0x00000000e0000000, 0x00000000e0000000, 0x00000000e1000000|  0%| F|  |TAMS 0x00000000e0000000, 0x00000000e0000000| Untracked 
|  95|0x00000000e1000000, 0x00000000e1000000, 0x00000000e2000000|  0%| F|  |TAMS 0x00000000e1000000, 0x00000000e1000000| Untracked 
|  96|0x00000000e2000000, 0x00000000e2000000, 0x00000000e3000000|  0%| F|  |TAMS 0x00000000e2000000, 0x00000000e2000000| Untracked 
|  97|0x00000000e3000000, 0x00000000e3000000, 0x00000000e4000000|  0%| F|  |TAMS 0x00000000e3000000, 0x00000000e3000000| Untracked 
|  98|0x00000000e4000000, 0x00000000e4000000, 0x00000000e5000000|  0%| F|  |TAMS 0x00000000e4000000, 0x00000000e4000000| Untracked 
|  99|0x00000000e5000000, 0x00000000e5000000, 0x00000000e6000000|  0%| F|  |TAMS 0x00000000e5000000, 0x00000000e5000000| Untracked 
| 100|0x00000000e6000000, 0x00000000e6000000, 0x00000000e7000000|  0%| F|  |TAMS 0x00000000e6000000, 0x00000000e6000000| Untracked 
| 101|0x00000000e7000000, 0x00000000e7000000, 0x00000000e8000000|  0%| F|  |TAMS 0x00000000e7000000, 0x00000000e7000000| Untracked 
| 102|0x00000000e8000000, 0x00000000e8000000, 0x00000000e9000000|  0%| F|  |TAMS 0x00000000e8000000, 0x00000000e8000000| Untracked 
| 103|0x00000000e9000000, 0x00000000e9000000, 0x00000000ea000000|  0%| F|  |TAMS 0x00000000e9000000, 0x00000000e9000000| Untracked 
| 104|0x00000000ea000000, 0x00000000ea000000, 0x00000000eb000000|  0%| F|  |TAMS 0x00000000ea000000, 0x00000000ea000000| Untracked 
| 105|0x00000000eb000000, 0x00000000eb000000, 0x00000000ec000000|  0%| F|  |TAMS 0x00000000eb000000, 0x00000000eb000000| Untracked 
| 106|0x00000000ec000000, 0x00000000ec000000, 0x00000000ed000000|  0%| F|  |TAMS 0x00000000ec000000, 0x00000000ec000000| Untracked 
| 107|0x00000000ed000000, 0x00000000ed000000, 0x00000000ee000000|  0%| F|  |TAMS 0x00000000ed000000, 0x00000000ed000000| Untracked 
| 108|0x00000000ee000000, 0x00000000ee000000, 0x00000000ef000000|  0%| F|  |TAMS 0x00000000ee000000, 0x00000000ee000000| Untracked 
| 109|0x00000000ef000000, 0x00000000ef000000, 0x00000000f0000000|  0%| F|  |TAMS 0x00000000ef000000, 0x00000000ef000000| Untracked 
| 110|0x00000000f0000000, 0x00000000f0000000, 0x00000000f1000000|  0%| F|  |TAMS 0x00000000f0000000, 0x00000000f0000000| Untracked 
| 111|0x00000000f1000000, 0x00000000f1000000, 0x00000000f2000000|  0%| F|  |TAMS 0x00000000f1000000, 0x00000000f1000000| Untracked 
| 112|0x00000000f2000000, 0x00000000f2000000, 0x00000000f3000000|  0%| F|  |TAMS 0x00000000f2000000, 0x00000000f2000000| Untracked 
| 113|0x00000000f3000000, 0x00000000f3000000, 0x00000000f4000000|  0%| F|  |TAMS 0x00000000f3000000, 0x00000000f3000000| Untracked 
| 114|0x00000000f4000000, 0x00000000f4000000, 0x00000000f5000000|  0%| F|  |TAMS 0x00000000f4000000, 0x00000000f4000000| Untracked 
| 115|0x00000000f5000000, 0x00000000f518f938, 0x00000000f6000000|  9%| S|CS|TAMS 0x00000000f5000000, 0x00000000f5000000| Complete 
| 116|0x00000000f6000000, 0x00000000f6000000, 0x00000000f7000000|  0%| F|  |TAMS 0x00000000f6000000, 0x00000000f6000000| Untracked 
| 117|0x00000000f7000000, 0x00000000f7000000, 0x00000000f8000000|  0%| F|  |TAMS 0x00000000f7000000, 0x00000000f7000000| Untracked 
| 118|0x00000000f8000000, 0x00000000f8000000, 0x00000000f9000000|  0%| F|  |TAMS 0x00000000f8000000, 0x00000000f8000000| Untracked 
| 119|0x00000000f9000000, 0x00000000f9aa1dc0, 0x00000000fa000000| 66%| E|  |TAMS 0x00000000f9000000, 0x00000000f9000000| Complete 
| 120|0x00000000fa000000, 0x00000000fb000000, 0x00000000fb000000|100%| E|CS|TAMS 0x00000000fa000000, 0x00000000fa000000| Complete 
| 121|0x00000000fb000000, 0x00000000fc000000, 0x00000000fc000000|100%| E|CS|TAMS 0x00000000fb000000, 0x00000000fb000000| Complete 
|1916|0x00000007fe000000, 0x00000007fef75000, 0x00000007ff000000| 96%|OA|  |TAMS 0x00000007fe000000, 0x00000007fe000000| Untracked 
|1917|0x00000007ff000000, 0x00000007ff078000, 0x0000000800000000|  2%|CA|  |TAMS 0x00000007ff000000, 0x00000007ff000000| Untracked 

Card table byte_map: [0x00007584fda20000,0x0000758501610000] _byte_map_base: 0x00007584fd610000

Marking Bits (Prev, Next): (CMBitMap*) 0x000075851c061050, (CMBitMap*) 0x000075851c061090
 Prev Bits: [0x00007584dbeb0000, 0x00007584f9e30000)
 Next Bits: [0x00007584bdf30000, 0x00007584dbeb0000)

Polling page: 0x0000758522955000

Metaspace:

Usage:
  Non-class:      4.32 MB used.
      Class:    404.88 KB used.
       Both:      4.72 MB used.

Virtual space:
  Non-class space:       64.00 MB reserved,       4.44 MB (  7%) committed,  1 nodes.
      Class space:        1.00 GB reserved,     512.00 KB ( <1%) committed,  1 nodes.
             Both:        1.06 GB reserved,       4.94 MB ( <1%) committed. 

Chunk freelists:
   Non-Class:  9.17 MB
       Class:  15.47 MB
        Both:  24.64 MB

MaxMetaspaceSize: unlimited
CompressedClassSpaceSize: 1.00 GB
Initial GC threshold: 21.00 MB
Current GC threshold: 21.00 MB
CDS: on
MetaspaceReclaimPolicy: balanced
 - commit_granule_bytes: 65536.
 - commit_granule_words: 8192.
 - virtual_space_node_default_size: 8388608.
 - enlarge_chunks_in_place: 1.
 - new_chunks_are_fully_committed: 0.
 - uncommit_free_chunks: 1.
 - use_allocation_guard: 0.
 - handle_deallocations: 1.


Internal statistics:

num_allocs_failed_limit: 0.
num_arena_births: 52.
num_arena_deaths: 0.
num_vsnodes_births: 2.
num_vsnodes_deaths: 0.
num_space_committed: 79.
num_space_uncommitted: 0.
num_chunks_returned_to_freelist: 0.
num_chunks_taken_from_freelist: 178.
num_chunk_merges: 0.
num_chunk_splits: 137.
num_chunks_enlarged: 115.
num_inconsistent_stats: 0.

CodeHeap 'non-profiled nmethods': size=119168Kb used=291Kb max_used=291Kb free=118877Kb
 bounds [0x000075850cda0000, 0x000075850d010000, 0x0000758514200000]
CodeHeap 'profiled nmethods': size=119164Kb used=1502Kb max_used=1502Kb free=117661Kb
 bounds [0x0000758505200000, 0x0000758505470000, 0x000075850c65f000]
CodeHeap 'non-nmethods': size=7428Kb used=1791Kb max_used=1791Kb free=5636Kb
 bounds [0x000075850c65f000, 0x000075850c8cf000, 0x000075850cda0000]
 total_blobs=1358 nmethods=846 adapters=422
 compilation: enabled
              stopped_count=0, restarted_count=0
 full_count=0

Compilation events (20 events):
Event: 0.231 Thread 0x000075851c1f55c0  833       3       com.github.grishberg.cad3d.keyboard.Utils::hull (26 bytes)
Event: 0.231 Thread 0x000075851c1f55c0 nmethod 833 0x0000758505375410 code [0x00007585053756a0, 0x0000758505376240]
Event: 0.232 Thread 0x000075851c1f55c0  835       3       com.cadoodlecad.manifold.ManifoldBindings::union (13 bytes)
Event: 0.232 Thread 0x000075851c1f55c0 nmethod 835 0x0000758505376690 code [0x0000758505376840, 0x00007585053769b0]
Event: 0.232 Thread 0x000075843c14fee0 nmethod 817 0x000075850cdddd10 code [0x000075850cdddec0, 0x000075850cdde4d8]
Event: 0.232 Thread 0x000075843c14fee0  832       4       eu.printingin3d.javascad.coords.V3d::create (9 bytes)
Event: 0.233 Thread 0x000075843c14fee0 nmethod 832 0x000075850cdde690 code [0x000075850cdde820, 0x000075850cdde918]
Event: 0.233 Thread 0x000075843c0de930  837       1       jdk.internal.loader.Resource::getManifest (2 bytes)
Event: 0.233 Thread 0x000075851c1f55c0  839       1       jdk.internal.loader.Resource::getCodeSigners (2 bytes)
Event: 0.233 Thread 0x000075843c0de930 nmethod 837 0x000075850cddee10 code [0x000075850cddefa0, 0x000075850cddf070]
Event: 0.233 Thread 0x000075851c1f55c0 nmethod 839 0x000075850cddf110 code [0x000075850cddf2a0, 0x000075850cddf370]
Event: 0.236 Thread 0x000075851c1f55c0  840       3       java.util.Arrays::asList (9 bytes)
Event: 0.236 Thread 0x000075843c0de930  841       3       java.util.Arrays$ArrayList::<init> (16 bytes)
Event: 0.236 Thread 0x000075843c0de930 nmethod 841 0x0000758505376a90 code [0x0000758505376c60, 0x0000758505377040]
Event: 0.236 Thread 0x000075851c1f55c0 nmethod 840 0x0000758505377190 code [0x0000758505377360, 0x00007585053777e0]
Event: 0.238 Thread 0x000075843c14fee0  842       4       jdk.internal.misc.Unsafe::allocateUninitializedArray (55 bytes)
Event: 0.239 Thread 0x000075843c14fee0 nmethod 842 0x000075850cddf410 code [0x000075850cddf5a0, 0x000075850cddf758]
Event: 0.241 Thread 0x000075843c14fee0  843       4       java.lang.StringConcatHelper::mix (27 bytes)
Event: 0.242 Thread 0x000075843c14fee0 nmethod 843 0x000075850cddf890 code [0x000075850cddfa20, 0x000075850cddfad8]
Event: 0.243 Thread 0x000075843c14fee0  844       4       jdk.internal.misc.Unsafe::allocateUninitializedArray0 (90 bytes)

GC Heap History (2 events):
Event: 0.213 GC heap before
{Heap before GC invocations=0 (full 0):
 garbage-first heap   total 2031616K, used 114612K [0x0000000082000000, 0x0000000800000000)
  region size 16384K, 6 young (98304K), 0 survivors (0K)
 Metaspace       used 4764K, committed 4992K, reserved 1114112K
  class space    used 392K, committed 512K, reserved 1048576K
}
Event: 0.214 GC heap after
{Heap after GC invocations=1 (full 0):
 garbage-first heap   total 2031616K, used 17906K [0x0000000082000000, 0x0000000800000000)
  region size 16384K, 1 young (16384K), 1 survivors (16384K)
 Metaspace       used 4764K, committed 4992K, reserved 1114112K
  class space    used 392K, committed 512K, reserved 1048576K
}

Dll operation events (9 events):
Event: 0.001 Loaded shared library /home/grishberg/.gradle/jdks/eclipse_adoptium-17-amd64-linux/jdk-17.0.19+10/lib/libjava.so
Event: 0.014 Loaded shared library /home/grishberg/.gradle/jdks/eclipse_adoptium-17-amd64-linux/jdk-17.0.19+10/lib/libjsvml.so
Event: 0.021 Loaded shared library /home/grishberg/.gradle/jdks/eclipse_adoptium-17-amd64-linux/jdk-17.0.19+10/lib/libnio.so
Event: 0.022 Loaded shared library /home/grishberg/.gradle/jdks/eclipse_adoptium-17-amd64-linux/jdk-17.0.19+10/lib/libzip.so
Event: 0.054 Loaded shared library /home/grishberg/.gradle/jdks/eclipse_adoptium-17-amd64-linux/jdk-17.0.19+10/lib/libjimage.so
Event: 0.058 Loaded shared library /home/grishberg/.gradle/jdks/eclipse_adoptium-17-amd64-linux/jdk-17.0.19+10/lib/libnet.so
Event: 0.068 Loaded shared library /tmp/manifold3d17298498159524010389/libmanifold.so.3
Event: 0.070 Loaded shared library /tmp/manifold3d17298498159524010389/libmanifoldc.so.3
Event: 0.071 Loaded shared library /tmp/manifold3d17298498159524010389/libmanifold_jni.so

Deoptimization events (20 events):
Event: 0.204 Thread 0x000075841c053770 Uncommon trap: trap_request=0xffffff6e fr.pc=0x000075850cdbc740 relative=0x0000000000000420
Event: 0.204 Thread 0x000075841c053770 Uncommon trap: reason=loop_limit_check action=maybe_recompile pc=0x000075850cdbc740 method=java.lang.StringLatin1.indexOf([BI[BII)I @ 37 c2
Event: 0.204 Thread 0x000075841c053770 DEOPT PACKING pc=0x000075850cdbc740 sp=0x00007584acffe1c0
Event: 0.204 Thread 0x000075841c053770 DEOPT UNPACKING pc=0x000075850c6b5699 sp=0x00007584acffe140 mode 2
Event: 0.239 Thread 0x000075851c4d0130 Uncommon trap: trap_request=0xffffffde fr.pc=0x000075850cddf6a8 relative=0x0000000000000108
Event: 0.239 Thread 0x000075851c4d0130 Uncommon trap: reason=class_check action=maybe_recompile pc=0x000075850cddf6a8 method=jdk.internal.misc.Unsafe.allocateUninitializedArray(Ljava/lang/Class;I)Ljava/lang/Object; @ 51 c2
Event: 0.239 Thread 0x000075851c4d0130 DEOPT PACKING pc=0x000075850cddf6a8 sp=0x00007584ad3fdce0
Event: 0.239 Thread 0x000075851c4d0130 DEOPT UNPACKING pc=0x000075850c6b5699 sp=0x00007584ad3fdc88 mode 2
Event: 0.239 Thread 0x000075851c4d0130 Uncommon trap: trap_request=0xffffffde fr.pc=0x000075850cddf6a8 relative=0x0000000000000108
Event: 0.239 Thread 0x000075851c4d0130 Uncommon trap: reason=class_check action=maybe_recompile pc=0x000075850cddf6a8 method=jdk.internal.misc.Unsafe.allocateUninitializedArray(Ljava/lang/Class;I)Ljava/lang/Object; @ 51 c2
Event: 0.239 Thread 0x000075851c4d0130 DEOPT PACKING pc=0x000075850cddf6a8 sp=0x00007584ad3fdce0
Event: 0.239 Thread 0x000075851c4d0130 DEOPT UNPACKING pc=0x000075850c6b5699 sp=0x00007584ad3fdc88 mode 2
Event: 0.239 Thread 0x000075851c4d0130 Uncommon trap: trap_request=0xffffffde fr.pc=0x000075850cddf6a8 relative=0x0000000000000108
Event: 0.239 Thread 0x000075851c4d0130 Uncommon trap: reason=class_check action=maybe_recompile pc=0x000075850cddf6a8 method=jdk.internal.misc.Unsafe.allocateUninitializedArray(Ljava/lang/Class;I)Ljava/lang/Object; @ 51 c2
Event: 0.239 Thread 0x000075851c4d0130 DEOPT PACKING pc=0x000075850cddf6a8 sp=0x00007584ad3fdce0
Event: 0.239 Thread 0x000075851c4d0130 DEOPT UNPACKING pc=0x000075850c6b5699 sp=0x00007584ad3fdc88 mode 2
Event: 0.239 Thread 0x000075851c4d0130 Uncommon trap: trap_request=0xffffffde fr.pc=0x000075850cddf6a8 relative=0x0000000000000108
Event: 0.239 Thread 0x000075851c4d0130 Uncommon trap: reason=class_check action=maybe_recompile pc=0x000075850cddf6a8 method=jdk.internal.misc.Unsafe.allocateUninitializedArray(Ljava/lang/Class;I)Ljava/lang/Object; @ 51 c2
Event: 0.239 Thread 0x000075851c4d0130 DEOPT PACKING pc=0x000075850cddf6a8 sp=0x00007584ad3fdde0
Event: 0.239 Thread 0x000075851c4d0130 DEOPT UNPACKING pc=0x000075850c6b5699 sp=0x00007584ad3fdd88 mode 2

Classes loaded (20 events):
Event: 0.096 Loading class java/util/concurrent/atomic/AtomicIntegerFieldUpdater$AtomicIntegerFieldUpdaterImpl
Event: 0.096 Loading class java/util/concurrent/atomic/AtomicIntegerFieldUpdater$AtomicIntegerFieldUpdaterImpl done
Event: 0.096 Loading class java/util/concurrent/atomic/AtomicIntegerFieldUpdater$AtomicIntegerFieldUpdaterImpl$1
Event: 0.096 Loading class java/util/concurrent/atomic/AtomicIntegerFieldUpdater$AtomicIntegerFieldUpdaterImpl$1 done
Event: 0.096 Loading class java/util/concurrent/atomic/AtomicReferenceFieldUpdater
Event: 0.096 Loading class java/util/concurrent/atomic/AtomicReferenceFieldUpdater done
Event: 0.096 Loading class java/util/concurrent/atomic/AtomicReferenceFieldUpdater$AtomicReferenceFieldUpdaterImpl
Event: 0.096 Loading class java/util/concurrent/atomic/AtomicReferenceFieldUpdater$AtomicReferenceFieldUpdaterImpl done
Event: 0.096 Loading class java/util/concurrent/atomic/AtomicReferenceFieldUpdater$AtomicReferenceFieldUpdaterImpl$1
Event: 0.096 Loading class java/util/concurrent/atomic/AtomicReferenceFieldUpdater$AtomicReferenceFieldUpdaterImpl$1 done
Event: 0.096 Loading class java/util/concurrent/atomic/AtomicReferenceArray
Event: 0.096 Loading class java/util/concurrent/atomic/AtomicReferenceArray done
Event: 0.107 Loading class java/lang/NoSuchFieldError
Event: 0.107 Loading class java/lang/NoSuchFieldError done
Event: 0.113 Loading class java/lang/StrictMath
Event: 0.113 Loading class java/lang/StrictMath done
Event: 0.127 Loading class java/util/concurrent/CancellationException
Event: 0.127 Loading class java/util/concurrent/CancellationException done
Event: 0.139 Loading class java/util/Collections$SingletonList
Event: 0.139 Loading class java/util/Collections$SingletonList done

Classes unloaded (0 events):
No events

Classes redefined (0 events):
No events

Internal exceptions (4 events):
Event: 0.057 Thread 0x000075851c02aac0 Exception <a 'sun/nio/fs/UnixException'{0x00000000fb1889f8}> (0x00000000fb1889f8) 
thrown [src/hotspot/share/prims/jni.cpp, line 516]
Event: 0.069 Thread 0x000075851c02aac0 Exception <a 'sun/nio/fs/UnixException'{0x00000000fb1926f0}> (0x00000000fb1926f0) 
thrown [src/hotspot/share/prims/jni.cpp, line 516]
Event: 0.070 Thread 0x000075851c02aac0 Exception <a 'sun/nio/fs/UnixException'{0x00000000fb1a4df0}> (0x00000000fb1a4df0) 
thrown [src/hotspot/share/prims/jni.cpp, line 516]
Event: 0.205 Thread 0x000075841c053770 Exception <a 'java/lang/NoSuchMethodError'{0x00000000f67b1480}: 'java.lang.Object java.lang.invoke.DirectMethodHandle$Holder.newInvokeSpecial(java.lang.Object, java.lang.Object, java.lang.Object, java.lang.Object, java.lang.Object, java.lang.Object)'> (0x00000000f67b1480) 
thrown [src/hotspot/share/interpreter/linkResolver.cpp, line 758]

VM Operations (2 events):
Event: 0.212 Executing VM operation: G1CollectForAllocation
Event: 0.214 Executing VM operation: G1CollectForAllocation done

Memory protections (20 events):
Event: 0.001 Protecting memory [0x0000758521100000,0x0000758521104000] with protection modes 0
Event: 0.015 Protecting memory [0x00007584bcacc000,0x00007584bcad0000] with protection modes 0
Event: 0.015 Protecting memory [0x00007584bc9cc000,0x00007584bc9d0000] with protection modes 0
Event: 0.017 Protecting memory [0x00007584bc300000,0x00007584bc304000] with protection modes 0
Event: 0.017 Protecting memory [0x00007584bc200000,0x00007584bc204000] with protection modes 0
Event: 0.017 Protecting memory [0x00007584bc100000,0x00007584bc104000] with protection modes 0
Event: 0.017 Protecting memory [0x00007584bc000000,0x00007584bc004000] with protection modes 0
Event: 0.017 Protecting memory [0x00007584adf00000,0x00007584adf04000] with protection modes 0
Event: 0.017 Protecting memory [0x00007584ade00000,0x00007584ade04000] with protection modes 0
Event: 0.019 Protecting memory [0x00007584add00000,0x00007584add04000] with protection modes 0
Event: 0.020 Protecting memory [0x00007584adaff000,0x00007584adb03000] with protection modes 0
Event: 0.043 Protecting memory [0x00007584ad9ff000,0x00007584ada03000] with protection modes 0
Event: 0.102 Protecting memory [0x00007584ad500000,0x00007584ad504000] with protection modes 0
Event: 0.126 Protecting memory [0x00007584ad400000,0x00007584ad404000] with protection modes 0
Event: 0.126 Protecting memory [0x00007584ad300000,0x00007584ad304000] with protection modes 0
Event: 0.133 Protecting memory [0x00007584ad200000,0x00007584ad204000] with protection modes 0
Event: 0.133 Protecting memory [0x00007584ad100000,0x00007584ad104000] with protection modes 0
Event: 0.134 Protecting memory [0x00007584ad000000,0x00007584ad004000] with protection modes 0
Event: 0.134 Protecting memory [0x00007584acf00000,0x00007584acf04000] with protection modes 0
Event: 0.205 Protecting memory [0x00007584ace00000,0x00007584ace04000] with protection modes 0

Nmethod flushes (0 events):
No events

Events (20 events):
Event: 0.014 Thread 0x000075851c02aac0 Thread added: 0x000075851c02aac0
Event: 0.015 Thread 0x000075851c02aac0 Thread added: 0x000075851c1e9530
Event: 0.015 Thread 0x000075851c02aac0 Thread added: 0x000075851c1ea910
Event: 0.017 Thread 0x000075851c02aac0 Thread added: 0x000075851c1efea0
Event: 0.017 Thread 0x000075851c02aac0 Thread added: 0x000075851c1f1250
Event: 0.017 Thread 0x000075851c02aac0 Thread added: 0x000075851c1f2660
Event: 0.017 Thread 0x000075851c02aac0 Thread added: 0x000075851c1f4090
Event: 0.017 Thread 0x000075851c02aac0 Thread added: 0x000075851c1f55c0
Event: 0.017 Thread 0x000075851c02aac0 Thread added: 0x000075851c1f6a30
Event: 0.019 Thread 0x000075851c02aac0 Thread added: 0x000075851c1fe730
Event: 0.020 Thread 0x000075851c02aac0 Thread added: 0x000075851c201ec0
Event: 0.043 Thread 0x000075851c1f4090 Thread added: 0x000075843c0de930
Event: 0.101 Thread 0x000075851c1f4090 Thread added: 0x000075843c14fee0
Event: 0.126 Thread 0x000075851c02aac0 Thread added: 0x000075851c4cf500
Event: 0.126 Thread 0x000075851c02aac0 Thread added: 0x000075851c4d0130
Event: 0.133 Thread 0x000075851c4cf500 Thread added: 0x000075841c064c40
Event: 0.133 Thread 0x000075851c4cf500 Thread added: 0x000075841c057150
Event: 0.134 Thread 0x000075851c4cf500 Thread added: 0x000075841c02fcc0
Event: 0.134 Thread 0x000075851c4cf500 Thread added: 0x000075841c053770
Event: 0.205 Thread 0x000075841c053770 Thread added: 0x0000758410020be0


Dynamic libraries:
82000000-fc000000 rw-p 00000000 00:00 0 
fc000000-7fe000000 ---p 00000000 00:00 0 
7fe000000-7fef00000 rw-p 00000000 00:00 0 
7fef00000-7fef75000 rw-p 00c7a000 103:01 75498865                        /home/grishberg/.gradle/jdks/eclipse_adoptium-17-amd64-linux/jdk-17.0.19+10/lib/server/classes.jsa
7fef75000-7ff000000 rw-p 00000000 00:00 0 
7ff000000-7ff078000 rw-p 00c02000 103:01 75498865                        /home/grishberg/.gradle/jdks/eclipse_adoptium-17-amd64-linux/jdk-17.0.19+10/lib/server/classes.jsa
7ff078000-800000000 rw-p 00000000 00:00 0 
5cfd0b15b000-5cfd0b15c000 r--p 00000000 103:01 75498845                  /home/grishberg/.gradle/jdks/eclipse_adoptium-17-amd64-linux/jdk-17.0.19+10/bin/java
5cfd0b15c000-5cfd0b15d000 r-xp 00001000 103:01 75498845                  /home/grishberg/.gradle/jdks/eclipse_adoptium-17-amd64-linux/jdk-17.0.19+10/bin/java
5cfd0b15d000-5cfd0b15e000 r--p 00002000 103:01 75498845                  /home/grishberg/.gradle/jdks/eclipse_adoptium-17-amd64-linux/jdk-17.0.19+10/bin/java
5cfd0b15e000-5cfd0b15f000 r--p 00002000 103:01 75498845                  /home/grishberg/.gradle/jdks/eclipse_adoptium-17-amd64-linux/jdk-17.0.19+10/bin/java
5cfd0b15f000-5cfd0b160000 rw-p 00003000 103:01 75498845                  /home/grishberg/.gradle/jdks/eclipse_adoptium-17-amd64-linux/jdk-17.0.19+10/bin/java
5cfd0dcfa000-5cfd0dd43000 rw-p 00000000 00:00 0                          [heap]
7583d4000000-7583d4021000 rw-p 00000000 00:00 0 
7583d4021000-7583d8000000 ---p 00000000 00:00 0 
7583dc000000-7583dc021000 rw-p 00000000 00:00 0 
7583dc021000-7583e0000000 ---p 00000000 00:00 0 
7583e0000000-7583e0021000 rw-p 00000000 00:00 0 
7583e0021000-7583e4000000 ---p 00000000 00:00 0 
7583e4000000-7583e4021000 rw-p 00000000 00:00 0 
7583e4021000-7583e8000000 ---p 00000000 00:00 0 
7583e8000000-7583e8021000 rw-p 00000000 00:00 0 
7583e8021000-7583ec000000 ---p 00000000 00:00 0 
7583ec000000-7583ec021000 rw-p 00000000 00:00 0 
7583ec021000-7583f0000000 ---p 00000000 00:00 0 
7583f0000000-7583f0021000 rw-p 00000000 00:00 0 
7583f0021000-7583f4000000 ---p 00000000 00:00 0 
7583f4000000-7583f4021000 rw-p 00000000 00:00 0 
7583f4021000-7583f8000000 ---p 00000000 00:00 0 
7583f8000000-7583f8021000 rw-p 00000000 00:00 0 
7583f8021000-7583fc000000 ---p 00000000 00:00 0 
7583fc000000-7583fc021000 rw-p 00000000 00:00 0 
7583fc021000-758400000000 ---p 00000000 00:00 0 
758400000000-758400021000 rw-p 00000000 00:00 0 
758400021000-758404000000 ---p 00000000 00:00 0 
758404000000-758404a11000 rw-p 00000000 00:00 0 
758404a11000-758408000000 ---p 00000000 00:00 0 
758408000000-758408021000 rw-p 00000000 00:00 0 
758408021000-75840c000000 ---p 00000000 00:00 0 
75840c000000-75840c024000 rw-p 00000000 00:00 0 
75840c024000-758410000000 ---p 00000000 00:00 0 
758410000000-7584101ce000 rw-p 00000000 00:00 0 
7584101ce000-758414000000 ---p 00000000 00:00 0 
758414000000-758414145000 rw-p 00000000 00:00 0 
758414145000-758418000000 ---p 00000000 00:00 0 
758418000000-75841809f000 rw-p 00000000 00:00 0 
75841809f000-75841c000000 ---p 00000000 00:00 0 
75841c000000-75841c066000 rw-p 00000000 00:00 0 
75841c066000-758420000000 ---p 00000000 00:00 0 
758420000000-7584205c2000 rw-p 00000000 00:00 0 
7584205c2000-758424000000 ---p 00000000 00:00 0 
758424000000-7584242b1000 rw-p 00000000 00:00 0 
7584242b1000-758428000000 ---p 00000000 00:00 0 
758428000000-7584282a0000 rw-p 00000000 00:00 0 
7584282a0000-75842c000000 ---p 00000000 00:00 0 
75842c000000-75842c021000 rw-p 00000000 00:00 0 
75842c021000-758430000000 ---p 00000000 00:00 0 
758430000000-758430021000 rw-p 00000000 00:00 0 
758430021000-758434000000 ---p 00000000 00:00 0 
758434000000-758434021000 rw-p 00000000 00:00 0 
758434021000-758438000000 ---p 00000000 00:00 0 
758438000000-758438021000 rw-p 00000000 00:00 0 
758438021000-75843c000000 ---p 00000000 00:00 0 
75843c000000-75843c857000 rw-p 00000000 00:00 0 
75843c857000-758440000000 ---p 00000000 00:00 0 
758440000000-758440366000 rw-p 00000000 00:00 0 
758440366000-758444000000 ---p 00000000 00:00 0 
758444000000-758444021000 rw-p 00000000 00:00 0 
758444021000-758448000000 ---p 00000000 00:00 0 
758448000000-758448021000 rw-p 00000000 00:00 0 
758448021000-75844c000000 ---p 00000000 00:00 0 
75844c000000-75844c021000 rw-p 00000000 00:00 0 
75844c021000-758450000000 ---p 00000000 00:00 0 
758450000000-758450021000 rw-p 00000000 00:00 0 
758450021000-758454000000 ---p 00000000 00:00 0 
758454000000-758454021000 rw-p 00000000 00:00 0 
758454021000-758458000000 ---p 00000000 00:00 0 
75845ad6e000-75845b190000 rw-p 00000000 00:00 0 
75845b190000-75845b400000 ---p 00000000 00:00 0 
75845b400000-75845b6e0000 rw-p 00000000 00:00 0 
75845b6e0000-75845f000000 ---p 00000000 00:00 0 
75845f000000-75845fbca000 rw-p 00001000 103:01 75498865                  /home/grishberg/.gradle/jdks/eclipse_adoptium-17-amd64-linux/jdk-17.0.19+10/lib/server/classes.jsa
75845fbca000-758460000000 ---p 00000000 00:00 0 
758460000000-758460040000 rw-p 00000000 00:00 0 
758460040000-758460070000 rw-p 00000000 00:00 0 
758460070000-758460080000 ---p 00000000 00:00 0 
758460080000-758460090000 rw-p 00000000 00:00 0 
758460090000-7584a0000000 ---p 00000000 00:00 0 
7584a0000000-7584a0021000 rw-p 00000000 00:00 0 
7584a0021000-7584a4000000 ---p 00000000 00:00 0 
7584a4000000-7584a4021000 rw-p 00000000 00:00 0 
7584a4021000-7584a8000000 ---p 00000000 00:00 0 
7584a8000000-7584a8021000 rw-p 00000000 00:00 0 
7584a8021000-7584ac000000 ---p 00000000 00:00 0 
7584ac09e000-7584ac1f4000 rw-p 00000000 00:00 0 
7584ac1f4000-7584ac1f5000 ---p 00000000 00:00 0 
7584ac1f5000-7584ac2f5000 rw-p 00000000 00:00 0 
7584ac2f5000-7584ac2f6000 ---p 00000000 00:00 0 
7584ac2f6000-7584ac3f6000 rw-p 00000000 00:00 0 
7584ac3f6000-7584ac3f7000 ---p 00000000 00:00 0 
7584ac3f7000-7584ac4f7000 rw-p 00000000 00:00 0 
7584ac4f7000-7584ac4f8000 ---p 00000000 00:00 0 
7584ac4f8000-7584ac5f8000 rw-p 00000000 00:00 0 
7584ac5f8000-7584ac5f9000 ---p 00000000 00:00 0 
7584ac5f9000-7584ac6f9000 rw-p 00000000 00:00 0 
7584ac6f9000-7584ac6fa000 ---p 00000000 00:00 0 
7584ac6fa000-7584ac7fa000 rw-p 00000000 00:00 0 
7584ac7fa000-7584ac7fb000 ---p 00000000 00:00 0 
7584ac7fb000-7584ac8fb000 rw-p 00000000 00:00 0 
7584ac8fb000-7584ac8fc000 ---p 00000000 00:00 0 
7584ac8fc000-7584ac9fc000 rw-p 00000000 00:00 0 
7584ac9fc000-7584ac9fd000 ---p 00000000 00:00 0 
7584ac9fd000-7584acafd000 rw-p 00000000 00:00 0 
7584acafd000-7584acafe000 ---p 00000000 00:00 0 
7584acafe000-7584acbfe000 rw-p 00000000 00:00 0 
7584acbfe000-7584acbff000 ---p 00000000 00:00 0 
7584acbff000-7584accff000 rw-p 00000000 00:00 0 
7584accff000-7584acd00000 ---p 00000000 00:00 0 
7584acd00000-7584ace00000 rw-p 00000000 00:00 0 
7584ace00000-7584ace04000 ---p 00000000 00:00 0 
7584ace04000-7584acf00000 rw-p 00000000 00:00 0 
7584acf00000-7584acf04000 ---p 00000000 00:00 0 
7584acf04000-7584ad000000 rw-p 00000000 00:00 0 
7584ad000000-7584ad004000 ---p 00000000 00:00 0 
7584ad004000-7584ad100000 rw-p 00000000 00:00 0 
7584ad100000-7584ad104000 ---p 00000000 00:00 0 
7584ad104000-7584ad200000 rw-p 00000000 00:00 0 
7584ad200000-7584ad204000 ---p 00000000 00:00 0 
7584ad204000-7584ad300000 rw-p 00000000 00:00 0 
7584ad300000-7584ad304000 ---p 00000000 00:00 0 
7584ad304000-7584ad400000 rw-p 00000000 00:00 0 
7584ad400000-7584ad404000 ---p 00000000 00:00 0 
7584ad404000-7584ad500000 rw-p 00000000 00:00 0 
7584ad500000-7584ad504000 ---p 00000000 00:00 0 
7584ad504000-7584ad600000 rw-p 00000000 00:00 0 
7584ad600000-7584ad69d000 r--p 00000000 103:01 90443236                  /usr/lib/x86_64-linux-gnu/libstdc++.so.6.0.33
7584ad69d000-7584ad7e5000 r-xp 0009d000 103:01 90443236                  /usr/lib/x86_64-linux-gnu/libstdc++.so.6.0.33
7584ad7e5000-7584ad86c000 r--p 001e5000 103:01 90443236                  /usr/lib/x86_64-linux-gnu/libstdc++.so.6.0.33
7584ad86c000-7584ad877000 r--p 0026b000 103:01 90443236                  /usr/lib/x86_64-linux-gnu/libstdc++.so.6.0.33
7584ad877000-7584ad87a000 rw-p 00276000 103:01 90443236                  /usr/lib/x86_64-linux-gnu/libstdc++.so.6.0.33
7584ad87a000-7584ad87e000 rw-p 00000000 00:00 0 
7584ad89a000-7584ad8c1000 r--p 00000000 103:01 51524701                  /tmp/manifold3d17298498159524010389/libmanifold.so.3
7584ad8c1000-7584ad9dd000 r-xp 00027000 103:01 51524701                  /tmp/manifold3d17298498159524010389/libmanifold.so.3
7584ad9dd000-7584ad9fc000 r--p 00143000 103:01 51524701                  /tmp/manifold3d17298498159524010389/libmanifold.so.3
7584ad9fc000-7584ad9fd000 r--p 00162000 103:01 51524701                  /tmp/manifold3d17298498159524010389/libmanifold.so.3
7584ad9fd000-7584ad9ff000 rw-p 00163000 103:01 51524701                  /tmp/manifold3d17298498159524010389/libmanifold.so.3
7584ad9ff000-7584ada03000 ---p 00000000 00:00 0 
7584ada03000-7584adaff000 rw-p 00000000 00:00 0 
7584adaff000-7584adb03000 ---p 00000000 00:00 0 
7584adb03000-7584adbff000 rw-p 00000000 00:00 0 
7584adbff000-7584adc00000 ---p 00000000 00:00 0 
7584adc00000-7584add00000 rw-p 00000000 00:00 0 
7584add00000-7584add04000 ---p 00000000 00:00 0 
7584add04000-7584ade00000 rw-p 00000000 00:00 0 
7584ade00000-7584ade04000 ---p 00000000 00:00 0 
7584ade04000-7584adf00000 rw-p 00000000 00:00 0 
7584adf00000-7584adf04000 ---p 00000000 00:00 0 
7584adf04000-7584ae000000 rw-p 00000000 00:00 0 
7584ae000000-7584b0021000 rw-p 00000000 00:00 0 
7584b0021000-7584b4000000 ---p 00000000 00:00 0 
7584b4000000-7584b4021000 rw-p 00000000 00:00 0 
7584b4021000-7584b8000000 ---p 00000000 00:00 0 
7584b8000000-7584b8021000 rw-p 00000000 00:00 0 
7584b8021000-7584bc004000 ---p 00000000 00:00 0 
7584bc004000-7584bc100000 rw-p 00000000 00:00 0 
7584bc100000-7584bc104000 ---p 00000000 00:00 0 
7584bc104000-7584bc200000 rw-p 00000000 00:00 0 
7584bc200000-7584bc204000 ---p 00000000 00:00 0 
7584bc204000-7584bc300000 rw-p 00000000 00:00 0 
7584bc300000-7584bc304000 ---p 00000000 00:00 0 
7584bc304000-7584bc400000 rw-p 00000000 00:00 0 
7584bc400000-7584bc975000 r--p 00000000 103:01 90475490                  /usr/lib/locale/locale-archive
7584bc976000-7584bc982000 r--p 00000000 103:01 51524702                  /tmp/manifold3d17298498159524010389/libmanifoldc.so.3
7584bc982000-7584bc995000 r-xp 0000c000 103:01 51524702                  /tmp/manifold3d17298498159524010389/libmanifoldc.so.3
7584bc995000-7584bc99c000 r--p 0001f000 103:01 51524702                  /tmp/manifold3d17298498159524010389/libmanifoldc.so.3
7584bc99c000-7584bc99d000 r--p 00025000 103:01 51524702                  /tmp/manifold3d17298498159524010389/libmanifoldc.so.3
7584bc99d000-7584bc99e000 rw-p 00026000 103:01 51524702                  /tmp/manifold3d17298498159524010389/libmanifoldc.so.3
7584bc99e000-7584bc9a2000 r--p 00000000 103:01 90443244                  /usr/lib/x86_64-linux-gnu/libgcc_s.so.1
7584bc9a2000-7584bc9c6000 r-xp 00004000 103:01 90443244                  /usr/lib/x86_64-linux-gnu/libgcc_s.so.1
7584bc9c6000-7584bc9ca000 r--p 00028000 103:01 90443244                  /usr/lib/x86_64-linux-gnu/libgcc_s.so.1
7584bc9ca000-7584bc9cb000 r--p 0002b000 103:01 90443244                  /usr/lib/x86_64-linux-gnu/libgcc_s.so.1
7584bc9cb000-7584bc9cc000 rw-p 0002c000 103:01 90443244                  /usr/lib/x86_64-linux-gnu/libgcc_s.so.1
7584bc9cc000-7584bc9d0000 ---p 00000000 00:00 0 
7584bc9d0000-7584bcacc000 rw-p 00000000 00:00 0 
7584bcacc000-7584bcad0000 ---p 00000000 00:00 0 
7584bcad0000-7584bcbcc000 rw-p 00000000 00:00 0 
7584bcbcc000-7584bcbcd000 ---p 00000000 00:00 0 
7584bcbcd000-7584bcccd000 rw-p 00000000 00:00 0 
7584bcccd000-7584bccd2000 r--p 00000000 103:01 75498881                  /home/grishberg/.gradle/jdks/eclipse_adoptium-17-amd64-linux/jdk-17.0.19+10/lib/libjsvml.so
7584bccd2000-7584bcd13000 r-xp 00005000 103:01 75498881                  /home/grishberg/.gradle/jdks/eclipse_adoptium-17-amd64-linux/jdk-17.0.19+10/lib/libjsvml.so
7584bcd13000-7584bcd9c000 r--p 00046000 103:01 75498881                  /home/grishberg/.gradle/jdks/eclipse_adoptium-17-amd64-linux/jdk-17.0.19+10/lib/libjsvml.so
7584bcd9c000-7584bcd9d000 r--p 000ce000 103:01 75498881                  /home/grishberg/.gradle/jdks/eclipse_adoptium-17-amd64-linux/jdk-17.0.19+10/lib/libjsvml.so
7584bcd9d000-7584bcd9e000 rw-p 000cf000 103:01 75498881                  /home/grishberg/.gradle/jdks/eclipse_adoptium-17-amd64-linux/jdk-17.0.19+10/lib/libjsvml.so
7584bcd9e000-7584bce1f000 rw-p 00000000 00:00 0 
7584bce1f000-7584bce20000 ---p 00000000 00:00 0 
7584bce20000-7584bcf20000 rw-p 00000000 00:00 0 
7584bcf20000-7584bcf21000 ---p 00000000 00:00 0 
7584bcf21000-7584bd021000 rw-p 00000000 00:00 0 
7584bd021000-7584bdd2e000 rw-p 00000000 00:00 0 
7584bdd2e000-7584bdd2f000 ---p 00000000 00:00 0 
7584bdd2f000-7584bde2f000 rw-p 00000000 00:00 0 
7584bde2f000-7584bde30000 ---p 00000000 00:00 0 
7584bde30000-7584bdf30000 rw-p 00000000 00:00 0 
7584bdf30000-7584bfdb0000 rw-p 00000000 00:00 0 
7584bfdb0000-7584dbe30000 ---p 00000000 00:00 0 
7584dbe30000-7584ddd30000 rw-p 00000000 00:00 0 
7584ddd30000-7584f9db0000 ---p 00000000 00:00 0 
7584f9db0000-7584fa200000 rw-p 00000000 00:00 0 
7584fa200000-7584fda10000 ---p 00000000 00:00 0 
7584fda10000-7584fddf0000 rw-p 00000000 00:00 0 
7584fddf0000-758501600000 ---p 00000000 00:00 0 
758501600000-7585019e0000 rw-p 00000000 00:00 0 
7585019e0000-7585051f0000 ---p 00000000 00:00 0 
7585051f0000-758505200000 rw-p 00000000 00:00 0 
758505200000-758505470000 rwxp 00000000 00:00 0 
758505470000-75850c65f000 ---p 00000000 00:00 0 
75850c65f000-75850c8cf000 rwxp 00000000 00:00 0 
75850c8cf000-75850cda0000 ---p 00000000 00:00 0 
75850cda0000-75850d010000 rwxp 00000000 00:00 0 
75850d010000-758514200000 ---p 00000000 00:00 0 
758514200000-75851be3b000 r--s 00000000 103:01 75498899                  /home/grishberg/.gradle/jdks/eclipse_adoptium-17-amd64-linux/jdk-17.0.19+10/lib/modules
75851be54000-75851be56000 r--p 00000000 103:01 75498880                  /home/grishberg/.gradle/jdks/eclipse_adoptium-17-amd64-linux/jdk-17.0.19+10/lib/libzip.so
75851be56000-75851be69000 r-xp 00002000 103:01 75498880                  /home/grishberg/.gradle/jdks/eclipse_adoptium-17-amd64-linux/jdk-17.0.19+10/lib/libzip.so
75851be69000-75851be70000 r--p 00015000 103:01 75498880                  /home/grishberg/.gradle/jdks/eclipse_adoptium-17-amd64-linux/jdk-17.0.19+10/lib/libzip.so
75851be70000-75851be71000 ---p 0001c000 103:01 75498880                  /home/grishberg/.gradle/jdks/eclipse_adoptium-17-amd64-linux/jdk-17.0.19+10/lib/libzip.so
75851be71000-75851be72000 r--p 0001c000 103:01 75498880                  /home/grishberg/.gradle/jdks/eclipse_adoptium-17-amd64-linux/jdk-17.0.19+10/lib/libzip.so
75851be72000-75851be73000 rw-p 0001d000 103:01 75498880                  /home/grishberg/.gradle/jdks/eclipse_adoptium-17-amd64-linux/jdk-17.0.19+10/lib/libzip.so
75851be73000-75851beff000 rw-p 00000000 00:00 0 
75851beff000-75851bf00000 ---p 00000000 00:00 0 
75851bf00000-75851c000000 rw-p 00000000 00:00 0 
75851c000000-75851c4e2000 rw-p 00000000 00:00 0 
75851c4e2000-758520000000 ---p 00000000 00:00 0 
758520001000-758520042000 rw-p 00000000 00:00 0 
75852004a000-75852004e000 r--p 00000000 103:01 75498890                  /home/grishberg/.gradle/jdks/eclipse_adoptium-17-amd64-linux/jdk-17.0.19+10/lib/libnet.so
75852004e000-75852005c000 r-xp 00004000 103:01 75498890                  /home/grishberg/.gradle/jdks/eclipse_adoptium-17-amd64-linux/jdk-17.0.19+10/lib/libnet.so
75852005c000-758520060000 r--p 00012000 103:01 75498890                  /home/grishberg/.gradle/jdks/eclipse_adoptium-17-amd64-linux/jdk-17.0.19+10/lib/libnet.so
758520060000-758520061000 r--p 00015000 103:01 75498890                  /home/grishberg/.gradle/jdks/eclipse_adoptium-17-amd64-linux/jdk-17.0.19+10/lib/libnet.so
758520061000-758520062000 rw-p 00016000 103:01 75498890                  /home/grishberg/.gradle/jdks/eclipse_adoptium-17-amd64-linux/jdk-17.0.19+10/lib/libnet.so
758520062000-758520069000 r--p 00000000 103:01 75498910                  /home/grishberg/.gradle/jdks/eclipse_adoptium-17-amd64-linux/jdk-17.0.19+10/lib/libnio.so
758520069000-758520072000 r-xp 00007000 103:01 75498910                  /home/grishberg/.gradle/jdks/eclipse_adoptium-17-amd64-linux/jdk-17.0.19+10/lib/libnio.so
758520072000-758520076000 r--p 00010000 103:01 75498910                  /home/grishberg/.gradle/jdks/eclipse_adoptium-17-amd64-linux/jdk-17.0.19+10/lib/libnio.so
758520076000-758520077000 ---p 00014000 103:01 75498910                  /home/grishberg/.gradle/jdks/eclipse_adoptium-17-amd64-linux/jdk-17.0.19+10/lib/libnio.so
758520077000-758520078000 r--p 00014000 103:01 75498910                  /home/grishberg/.gradle/jdks/eclipse_adoptium-17-amd64-linux/jdk-17.0.19+10/lib/libnio.so
758520078000-758520079000 rw-p 00015000 103:01 75498910                  /home/grishberg/.gradle/jdks/eclipse_adoptium-17-amd64-linux/jdk-17.0.19+10/lib/libnio.so
758520079000-758520f33000 rw-p 00000000 00:00 0 
758520f33000-758521017000 ---p 00000000 00:00 0 
758521017000-75852101c000 rw-p 00000000 00:00 0 
75852101c000-758521100000 ---p 00000000 00:00 0 
758521100000-758521104000 ---p 00000000 00:00 0 
758521104000-758521200000 rw-p 00000000 00:00 0 
758521200000-758521453000 r--p 00000000 103:01 75498866                  /home/grishberg/.gradle/jdks/eclipse_adoptium-17-amd64-linux/jdk-17.0.19+10/lib/server/libjvm.so
758521453000-75852217b000 r-xp 00253000 103:01 75498866                  /home/grishberg/.gradle/jdks/eclipse_adoptium-17-amd64-linux/jdk-17.0.19+10/lib/server/libjvm.so
75852217b000-758522408000 r--p 00f7b000 103:01 75498866                  /home/grishberg/.gradle/jdks/eclipse_adoptium-17-amd64-linux/jdk-17.0.19+10/lib/server/libjvm.so
758522408000-758522409000 ---p 01208000 103:01 75498866                  /home/grishberg/.gradle/jdks/eclipse_adoptium-17-amd64-linux/jdk-17.0.19+10/lib/server/libjvm.so
758522409000-7585224c2000 r--p 01208000 103:01 75498866                  /home/grishberg/.gradle/jdks/eclipse_adoptium-17-amd64-linux/jdk-17.0.19+10/lib/server/libjvm.so
7585224c2000-7585224f7000 rw-p 012c1000 103:01 75498866                  /home/grishberg/.gradle/jdks/eclipse_adoptium-17-amd64-linux/jdk-17.0.19+10/lib/server/libjvm.so
7585224f7000-758522552000 rw-p 00000000 00:00 0 
758522553000-758522558000 r--p 00000000 103:01 51524705                  /tmp/manifold3d17298498159524010389/libmanifold_jni.so
758522558000-75852255b000 r-xp 00005000 103:01 51524705                  /tmp/manifold3d17298498159524010389/libmanifold_jni.so
75852255b000-75852255c000 r--p 00008000 103:01 51524705                  /tmp/manifold3d17298498159524010389/libmanifold_jni.so
75852255c000-75852255d000 r--p 00009000 103:01 51524705                  /tmp/manifold3d17298498159524010389/libmanifold_jni.so
75852255d000-75852255e000 rw-p 0000a000 103:01 51524705                  /tmp/manifold3d17298498159524010389/libmanifold_jni.so
75852255e000-7585225d6000 rw-p 00000000 00:00 0 
7585225d6000-7585225e4000 r--p 00000000 103:01 75498920                  /home/grishberg/.gradle/jdks/eclipse_adoptium-17-amd64-linux/jdk-17.0.19+10/lib/libjava.so
7585225e4000-7585225f6000 r-xp 0000e000 103:01 75498920                  /home/grishberg/.gradle/jdks/eclipse_adoptium-17-amd64-linux/jdk-17.0.19+10/lib/libjava.so
7585225f6000-7585225fc000 r--p 00020000 103:01 75498920                  /home/grishberg/.gradle/jdks/eclipse_adoptium-17-amd64-linux/jdk-17.0.19+10/lib/libjava.so
7585225fc000-7585225fd000 ---p 00026000 103:01 75498920                  /home/grishberg/.gradle/jdks/eclipse_adoptium-17-amd64-linux/jdk-17.0.19+10/lib/libjava.so
7585225fd000-7585225fe000 r--p 00026000 103:01 75498920                  /home/grishberg/.gradle/jdks/eclipse_adoptium-17-amd64-linux/jdk-17.0.19+10/lib/libjava.so
7585225fe000-7585225ff000 rw-p 00027000 103:01 75498920                  /home/grishberg/.gradle/jdks/eclipse_adoptium-17-amd64-linux/jdk-17.0.19+10/lib/libjava.so
7585225ff000-758522600000 rw-p 00000000 00:00 0 
758522600000-758522628000 r--p 00000000 103:01 90442148                  /usr/lib/x86_64-linux-gnu/libc.so.6
758522628000-7585227b0000 r-xp 00028000 103:01 90442148                  /usr/lib/x86_64-linux-gnu/libc.so.6
7585227b0000-7585227ff000 r--p 001b0000 103:01 90442148                  /usr/lib/x86_64-linux-gnu/libc.so.6
7585227ff000-758522803000 r--p 001fe000 103:01 90442148                  /usr/lib/x86_64-linux-gnu/libc.so.6
758522803000-758522805000 rw-p 00202000 103:01 90442148                  /usr/lib/x86_64-linux-gnu/libc.so.6
758522805000-758522812000 rw-p 00000000 00:00 0 
75852281c000-758522821000 rw-p 00000000 00:00 0 
758522821000-75852282b000 ---p 00000000 00:00 0 
75852282b000-75852282f000 r--p 00000000 103:01 75498904                  /home/grishberg/.gradle/jdks/eclipse_adoptium-17-amd64-linux/jdk-17.0.19+10/lib/libjimage.so
75852282f000-758522842000 r-xp 00004000 103:01 75498904                  /home/grishberg/.gradle/jdks/eclipse_adoptium-17-amd64-linux/jdk-17.0.19+10/lib/libjimage.so
758522842000-758522848000 r--p 00017000 103:01 75498904                  /home/grishberg/.gradle/jdks/eclipse_adoptium-17-amd64-linux/jdk-17.0.19+10/lib/libjimage.so
758522848000-75852284a000 r--p 0001c000 103:01 75498904                  /home/grishberg/.gradle/jdks/eclipse_adoptium-17-amd64-linux/jdk-17.0.19+10/lib/libjimage.so
75852284a000-75852284b000 rw-p 0001e000 103:01 75498904                  /home/grishberg/.gradle/jdks/eclipse_adoptium-17-amd64-linux/jdk-17.0.19+10/lib/libjimage.so
75852284b000-75852285b000 r--p 00000000 103:01 90442151                  /usr/lib/x86_64-linux-gnu/libm.so.6
75852285b000-7585228da000 r-xp 00010000 103:01 90442151                  /usr/lib/x86_64-linux-gnu/libm.so.6
7585228da000-758522932000 r--p 0008f000 103:01 90442151                  /usr/lib/x86_64-linux-gnu/libm.so.6
758522932000-758522933000 r--p 000e7000 103:01 90442151                  /usr/lib/x86_64-linux-gnu/libm.so.6
758522933000-758522934000 rw-p 000e8000 103:01 90442151                  /usr/lib/x86_64-linux-gnu/libm.so.6
758522934000-758522935000 r--p 00000000 103:01 90442162                  /usr/lib/x86_64-linux-gnu/librt.so.1
758522935000-758522936000 r-xp 00001000 103:01 90442162                  /usr/lib/x86_64-linux-gnu/librt.so.1
758522936000-758522937000 r--p 00002000 103:01 90442162                  /usr/lib/x86_64-linux-gnu/librt.so.1
758522937000-758522938000 r--p 00002000 103:01 90442162                  /usr/lib/x86_64-linux-gnu/librt.so.1
758522938000-758522939000 rw-p 00003000 103:01 90442162                  /usr/lib/x86_64-linux-gnu/librt.so.1
758522939000-75852293b000 rw-p 00000000 00:00 0 
75852293b000-75852293c000 r--p 00000000 103:01 90442150                  /usr/lib/x86_64-linux-gnu/libdl.so.2
75852293c000-75852293d000 r-xp 00001000 103:01 90442150                  /usr/lib/x86_64-linux-gnu/libdl.so.2
75852293d000-75852293e000 r--p 00002000 103:01 90442150                  /usr/lib/x86_64-linux-gnu/libdl.so.2
75852293e000-75852293f000 r--p 00002000 103:01 90442150                  /usr/lib/x86_64-linux-gnu/libdl.so.2
75852293f000-758522940000 rw-p 00003000 103:01 90442150                  /usr/lib/x86_64-linux-gnu/libdl.so.2
758522940000-758522941000 r--p 00000000 103:01 90442160                  /usr/lib/x86_64-linux-gnu/libpthread.so.0
758522941000-758522942000 r-xp 00001000 103:01 90442160                  /usr/lib/x86_64-linux-gnu/libpthread.so.0
758522942000-758522943000 r--p 00002000 103:01 90442160                  /usr/lib/x86_64-linux-gnu/libpthread.so.0
758522943000-758522944000 r--p 00002000 103:01 90442160                  /usr/lib/x86_64-linux-gnu/libpthread.so.0
758522944000-758522945000 rw-p 00003000 103:01 90442160                  /usr/lib/x86_64-linux-gnu/libpthread.so.0
758522946000-75852294d000 r--s 00000000 103:01 90442137                  /usr/lib/x86_64-linux-gnu/gconv/gconv-modules.cache
75852294d000-758522955000 rw-s 00000000 103:01 51524699                  /tmp/hsperfdata_grishberg/91981
758522955000-758522956000 ---p 00000000 00:00 0 
758522956000-758522957000 r--p 00000000 00:00 0 
758522957000-758522958000 ---p 00000000 00:00 0 
758522958000-75852295b000 r--p 00000000 103:01 75498874                  /home/grishberg/.gradle/jdks/eclipse_adoptium-17-amd64-linux/jdk-17.0.19+10/lib/libjli.so
75852295b000-75852296b000 r-xp 00003000 103:01 75498874                  /home/grishberg/.gradle/jdks/eclipse_adoptium-17-amd64-linux/jdk-17.0.19+10/lib/libjli.so
75852296b000-758522972000 r--p 00013000 103:01 75498874                  /home/grishberg/.gradle/jdks/eclipse_adoptium-17-amd64-linux/jdk-17.0.19+10/lib/libjli.so
758522972000-758522973000 r--p 00019000 103:01 75498874                  /home/grishberg/.gradle/jdks/eclipse_adoptium-17-amd64-linux/jdk-17.0.19+10/lib/libjli.so
758522973000-758522974000 rw-p 0001a000 103:01 75498874                  /home/grishberg/.gradle/jdks/eclipse_adoptium-17-amd64-linux/jdk-17.0.19+10/lib/libjli.so
758522974000-758522976000 rw-p 00000000 00:00 0 
758522976000-75852297a000 r--p 00000000 00:00 0                          [vvar]
75852297a000-75852297c000 r--p 00000000 00:00 0                          [vvar_vclock]
75852297c000-75852297e000 r-xp 00000000 00:00 0                          [vdso]
75852297e000-75852297f000 r--p 00000000 103:01 90442145                  /usr/lib/x86_64-linux-gnu/ld-linux-x86-64.so.2
75852297f000-7585229aa000 r-xp 00001000 103:01 90442145                  /usr/lib/x86_64-linux-gnu/ld-linux-x86-64.so.2
7585229aa000-7585229b4000 r--p 0002c000 103:01 90442145                  /usr/lib/x86_64-linux-gnu/ld-linux-x86-64.so.2
7585229b4000-7585229b6000 r--p 00036000 103:01 90442145                  /usr/lib/x86_64-linux-gnu/ld-linux-x86-64.so.2
7585229b6000-7585229b8000 rw-p 00038000 103:01 90442145                  /usr/lib/x86_64-linux-gnu/ld-linux-x86-64.so.2
7ffdef5c7000-7ffdef5e9000 rw-p 00000000 00:00 0                          [stack]
ffffffffff600000-ffffffffff601000 --xp 00000000 00:00 0                  [vsyscall]


VM Arguments:
jvm_args: -Djava.library.path=/home/grishberg/projects/java/opengl_kbd_render/cad3d/build/manifold-natives/manifold3d/natives/linux-x86_64 -Dfile.encoding=UTF-8 -Duser.country=US -Duser.language=en -Duser.variant 
java_command: com.github.grishberg.cad3d.cli.CliRunnerKt --model matrix_right
java_class_path (initial): /home/grishberg/projects/java/opengl_kbd_render/cad3d/build/classes/java/main:/home/grishberg/projects/java/opengl_kbd_render/cad3d/build/classes/kotlin/main:/home/grishberg/projects/java/opengl_kbd_render/cad3d/build/resources/main:/home/grishberg/projects/java/opengl_kbd_render/common/build/libs/common-1.0.1.jar:/home/grishberg/projects/java/opengl_kbd_render/kbd_core/build/libs/kbd_core-1.0.1.jar:/home/grishberg/projects/java/opengl_kbd_render/plugin/build/libs/plugin-1.0.jar:/home/grishberg/projects/java/opengl_kbd_render/javascad/build/libs/javascad-1.0.jar:/home/grishberg/projects/java/opengl_kbd_render/libs/manifold3d-3.2.13.jar:/home/grishberg/.gradle/caches/modules-2/files-2.1/org.jetbrains.kotlin/kotlin-stdlib-jdk8/1.9.22/dea0c11e2fa503ab891c8a090e3b54754472975d/kotlin-stdlib-jdk8-1.9.22.jar:/home/grishberg/.gradle/caches/modules-2/files-2.1/org.jetbrains.kotlinx/kotlinx-coroutines-core-jvm/1.8.0/ac1dc37a30a93150b704022f8d895ee1bd3a36b3/kotlinx-coroutines-core-jvm-1.8.0.jar:/home/grishberg/.gradle/caches/modules-2/files-2.1/org.jetbrains.kotlin/kotlin-stdlib-jdk7/1.9.22/c4b17283ad7939e778989663f8301d871987fa5e/kotlin-stdlib-jdk7-1.9.22.jar:/home/grishberg/.gradle/caches/modules-2/files-2.1/org.jetbrains.kotlinx/kotlinx-serialization-core-jvm/1.6.2/384c2492c987f1d92bfa186580de058c284b2ad9/kotlinx-serialization-core-jvm-1.6.2.jar:/home/grishberg/.gradle/caches/modules-2/files-2.1/org.jetbrains.kotlinx/kotlinx-serialization-json-jvm/1.6.2/8f4df208edf91a3012e7a27ccd02f386d4bfc8c6/kotlinx-serialization-json-jvm-1.6.2.jar:/home/grishberg/.gradle/caches/modules-2/files-2.1/org.jetbrains.kotlin/kotlin-stdlib/1.9.22/d6c44cd08d8f3f9bece8101216dbe6553365c6e3/kotlin-stdlib-1.9.22.jar:/home/grishberg/.gradle/caches/modules-2/files-2.1/org.jetbrains/annotations/23.0.0/8cc20c07506ec18e0834947b84a864bfc094484e/annotations-23.0.0.jar
Launcher Type: SUN_STANDARD

[Global flags]
     intx CICompilerCount                          = 12                                        {product} {ergonomic}
     uint ConcGCThreads                            = 3                                         {product} {ergonomic}
     uint G1ConcRefinementThreads                  = 13                                        {product} {ergonomic}
   size_t G1HeapRegionSize                         = 16777216                                  {product} {ergonomic}
    uintx GCDrainStackTargetSize                   = 64                                        {product} {ergonomic}
   size_t InitialHeapSize                          = 2046820352                                {product} {ergonomic}
   size_t MarkStackSize                            = 4194304                                   {product} {ergonomic}
   size_t MaxHeapSize                              = 32178700288                               {product} {ergonomic}
   size_t MaxNewSize                               = 19293798400                               {product} {ergonomic}
   size_t MinHeapDeltaBytes                        = 16777216                                  {product} {ergonomic}
   size_t MinHeapSize                              = 16777216                                  {product} {ergonomic}
    uintx NonNMethodCodeHeapSize                   = 7602480                                {pd product} {ergonomic}
    uintx NonProfiledCodeHeapSize                  = 122027880                              {pd product} {ergonomic}
    uintx ProfiledCodeHeapSize                     = 122027880                              {pd product} {ergonomic}
    uintx ReservedCodeCacheSize                    = 251658240                              {pd product} {ergonomic}
     bool SegmentedCodeCache                       = true                                      {product} {ergonomic}
   size_t SoftMaxHeapSize                          = 32178700288                            {manageable} {ergonomic}
     bool UseCompressedClassPointers               = true                           {product lp64_product} {ergonomic}
     bool UseCompressedOops                        = true                           {product lp64_product} {ergonomic}
     bool UseG1GC                                  = true                                      {product} {ergonomic}

Logging:
Log output configuration:
 #0: stdout all=warning uptime,level,tags
 #1: stderr all=off uptime,level,tags

Environment Variables:
PATH=/home/grishberg/projects/ts/opencode/bot/venv/bin:/home/grishberg/android-sdk/platform-tools:/home/grishberg/.local/bin:/usr/local/sbin:/usr/local/bin:/usr/sbin:/usr/bin:/sbin:/bin:/usr/games:/usr/local/games:/snap/bin:/snap/bin
USERNAME=grishberg
SHELL=/bin/bash
DISPLAY=:0
LANG=en_US.UTF-8

Active Locale:
LC_ALL=en_US.UTF-8
LC_COLLATE=en_US.UTF-8
LC_CTYPE=en_US.UTF-8
LC_MESSAGES=en_US.UTF-8
LC_MONETARY=en_US.UTF-8
LC_NUMERIC=en_US.UTF-8
LC_TIME=en_US.UTF-8

Signal Handlers:
   SIGSEGV: crash_handler in libjvm.so, mask=11100100010111111101111111111110, flags=SA_RESTART|SA_SIGINFO, unblocked
    SIGBUS: crash_handler in libjvm.so, mask=11100100010111111101111111111110, flags=SA_RESTART|SA_SIGINFO, unblocked
    SIGFPE: crash_handler in libjvm.so, mask=11100100010111111101111111111110, flags=SA_RESTART|SA_SIGINFO, unblocked
   SIGPIPE: javaSignalHandler in libjvm.so, mask=11100100010111111101111111111110, flags=SA_RESTART|SA_SIGINFO, blocked
   SIGXFSZ: javaSignalHandler in libjvm.so, mask=11100100010111111101111111111110, flags=SA_RESTART|SA_SIGINFO, blocked
    SIGILL: crash_handler in libjvm.so, mask=11100100010111111101111111111110, flags=SA_RESTART|SA_SIGINFO, unblocked
   SIGUSR2: SR_handler in libjvm.so, mask=00000000000000000000000000000000, flags=SA_RESTART|SA_SIGINFO, blocked
    SIGHUP: UserHandler in libjvm.so, mask=11100100010111111101111111111110, flags=SA_RESTART|SA_SIGINFO, blocked
    SIGINT: UserHandler in libjvm.so, mask=11100100010111111101111111111110, flags=SA_RESTART|SA_SIGINFO, blocked
   SIGTERM: UserHandler in libjvm.so, mask=11100100010111111101111111111110, flags=SA_RESTART|SA_SIGINFO, blocked
   SIGQUIT: UserHandler in libjvm.so, mask=11100100010111111101111111111110, flags=SA_RESTART|SA_SIGINFO, blocked
   SIGTRAP: crash_handler in libjvm.so, mask=11100100010111111101111111111110, flags=SA_RESTART|SA_SIGINFO, unblocked


Periodic native trim disabled


---------------  S Y S T E M  ---------------

OS:
DISTRIB_ID=Ubuntu
DISTRIB_RELEASE=24.04
DISTRIB_CODENAME=noble
DISTRIB_DESCRIPTION="Ubuntu 24.04.4 LTS"
uname: Linux 6.17.0-35-generic #35~24.04.1-Ubuntu SMP PREEMPT_DYNAMIC Tue May 26 19:30:42 UTC 2 x86_64
OS uptime: 0 days 7:05 hours
libc: glibc 2.39 NPTL 2.39 
rlimit (soft/hard): STACK 8192k/infinity , CORE 0k/infinity , NPROC 496841/496841 , NOFILE 1048576/1048576 , AS infinity/infinity , CPU infinity/infinity , DATA infinity/infinity , FSIZE infinity/infinity , MEMLOCK 15919580k/15919580k
load average: 2.83 2.17 1.80

/proc/meminfo:
MemTotal:       127356652 kB
MemFree:        41405644 kB
MemAvailable:   84779232 kB
Buffers:         2909488 kB
Cached:         43477768 kB
SwapCached:            0 kB
Active:         41318736 kB
Inactive:       41186128 kB
Active(anon):   39154524 kB
Inactive(anon):        0 kB
Active(file):    2164212 kB
Inactive(file): 41186128 kB
Unevictable:           0 kB
Mlocked:               0 kB
SwapTotal:       8388604 kB
SwapFree:        8388604 kB
Zswap:                 0 kB
Zswapped:              0 kB
Dirty:             17192 kB
Writeback:             0 kB
AnonPages:      36118300 kB
Mapped:          4231368 kB
Shmem:           3036928 kB
KReclaimable:    1238420 kB
Slab:            1600324 kB
SReclaimable:    1238420 kB
SUnreclaim:       361904 kB
KernelStack:       23200 kB
PageTables:       109596 kB
SecPageTables:      2180 kB
NFS_Unstable:          0 kB
Bounce:                0 kB
WritebackTmp:          0 kB
CommitLimit:    72066928 kB
Committed_AS:   55257920 kB
VmallocTotal:   34359738367 kB
VmallocUsed:      165516 kB
VmallocChunk:          0 kB
Percpu:            15232 kB
HardwareCorrupted:     0 kB
AnonHugePages:         0 kB
ShmemHugePages:        0 kB
ShmemPmdMapped:        0 kB
FileHugePages:    321536 kB
FilePmdMapped:      2048 kB
CmaTotal:              0 kB
CmaFree:               0 kB
Unaccepted:            0 kB
Balloon:               0 kB
HugePages_Total:       0
HugePages_Free:        0
HugePages_Rsvd:        0
HugePages_Surp:        0
Hugepagesize:       2048 kB
Hugetlb:               0 kB
DirectMap4k:      508068 kB
DirectMap2M:    13033472 kB
DirectMap1G:    121634816 kB

/sys/kernel/mm/transparent_hugepage/enabled: always [madvise] never
/sys/kernel/mm/transparent_hugepage/hpage_pmd_size: 2097152
/sys/kernel/mm/transparent_hugepage/defrag (defrag/compaction efforts parameter): always defer defer+madvise [madvise] never

Process Memory:
Virtual Size: 36794180K (peak: 36855688K)
Resident Set Size: 190224K (peak: 190460K) (anon: 166388K, file: 23836K, shmem: 0K)
Swapped out: 0K
C-Heap outstanding allocations: 61727K, retained: 16912K
glibc malloc tunables: (default)

/proc/sys/kernel/threads-max (system-wide limit on the number of threads): 993683
/proc/sys/vm/max_map_count (maximum number of memory map areas a process may have): 1048576
/proc/sys/vm/swappiness (control to define how aggressively the kernel swaps out anonymous memory): 60
/proc/sys/kernel/pid_max (system-wide limit on number of process identifiers): 4194304

container (cgroup) information:
container_type: cgroupv2
cpu_cpuset_cpus: not supported
cpu_memory_nodes: not supported
active_processor_count: 16
cpu_quota: not supported
cpu_period: not supported
cpu_shares: not supported
memory_limit_in_bytes: unlimited
memory_and_swap_limit_in_bytes: unlimited
memory_soft_limit_in_bytes: 0
memory_usage_in_bytes: 78476264 k
memory_max_usage_in_bytes: not supported
rss_usage_in_bytes: 34828376 k
cache_usage_in_bytes: 42567476 k
memory_swap_current_in_bytes: 0
memory_swap_max_limit_in_bytes: unlimited
maximum number of tasks: 149052
current number of tasks: 590

Steal ticks since vm start: 0
Steal ticks percentage since vm start:  0.000

CPU: total 16 (initial active 16) (16 cores per cpu, 2 threads per core) family 25 model 33 stepping 2 microcode 0xa201213, cx8, cmov, fxsr, ht, mmx, 3dnowpref, sse, sse2, sse3, ssse3, sse4a, sse4.1, sse4.2, popcnt, lzcnt, tsc, tscinvbit, avx, avx2, aes, erms, clmul, bmi1, bmi2, adx, sha, fma, vzeroupper, clflush, clflushopt
CPU Model and flags from /proc/cpuinfo:
model name	: AMD Ryzen 7 5800X3D 8-Core Processor
flags		: fpu vme de pse tsc msr pae mce cx8 apic sep mtrr pge mca cmov pat pse36 clflush mmx fxsr sse sse2 ht syscall nx mmxext fxsr_opt pdpe1gb rdtscp lm constant_tsc rep_good nopl xtopology nonstop_tsc cpuid extd_apicid aperfmperf rapl pni pclmulqdq monitor ssse3 fma cx16 sse4_1 sse4_2 x2apic movbe popcnt aes xsave avx f16c rdrand lahf_lm cmp_legacy svm extapic cr8_legacy abm sse4a misalignsse 3dnowprefetch osvw ibs skinit wdt tce topoext perfctr_core perfctr_nb bpext perfctr_llc mwaitx cpb cat_l3 cdp_l3 hw_pstate ssbd mba ibrs ibpb stibp vmmcall fsgsbase bmi1 avx2 smep bmi2 erms invpcid cqm rdt_a rdseed adx smap clflushopt clwb sha_ni xsaveopt xsavec xgetbv1 xsaves cqm_llc cqm_occup_llc cqm_mbm_total cqm_mbm_local user_shstk clzero irperf xsaveerptr rdpru wbnoinvd arat npt lbrv svm_lock nrip_save tsc_scale vmcb_clean flushbyasid decodeassists pausefilter pfthreshold avic v_vmsave_vmload vgif v_spec_ctrl umip pku ospke vaes vpclmulqdq rdpid overflow_recov succor smca fsrm debug_swap

Online cpus: 0-15
Offline cpus: 
BIOS frequency limitation: <Not Available>
Frequency switch latency (ns): 0
Available cpu frequencies: <Not Available>
Current governor: powersave
Core performance/turbo boost: 1

Memory: 4k page, physical 127356652k(41405644k free), swap 8388604k(8388604k free)
Page Sizes: 4k

vm_info: OpenJDK 64-Bit Server VM (17.0.19+10) for linux-amd64 JRE (17.0.19+10), built on Apr 21 2026 00:00:00 by "admin" with gcc 10.3.0

END.
