#
# A fatal error has been detected by the Java Runtime Environment:
#
#  SIGSEGV (0xb) at pc=0x0000766e70a9fff4, pid=82694, tid=82719
#
# JRE version: OpenJDK Runtime Environment Temurin-17.0.19+10 (17.0.19+10) (build 17.0.19+10)
# Java VM: OpenJDK 64-Bit Server VM Temurin-17.0.19+10 (17.0.19+10, mixed mode, sharing, tiered, compressed oops, compressed class ptrs, g1 gc, linux-amd64)
# Problematic frame:
# C  [libc.so.6+0x9fff4]  pthread_mutex_lock+0x4
#
# Core dump will be written. Default location: Core dumps may be processed with "/usr/share/apport/apport -p%p -s%s -c%c -d%d -P%P -u%u -g%g -F%F -- %E" (or dumping to /home/grishberg/projects/java/opengl_kbd_render/cad3d/core.82694)
#
# If you would like to submit a bug report, please visit:
#   https://github.com/adoptium/adoptium-support/issues
# The crash happened outside the Java Virtual Machine in native code.
# See problematic frame for where to report the bug.
#

---------------  S U M M A R Y ------------

Command Line: -Djava.library.path=/home/grishberg/projects/java/opengl_kbd_render/cad3d/build/manifold-natives/manifold3d/natives/linux-x86_64 -Dfile.encoding=UTF-8 -Duser.country=US -Duser.language=en -Duser.variant com.github.grishberg.cad3d.cli.CliRunnerKt --model matrix_right

Host: AMD Ryzen 7 5800X3D 8-Core Processor, 16 cores, 121G, Ubuntu 24.04.4 LTS
Time: Wed Jul 15 14:15:03 2026 MSK elapsed time: 0.275555 seconds (0d 0h 0m 0s)

---------------  T H R E A D  ---------------

Current thread (0x0000766d6005b500):  JavaThread "DefaultDispatcher-worker-3" daemon [_thread_in_native, id=82719, stack(0x0000766e09100000,0x0000766e09200000)]

Stack: [0x0000766e09100000,0x0000766e09200000],  sp=0x0000766e091fd928,  free space=1014k
Native frames: (J=compiled Java code, j=interpreted, Vv=VM code, C=native code)
C  [libc.so.6+0x9fff4]  pthread_mutex_lock+0x4

Java frames: (J=compiled Java code, j=interpreted, Vv=VM code)
J 801  com.cadoodlecad.manifold.ManifoldBindings.jniUnion(JJJ)J (0 bytes) @ 0x0000766e58dd46ef [0x0000766e58dd46a0+0x000000000000004f]
J 857 c1 com.cadoodlecad.manifold.ManifoldBindings.union(JJ)J (13 bytes) @ 0x0000766e51385864 [0x0000766e513857c0+0x00000000000000a4]
J 821 c1 eu.printingin3d.javascad.manifold.Manifold3dEngine.operateNative(JJI)J (113 bytes) @ 0x0000766e5137125c [0x0000766e51371040+0x000000000000021c]
J 824 c1 eu.printingin3d.javascad.manifold.Manifold3dEngine.unionNative(JJ)J (8 bytes) @ 0x0000766e51371f3c [0x0000766e51371ec0+0x000000000000007c]
j  eu.printingin3d.javascad.tranzitions.Union.toInnerNativeMesh(Leu/printingin3d/javascad/vrl/FacetGenerationContext;)J+67
J 798 c1 eu.printingin3d.javascad.models.Abstract3dModel.toNativeMesh(Leu/printingin3d/javascad/vrl/FacetGenerationContext;)J (160 bytes) @ 0x0000766e51367754 [0x0000766e51367080+0x00000000000006d4]
j  eu.printingin3d.javascad.tranzitions.Difference.toInnerNativeMesh(Leu/printingin3d/javascad/vrl/FacetGenerationContext;)J+5
J 798 c1 eu.printingin3d.javascad.models.Abstract3dModel.toNativeMesh(Leu/printingin3d/javascad/vrl/FacetGenerationContext;)J (160 bytes) @ 0x0000766e51367754 [0x0000766e51367080+0x00000000000006d4]
j  com.github.grishberg.cad3d.util.VertexHolderUtilsKt.fromModelNative(Leu/printingin3d/javascad/models/Abstract3dModel;I)Lcom/github/grishberg/cad3d/plugin/VertexHolder;+28
j  com.github.grishberg.cad3d.util.VertexHolderUtilsKt.fromModel(Leu/printingin3d/javascad/models/Abstract3dModel;I)Lcom/github/grishberg/cad3d/plugin/VertexHolder;+8
j  com.github.grishberg.cad3d.keyboard.ModelHolder$Companion.createVertexHolders(Lcom/github/grishberg/cad3d/keyboard/cfg/KeyboardConfig;Leu/printingin3d/javascad/models/Abstract3dModel;Ljava/util/List;)Ljava/util/List;+101
j  com.github.grishberg.cad3d.keyboard.ModelHolder.<init>(Lcom/github/grishberg/cad3d/keyboard/cfg/KeyboardConfig;Leu/printingin3d/javascad/models/Abstract3dModel;[Leu/printingin3d/javascad/models/Abstract3dModel;)V+29
j  com.github.grishberg.cad3d.KeyboardBuilder.createCaseModel(Lcom/github/grishberg/cad3d/keyboard/cfg/KeyboardConfig;Lcom/github/grishberg/cad3d/keyboard/KeyPlace;Lcom/github/grishberg/cad3d/keyboard/ThumbKeyPlace;Lcom/github/grishberg/cad3d/keyboard/screws/ScrewWallPlaces;Lcom/github/grishberg/cad3d/keyboard/casebody/Walls;Lcom/github/grishberg/cad3d/keyboard/casebody/controllers/ControllerPlace;Lcom/github/grishberg/cad3d/keyboard/casebody/controllers/SwitcherPlace;Lcom/github/grishberg/cad3d/keyboard/casebody/controllers/ControllerFactory;Lcom/github/grishberg/cad3d/keyboard/casebody/controllers/switcher/SwitcherFactory;Lcom/github/grishberg/cad3d/keyboard/casebody/controllers/Controller;Lcom/github/grishberg/cad3d/trackball/Trackball;Lcom/github/grishberg/cad3d/keyboard/casebody/thumb/ThumbBorders;Lcom/github/grishberg/cad3d/keyboard/casebody/thumb/ThumbWalls;)Lcom/github/grishberg/cad3d/keyboard/ModelHolder;+665
j  com.github.grishberg.cad3d.KeyboardBuilder.createCase(Lcom/github/grishberg/cad3d/keyboard/cfg/KeyboardConfig;Lcom/github/grishberg/cad3d/keyboard/KeyPlace;Lcom/github/grishberg/cad3d/keyboard/ThumbKeyPlace;Lcom/github/grishberg/cad3d/keyboard/screws/ScrewWallPlaces;Lcom/github/grishberg/cad3d/keyboard/casebody/Walls;Lcom/github/grishberg/cad3d/keyboard/casebody/controllers/ControllerPlace;Lcom/github/grishberg/cad3d/keyboard/casebody/controllers/SwitcherPlace;Lcom/github/grishberg/cad3d/keyboard/casebody/controllers/ControllerFactory;Lcom/github/grishberg/cad3d/keyboard/casebody/controllers/switcher/SwitcherFactory;Lcom/github/grishberg/cad3d/keyboard/casebody/controllers/Controller;Lcom/github/grishberg/cad3d/trackball/Trackball;Lcom/github/grishberg/cad3d/keyboard/casebody/thumb/ThumbBorders;Lcom/github/grishberg/cad3d/keyboard/casebody/thumb/ThumbWalls;)Ljava/util/List;+44
j  com.github.grishberg.cad3d.KeyboardBuilder.access$createCase(Lcom/github/grishberg/cad3d/KeyboardBuilder;Lcom/github/grishberg/cad3d/keyboard/cfg/KeyboardConfig;Lcom/github/grishberg/cad3d/keyboard/KeyPlace;Lcom/github/grishberg/cad3d/keyboard/ThumbKeyPlace;Lcom/github/grishberg/cad3d/keyboard/screws/ScrewWallPlaces;Lcom/github/grishberg/cad3d/keyboard/casebody/Walls;Lcom/github/grishberg/cad3d/keyboard/casebody/controllers/ControllerPlace;Lcom/github/grishberg/cad3d/keyboard/casebody/controllers/SwitcherPlace;Lcom/github/grishberg/cad3d/keyboard/casebody/controllers/ControllerFactory;Lcom/github/grishberg/cad3d/keyboard/casebody/controllers/switcher/SwitcherFactory;Lcom/github/grishberg/cad3d/keyboard/casebody/controllers/Controller;Lcom/github/grishberg/cad3d/trackball/Trackball;Lcom/github/grishberg/cad3d/keyboard/casebody/thumb/ThumbBorders;Lcom/github/grishberg/cad3d/keyboard/casebody/thumb/ThumbWalls;)Ljava/util/List;+24
j  com.github.grishberg.cad3d.KeyboardBuilder$exportStl$1$2.invokeSuspend(Ljava/lang/Object;)Ljava/lang/Object;+104
j  kotlin.coroutines.jvm.internal.BaseContinuationImpl.resumeWith(Ljava/lang/Object;)V+44
j  kotlinx.coroutines.DispatchedTask.run()V+317
j  kotlinx.coroutines.scheduling.CoroutineScheduler.runSafely(Lkotlinx/coroutines/scheduling/Task;)V+2
j  kotlinx.coroutines.scheduling.CoroutineScheduler$Worker.executeTask(Lkotlinx/coroutines/scheduling/Task;)V+30
j  kotlinx.coroutines.scheduling.CoroutineScheduler$Worker.runWorker()V+44
j  kotlinx.coroutines.scheduling.CoroutineScheduler$Worker.run()V+1
v  ~StubRoutines::call_stub

siginfo: si_signo: 11 (SIGSEGV), si_code: 1 (SEGV_MAPERR), si_addr: 0x0000766a3ed2eea5

Registers:
RAX=0x0000766e09b35d28, RBX=0x0000766d580557a0, RCX=0x0000000000000000, RDX=0x0000000000000000
RSP=0x0000766e091fd928, RBP=0x0000766e091fd960, RSI=0x0000766d580557a0, RDI=0x0000766a3ed2ee95
R8 =0x0000766d580557a0, R9 =0x0000000000000000, R10=0x0000766e58dd46ef, R11=0x0000766e51371ee0
R12=0x0000766a3ed2ee95, R13=0x0000766d5803dca0, R14=0x0000766e091fd960, R15=0x0000766e0994edb0
RIP=0x0000766e70a9fff4, EFLAGS=0x0000000000010246, CSGSFS=0x002b000000000033, ERR=0x0000000000000004
  TRAPNO=0x000000000000000e

XMM[0]=0x0000766d5803dc90 0x0000766d5803dca0
XMM[1]=0x0000000000000000 0x0000000000000000
XMM[2]=0x0000000000000000 0x3f1a36e2eb1c432d
XMM[3]=0x0000000000000000 0x3ff0000000000000
XMM[4]=0x0000000000000000 0x0000000000000000
XMM[5]=0x0000000000000000 0x3ff0000000000000
XMM[6]=0x0000000000000000 0x40477c23087a6128
XMM[7]=0x0000000000000000 0x40477c23087a6128
XMM[8]=0x0000000000000000 0x0000000000000000
XMM[9]=0x0000000000000000 0x0000000000000000
XMM[10]=0x0000000000000000 0xc021334a2aee9cea
XMM[11]=0x0000000000000000 0x0000000000000000
XMM[12]=0x0000000000000000 0x0000000000000000
XMM[13]=0x0000000000000000 0x0000000000000000
XMM[14]=0x0000000000000000 0x0000000000000000
XMM[15]=0x0000000000000000 0x3ff0000000000000
  MXCSR=0x00001fa4


Register to memory mapping:

RAX=0x0000766e09b35d28: _ZTVN8manifold9CsgOpNodeE+0x0000000000000010 in /tmp/manifold3d8377745112941427433/libmanifold.so.3 at 0x0000766e09800000
RBX=0x0000766d580557a0 points into unknown readable memory: 0x0000766a3ed2ee95 | 95 ee d2 3e 6a 76 00 00
RCX=0x0 is NULL
RDX=0x0 is NULL
RSP=0x0000766e091fd928 is pointing into the stack for thread: 0x0000766d6005b500
RBP=0x0000766e091fd960 is pointing into the stack for thread: 0x0000766d6005b500
RSI=0x0000766d580557a0 points into unknown readable memory: 0x0000766a3ed2ee95 | 95 ee d2 3e 6a 76 00 00
RDI=0x0000766a3ed2ee95 is an unknown value
R8 =0x0000766d580557a0 points into unknown readable memory: 0x0000766a3ed2ee95 | 95 ee d2 3e 6a 76 00 00
R9 =0x0 is NULL
R10=0x0000766e58dd46ef is at entry_point+79 in (nmethod*)0x0000766e58dd4510
Compiled method (n/a) 276  801     n 0       com.cadoodlecad.manifold.ManifoldBindings::jniUnion (native)
 total in heap  [0x0000766e58dd4510,0x0000766e58dd4890] = 896
 relocation     [0x0000766e58dd4670,0x0000766e58dd46a0] = 48
 main code      [0x0000766e58dd46a0,0x0000766e58dd4888] = 488
 oops           [0x0000766e58dd4888,0x0000766e58dd4890] = 8
0x0000766e58dd46cf:   4c 8b c1 48 8b ca 48 8b d6 49 be 98 81 01 f5 00
0x0000766e58dd46df:   00 00 00 4c 89 74 24 30 4c 8d 74 24 30 49 8b f6
0x0000766e58dd46ef:   c5 f8 77 
R11=0x0000766e51371ee0 is at entry_point+32 in (nmethod*)0x0000766e51371d10
Compiled method (c1) 276  824       3       eu.printingin3d.javascad.manifold.Manifold3dEngine::unionNative (8 bytes)
 total in heap  [0x0000766e51371d10,0x0000766e51372080] = 880
 relocation     [0x0000766e51371e70,0x0000766e51371ea8] = 56
 main code      [0x0000766e51371ec0,0x0000766e51371fc0] = 256
 stub code      [0x0000766e51371fc0,0x0000766e51372000] = 64
 oops           [0x0000766e51372000,0x0000766e51372008] = 8
 metadata       [0x0000766e51372008,0x0000766e51372010] = 8
 scopes data    [0x0000766e51372010,0x0000766e51372038] = 40
 scopes pcs     [0x0000766e51372038,0x0000766e51372078] = 64
 dependencies   [0x0000766e51372078,0x0000766e51372080] = 8
0x0000766e51371ee0:   89 84 24 00 c0 fe ff 55 48 83 ec 40 
R12=0x0000766a3ed2ee95 is an unknown value
R13=0x0000766d5803dca0 points into unknown readable memory: 0x0000766e09b35d28 | 28 5d b3 09 6e 76 00 00
R14=0x0000766e091fd960 is pointing into the stack for thread: 0x0000766d6005b500
R15=0x0000766e0994edb0: _ZN8manifold9CsgOpNode7BooleanERKSt10shared_ptrINS_7CsgNodeEENS_6OpTypeE+0x0000000000000000 in /tmp/manifold3d8377745112941427433/libmanifold.so.3 at 0x0000766e09800000


Top of Stack: (sp=0x0000766e091fd928)
0x0000766e091fd928:   0000766e099e45d9 0000766e091fd9f0
0x0000766e091fd938:   0000000000000000 0000766d580557a0
0x0000766e091fd948:   0000766e099e61ee 0000766d5803dca0
0x0000766e091fd958:   0000766d5803dc90 0000000000000007
0x0000766e091fd968:   0000766d580008e0 00000000f50381a8
0x0000766e091fd978:   ffffffff5ae3b002 0000766e091fd9b0
0x0000766e091fd988:   a22433cb8417b600 0000000000000138
0x0000766e091fd998:   0000766e091fd9f0 0000766e091fd9f0
0x0000766e091fd9a8:   0000766d580557a0 0000766e091fdc18
0x0000766e091fd9b8:   0000766e091fdac0 0000766d6005b500
0x0000766e091fd9c8:   0000766e099e6443 0000766e58668260
0x0000766e091fd9d8:   a22433cb8417b600 0000766d580557a0
0x0000766e091fd9e8:   0000766e67e932f6 0000766da740a04b
0x0000766e091fd9f8:   0000766d580557a0 ffffffff5ae3b002
0x0000766e091fda08:   00000000f50381a8 00000000f5064f18
0x0000766e091fda18:   0000000000000030 0000000000000000
0x0000766e091fda28:   a22433cb8417b600 0000000000000156
0x0000766e091fda38:   0000766e091fda80 0000000000000000
0x0000766e091fda48:   0000766e70c1dfbf 0000766e091fda80
0x0000766e091fda58:   0000766d580557a0 0000766d580947a0
0x0000766e091fda68:   0000766d580557a0 0000766e091fdac0
0x0000766e091fda78:   0000766d6005b7b0 0000766e091fdad0
0x0000766e091fda88:   0000766e58dd4768 0000000000000007
0x0000766e091fda98:   0000766d580008e0 00000000f50381a8
0x0000766e091fdaa8:   0000766d580557a0 0000766d6005b500
0x0000766e091fdab8:   0000766e091fdd00 00000000f5018198
0x0000766e091fdac8:   0000000000000000 0000766e091fdc98
0x0000766e091fdad8:   0000766e51385864 0000000000000007
0x0000766e091fdae8:   0000000000000000 0000766e091fdb90
0x0000766e091fdaf8:   00000000f50381a8 0000766e091fdb30
0x0000766e091fdb08:   0000000000000138 0000766da7409e40
0x0000766e091fdb18:   0000766d580947a0 0000766d580557a0 

Instructions: (pc=0x0000766e70a9fff4)
0x0000766e70a9fef4:   ff ff ff 83 f8 92 0f 84 68 ff ff ff 8d 50 26 83
0x0000766e70a9ff04:   f8 da 72 14 48 b8 09 00 00 08 2c 00 00 00 48 0f
0x0000766e70a9ff14:   a3 d0 0f 82 4c ff ff ff 48 8d 3d d5 10 13 00 e8
0x0000766e70a9ff24:   18 0b ff ff 83 f8 f5 0f 84 a9 fd ff ff 83 f8 fc
0x0000766e70a9ff34:   0f 84 a0 fd ff ff eb e0 0f 1f 40 00 be 80 00 00
0x0000766e70a9ff44:   00 48 89 df e8 73 90 ff ff e9 16 ff ff ff 64 48
0x0000766e70a9ff54:   c7 04 25 f0 02 00 00 00 00 00 00 b8 23 00 00 00
0x0000766e70a9ff64:   e9 97 fa ff ff b8 0b 00 00 00 e9 8d fa ff ff 41
0x0000766e70a9ff74:   8b 04 24 83 e0 7f 83 f8 12 74 d3 83 f8 11 0f 85
0x0000766e70a9ff84:   2f fd ff ff e9 06 ff ff ff e8 2e 7f 09 00 48 8d
0x0000766e70a9ff94:   0d e7 4d 13 00 ba bd 01 00 00 48 8d 35 c0 c4 12
0x0000766e70a9ffa4:   00 48 8d 3d 74 11 13 00 e8 3f b3 f9 ff 48 8d 0d
0x0000766e70a9ffb4:   c8 4d 13 00 ba c2 01 00 00 48 8d 35 a1 c4 12 00
0x0000766e70a9ffc4:   48 8d 3d af c4 12 00 e8 20 b3 f9 ff 48 8d 0d a9
0x0000766e70a9ffd4:   4d 13 00 ba 5f 02 00 00 48 8d 35 82 c4 12 00 48
0x0000766e70a9ffe4:   8d 3d a6 c4 12 00 e8 01 b3 f9 ff 90 f3 0f 1e fa
0x0000766e70a9fff4:   8b 47 10 89 c2 81 e2 7f 01 00 00 90 83 e0 7c 0f
0x0000766e70aa0004:   85 a7 00 00 00 55 48 89 e5 53 48 83 ec 18 85 d2
0x0000766e70aa0014:   0f 85 9e 00 00 00 44 8b 0d 0f 57 16 00 45 85 c9
0x0000766e70aa0024:   75 5a 8b 77 10 81 e6 80 00 00 00 75 09 80 3d 08
0x0000766e70aa0034:   b0 16 00 00 75 36 31 c0 ba 01 00 00 00 f0 0f b1
0x0000766e70aa0044:   17 0f 85 ad 00 00 00 8b 4f 08 85 c9 0f 85 54 01
0x0000766e70aa0054:   00 00 64 8b 04 25 d0 02 00 00 89 47 08 83 47 0c
0x0000766e70aa0064:   01 90 31 c0 48 8b 5d f8 c9 c3 66 90 44 8b 07 45
0x0000766e70aa0074:   85 c0 75 c2 c7 07 01 00 00 00 eb cb 8b 47 10 f6
0x0000766e70aa0084:   c4 03 74 08 f6 c4 01 74 99 eb 07 90 80 cc 01 89
0x0000766e70aa0094:   47 10 8b 57 10 48 8b 5d f8 48 8d 77 16 c9 81 e2
0x0000766e70aa00a4:   80 00 00 00 e9 a3 88 ff ff 0f 1f 00 e9 5b f8 ff
0x0000766e70aa00b4:   ff 0f 1f 00 81 fa 00 01 00 00 74 d6 8b 57 10 83
0x0000766e70aa00c4:   e2 7f 83 fa 01 0f 85 8e 00 00 00 64 8b 04 25 d0
0x0000766e70aa00d4:   02 00 00 39 47 08 75 2e 8b 47 04 83 f8 ff 0f 84
0x0000766e70aa00e4:   b8 00 00 00 83 c0 01 89 47 04 e9 73 ff ff ff 0f 


Stack slot to memory mapping:
stack at sp + 0 slots: 0x0000766e099e45d9: _ZNK8manifold8Manifold9LoadPNodeEv+0x0000000000000019 in /tmp/manifold3d8377745112941427433/libmanifold.so.3 at 0x0000766e09800000
stack at sp + 1 slots: 0x0000766e091fd9f0 is pointing into the stack for thread: 0x0000766d6005b500
stack at sp + 2 slots: 0x0 is NULL
stack at sp + 3 slots: 0x0000766d580557a0 points into unknown readable memory: 0x0000766a3ed2ee95 | 95 ee d2 3e 6a 76 00 00
stack at sp + 4 slots: 0x0000766e099e61ee: _ZNK8manifold8Manifold7BooleanERKS0_NS_6OpTypeE+0x000000000000004e in /tmp/manifold3d8377745112941427433/libmanifold.so.3 at 0x0000766e09800000
stack at sp + 5 slots: 0x0000766d5803dca0 points into unknown readable memory: 0x0000766e09b35d28 | 28 5d b3 09 6e 76 00 00
stack at sp + 6 slots: 0x0000766d5803dc90 points into unknown readable memory: 0x0000766e09b35e48 | 48 5e b3 09 6e 76 00 00
stack at sp + 7 slots: 0x0000000000000007 is an unknown value


Compiled method (n/a) 278  801     n 0       com.cadoodlecad.manifold.ManifoldBindings::jniUnion (native)
 total in heap  [0x0000766e58dd4510,0x0000766e58dd4890] = 896
 relocation     [0x0000766e58dd4670,0x0000766e58dd46a0] = 48
 main code      [0x0000766e58dd46a0,0x0000766e58dd4888] = 488
 oops           [0x0000766e58dd4888,0x0000766e58dd4890] = 8

[Constant Pool (empty)]

[MachCode]
[Entry Point]
  # {method} {0x0000766da7413880} 'jniUnion' '(JJJ)J' in 'com/cadoodlecad/manifold/ManifoldBindings'
  # parm0:    rsi:rsi   = long
  # parm1:    rdx:rdx   = long
  # parm2:    rcx:rcx   = long
  #           [sp+0x50]  (sp of caller)
  0x0000766e58dd46a0: 448b 5608 | 49bb 0000 | 00ab 6d76 | 0000 4d03 | d349 3bc2 | 0f84 0600 

  0x0000766e58dd46b8: ;   {runtime_call ic_miss_stub}
  0x0000766e58dd46b8: 0000 e9c1 | b68d ff90 
[Verified Entry Point]
  0x0000766e58dd46c0: 8984 2400 | c0fe ff55 | 488b ec48 | 83ec 404c | 8bc1 488b | ca48 8bd6 

  0x0000766e58dd46d8: ;   {oop(a 'java/lang/Class'{0x00000000f5018198} = 'com/cadoodlecad/manifold/ManifoldBindings')}
  0x0000766e58dd46d8: 49be 9881 | 01f5 0000 | 0000 4c89 | 7424 304c | 8d74 2430 | 498b f6c5 

  0x0000766e58dd46f0: ;   {internal_word}
  0x0000766e58dd46f0: f877 49ba | ef46 dd58 | 6e76 0000 | 4d89 9798 | 0200 0049 | 89a7 9002 

  0x0000766e58dd4708: ;   {external_word}
  0x0000766e58dd4708: 0000 803d | 748a b317 | 000f 843a | 0000 0056 | 5251 4150 

  0x0000766e58dd471c: ;   {metadata({method} {0x0000766da7413880} 'jniUnion' '(JJJ)J' in 'com/cadoodlecad/manifold/ManifoldBindings')}
  0x0000766e58dd471c: 48be 8038 | 41a7 6d76 | 0000 498b | fff7 c40f | 0000 000f | 8412 0000 | 0048 83ec 

  0x0000766e58dd4738: ;   {runtime_call SharedRuntime::dtrace_method_entry(JavaThread*, Method*)}
  0x0000766e58dd4738: 08e8 62e3 | 5017 4883 | c408 e905 

  0x0000766e58dd4744: ;   {runtime_call SharedRuntime::dtrace_method_entry(JavaThread*, Method*)}
  0x0000766e58dd4744: 0000 00e8 | 54e3 5017 | 4158 595a | 5e49 8dbf | b002 0000 | 41c7 8738 | 0300 0004 

  0x0000766e58dd4760: ;   {runtime_call Java_com_cadoodlecad_manifold_ManifoldBindings_jniUnion}
  0x0000766e58dd4760: 0000 00e8 | 2098 e417 | c5f8 7741 | c787 3803 | 0000 0500 | 0000 f083 | 4424 c000 | 493b af40 
  0x0000766e58dd4780: 0300 000f | 8711 0000 | 0041 81bf | 2803 0000 | 0000 0000 | 0f84 2400 | 0000 c5f8 | 7748 8945 
  0x0000766e58dd47a0: f849 8bff | 4c8b e448 | 83ec 0048 

  0x0000766e58dd47ac: ;   {runtime_call JavaThread::check_special_condition_for_native_trans(JavaThread*)}
  0x0000766e58dd47ac: 83e4 f0e8 | 1ca8 6917 | 498b e44d | 33e4 488b | 45f8 41c7 | 8738 0300 | 0008 0000 | 0041 81bf 
  0x0000766e58dd47cc: a803 0000 | 0200 0000 | 0f84 8400 

  0x0000766e58dd47d8: ;   {external_word}
  0x0000766e58dd47d8: 0000 803d | a489 b317 | 000f 8438 | 0000 0048 

  0x0000766e58dd47e8: ;   {metadata({method} {0x0000766da7413880} 'jniUnion' '(JJJ)J' in 'com/cadoodlecad/manifold/ManifoldBindings')}
  0x0000766e58dd47e8: 8945 f848 | be80 3841 | a76d 7600 | 0049 8bff | f7c4 0f00 | 0000 0f84 | 1200 0000 | 4883 ec08 
  0x0000766e58dd4808: ;   {runtime_call SharedRuntime::dtrace_method_exit(JavaThread*, Method*)}
  0x0000766e58dd4808: e843 e350 | 1748 83c4 | 08e9 0500 

  0x0000766e58dd4814: ;   {runtime_call SharedRuntime::dtrace_method_exit(JavaThread*, Method*)}
  0x0000766e58dd4814: 0000 e835 | e350 1748 | 8b45 f849 | c787 9002 | 0000 0000 | 0000 49c7 | 8798 0200 | 0000 0000 
  0x0000766e58dd4834: 00c5 f877 | 498b 8fd8 | 0000 00c7 | 8100 0100 | 0000 0000 | 00c9 4981 | 7f08 0000 | 0000 0f85 
  0x0000766e58dd4854: 0100 0000 

  0x0000766e58dd4858: ;   {runtime_call StubRoutines (1)}
  0x0000766e58dd4858: c3e9 a2b3 | 88ff c5f8 | 7748 8945 | f84c 8be4 | 4883 ec00 | 4883 e4f0 

  0x0000766e58dd4870: ;   {runtime_call SharedRuntime::reguard_yellow_pages()}
  0x0000766e58dd4870: e84b f150 | 1749 8be4 | 4d33 e448 | 8b45 f8e9 | 56ff ffff | f4f4 f4f4 
[/MachCode]


Compiled method (c1) 284  857       3       com.cadoodlecad.manifold.ManifoldBindings::union (13 bytes)
 total in heap  [0x0000766e51385610,0x0000766e513859e0] = 976
 relocation     [0x0000766e51385770,0x0000766e513857b8] = 72
 main code      [0x0000766e513857c0,0x0000766e513858e0] = 288
 stub code      [0x0000766e513858e0,0x0000766e51385930] = 80
 oops           [0x0000766e51385930,0x0000766e51385938] = 8
 metadata       [0x0000766e51385938,0x0000766e51385940] = 8
 scopes data    [0x0000766e51385940,0x0000766e51385988] = 72
 scopes pcs     [0x0000766e51385988,0x0000766e513859d8] = 80
 dependencies   [0x0000766e513859d8,0x0000766e513859e0] = 8

[Constant Pool (empty)]

[MachCode]
[Entry Point]
  # {method} {0x0000766da7417908} 'union' '(JJ)J' in 'com/cadoodlecad/manifold/ManifoldBindings'
  # this:     rsi:rsi   = 'com/cadoodlecad/manifold/ManifoldBindings'
  # parm0:    rdx:rdx   = long
  # parm1:    rcx:rcx   = long
  #           [sp+0x60]  (sp of caller)
  0x0000766e513857c0: 448b 5608 | 49bb 0000 | 00ab 6d76 | 0000 4d03 | d34c 3bd0 

  0x0000766e513857d4: ;   {runtime_call ic_miss_stub}
  0x0000766e513857d4: 0f85 a6a5 | 3207 660f | 1f44 0000 
[Verified Entry Point]
  0x0000766e513857e0: 8984 2400 | c0fe ff55 | 4883 ec50 

  0x0000766e513857ec: ;   {metadata(method data for {method} {0x0000766da7417908} 'union' '(JJ)J' in 'com/cadoodlecad/manifold/ManifoldBindings')}
  0x0000766e513857ec: 48bf c037 | 6ba7 6d76 | 0000 8b9f | f400 0000 | 83c3 0289 | 9ff4 0000 | 0081 e3fe | 0700 0083 
  0x0000766e5138580c: fb00 0f84 | 6300 0000 | 4889 4c24 | 4048 8954 

  0x0000766e5138581c: ;   {metadata(method data for {method} {0x0000766da7417908} 'union' '(JJ)J' in 'com/cadoodlecad/manifold/ManifoldBindings')}
  0x0000766e5138581c: 2438 48be | c037 6ba7 | 6d76 0000 | 4883 8638 | 0100 0001 | 0f1f 8000 

  0x0000766e51385834: ;   {static_call}
  0x0000766e51385834: 0000 00e8 

  0x0000766e51385838: ; ImmutableOopMap {}
                      ;*invokestatic jniAllocManifold {reexecute=0 rethrow=0 return_oop=0}
                      ; - com.cadoodlecad.manifold.ManifoldBindings::union@0 (line 433)
  0x0000766e51385838: 04d7 a407 

  0x0000766e5138583c: ;   {metadata(method data for {method} {0x0000766da7417908} 'union' '(JJ)J' in 'com/cadoodlecad/manifold/ManifoldBindings')}
  0x0000766e5138583c: 48be c037 | 6ba7 6d76 | 0000 4883 | 8648 0100 | 0001 488b | f048 8b54 | 2438 488b | 4c24 400f 
  0x0000766e5138585c: ;   {static_call}
  0x0000766e5138585c: 1f40 00e8 

  0x0000766e51385860: ; ImmutableOopMap {}
                      ;*invokestatic jniUnion {reexecute=0 rethrow=0 return_oop=0}
                      ; - com.cadoodlecad.manifold.ManifoldBindings::union@9 (line 434)
  0x0000766e51385860: 5cee a407 | 4883 c450 

  0x0000766e51385868: ;   {poll_return}
  0x0000766e51385868: 5d49 3ba7 | 4003 0000 | 0f87 2200 

  0x0000766e51385874: ;   {metadata({method} {0x0000766da7417908} 'union' '(JJ)J' in 'com/cadoodlecad/manifold/ManifoldBindings')}
  0x0000766e51385874: 0000 c349 | ba08 7941 | a76d 7600 | 004c 8954 | 2408 48c7 | 0424 ffff 

  0x0000766e5138588c: ;   {runtime_call counter_overflow Runtime1 stub}
  0x0000766e5138588c: ffff e8ed 

  0x0000766e51385890: ; ImmutableOopMap {rsi=Oop }
                      ;*synchronization entry
                      ; - com.cadoodlecad.manifold.ManifoldBindings::union@-1 (line 433)
  0x0000766e51385890: 223d 07e9 | 7cff ffff 

  0x0000766e51385898: ;   {internal_word}
  0x0000766e51385898: 49ba 6958 | 3851 6e76 | 0000 4d89 | 9758 0300 

  0x0000766e513858a8: ;   {runtime_call SafepointBlob}
  0x0000766e513858a8: 00e9 520e | 3307 9090 | 498b 87d0 | 0300 0049 | c787 d003 | 0000 0000 | 0000 49c7 | 87d8 0300 
  0x0000766e513858c8: 0000 0000 | 0048 83c4 

  0x0000766e513858d0: ;   {runtime_call unwind_exception Runtime1 stub}
  0x0000766e513858d0: 505d e9a9 | bf3c 07f4 | f4f4 f4f4 | f4f4 f4f4 
[Stub Code]
  0x0000766e513858e0: ;   {no_reloc}
  0x0000766e513858e0: 0f1f 4400 

  0x0000766e513858e4: ;   {static_stub}
  0x0000766e513858e4: 0048 bb00 | 0000 0000 

  0x0000766e513858ec: ;   {runtime_call}
  0x0000766e513858ec: 0000 00e9 | fbff ffff 

  0x0000766e513858f4: ;   {static_stub}
  0x0000766e513858f4: 9048 bb00 | 0000 0000 

  0x0000766e513858fc: ;   {runtime_call}
  0x0000766e513858fc: 0000 00e9 | fbff ffff 
[Exception Handler]
  0x0000766e51385904: ;   {runtime_call handle_exception_from_callee Runtime1 stub}
  0x0000766e51385904: e877 e93c 

  0x0000766e51385908: ;   {external_word}
  0x0000766e51385908: 0748 bf52 | 5759 706e | 7600 0048 

  0x0000766e51385914: ;   {runtime_call MacroAssembler::debug64(char*, long, long*)}
  0x0000766e51385914: 83e4 f0e8 | 5452 d81e 

  0x0000766e5138591c: ;   {section_word}
  0x0000766e5138591c: f449 ba1d | 5938 516e | 7600 0041 

  0x0000766e51385928: ;   {runtime_call DeoptimizationBlob}
  0x0000766e51385928: 52e9 7200 | 3307 f4f4 
[/MachCode]


Compiled method (c1) 286  821   !   3       eu.printingin3d.javascad.manifold.Manifold3dEngine::operateNative (113 bytes)
 total in heap  [0x0000766e51370e10,0x0000766e51371908] = 2808
 relocation     [0x0000766e51370f70,0x0000766e51371028] = 184
 main code      [0x0000766e51371040,0x0000766e513714e0] = 1184
 stub code      [0x0000766e513714e0,0x0000766e51371570] = 144
 oops           [0x0000766e51371570,0x0000766e51371580] = 16
 metadata       [0x0000766e51371580,0x0000766e51371590] = 16
 scopes data    [0x0000766e51371590,0x0000766e51371680] = 240
 scopes pcs     [0x0000766e51371680,0x0000766e513717a0] = 288
 dependencies   [0x0000766e513717a0,0x0000766e513717a8] = 8
 handler table  [0x0000766e513717a8,0x0000766e513718e0] = 312
 nul chk table  [0x0000766e513718e0,0x0000766e51371908] = 40

[Constant Pool (empty)]

[MachCode]
[Entry Point]
  # {method} {0x0000766da740b8e8} 'operateNative' '(JJI)J' in 'eu/printingin3d/javascad/manifold/Manifold3dEngine'
  # this:     rsi:rsi   = 'eu/printingin3d/javascad/manifold/Manifold3dEngine'
  # parm0:    rdx:rdx   = long
  # parm1:    rcx:rcx   = long
  # parm2:    r8        = int
  #           [sp+0x80]  (sp of caller)
  0x0000766e51371040: 448b 5608 | 49bb 0000 | 00ab 6d76 | 0000 4d03 | d34c 3bd0 

  0x0000766e51371054: ;   {runtime_call ic_miss_stub}
  0x0000766e51371054: 0f85 26ed | 3307 660f | 1f44 0000 
[Verified Entry Point]
  0x0000766e51371060: 8984 2400 | c0fe ff55 | 4883 ec70 

  0x0000766e5137106c: ;   {metadata(method data for {method} {0x0000766da740b8e8} 'operateNative' '(JJI)J' in 'eu/printingin3d/javascad/manifold/Manifold3dEngine')}
  0x0000766e5137106c: 48b8 202e | 6ba7 6d76 | 0000 8bb8 | f400 0000 | 83c7 0289 | b8f4 0000 | 0081 e7fe | 0700 0083 
  0x0000766e5137108c: ff00 0f84 | 4d03 0000 

  0x0000766e51371094: ;   {oop(a 'java/lang/Object'{0x00000000f50381a8})}
  0x0000766e51371094: 48be a881 | 03f5 0000 | 0000 488d | 7c24 5048 | 8977 0848 | 8b06 4883 | c801 4889 | 07f0 480f 
  0x0000766e513710b4: b13e 0f84 | 1300 0000 | 482b c448 | 81e0 07f0 | ffff 4889 | 070f 8538 | 0300 0044 | 8944 2430 
  0x0000766e513710d4: 4889 4c24 | 4048 8954 

  0x0000766e513710dc: ;   {oop(a 'eu/printingin3d/javascad/manifold/Manifold3dEngine'{0x00000000f50381b8})}
  0x0000766e513710dc: 2438 48be | b881 03f5 | 0000 0000 

  0x0000766e513710e8: ;   {metadata(method data for {method} {0x0000766da740b8e8} 'operateNative' '(JJI)J' in 'eu/printingin3d/javascad/manifold/Manifold3dEngine')}
  0x0000766e513710e8: 488b fe48 | bb20 2e6b | a76d 7600 | 0048 8383 | 3801 0000 

  0x0000766e513710fc: ;   {optimized virtual_call}
  0x0000766e513710fc: 0166 90e8 

  0x0000766e51371100: ; ImmutableOopMap {[88]=Oop }
                      ;*invokespecial getBindings {reexecute=0 rethrow=0 return_oop=0}
                      ; - eu.printingin3d.javascad.manifold.Manifold3dEngine::operateNative@15 (line 226)
  0x0000766e51371100: bc92 feff 

  0x0000766e51371104: ;   {metadata(method data for {method} {0x0000766da740b8e8} 'operateNative' '(JJI)J' in 'eu/printingin3d/javascad/manifold/Manifold3dEngine')}
  0x0000766e51371104: 48ba 202e | 6ba7 6d76 | 0000 48c7 | c150 0100 | 0044 8b44 | 2430 4183 | f800 488b | f148 c7c1 
  0x0000766e51371124: 6001 0000 | 480f 45ce | 4183 f801 | 488b f148 | c7c1 7001 | 0000 480f | 45ce 4183 | f802 488b 
  0x0000766e51371144: f148 c7c1 | 8001 0000 | 480f 45ce | 488b 340a | 49c7 c201 | 0000 0049 | 03f2 4889 | 340a 4183 
  0x0000766e51371164: f800 0f84 | b500 0000 | 4183 f801 | 0f84 5b00 | 0000 4183 | f802 0f85 | 3f01 0000 

  0x0000766e51371180: ; implicit exception: dispatches to 0x0000766e5137141a
  0x0000766e51371180: 483b 0048 

  0x0000766e51371184: ;   {metadata(method data for {method} {0x0000766da740b8e8} 'operateNative' '(JJI)J' in 'eu/printingin3d/javascad/manifold/Manifold3dEngine')}
  0x0000766e51371184: 8bd0 48b9 | 202e 6ba7 | 6d76 0000 

  0x0000766e51371190: ;   {metadata('com/cadoodlecad/manifold/ManifoldBindings')}
  0x0000766e51371190: 49ba 0020 | 00ac 6d76 | 0000 4c89 | 9148 0200 | 0048 8381 | 5002 0000 | 0148 8b54 | 2438 488b 
  0x0000766e513711b0: 4c24 4048 

  0x0000766e513711b4: ;   {optimized virtual_call}
  0x0000766e513711b4: 8bf0 90e8 

  0x0000766e513711b8: ; ImmutableOopMap {[88]=Oop }
                      ;*invokevirtual intersection {reexecute=0 rethrow=0 return_oop=0}
                      ; - eu.printingin3d.javascad.manifold.Manifold3dEngine::operateNative@72 (line 230)
  0x0000766e513711b8: c4ee 3307 

  0x0000766e513711bc: ;   {metadata(method data for {method} {0x0000766da740b8e8} 'operateNative' '(JJI)J' in 'eu/printingin3d/javascad/manifold/Manifold3dEngine')}
  0x0000766e513711bc: 48ba 202e | 6ba7 6d76 | 0000 ff82 | 7002 0000 | e99b 0000 | 0048 3b00 

  0x0000766e513711d4: ;   {metadata(method data for {method} {0x0000766da740b8e8} 'operateNative' '(JJI)J' in 'eu/printingin3d/javascad/manifold/Manifold3dEngine')}
  0x0000766e513711d4: 488b d048 | b920 2e6b | a76d 7600 

  0x0000766e513711e0: ;   {metadata('com/cadoodlecad/manifold/ManifoldBindings')}
  0x0000766e513711e0: 0049 ba00 | 2000 ac6d | 7600 004c | 8991 f801 | 0000 4883 | 8100 0200 | 0001 488b | 5424 3848 
  0x0000766e51371200: 8b4c 2440 

  0x0000766e51371204: ;   {optimized virtual_call}
  0x0000766e51371204: 488b f0e8 

  0x0000766e51371208: ; ImmutableOopMap {[88]=Oop }
                      ;*invokevirtual difference {reexecute=0 rethrow=0 return_oop=0}
                      ; - eu.printingin3d.javascad.manifold.Manifold3dEngine::operateNative@62 (line 229)
  0x0000766e51371208: f902 0000 

  0x0000766e5137120c: ;   {metadata(method data for {method} {0x0000766da740b8e8} 'operateNative' '(JJI)J' in 'eu/printingin3d/javascad/manifold/Manifold3dEngine')}
  0x0000766e5137120c: 48ba 202e | 6ba7 6d76 | 0000 ff82 | 2002 0000 | e94b 0000 | 0048 8b4c | 2440 488b | 5424 3848 
  0x0000766e5137122c: 3b00 488b 

  0x0000766e51371230: ;   {metadata(method data for {method} {0x0000766da740b8e8} 'operateNative' '(JJI)J' in 'eu/printingin3d/javascad/manifold/Manifold3dEngine')}
  0x0000766e51371230: f048 bf20 | 2e6b a76d 

  0x0000766e51371238: ;   {metadata('com/cadoodlecad/manifold/ManifoldBindings')}
  0x0000766e51371238: 7600 0049 | ba00 2000 | ac6d 7600 | 004c 8997 | a801 0000 | 4883 87b0 | 0100 0001 

  0x0000766e51371254: ;   {optimized virtual_call}
  0x0000766e51371254: 488b f0e8 

  0x0000766e51371258: ; ImmutableOopMap {[88]=Oop }
                      ;*invokevirtual union {reexecute=0 rethrow=0 return_oop=0}
                      ; - eu.printingin3d.javascad.manifold.Manifold3dEngine::operateNative@52 (line 228)
  0x0000766e51371258: 8445 0100 

  0x0000766e5137125c: ;   {metadata(method data for {method} {0x0000766da740b8e8} 'operateNative' '(JJI)J' in 'eu/printingin3d/javascad/manifold/Manifold3dEngine')}
  0x0000766e5137125c: 48ba 202e | 6ba7 6d76 | 0000 ff82 | d001 0000 

  0x0000766e5137126c: ;   {oop(a 'java/lang/Object'{0x00000000f50381a8})}
  0x0000766e5137126c: 488b f048 | b8a8 8103 | f500 0000 | 0048 8d44 | 2450 488b | 1048 85d2 | 0f84 0f00 | 0000 488b 
  0x0000766e5137128c: 7808 f048 | 0fb1 170f | 8590 0100 

  0x0000766e51371298: ;   {metadata(method data for {method} {0x0000766da740b8e8} 'operateNative' '(JJI)J' in 'eu/printingin3d/javascad/manifold/Manifold3dEngine')}
  0x0000766e51371298: 0048 b820 | 2e6b a76d | 7600 00ff | 80b8 0200 | 0048 8bc6 | 4883 c470 

  0x0000766e513712b0: ;   {poll_return}
  0x0000766e513712b0: 5d49 3ba7 | 4003 0000 | 0f87 7e01 | 0000 c390 

  0x0000766e513712c0: ;   {no_reloc}
  0x0000766e513712c0: e99c 0100 | 0000 0000 | 0000 498b | 8708 0100 | 0048 8d78 | 2849 3bbf | 1801 0000 | 0f87 8901 
  0x0000766e513712e0: 0000 4989 | bf08 0100 | 0048 c700 | 0100 0000 | 488b ca49 | ba00 0000 | ab6d 7600 | 0049 2bca 
  0x0000766e51371300: 8948 0848 | 33c9 8948 | 0c48 33c9 | 4889 4810 | 4889 4818 | 4889 4820 

  0x0000766e51371318: ;   {no_reloc}
  0x0000766e51371318: e96a 0100 | 0090 9090 | 9090 498b | f048 8944 | 2448 0f1f 

  0x0000766e5137132c: ;   {static_call}
  0x0000766e5137132c: 4400 00e8 

  0x0000766e51371330: ; ImmutableOopMap {[72]=Oop [88]=Oop }
                      ;*invokedynamic {reexecute=0 rethrow=0 return_oop=0}
                      ; - eu.printingin3d.javascad.manifold.Manifold3dEngine::operateNative@84 (line 231)
  0x0000766e51371330: 4cf3 3307 

  0x0000766e51371334: ;   {metadata(method data for {method} {0x0000766da740b8e8} 'operateNative' '(JJI)J' in 'eu/printingin3d/javascad/manifold/Manifold3dEngine')}
  0x0000766e51371334: 48ba 202e | 6ba7 6d76 | 0000 488d | 9298 0200 | 0048 85c0 | 750e 48f7 | 0201 0000 | 0075 05f0 
  0x0000766e51371354: 4883 0a01 | 488b 5424 

  0x0000766e5137135c: ;   {metadata(method data for {method} {0x0000766da740b8e8} 'operateNative' '(JJI)J' in 'eu/printingin3d/javascad/manifold/Manifold3dEngine')}
  0x0000766e5137135c: 4848 be20 | 2e6b a76d | 7600 0048 | 8386 a802 | 0000 0148 | 8bd0 488b 

  0x0000766e51371374: ;   {optimized virtual_call}
  0x0000766e51371374: 7424 48e8 

  0x0000766e51371378: ; ImmutableOopMap {[72]=Oop [88]=Oop }
                      ;*invokespecial <init> {reexecute=0 rethrow=0 return_oop=0}
                      ; - eu.printingin3d.javascad.manifold.Manifold3dEngine::operateNative@89 (line 231)
  0x0000766e51371378: 04ed 3307 | 488b 4424 

  0x0000766e51371380: ; ImmutableOopMap {[88]=Oop rax=Oop }
                      ;*athrow {reexecute=1 rethrow=0 return_oop=0}
                      ; - (reexecute) eu.printingin3d.javascad.manifold.Manifold3dEngine::operateNative@92 (line 231)
                      ;   {section_word}
  0x0000766e51371380: 4848 ba81 | 1337 516e 

  0x0000766e51371388: ;   {runtime_call handle_exception_nofpu Runtime1 stub}
  0x0000766e51371388: 7600 00e8 | f028 3e07 | 9049 8b87 | d003 0000 | 4d33 d24d | 8997 d003 | 0000 4d33 | d24d 8997 
  0x0000766e513713a8: d803 0000 

  0x0000766e513713ac: ;   {oop(a 'java/lang/Object'{0x00000000f50381a8})}
  0x0000766e513713ac: 488b f048 | b8a8 8103 | f500 0000 | 0048 8d44 | 2450 488b | 3848 85ff | 0f84 0f00 | 0000 488b 
  0x0000766e513713cc: 5808 f048 | 0fb1 3b0f | 85b8 0000 | 0048 8bc6 | e9e2 0000 

  0x0000766e513713e0: ;   {metadata({method} {0x0000766da740b8e8} 'operateNative' '(JJI)J' in 'eu/printingin3d/javascad/manifold/Manifold3dEngine')}
  0x0000766e513713e0: 0049 bae8 | b840 a76d | 7600 004c | 8954 2408 | 48c7 0424 | ffff ffff 

  0x0000766e513713f8: ;   {runtime_call counter_overflow Runtime1 stub}
  0x0000766e513713f8: e883 673e 

  0x0000766e513713fc: ; ImmutableOopMap {rsi=Oop }
                      ;*synchronization entry
                      ; - eu.printingin3d.javascad.manifold.Manifold3dEngine::operateNative@-1 (line 225)
  0x0000766e513713fc: 07e9 92fc 

  0x0000766e51371400: ;   {runtime_call throw_null_pointer_exception Runtime1 stub}
  0x0000766e51371400: ffff e899 

  0x0000766e51371404: ; ImmutableOopMap {rsi=Oop }
                      ;*monitorenter {reexecute=0 rethrow=0 return_oop=0}
                      ; - eu.printingin3d.javascad.manifold.Manifold3dEngine::operateNative@7 (line 225)
  0x0000766e51371404: 0d3e 0748 | 8974 2408 | 4889 3c24 

  0x0000766e51371410: ;   {runtime_call monitorenter_nofpu Runtime1 stub}
  0x0000766e51371410: e86b 463e 

  0x0000766e51371414: ; ImmutableOopMap {rsi=Oop [88]=Oop }
                      ;*monitorenter {reexecute=0 rethrow=0 return_oop=0}
                      ; - eu.printingin3d.javascad.manifold.Manifold3dEngine::operateNative@7 (line 225)
  0x0000766e51371414: 07e9 b5fc 

  0x0000766e51371418: ;   {runtime_call throw_null_pointer_exception Runtime1 stub}
  0x0000766e51371418: ffff e881 

  0x0000766e5137141c: ; ImmutableOopMap {rax=Oop [88]=Oop }
                      ;*invokevirtual intersection {reexecute=0 rethrow=0 return_oop=0}
                      ; - eu.printingin3d.javascad.manifold.Manifold3dEngine::operateNative@72 (line 230)
                      ;   {runtime_call throw_null_pointer_exception Runtime1 stub}
  0x0000766e5137141c: 0d3e 07e8 

  0x0000766e51371420: ; ImmutableOopMap {rax=Oop [88]=Oop }
                      ;*invokevirtual difference {reexecute=0 rethrow=0 return_oop=0}
                      ; - eu.printingin3d.javascad.manifold.Manifold3dEngine::operateNative@62 (line 229)
  0x0000766e51371420: 7c0d 3e07 

  0x0000766e51371424: ;   {runtime_call throw_null_pointer_exception Runtime1 stub}
  0x0000766e51371424: e877 0d3e 

  0x0000766e51371428: ; ImmutableOopMap {rax=Oop [88]=Oop }
                      ;*invokevirtual union {reexecute=0 rethrow=0 return_oop=0}
                      ; - eu.printingin3d.javascad.manifold.Manifold3dEngine::operateNative@52 (line 228)
  0x0000766e51371428: 0748 8d44 | 2450 4889 

  0x0000766e51371430: ;   {runtime_call monitorexit_nofpu Runtime1 stub}
  0x0000766e51371430: 0424 e849 | 4c3e 07e9 | 5dfe ffff 

  0x0000766e5137143c: ;   {internal_word}
  0x0000766e5137143c: 49ba b112 | 3751 6e76 | 0000 4d89 | 9758 0300 

  0x0000766e5137144c: ;   {runtime_call SafepointBlob}
  0x0000766e5137144c: 00e9 ae52 

  0x0000766e51371450: ;   {metadata(NULL)}
  0x0000766e51371450: 3407 48ba | 0000 0000 | 0000 0000 | b800 0f05 

  0x0000766e51371460: ;   {runtime_call load_klass_patching Runtime1 stub}
  0x0000766e51371460: 0ae8 9a56 

  0x0000766e51371464: ; ImmutableOopMap {[88]=Oop }
                      ;*new {reexecute=1 rethrow=0 return_oop=0}
                      ; - (reexecute) eu.printingin3d.javascad.manifold.Manifold3dEngine::operateNative@78 (line 231)
  0x0000766e51371464: 3e07 e955 | feff ff48 

  0x0000766e5137146c: ;   {runtime_call fast_new_instance Runtime1 stub}
  0x0000766e5137146c: 8bd2 e80d 

  0x0000766e51371470: ; ImmutableOopMap {[88]=Oop }
                      ;*new {reexecute=0 rethrow=0 return_oop=0}
                      ; - eu.printingin3d.javascad.manifold.Manifold3dEngine::operateNative@78 (line 231)
  0x0000766e51371470: 163e 07e9 | a0fe ffff | 48ba 0000 | 0000 0000 | 0000 b800 

  0x0000766e51371484: ;   {runtime_call load_appendix_patching Runtime1 stub}
  0x0000766e51371484: 0f05 0ae8 

  0x0000766e51371488: ; ImmutableOopMap {rax=Oop [88]=Oop }
                      ;*invokedynamic {reexecute=1 rethrow=0 return_oop=0}
                      ; - (reexecute) eu.printingin3d.javascad.manifold.Manifold3dEngine::operateNative@84 (line 231)
  0x0000766e51371488: 745f 3e07 | e987 feff | ff48 8d44 | 2450 4889 

  0x0000766e51371498: ;   {runtime_call monitorexit_nofpu Runtime1 stub}
  0x0000766e51371498: 0424 e8e1 | 4b3e 07e9 | 35ff ffff | 9090 498b | 87d0 0300 | 0049 c787 | d003 0000 | 0000 0000 
  0x0000766e513714b8: 49c7 87d8 | 0300 0000 | 0000 0048 | 83c4 705d 

  0x0000766e513714c8: ;   {runtime_call unwind_exception Runtime1 stub}
  0x0000766e513714c8: e9b3 033e | 07f4 f4f4 | f4f4 f4f4 | f4f4 f4f4 | f4f4 f4f4 | f4f4 f4f4 
[Stub Code]
  0x0000766e513714e0: ;   {no_reloc}
  0x0000766e513714e0: 0f1f 4400 

  0x0000766e513714e4: ;   {static_stub}
  0x0000766e513714e4: 0048 bb00 | 0000 0000 

  0x0000766e513714ec: ;   {runtime_call}
  0x0000766e513714ec: 0000 00e9 | fbff ffff 

  0x0000766e513714f4: ;   {static_stub}
  0x0000766e513714f4: 9048 bb00 | 0000 0000 

  0x0000766e513714fc: ;   {runtime_call}
  0x0000766e513714fc: 0000 00e9 | fbff ffff 

  0x0000766e51371504: ;   {static_stub}
  0x0000766e51371504: 9048 bbd8 | 7941 a76d 

  0x0000766e5137150c: ;   {runtime_call I2C/C2I adapters}
  0x0000766e5137150c: 7600 00e9 | cd8a 3307 

  0x0000766e51371514: ;   {static_stub}
  0x0000766e51371514: 9048 bb08 | 7941 a76d 

  0x0000766e5137151c: ;   {runtime_call I2C/C2I adapters}
  0x0000766e5137151c: 7600 00e9 | bd8a 3307 

  0x0000766e51371524: ;   {static_stub}
  0x0000766e51371524: 9048 bb00 | 0000 0000 

  0x0000766e5137152c: ;   {runtime_call}
  0x0000766e5137152c: 0000 00e9 | fbff ffff 

  0x0000766e51371534: ;   {static_stub}
  0x0000766e51371534: 9048 bb00 | 0000 0000 

  0x0000766e5137153c: ;   {runtime_call}
  0x0000766e5137153c: 0000 00e9 | fbff ffff 
[Exception Handler]
  0x0000766e51371544: ;   {runtime_call handle_exception_from_callee Runtime1 stub}
  0x0000766e51371544: e837 2d3e 

  0x0000766e51371548: ;   {external_word}
  0x0000766e51371548: 0748 bf52 | 5759 706e | 7600 0048 

  0x0000766e51371554: ;   {runtime_call MacroAssembler::debug64(char*, long, long*)}
  0x0000766e51371554: 83e4 f0e8 | 1496 d91e 

  0x0000766e5137155c: ;   {section_word}
  0x0000766e5137155c: f449 ba5d | 1537 516e | 7600 0041 

  0x0000766e51371568: ;   {runtime_call DeoptimizationBlob}
  0x0000766e51371568: 52e9 3244 | 3407 f4f4 
[/MachCode]


---------------  P R O C E S S  ---------------

Threads class SMR info:
_java_thread_list=0x0000766d540b4830, length=22, elements={
0x0000766e6802aac0, 0x0000766e681e9530, 0x0000766e681ea910, 0x0000766e681efea0,
0x0000766e681f1250, 0x0000766e681f2660, 0x0000766e681f4090, 0x0000766e681f55c0,
0x0000766e681f6a30, 0x0000766e681fe770, 0x0000766e68201f00, 0x0000766d8c0bf3e0,
0x0000766d7004c7a0, 0x0000766d7004d8f0, 0x0000766d8810f0d0, 0x0000766e6846a0e0,
0x0000766e6846ad40, 0x0000766d6005b500, 0x0000766d6004d9e0, 0x0000766d60026610,
0x0000766d60049ef0, 0x0000766d54043cf0
}

Java Threads: ( => current thread )
  0x0000766e6802aac0 JavaThread "main" [_thread_blocked, id=82695, stack(0x0000766e6f500000,0x0000766e6f600000)]
  0x0000766e681e9530 JavaThread "Reference Handler" daemon [_thread_blocked, id=82702, stack(0x0000766e6ceb9000,0x0000766e6cfb9000)]
  0x0000766e681ea910 JavaThread "Finalizer" daemon [_thread_blocked, id=82703, stack(0x0000766e6cdb9000,0x0000766e6ceb9000)]
  0x0000766e681efea0 JavaThread "Signal Dispatcher" daemon [_thread_blocked, id=82704, stack(0x0000766e6c700000,0x0000766e6c800000)]
  0x0000766e681f1250 JavaThread "Service Thread" daemon [_thread_blocked, id=82705, stack(0x0000766e6c600000,0x0000766e6c700000)]
  0x0000766e681f2660 JavaThread "Monitor Deflation Thread" daemon [_thread_blocked, id=82706, stack(0x0000766e6c500000,0x0000766e6c600000)]
  0x0000766e681f4090 JavaThread "C2 CompilerThread0" daemon [_thread_blocked, id=82707, stack(0x0000766e6c400000,0x0000766e6c500000)]
  0x0000766e681f55c0 JavaThread "C1 CompilerThread0" daemon [_thread_blocked, id=82708, stack(0x0000766e6c300000,0x0000766e6c400000)]
  0x0000766e681f6a30 JavaThread "Sweeper thread" daemon [_thread_blocked, id=82709, stack(0x0000766e6c200000,0x0000766e6c300000)]
  0x0000766e681fe770 JavaThread "Notification Thread" daemon [_thread_blocked, id=82710, stack(0x0000766e6c100000,0x0000766e6c200000)]
  0x0000766e68201f00 JavaThread "Common-Cleaner" daemon [_thread_blocked, id=82712, stack(0x0000766e6c000000,0x0000766e6c100000)]
  0x0000766d8c0bf3e0 JavaThread "C1 CompilerThread1" daemon [_thread_blocked, id=82713, stack(0x0000766e09e30000,0x0000766e09f30000)]
  0x0000766d7004c7a0 JavaThread "C1 CompilerThread2" daemon [_thread_blocked, id=82714, stack(0x0000766e09d30000,0x0000766e09e30000)]
  0x0000766d7004d8f0 JavaThread "C1 CompilerThread3" daemon [_thread_blocked, id=82715, stack(0x0000766e09c30000,0x0000766e09d30000)]
  0x0000766d8810f0d0 JavaThread "C2 CompilerThread1" daemon [_thread_blocked, id=82716, stack(0x0000766e09700000,0x0000766e09800000)]
  0x0000766e6846a0e0 JavaThread "DefaultDispatcher-worker-1" daemon [_thread_blocked, id=82717, stack(0x0000766e09300000,0x0000766e09400000)]
  0x0000766e6846ad40 JavaThread "DefaultDispatcher-worker-2" daemon [_thread_blocked, id=82718, stack(0x0000766e09200000,0x0000766e09300000)]
=>0x0000766d6005b500 JavaThread "DefaultDispatcher-worker-3" daemon [_thread_in_native, id=82719, stack(0x0000766e09100000,0x0000766e09200000)]
  0x0000766d6004d9e0 JavaThread "DefaultDispatcher-worker-4" daemon [_thread_blocked, id=82720, stack(0x0000766e09000000,0x0000766e09100000)]
  0x0000766d60026610 JavaThread "DefaultDispatcher-worker-5" daemon [_thread_blocked, id=82721, stack(0x0000766e08f00000,0x0000766e09000000)]
  0x0000766d60049ef0 JavaThread "DefaultDispatcher-worker-6" daemon [_thread_blocked, id=82722, stack(0x0000766e08e00000,0x0000766e08f00000)]
  0x0000766d54043cf0 JavaThread "Thread-6" daemon [_thread_in_native, id=82738, stack(0x0000766da4cf9000,0x0000766da4df9000)]

Other Threads:
  0x0000766e681e5560 VMThread "VM Thread" [stack: 0x0000766e6cfba000,0x0000766e6d0ba000] [id=82701]
  0x0000766e682000b0 WatcherThread [stack: 0x0000766e67f00000,0x0000766e68000000] [id=82711]
  0x0000766e680605c0 GCTaskThread "GC Thread#0" [stack: 0x0000766e6e379000,0x0000766e6e479000] [id=82696]
  0x0000766df00068e0 GCTaskThread "GC Thread#1" [stack: 0x0000766da4bf9000,0x0000766da4cf9000] [id=82739]
  0x0000766df00072e0 GCTaskThread "GC Thread#2" [stack: 0x0000766da4af8000,0x0000766da4bf8000] [id=82740]
  0x0000766df0007d60 GCTaskThread "GC Thread#3" [stack: 0x0000766da49f7000,0x0000766da4af7000] [id=82741]
  0x0000766df00087e0 GCTaskThread "GC Thread#4" [stack: 0x0000766da48f6000,0x0000766da49f6000] [id=82742]
  0x0000766df0009260 GCTaskThread "GC Thread#5" [stack: 0x0000766da47f5000,0x0000766da48f5000] [id=82743]
  0x0000766df0009d10 GCTaskThread "GC Thread#6" [stack: 0x0000766da46f4000,0x0000766da47f4000] [id=82744]
  0x0000766df000abb0 GCTaskThread "GC Thread#7" [stack: 0x0000766da45f3000,0x0000766da46f3000] [id=82745]
  0x0000766df000ba50 GCTaskThread "GC Thread#8" [stack: 0x0000766da44f2000,0x0000766da45f2000] [id=82746]
  0x0000766df000c8f0 GCTaskThread "GC Thread#9" [stack: 0x0000766da43f1000,0x0000766da44f1000] [id=82747]
  0x0000766df000d790 GCTaskThread "GC Thread#10" [stack: 0x0000766da42f0000,0x0000766da43f0000] [id=82748]
  0x0000766df000e630 GCTaskThread "GC Thread#11" [stack: 0x0000766da41ef000,0x0000766da42ef000] [id=82749]
  0x0000766df000f4d0 GCTaskThread "GC Thread#12" [stack: 0x0000766da40ee000,0x0000766da41ee000] [id=82750]
  0x0000766e68070bb0 ConcurrentGCThread "G1 Main Marker" [stack: 0x0000766e6e278000,0x0000766e6e378000] [id=82697]
  0x0000766e68071b20 ConcurrentGCThread "G1 Conc#0" [stack: 0x0000766e6e177000,0x0000766e6e277000] [id=82698]
  0x0000766e681b26b0 ConcurrentGCThread "G1 Refine#0" [stack: 0x0000766e6d369000,0x0000766e6d469000] [id=82699]
  0x0000766e681b35b0 ConcurrentGCThread "G1 Service" [stack: 0x0000766e6d268000,0x0000766e6d368000] [id=82700]

Threads with active compile tasks:

VM state: not at safepoint (normal execution)

VM Mutex/Monitor currently owned by a thread: None

Heap address: 0x0000000082000000, size: 30688 MB, Compressed Oops mode: Zero based, Oop shift amount: 3

CDS archive(s) mapped at: [0x0000766dab000000-0x0000766dabbca000-0x0000766dabbca000), size 12361728, SharedBaseAddress: 0x0000766dab000000, ArchiveRelocationMode: 1.
Compressed class space mapped at: 0x0000766dac000000-0x0000766dec000000, reserved size: 1073741824
Narrow klass base: 0x0000766dab000000, Narrow klass shift: 0, Narrow klass range: 0x100000000

GC Precious Log:
 CPUs: 16 total, 16 available
 Memory: 121G
 Large Page Support: Disabled
 NUMA Support: Disabled
 Compressed Oops: Enabled (Zero based)
 Heap Region Size: 16M
 Heap Min Capacity: 16M
 Heap Initial Capacity: 1952M
 Heap Max Capacity: 30688M
 Pre-touch: Disabled
 Parallel Workers: 13
 Concurrent Workers: 3
 Concurrent Refinement Workers: 13
 Periodic GC: Disabled

Heap:
 garbage-first heap   total 2031616K, used 51399K [0x0000000082000000, 0x0000000800000000)
  region size 16384K, 4 young (65536K), 1 survivors (16384K)
 Metaspace       used 4873K, committed 5056K, reserved 1114112K
  class space    used 405K, committed 512K, reserved 1048576K

Heap Regions: E=young(eden), S=young(survivor), O=old, HS=humongous(starts), HC=humongous(continues), CS=collection set, F=free, OA=open archive, CA=closed archive, TAMS=top-at-mark-start (previous, next)
|   0|0x0000000082000000, 0x0000000082000000, 0x0000000083000000|  0%| F|  |TAMS 0x0000000082000000, 0x0000000082000000| Untracked 
|   1|0x0000000083000000, 0x0000000083000000, 0x0000000084000000|  0%| F|  |TAMS 0x0000000083000000, 0x0000000083000000| Untracked 
|   2|0x0000000084000000, 0x0000000084000000, 0x0000000085000000|  0%| F|  |TAMS 0x0000000084000000, 0x0000000084000000| Untracked 
|   3|0x0000000085000000, 0x0000000085000000, 0x0000000086000000|  0%| F|  |TAMS 0x0000000085000000, 0x0000000085000000| Untracked 
|   4|0x0000000086000000, 0x0000000086000000, 0x0000000087000000|  0%| F|  |TAMS 0x0000000086000000, 0x0000000086000000| Untracked 
|   5|0x0000000087000000, 0x0000000087000000, 0x0000000088000000|  0%| F|  |TAMS 0x0000000087000000, 0x0000000087000000| Untracked 
|   6|0x0000000088000000, 0x0000000088000000, 0x0000000089000000|  0%| F|  |TAMS 0x0000000088000000, 0x0000000088000000| Untracked 
|   7|0x0000000089000000, 0x0000000089000000, 0x000000008a000000|  0%| F|  |TAMS 0x0000000089000000, 0x0000000089000000| Untracked 
|   8|0x000000008a000000, 0x000000008a000000, 0x000000008b000000|  0%| F|  |TAMS 0x000000008a000000, 0x000000008a000000| Untracked 
|   9|0x000000008b000000, 0x000000008b000000, 0x000000008c000000|  0%| F|  |TAMS 0x000000008b000000, 0x000000008b000000| Untracked 
|  10|0x000000008c000000, 0x000000008c000000, 0x000000008d000000|  0%| F|  |TAMS 0x000000008c000000, 0x000000008c000000| Untracked 
|  11|0x000000008d000000, 0x000000008d000000, 0x000000008e000000|  0%| F|  |TAMS 0x000000008d000000, 0x000000008d000000| Untracked 
|  12|0x000000008e000000, 0x000000008e000000, 0x000000008f000000|  0%| F|  |TAMS 0x000000008e000000, 0x000000008e000000| Untracked 
|  13|0x000000008f000000, 0x000000008f000000, 0x0000000090000000|  0%| F|  |TAMS 0x000000008f000000, 0x000000008f000000| Untracked 
|  14|0x0000000090000000, 0x0000000090000000, 0x0000000091000000|  0%| F|  |TAMS 0x0000000090000000, 0x0000000090000000| Untracked 
|  15|0x0000000091000000, 0x0000000091000000, 0x0000000092000000|  0%| F|  |TAMS 0x0000000091000000, 0x0000000091000000| Untracked 
|  16|0x0000000092000000, 0x0000000092000000, 0x0000000093000000|  0%| F|  |TAMS 0x0000000092000000, 0x0000000092000000| Untracked 
|  17|0x0000000093000000, 0x0000000093000000, 0x0000000094000000|  0%| F|  |TAMS 0x0000000093000000, 0x0000000093000000| Untracked 
|  18|0x0000000094000000, 0x0000000094000000, 0x0000000095000000|  0%| F|  |TAMS 0x0000000094000000, 0x0000000094000000| Untracked 
|  19|0x0000000095000000, 0x0000000095000000, 0x0000000096000000|  0%| F|  |TAMS 0x0000000095000000, 0x0000000095000000| Untracked 
|  20|0x0000000096000000, 0x0000000096000000, 0x0000000097000000|  0%| F|  |TAMS 0x0000000096000000, 0x0000000096000000| Untracked 
|  21|0x0000000097000000, 0x0000000097000000, 0x0000000098000000|  0%| F|  |TAMS 0x0000000097000000, 0x0000000097000000| Untracked 
|  22|0x0000000098000000, 0x0000000098000000, 0x0000000099000000|  0%| F|  |TAMS 0x0000000098000000, 0x0000000098000000| Untracked 
|  23|0x0000000099000000, 0x0000000099000000, 0x000000009a000000|  0%| F|  |TAMS 0x0000000099000000, 0x0000000099000000| Untracked 
|  24|0x000000009a000000, 0x000000009a000000, 0x000000009b000000|  0%| F|  |TAMS 0x000000009a000000, 0x000000009a000000| Untracked 
|  25|0x000000009b000000, 0x000000009b000000, 0x000000009c000000|  0%| F|  |TAMS 0x000000009b000000, 0x000000009b000000| Untracked 
|  26|0x000000009c000000, 0x000000009c000000, 0x000000009d000000|  0%| F|  |TAMS 0x000000009c000000, 0x000000009c000000| Untracked 
|  27|0x000000009d000000, 0x000000009d000000, 0x000000009e000000|  0%| F|  |TAMS 0x000000009d000000, 0x000000009d000000| Untracked 
|  28|0x000000009e000000, 0x000000009e000000, 0x000000009f000000|  0%| F|  |TAMS 0x000000009e000000, 0x000000009e000000| Untracked 
|  29|0x000000009f000000, 0x000000009f000000, 0x00000000a0000000|  0%| F|  |TAMS 0x000000009f000000, 0x000000009f000000| Untracked 
|  30|0x00000000a0000000, 0x00000000a0000000, 0x00000000a1000000|  0%| F|  |TAMS 0x00000000a0000000, 0x00000000a0000000| Untracked 
|  31|0x00000000a1000000, 0x00000000a1000000, 0x00000000a2000000|  0%| F|  |TAMS 0x00000000a1000000, 0x00000000a1000000| Untracked 
|  32|0x00000000a2000000, 0x00000000a2000000, 0x00000000a3000000|  0%| F|  |TAMS 0x00000000a2000000, 0x00000000a2000000| Untracked 
|  33|0x00000000a3000000, 0x00000000a3000000, 0x00000000a4000000|  0%| F|  |TAMS 0x00000000a3000000, 0x00000000a3000000| Untracked 
|  34|0x00000000a4000000, 0x00000000a4000000, 0x00000000a5000000|  0%| F|  |TAMS 0x00000000a4000000, 0x00000000a4000000| Untracked 
|  35|0x00000000a5000000, 0x00000000a5000000, 0x00000000a6000000|  0%| F|  |TAMS 0x00000000a5000000, 0x00000000a5000000| Untracked 
|  36|0x00000000a6000000, 0x00000000a6000000, 0x00000000a7000000|  0%| F|  |TAMS 0x00000000a6000000, 0x00000000a6000000| Untracked 
|  37|0x00000000a7000000, 0x00000000a7000000, 0x00000000a8000000|  0%| F|  |TAMS 0x00000000a7000000, 0x00000000a7000000| Untracked 
|  38|0x00000000a8000000, 0x00000000a8000000, 0x00000000a9000000|  0%| F|  |TAMS 0x00000000a8000000, 0x00000000a8000000| Untracked 
|  39|0x00000000a9000000, 0x00000000a9000000, 0x00000000aa000000|  0%| F|  |TAMS 0x00000000a9000000, 0x00000000a9000000| Untracked 
|  40|0x00000000aa000000, 0x00000000aa000000, 0x00000000ab000000|  0%| F|  |TAMS 0x00000000aa000000, 0x00000000aa000000| Untracked 
|  41|0x00000000ab000000, 0x00000000ab000000, 0x00000000ac000000|  0%| F|  |TAMS 0x00000000ab000000, 0x00000000ab000000| Untracked 
|  42|0x00000000ac000000, 0x00000000ac000000, 0x00000000ad000000|  0%| F|  |TAMS 0x00000000ac000000, 0x00000000ac000000| Untracked 
|  43|0x00000000ad000000, 0x00000000ad000000, 0x00000000ae000000|  0%| F|  |TAMS 0x00000000ad000000, 0x00000000ad000000| Untracked 
|  44|0x00000000ae000000, 0x00000000ae000000, 0x00000000af000000|  0%| F|  |TAMS 0x00000000ae000000, 0x00000000ae000000| Untracked 
|  45|0x00000000af000000, 0x00000000af000000, 0x00000000b0000000|  0%| F|  |TAMS 0x00000000af000000, 0x00000000af000000| Untracked 
|  46|0x00000000b0000000, 0x00000000b0000000, 0x00000000b1000000|  0%| F|  |TAMS 0x00000000b0000000, 0x00000000b0000000| Untracked 
|  47|0x00000000b1000000, 0x00000000b1000000, 0x00000000b2000000|  0%| F|  |TAMS 0x00000000b1000000, 0x00000000b1000000| Untracked 
|  48|0x00000000b2000000, 0x00000000b2000000, 0x00000000b3000000|  0%| F|  |TAMS 0x00000000b2000000, 0x00000000b2000000| Untracked 
|  49|0x00000000b3000000, 0x00000000b3000000, 0x00000000b4000000|  0%| F|  |TAMS 0x00000000b3000000, 0x00000000b3000000| Untracked 
|  50|0x00000000b4000000, 0x00000000b4000000, 0x00000000b5000000|  0%| F|  |TAMS 0x00000000b4000000, 0x00000000b4000000| Untracked 
|  51|0x00000000b5000000, 0x00000000b5000000, 0x00000000b6000000|  0%| F|  |TAMS 0x00000000b5000000, 0x00000000b5000000| Untracked 
|  52|0x00000000b6000000, 0x00000000b6000000, 0x00000000b7000000|  0%| F|  |TAMS 0x00000000b6000000, 0x00000000b6000000| Untracked 
|  53|0x00000000b7000000, 0x00000000b7000000, 0x00000000b8000000|  0%| F|  |TAMS 0x00000000b7000000, 0x00000000b7000000| Untracked 
|  54|0x00000000b8000000, 0x00000000b8000000, 0x00000000b9000000|  0%| F|  |TAMS 0x00000000b8000000, 0x00000000b8000000| Untracked 
|  55|0x00000000b9000000, 0x00000000b9000000, 0x00000000ba000000|  0%| F|  |TAMS 0x00000000b9000000, 0x00000000b9000000| Untracked 
|  56|0x00000000ba000000, 0x00000000ba000000, 0x00000000bb000000|  0%| F|  |TAMS 0x00000000ba000000, 0x00000000ba000000| Untracked 
|  57|0x00000000bb000000, 0x00000000bb000000, 0x00000000bc000000|  0%| F|  |TAMS 0x00000000bb000000, 0x00000000bb000000| Untracked 
|  58|0x00000000bc000000, 0x00000000bc000000, 0x00000000bd000000|  0%| F|  |TAMS 0x00000000bc000000, 0x00000000bc000000| Untracked 
|  59|0x00000000bd000000, 0x00000000bd000000, 0x00000000be000000|  0%| F|  |TAMS 0x00000000bd000000, 0x00000000bd000000| Untracked 
|  60|0x00000000be000000, 0x00000000be000000, 0x00000000bf000000|  0%| F|  |TAMS 0x00000000be000000, 0x00000000be000000| Untracked 
|  61|0x00000000bf000000, 0x00000000bf000000, 0x00000000c0000000|  0%| F|  |TAMS 0x00000000bf000000, 0x00000000bf000000| Untracked 
|  62|0x00000000c0000000, 0x00000000c0000000, 0x00000000c1000000|  0%| F|  |TAMS 0x00000000c0000000, 0x00000000c0000000| Untracked 
|  63|0x00000000c1000000, 0x00000000c1000000, 0x00000000c2000000|  0%| F|  |TAMS 0x00000000c1000000, 0x00000000c1000000| Untracked 
|  64|0x00000000c2000000, 0x00000000c2000000, 0x00000000c3000000|  0%| F|  |TAMS 0x00000000c2000000, 0x00000000c2000000| Untracked 
|  65|0x00000000c3000000, 0x00000000c3000000, 0x00000000c4000000|  0%| F|  |TAMS 0x00000000c3000000, 0x00000000c3000000| Untracked 
|  66|0x00000000c4000000, 0x00000000c4000000, 0x00000000c5000000|  0%| F|  |TAMS 0x00000000c4000000, 0x00000000c4000000| Untracked 
|  67|0x00000000c5000000, 0x00000000c5000000, 0x00000000c6000000|  0%| F|  |TAMS 0x00000000c5000000, 0x00000000c5000000| Untracked 
|  68|0x00000000c6000000, 0x00000000c6000000, 0x00000000c7000000|  0%| F|  |TAMS 0x00000000c6000000, 0x00000000c6000000| Untracked 
|  69|0x00000000c7000000, 0x00000000c7000000, 0x00000000c8000000|  0%| F|  |TAMS 0x00000000c7000000, 0x00000000c7000000| Untracked 
|  70|0x00000000c8000000, 0x00000000c8000000, 0x00000000c9000000|  0%| F|  |TAMS 0x00000000c8000000, 0x00000000c8000000| Untracked 
|  71|0x00000000c9000000, 0x00000000c9000000, 0x00000000ca000000|  0%| F|  |TAMS 0x00000000c9000000, 0x00000000c9000000| Untracked 
|  72|0x00000000ca000000, 0x00000000ca000000, 0x00000000cb000000|  0%| F|  |TAMS 0x00000000ca000000, 0x00000000ca000000| Untracked 
|  73|0x00000000cb000000, 0x00000000cb000000, 0x00000000cc000000|  0%| F|  |TAMS 0x00000000cb000000, 0x00000000cb000000| Untracked 
|  74|0x00000000cc000000, 0x00000000cc000000, 0x00000000cd000000|  0%| F|  |TAMS 0x00000000cc000000, 0x00000000cc000000| Untracked 
|  75|0x00000000cd000000, 0x00000000cd000000, 0x00000000ce000000|  0%| F|  |TAMS 0x00000000cd000000, 0x00000000cd000000| Untracked 
|  76|0x00000000ce000000, 0x00000000ce000000, 0x00000000cf000000|  0%| F|  |TAMS 0x00000000ce000000, 0x00000000ce000000| Untracked 
|  77|0x00000000cf000000, 0x00000000cf000000, 0x00000000d0000000|  0%| F|  |TAMS 0x00000000cf000000, 0x00000000cf000000| Untracked 
|  78|0x00000000d0000000, 0x00000000d0000000, 0x00000000d1000000|  0%| F|  |TAMS 0x00000000d0000000, 0x00000000d0000000| Untracked 
|  79|0x00000000d1000000, 0x00000000d1000000, 0x00000000d2000000|  0%| F|  |TAMS 0x00000000d1000000, 0x00000000d1000000| Untracked 
|  80|0x00000000d2000000, 0x00000000d2000000, 0x00000000d3000000|  0%| F|  |TAMS 0x00000000d2000000, 0x00000000d2000000| Untracked 
|  81|0x00000000d3000000, 0x00000000d3000000, 0x00000000d4000000|  0%| F|  |TAMS 0x00000000d3000000, 0x00000000d3000000| Untracked 
|  82|0x00000000d4000000, 0x00000000d4000000, 0x00000000d5000000|  0%| F|  |TAMS 0x00000000d4000000, 0x00000000d4000000| Untracked 
|  83|0x00000000d5000000, 0x00000000d5000000, 0x00000000d6000000|  0%| F|  |TAMS 0x00000000d5000000, 0x00000000d5000000| Untracked 
|  84|0x00000000d6000000, 0x00000000d6000000, 0x00000000d7000000|  0%| F|  |TAMS 0x00000000d6000000, 0x00000000d6000000| Untracked 
|  85|0x00000000d7000000, 0x00000000d7000000, 0x00000000d8000000|  0%| F|  |TAMS 0x00000000d7000000, 0x00000000d7000000| Untracked 
|  86|0x00000000d8000000, 0x00000000d8000000, 0x00000000d9000000|  0%| F|  |TAMS 0x00000000d8000000, 0x00000000d8000000| Untracked 
|  87|0x00000000d9000000, 0x00000000d9000000, 0x00000000da000000|  0%| F|  |TAMS 0x00000000d9000000, 0x00000000d9000000| Untracked 
|  88|0x00000000da000000, 0x00000000da000000, 0x00000000db000000|  0%| F|  |TAMS 0x00000000da000000, 0x00000000da000000| Untracked 
|  89|0x00000000db000000, 0x00000000db000000, 0x00000000dc000000|  0%| F|  |TAMS 0x00000000db000000, 0x00000000db000000| Untracked 
|  90|0x00000000dc000000, 0x00000000dc000000, 0x00000000dd000000|  0%| F|  |TAMS 0x00000000dc000000, 0x00000000dc000000| Untracked 
|  91|0x00000000dd000000, 0x00000000dd000000, 0x00000000de000000|  0%| F|  |TAMS 0x00000000dd000000, 0x00000000dd000000| Untracked 
|  92|0x00000000de000000, 0x00000000de000000, 0x00000000df000000|  0%| F|  |TAMS 0x00000000de000000, 0x00000000de000000| Untracked 
|  93|0x00000000df000000, 0x00000000df000000, 0x00000000e0000000|  0%| F|  |TAMS 0x00000000df000000, 0x00000000df000000| Untracked 
|  94|0x00000000e0000000, 0x00000000e0000000, 0x00000000e1000000|  0%| F|  |TAMS 0x00000000e0000000, 0x00000000e0000000| Untracked 
|  95|0x00000000e1000000, 0x00000000e1000000, 0x00000000e2000000|  0%| F|  |TAMS 0x00000000e1000000, 0x00000000e1000000| Untracked 
|  96|0x00000000e2000000, 0x00000000e2000000, 0x00000000e3000000|  0%| F|  |TAMS 0x00000000e2000000, 0x00000000e2000000| Untracked 
|  97|0x00000000e3000000, 0x00000000e3000000, 0x00000000e4000000|  0%| F|  |TAMS 0x00000000e3000000, 0x00000000e3000000| Untracked 
|  98|0x00000000e4000000, 0x00000000e4000000, 0x00000000e5000000|  0%| F|  |TAMS 0x00000000e4000000, 0x00000000e4000000| Untracked 
|  99|0x00000000e5000000, 0x00000000e5000000, 0x00000000e6000000|  0%| F|  |TAMS 0x00000000e5000000, 0x00000000e5000000| Untracked 
| 100|0x00000000e6000000, 0x00000000e6000000, 0x00000000e7000000|  0%| F|  |TAMS 0x00000000e6000000, 0x00000000e6000000| Untracked 
| 101|0x00000000e7000000, 0x00000000e7000000, 0x00000000e8000000|  0%| F|  |TAMS 0x00000000e7000000, 0x00000000e7000000| Untracked 
| 102|0x00000000e8000000, 0x00000000e8000000, 0x00000000e9000000|  0%| F|  |TAMS 0x00000000e8000000, 0x00000000e8000000| Untracked 
| 103|0x00000000e9000000, 0x00000000e9000000, 0x00000000ea000000|  0%| F|  |TAMS 0x00000000e9000000, 0x00000000e9000000| Untracked 
| 104|0x00000000ea000000, 0x00000000ea000000, 0x00000000eb000000|  0%| F|  |TAMS 0x00000000ea000000, 0x00000000ea000000| Untracked 
| 105|0x00000000eb000000, 0x00000000eb000000, 0x00000000ec000000|  0%| F|  |TAMS 0x00000000eb000000, 0x00000000eb000000| Untracked 
| 106|0x00000000ec000000, 0x00000000ec000000, 0x00000000ed000000|  0%| F|  |TAMS 0x00000000ec000000, 0x00000000ec000000| Untracked 
| 107|0x00000000ed000000, 0x00000000ed000000, 0x00000000ee000000|  0%| F|  |TAMS 0x00000000ed000000, 0x00000000ed000000| Untracked 
| 108|0x00000000ee000000, 0x00000000ee000000, 0x00000000ef000000|  0%| F|  |TAMS 0x00000000ee000000, 0x00000000ee000000| Untracked 
| 109|0x00000000ef000000, 0x00000000ef000000, 0x00000000f0000000|  0%| F|  |TAMS 0x00000000ef000000, 0x00000000ef000000| Untracked 
| 110|0x00000000f0000000, 0x00000000f0000000, 0x00000000f1000000|  0%| F|  |TAMS 0x00000000f0000000, 0x00000000f0000000| Untracked 
| 111|0x00000000f1000000, 0x00000000f1000000, 0x00000000f2000000|  0%| F|  |TAMS 0x00000000f1000000, 0x00000000f1000000| Untracked 
| 112|0x00000000f2000000, 0x00000000f2000000, 0x00000000f3000000|  0%| F|  |TAMS 0x00000000f2000000, 0x00000000f2000000| Untracked 
| 113|0x00000000f3000000, 0x00000000f3000000, 0x00000000f4000000|  0%| F|  |TAMS 0x00000000f3000000, 0x00000000f3000000| Untracked 
| 114|0x00000000f4000000, 0x00000000f4000000, 0x00000000f5000000|  0%| F|  |TAMS 0x00000000f4000000, 0x00000000f4000000| Untracked 
| 115|0x00000000f5000000, 0x00000000f5244e90, 0x00000000f6000000| 14%| S|CS|TAMS 0x00000000f5000000, 0x00000000f5000000| Complete 
| 116|0x00000000f6000000, 0x00000000f6000000, 0x00000000f7000000|  0%| F|  |TAMS 0x00000000f6000000, 0x00000000f6000000| Untracked 
| 117|0x00000000f7000000, 0x00000000f7000000, 0x00000000f8000000|  0%| F|  |TAMS 0x00000000f7000000, 0x00000000f7000000| Untracked 
| 118|0x00000000f8000000, 0x00000000f8000000, 0x00000000f9000000|  0%| F|  |TAMS 0x00000000f8000000, 0x00000000f8000000| Untracked 
| 119|0x00000000f9000000, 0x00000000f96fcf60, 0x00000000fa000000| 43%| E|  |TAMS 0x00000000f9000000, 0x00000000f9000000| Complete 
| 120|0x00000000fa000000, 0x00000000fb000000, 0x00000000fb000000|100%| E|CS|TAMS 0x00000000fa000000, 0x00000000fa000000| Complete 
| 121|0x00000000fb000000, 0x00000000fc000000, 0x00000000fc000000|100%| E|CS|TAMS 0x00000000fb000000, 0x00000000fb000000| Complete 
|1916|0x00000007fe000000, 0x00000007fef75000, 0x00000007ff000000| 96%|OA|  |TAMS 0x00000007fe000000, 0x00000007fe000000| Untracked 
|1917|0x00000007ff000000, 0x00000007ff078000, 0x0000000800000000|  2%|CA|  |TAMS 0x00000007ff000000, 0x00000007ff000000| Untracked 

Card table byte_map: [0x0000766e49a20000,0x0000766e4d610000] _byte_map_base: 0x0000766e49610000

Marking Bits (Prev, Next): (CMBitMap*) 0x0000766e68061050, (CMBitMap*) 0x0000766e68061090
 Prev Bits: [0x0000766e27eb0000, 0x0000766e45e30000)
 Next Bits: [0x0000766e09f30000, 0x0000766e27eb0000)

Polling page: 0x0000766e70e15000

Metaspace:

Usage:
  Non-class:      4.36 MB used.
      Class:    405.08 KB used.
       Both:      4.76 MB used.

Virtual space:
  Non-class space:       64.00 MB reserved,       4.44 MB (  7%) committed,  1 nodes.
      Class space:        1.00 GB reserved,     512.00 KB ( <1%) committed,  1 nodes.
             Both:        1.06 GB reserved,       4.94 MB ( <1%) committed. 

Chunk freelists:
   Non-Class:  9.17 MB
       Class:  15.47 MB
        Both:  24.64 MB

MaxMetaspaceSize: unlimited
CompressedClassSpaceSize: 1.00 GB
Initial GC threshold: 21.00 MB
Current GC threshold: 21.00 MB
CDS: on
MetaspaceReclaimPolicy: balanced
 - commit_granule_bytes: 65536.
 - commit_granule_words: 8192.
 - virtual_space_node_default_size: 8388608.
 - enlarge_chunks_in_place: 1.
 - new_chunks_are_fully_committed: 0.
 - uncommit_free_chunks: 1.
 - use_allocation_guard: 0.
 - handle_deallocations: 1.


Internal statistics:

num_allocs_failed_limit: 0.
num_arena_births: 52.
num_arena_deaths: 0.
num_vsnodes_births: 2.
num_vsnodes_deaths: 0.
num_space_committed: 79.
num_space_uncommitted: 0.
num_chunks_returned_to_freelist: 0.
num_chunks_taken_from_freelist: 178.
num_chunk_merges: 0.
num_chunk_splits: 138.
num_chunks_enlarged: 115.
num_inconsistent_stats: 0.

CodeHeap 'non-profiled nmethods': size=119168Kb used=299Kb max_used=299Kb free=118868Kb
 bounds [0x0000766e58da0000, 0x0000766e59010000, 0x0000766e60200000]
CodeHeap 'profiled nmethods': size=119164Kb used=1595Kb max_used=1595Kb free=117568Kb
 bounds [0x0000766e51200000, 0x0000766e51470000, 0x0000766e5865f000]
CodeHeap 'non-nmethods': size=7428Kb used=2892Kb max_used=2917Kb free=4535Kb
 bounds [0x0000766e5865f000, 0x0000766e5893f000, 0x0000766e58da0000]
 total_blobs=1409 nmethods=898 adapters=422
 compilation: enabled
              stopped_count=0, restarted_count=0
 full_count=0

Compilation events (20 events):
Event: 0.264 Thread 0x0000766d8c0bf3e0 nmethod 887 0x0000766e58de0390 code [0x0000766e58de0520, 0x0000766e58de05f0]
Event: 0.265 Thread 0x0000766d8810f0d0  888       4       eu.printingin3d.javascad.models.Cube::innerCloneModel (12 bytes)
Event: 0.268 Thread 0x0000766e681f55c0  890       3       java.util.Arrays::asList (9 bytes)
Event: 0.268 Thread 0x0000766d7004d8f0  891       3       java.util.Arrays$ArrayList::<init> (16 bytes)
Event: 0.268 Thread 0x0000766d8c0bf3e0  892       3       java.util.Arrays::rangeCheck (74 bytes)
Event: 0.268 Thread 0x0000766d7004d8f0 nmethod 891 0x0000766e5138cd10 code [0x0000766e5138cee0, 0x0000766e5138d2c0]
Event: 0.268 Thread 0x0000766e681f55c0 nmethod 890 0x0000766e5138d410 code [0x0000766e5138d5e0, 0x0000766e5138da60]
Event: 0.268 Thread 0x0000766d8c0bf3e0 nmethod 892 0x0000766e5138dc10 code [0x0000766e5138dec0, 0x0000766e5138e8c0]
Event: 0.268 Thread 0x0000766d8810f0d0 nmethod 888 0x0000766e58de0690 code [0x0000766e58de0840, 0x0000766e58de0e58]
Event: 0.268 Thread 0x0000766d8810f0d0  889       4       jdk.internal.misc.Unsafe::allocateUninitializedArray (55 bytes)
Event: 0.269 Thread 0x0000766d8810f0d0 nmethod 889 0x0000766e58de1010 code [0x0000766e58de11a0, 0x0000766e58de1358]
Event: 0.270 Thread 0x0000766d8810f0d0  893       4       java.lang.StringConcatHelper::mix (27 bytes)
Event: 0.271 Thread 0x0000766d8810f0d0 nmethod 893 0x0000766e58de1490 code [0x0000766e58de1620, 0x0000766e58de16d8]
Event: 0.272 Thread 0x0000766d8810f0d0  894       4       jdk.internal.misc.Unsafe::allocateUninitializedArray0 (90 bytes)
Event: 0.272 Thread 0x0000766d8810f0d0 nmethod 894 0x0000766e58de1810 code [0x0000766e58de19a0, 0x0000766e58de1b58]
Event: 0.273 Thread 0x0000766d8810f0d0  895       4       java.lang.ThreadLocal::get (38 bytes)
Event: 0.274 Thread 0x0000766d8810f0d0 nmethod 895 0x0000766e58de1c10 code [0x0000766e58de1da0, 0x0000766e58de1ef8]
Event: 0.274 Thread 0x0000766d8810f0d0  896       4       java.lang.ThreadLocal$ThreadLocalMap::getEntry (42 bytes)
Event: 0.275 Thread 0x0000766d8810f0d0 nmethod 896 0x0000766e58de2090 code [0x0000766e58de2220, 0x0000766e58de2348]
Event: 0.275 Thread 0x0000766d8810f0d0  897       4       jdk.internal.misc.Unsafe::allocateUninitializedArray (55 bytes)

GC Heap History (2 events):
Event: 0.242 GC heap before
{Heap before GC invocations=0 (full 0):
 garbage-first heap   total 2031616K, used 114612K [0x0000000082000000, 0x0000000800000000)
  region size 16384K, 6 young (98304K), 0 survivors (0K)
 Metaspace       used 4805K, committed 4992K, reserved 1114112K
  class space    used 393K, committed 512K, reserved 1048576K
}
Event: 0.243 GC heap after
{Heap after GC invocations=1 (full 0):
 garbage-first heap   total 2031616K, used 18631K [0x0000000082000000, 0x0000000800000000)
  region size 16384K, 1 young (16384K), 1 survivors (16384K)
 Metaspace       used 4805K, committed 4992K, reserved 1114112K
  class space    used 393K, committed 512K, reserved 1048576K
}

Dll operation events (9 events):
Event: 0.001 Loaded shared library /home/grishberg/.gradle/jdks/eclipse_adoptium-17-amd64-linux/jdk-17.0.19+10/lib/libjava.so
Event: 0.016 Loaded shared library /home/grishberg/.gradle/jdks/eclipse_adoptium-17-amd64-linux/jdk-17.0.19+10/lib/libjsvml.so
Event: 0.023 Loaded shared library /home/grishberg/.gradle/jdks/eclipse_adoptium-17-amd64-linux/jdk-17.0.19+10/lib/libnio.so
Event: 0.024 Loaded shared library /home/grishberg/.gradle/jdks/eclipse_adoptium-17-amd64-linux/jdk-17.0.19+10/lib/libzip.so
Event: 0.058 Loaded shared library /home/grishberg/.gradle/jdks/eclipse_adoptium-17-amd64-linux/jdk-17.0.19+10/lib/libjimage.so
Event: 0.061 Loaded shared library /home/grishberg/.gradle/jdks/eclipse_adoptium-17-amd64-linux/jdk-17.0.19+10/lib/libnet.so
Event: 0.082 Loaded shared library /tmp/manifold3d8377745112941427433/libmanifold.so.3
Event: 0.084 Loaded shared library /tmp/manifold3d8377745112941427433/libmanifoldc.so.3
Event: 0.085 Loaded shared library /tmp/manifold3d8377745112941427433/libmanifold_jni.so

Deoptimization events (20 events):
Event: 0.212 Thread 0x0000766d60049ef0 Uncommon trap: trap_request=0xffffff6e fr.pc=0x0000766e58dbe33c relative=0x000000000000041c
Event: 0.212 Thread 0x0000766d60049ef0 Uncommon trap: reason=loop_limit_check action=maybe_recompile pc=0x0000766e58dbe33c method=java.lang.StringLatin1.indexOf([BI[BII)I @ 37 c2
Event: 0.212 Thread 0x0000766d60049ef0 DEOPT PACKING pc=0x0000766e58dbe33c sp=0x0000766e08efe1c0
Event: 0.212 Thread 0x0000766d60049ef0 DEOPT UNPACKING pc=0x0000766e586b5699 sp=0x0000766e08efe140 mode 2
Event: 0.269 Thread 0x0000766e6846ad40 Uncommon trap: trap_request=0xffffffde fr.pc=0x0000766e58de12a8 relative=0x0000000000000108
Event: 0.269 Thread 0x0000766e6846ad40 Uncommon trap: reason=class_check action=maybe_recompile pc=0x0000766e58de12a8 method=jdk.internal.misc.Unsafe.allocateUninitializedArray(Ljava/lang/Class;I)Ljava/lang/Object; @ 51 c2
Event: 0.269 Thread 0x0000766e6846ad40 DEOPT PACKING pc=0x0000766e58de12a8 sp=0x0000766e092fdcd0
Event: 0.269 Thread 0x0000766e6846ad40 DEOPT UNPACKING pc=0x0000766e586b5699 sp=0x0000766e092fdc78 mode 2
Event: 0.269 Thread 0x0000766e6846ad40 Uncommon trap: trap_request=0xffffffde fr.pc=0x0000766e58de12a8 relative=0x0000000000000108
Event: 0.269 Thread 0x0000766e6846ad40 Uncommon trap: reason=class_check action=maybe_recompile pc=0x0000766e58de12a8 method=jdk.internal.misc.Unsafe.allocateUninitializedArray(Ljava/lang/Class;I)Ljava/lang/Object; @ 51 c2
Event: 0.269 Thread 0x0000766e6846ad40 DEOPT PACKING pc=0x0000766e58de12a8 sp=0x0000766e092fdcd0
Event: 0.269 Thread 0x0000766e6846ad40 DEOPT UNPACKING pc=0x0000766e586b5699 sp=0x0000766e092fdc78 mode 2
Event: 0.269 Thread 0x0000766e6846ad40 Uncommon trap: trap_request=0xffffffde fr.pc=0x0000766e58de12a8 relative=0x0000000000000108
Event: 0.269 Thread 0x0000766e6846ad40 Uncommon trap: reason=class_check action=maybe_recompile pc=0x0000766e58de12a8 method=jdk.internal.misc.Unsafe.allocateUninitializedArray(Ljava/lang/Class;I)Ljava/lang/Object; @ 51 c2
Event: 0.269 Thread 0x0000766e6846ad40 DEOPT PACKING pc=0x0000766e58de12a8 sp=0x0000766e092fdcd0
Event: 0.269 Thread 0x0000766e6846ad40 DEOPT UNPACKING pc=0x0000766e586b5699 sp=0x0000766e092fdc78 mode 2
Event: 0.269 Thread 0x0000766e6846ad40 Uncommon trap: trap_request=0xffffffde fr.pc=0x0000766e58de12a8 relative=0x0000000000000108
Event: 0.269 Thread 0x0000766e6846ad40 Uncommon trap: reason=class_check action=maybe_recompile pc=0x0000766e58de12a8 method=jdk.internal.misc.Unsafe.allocateUninitializedArray(Ljava/lang/Class;I)Ljava/lang/Object; @ 51 c2
Event: 0.269 Thread 0x0000766e6846ad40 DEOPT PACKING pc=0x0000766e58de12a8 sp=0x0000766e092fddd0
Event: 0.269 Thread 0x0000766e6846ad40 DEOPT UNPACKING pc=0x0000766e586b5699 sp=0x0000766e092fdd78 mode 2

Classes loaded (20 events):
Event: 0.111 Loading class java/util/concurrent/atomic/AtomicIntegerFieldUpdater$AtomicIntegerFieldUpdaterImpl
Event: 0.111 Loading class java/util/concurrent/atomic/AtomicIntegerFieldUpdater$AtomicIntegerFieldUpdaterImpl done
Event: 0.111 Loading class java/util/concurrent/atomic/AtomicIntegerFieldUpdater$AtomicIntegerFieldUpdaterImpl$1
Event: 0.111 Loading class java/util/concurrent/atomic/AtomicIntegerFieldUpdater$AtomicIntegerFieldUpdaterImpl$1 done
Event: 0.111 Loading class java/util/concurrent/atomic/AtomicReferenceFieldUpdater
Event: 0.111 Loading class java/util/concurrent/atomic/AtomicReferenceFieldUpdater done
Event: 0.111 Loading class java/util/concurrent/atomic/AtomicReferenceFieldUpdater$AtomicReferenceFieldUpdaterImpl
Event: 0.111 Loading class java/util/concurrent/atomic/AtomicReferenceFieldUpdater$AtomicReferenceFieldUpdaterImpl done
Event: 0.111 Loading class java/util/concurrent/atomic/AtomicReferenceFieldUpdater$AtomicReferenceFieldUpdaterImpl$1
Event: 0.111 Loading class java/util/concurrent/atomic/AtomicReferenceFieldUpdater$AtomicReferenceFieldUpdaterImpl$1 done
Event: 0.111 Loading class java/util/concurrent/atomic/AtomicReferenceArray
Event: 0.112 Loading class java/util/concurrent/atomic/AtomicReferenceArray done
Event: 0.123 Loading class java/lang/NoSuchFieldError
Event: 0.123 Loading class java/lang/NoSuchFieldError done
Event: 0.128 Loading class java/lang/StrictMath
Event: 0.128 Loading class java/lang/StrictMath done
Event: 0.142 Loading class java/util/concurrent/CancellationException
Event: 0.142 Loading class java/util/concurrent/CancellationException done
Event: 0.155 Loading class java/util/Collections$SingletonList
Event: 0.155 Loading class java/util/Collections$SingletonList done

Classes unloaded (0 events):
No events

Classes redefined (0 events):
No events

Internal exceptions (4 events):
Event: 0.061 Thread 0x0000766e6802aac0 Exception <a 'sun/nio/fs/UnixException'{0x00000000fb188948}> (0x00000000fb188948) 
thrown [src/hotspot/share/prims/jni.cpp, line 516]
Event: 0.083 Thread 0x0000766e6802aac0 Exception <a 'sun/nio/fs/UnixException'{0x00000000fb192640}> (0x00000000fb192640) 
thrown [src/hotspot/share/prims/jni.cpp, line 516]
Event: 0.085 Thread 0x0000766e6802aac0 Exception <a 'sun/nio/fs/UnixException'{0x00000000fb1a4d40}> (0x00000000fb1a4d40) 
thrown [src/hotspot/share/prims/jni.cpp, line 516]
Event: 0.213 Thread 0x0000766d60049ef0 Exception <a 'java/lang/NoSuchMethodError'{0x00000000f7d78890}: 'java.lang.Object java.lang.invoke.DirectMethodHandle$Holder.newInvokeSpecial(java.lang.Object, java.lang.Object, java.lang.Object, java.lang.Object, java.lang.Object, java.lang.Object)'> (0x00000000f7d78890) 
thrown [src/hotspot/share/interpreter/linkResolver.cpp, line 758]

VM Operations (2 events):
Event: 0.241 Executing VM operation: G1CollectForAllocation
Event: 0.243 Executing VM operation: G1CollectForAllocation done

Memory protections (20 events):
Event: 0.017 Protecting memory [0x0000766e6cdb9000,0x0000766e6cdbd000] with protection modes 0
Event: 0.019 Protecting memory [0x0000766e6c700000,0x0000766e6c704000] with protection modes 0
Event: 0.019 Protecting memory [0x0000766e6c600000,0x0000766e6c604000] with protection modes 0
Event: 0.019 Protecting memory [0x0000766e6c500000,0x0000766e6c504000] with protection modes 0
Event: 0.019 Protecting memory [0x0000766e6c400000,0x0000766e6c404000] with protection modes 0
Event: 0.019 Protecting memory [0x0000766e6c300000,0x0000766e6c304000] with protection modes 0
Event: 0.019 Protecting memory [0x0000766e6c200000,0x0000766e6c204000] with protection modes 0
Event: 0.021 Protecting memory [0x0000766e6c100000,0x0000766e6c104000] with protection modes 0
Event: 0.022 Protecting memory [0x0000766e6c000000,0x0000766e6c004000] with protection modes 0
Event: 0.047 Protecting memory [0x0000766e09e30000,0x0000766e09e34000] with protection modes 0
Event: 0.076 Protecting memory [0x0000766e09d30000,0x0000766e09d34000] with protection modes 0
Event: 0.076 Protecting memory [0x0000766e09c30000,0x0000766e09c34000] with protection modes 0
Event: 0.115 Protecting memory [0x0000766e09700000,0x0000766e09704000] with protection modes 0
Event: 0.142 Protecting memory [0x0000766e09300000,0x0000766e09304000] with protection modes 0
Event: 0.142 Protecting memory [0x0000766e09200000,0x0000766e09204000] with protection modes 0
Event: 0.149 Protecting memory [0x0000766e09100000,0x0000766e09104000] with protection modes 0
Event: 0.149 Protecting memory [0x0000766e09000000,0x0000766e09004000] with protection modes 0
Event: 0.149 Protecting memory [0x0000766e08f00000,0x0000766e08f04000] with protection modes 0
Event: 0.150 Protecting memory [0x0000766e08e00000,0x0000766e08e04000] with protection modes 0
Event: 0.213 Protecting memory [0x0000766da4cf9000,0x0000766da4cfd000] with protection modes 0

Nmethod flushes (0 events):
No events

Events (20 events):
Event: 0.017 Thread 0x0000766e6802aac0 Thread added: 0x0000766e681ea910
Event: 0.018 Thread 0x0000766e6802aac0 Thread added: 0x0000766e681efea0
Event: 0.019 Thread 0x0000766e6802aac0 Thread added: 0x0000766e681f1250
Event: 0.019 Thread 0x0000766e6802aac0 Thread added: 0x0000766e681f2660
Event: 0.019 Thread 0x0000766e6802aac0 Thread added: 0x0000766e681f4090
Event: 0.019 Thread 0x0000766e6802aac0 Thread added: 0x0000766e681f55c0
Event: 0.019 Thread 0x0000766e6802aac0 Thread added: 0x0000766e681f6a30
Event: 0.021 Thread 0x0000766e6802aac0 Thread added: 0x0000766e681fe770
Event: 0.022 Thread 0x0000766e6802aac0 Thread added: 0x0000766e68201f00
Event: 0.047 Thread 0x0000766e681f55c0 Thread added: 0x0000766d8c0bf3e0
Event: 0.076 Thread 0x0000766d8c0bf3e0 Thread added: 0x0000766d7004c7a0
Event: 0.076 Thread 0x0000766d8c0bf3e0 Thread added: 0x0000766d7004d8f0
Event: 0.115 Thread 0x0000766e681f4090 Thread added: 0x0000766d8810f0d0
Event: 0.142 Thread 0x0000766e6802aac0 Thread added: 0x0000766e6846a0e0
Event: 0.142 Thread 0x0000766e6802aac0 Thread added: 0x0000766e6846ad40
Event: 0.149 Thread 0x0000766e6846a0e0 Thread added: 0x0000766d6005b500
Event: 0.149 Thread 0x0000766e6846a0e0 Thread added: 0x0000766d6004d9e0
Event: 0.149 Thread 0x0000766e6846a0e0 Thread added: 0x0000766d60026610
Event: 0.150 Thread 0x0000766e6846a0e0 Thread added: 0x0000766d60049ef0
Event: 0.213 Thread 0x0000766d60049ef0 Thread added: 0x0000766d54043cf0


Dynamic libraries:
82000000-fc000000 rw-p 00000000 00:00 0 
fc000000-7fe000000 ---p 00000000 00:00 0 
7fe000000-7fef00000 rw-p 00000000 00:00 0 
7fef00000-7fef75000 rw-p 00c7a000 103:01 75498865                        /home/grishberg/.gradle/jdks/eclipse_adoptium-17-amd64-linux/jdk-17.0.19+10/lib/server/classes.jsa
7fef75000-7ff000000 rw-p 00000000 00:00 0 
7ff000000-7ff078000 rw-p 00c02000 103:01 75498865                        /home/grishberg/.gradle/jdks/eclipse_adoptium-17-amd64-linux/jdk-17.0.19+10/lib/server/classes.jsa
7ff078000-800000000 rw-p 00000000 00:00 0 
6333ae778000-6333ae779000 r--p 00000000 103:01 75498845                  /home/grishberg/.gradle/jdks/eclipse_adoptium-17-amd64-linux/jdk-17.0.19+10/bin/java
6333ae779000-6333ae77a000 r-xp 00001000 103:01 75498845                  /home/grishberg/.gradle/jdks/eclipse_adoptium-17-amd64-linux/jdk-17.0.19+10/bin/java
6333ae77a000-6333ae77b000 r--p 00002000 103:01 75498845                  /home/grishberg/.gradle/jdks/eclipse_adoptium-17-amd64-linux/jdk-17.0.19+10/bin/java
6333ae77b000-6333ae77c000 r--p 00002000 103:01 75498845                  /home/grishberg/.gradle/jdks/eclipse_adoptium-17-amd64-linux/jdk-17.0.19+10/bin/java
6333ae77c000-6333ae77d000 rw-p 00003000 103:01 75498845                  /home/grishberg/.gradle/jdks/eclipse_adoptium-17-amd64-linux/jdk-17.0.19+10/bin/java
6333e62b2000-6333e62fb000 rw-p 00000000 00:00 0                          [heap]
766cdc000000-766cdc021000 rw-p 00000000 00:00 0 
766cdc021000-766ce0000000 ---p 00000000 00:00 0 
766ce0000000-766ce0021000 rw-p 00000000 00:00 0 
766ce0021000-766ce4000000 ---p 00000000 00:00 0 
766ce4000000-766ce4021000 rw-p 00000000 00:00 0 
766ce4021000-766ce8000000 ---p 00000000 00:00 0 
766ce8000000-766ce8021000 rw-p 00000000 00:00 0 
766ce8021000-766cec000000 ---p 00000000 00:00 0 
766cec000000-766cec021000 rw-p 00000000 00:00 0 
766cec021000-766cf0000000 ---p 00000000 00:00 0 
766cf0000000-766cf0021000 rw-p 00000000 00:00 0 
766cf0021000-766cf4000000 ---p 00000000 00:00 0 
766cf4000000-766cf4021000 rw-p 00000000 00:00 0 
766cf4021000-766cf8000000 ---p 00000000 00:00 0 
766cf8000000-766cf8021000 rw-p 00000000 00:00 0 
766cf8021000-766cfc000000 ---p 00000000 00:00 0 
766cfc000000-766cfc021000 rw-p 00000000 00:00 0 
766cfc021000-766d00000000 ---p 00000000 00:00 0 
766d00000000-766d00021000 rw-p 00000000 00:00 0 
766d00021000-766d04000000 ---p 00000000 00:00 0 
766d04000000-766d04021000 rw-p 00000000 00:00 0 
766d04021000-766d08000000 ---p 00000000 00:00 0 
766d08000000-766d08021000 rw-p 00000000 00:00 0 
766d08021000-766d0c000000 ---p 00000000 00:00 0 
766d0c000000-766d0c021000 rw-p 00000000 00:00 0 
766d0c021000-766d10000000 ---p 00000000 00:00 0 
766d10000000-766d1096f000 rw-p 00000000 00:00 0 
766d1096f000-766d14000000 ---p 00000000 00:00 0 
766d14000000-766d14021000 rw-p 00000000 00:00 0 
766d14021000-766d18000000 ---p 00000000 00:00 0 
766d18000000-766d18021000 rw-p 00000000 00:00 0 
766d18021000-766d1c000000 ---p 00000000 00:00 0 
766d1c000000-766d1c021000 rw-p 00000000 00:00 0 
766d1c021000-766d20000000 ---p 00000000 00:00 0 
766d23c18000-766d24021000 rw-p 00000000 00:00 0 
766d24021000-766d28000000 ---p 00000000 00:00 0 
766d28000000-766d28021000 rw-p 00000000 00:00 0 
766d28021000-766d2c000000 ---p 00000000 00:00 0 
766d2c000000-766d2c021000 rw-p 00000000 00:00 0 
766d2c021000-766d30000000 ---p 00000000 00:00 0 
766d30000000-766d30021000 rw-p 00000000 00:00 0 
766d30021000-766d34000000 ---p 00000000 00:00 0 
766d34000000-766d34021000 rw-p 00000000 00:00 0 
766d34021000-766d38000000 ---p 00000000 00:00 0 
766d38000000-766d38021000 rw-p 00000000 00:00 0 
766d38021000-766d3c000000 ---p 00000000 00:00 0 
766d3c000000-766d3c021000 rw-p 00000000 00:00 0 
766d3c021000-766d40000000 ---p 00000000 00:00 0 
766d40000000-766d40021000 rw-p 00000000 00:00 0 
766d40021000-766d44000000 ---p 00000000 00:00 0 
766d44000000-766d44021000 rw-p 00000000 00:00 0 
766d44021000-766d48000000 ---p 00000000 00:00 0 
766d48000000-766d48021000 rw-p 00000000 00:00 0 
766d48021000-766d4c000000 ---p 00000000 00:00 0 
766d4c000000-766d4c051000 rw-p 00000000 00:00 0 
766d4c051000-766d50000000 ---p 00000000 00:00 0 
766d50000000-766d50024000 rw-p 00000000 00:00 0 
766d50024000-766d54000000 ---p 00000000 00:00 0 
766d54000000-766d5414c000 rw-p 00000000 00:00 0 
766d5414c000-766d58000000 ---p 00000000 00:00 0 
766d58000000-766d58146000 rw-p 00000000 00:00 0 
766d58146000-766d5c000000 ---p 00000000 00:00 0 
766d5c000000-766d5c0a7000 rw-p 00000000 00:00 0 
766d5c0a7000-766d60000000 ---p 00000000 00:00 0 
766d60000000-766d6005d000 rw-p 00000000 00:00 0 
766d6005d000-766d64000000 ---p 00000000 00:00 0 
766d64000000-766d64526000 rw-p 00000000 00:00 0 
766d64526000-766d68000000 ---p 00000000 00:00 0 
766d68000000-766d6813a000 rw-p 00000000 00:00 0 
766d6813a000-766d6c000000 ---p 00000000 00:00 0 
766d6c000000-766d6c38d000 rw-p 00000000 00:00 0 
766d6c38d000-766d70000000 ---p 00000000 00:00 0 
766d70000000-766d700fa000 rw-p 00000000 00:00 0 
766d700fa000-766d74000000 ---p 00000000 00:00 0 
766d74000000-766d741c5000 rw-p 00000000 00:00 0 
766d741c5000-766d78000000 ---p 00000000 00:00 0 
766d78000000-766d78021000 rw-p 00000000 00:00 0 
766d78021000-766d7c000000 ---p 00000000 00:00 0 
766d7c000000-766d7c021000 rw-p 00000000 00:00 0 
766d7c021000-766d80000000 ---p 00000000 00:00 0 
766d80000000-766d80021000 rw-p 00000000 00:00 0 
766d80021000-766d84000000 ---p 00000000 00:00 0 
766d84000000-766d84021000 rw-p 00000000 00:00 0 
766d84021000-766d88000000 ---p 00000000 00:00 0 
766d88000000-766d887e7000 rw-p 00000000 00:00 0 
766d887e7000-766d8c000000 ---p 00000000 00:00 0 
766d8c000000-766d8c225000 rw-p 00000000 00:00 0 
766d8c225000-766d90000000 ---p 00000000 00:00 0 
766d90000000-766d90021000 rw-p 00000000 00:00 0 
766d90021000-766d94000000 ---p 00000000 00:00 0 
766d94000000-766d94021000 rw-p 00000000 00:00 0 
766d94021000-766d98000000 ---p 00000000 00:00 0 
766d98000000-766d98021000 rw-p 00000000 00:00 0 
766d98021000-766d9c000000 ---p 00000000 00:00 0 
766d9c000000-766d9c021000 rw-p 00000000 00:00 0 
766d9c021000-766da0000000 ---p 00000000 00:00 0 
766da0000000-766da0021000 rw-p 00000000 00:00 0 
766da0021000-766da4000000 ---p 00000000 00:00 0 
766da40ed000-766da40ee000 ---p 00000000 00:00 0 
766da40ee000-766da41ee000 rw-p 00000000 00:00 0 
766da41ee000-766da41ef000 ---p 00000000 00:00 0 
766da41ef000-766da42ef000 rw-p 00000000 00:00 0 
766da42ef000-766da42f0000 ---p 00000000 00:00 0 
766da42f0000-766da43f0000 rw-p 00000000 00:00 0 
766da43f0000-766da43f1000 ---p 00000000 00:00 0 
766da43f1000-766da44f1000 rw-p 00000000 00:00 0 
766da44f1000-766da44f2000 ---p 00000000 00:00 0 
766da44f2000-766da45f2000 rw-p 00000000 00:00 0 
766da45f2000-766da45f3000 ---p 00000000 00:00 0 
766da45f3000-766da46f3000 rw-p 00000000 00:00 0 
766da46f3000-766da46f4000 ---p 00000000 00:00 0 
766da46f4000-766da47f4000 rw-p 00000000 00:00 0 
766da47f4000-766da47f5000 ---p 00000000 00:00 0 
766da47f5000-766da48f5000 rw-p 00000000 00:00 0 
766da48f5000-766da48f6000 ---p 00000000 00:00 0 
766da48f6000-766da49f6000 rw-p 00000000 00:00 0 
766da49f6000-766da49f7000 ---p 00000000 00:00 0 
766da49f7000-766da4af7000 rw-p 00000000 00:00 0 
766da4af7000-766da4af8000 ---p 00000000 00:00 0 
766da4af8000-766da4bf8000 rw-p 00000000 00:00 0 
766da4bf8000-766da4bf9000 ---p 00000000 00:00 0 
766da4bf9000-766da4cf9000 rw-p 00000000 00:00 0 
766da4cf9000-766da4cfd000 ---p 00000000 00:00 0 
766da4cfd000-766da4df9000 rw-p 00000000 00:00 0 
766da4df9000-766da53f9000 rw-p 00000000 00:00 0 
766da53f9000-766da53fa000 ---p 00000000 00:00 0 
766da53fa000-766da57fa000 rw-p 00000000 00:00 0 
766da57fa000-766da57fb000 ---p 00000000 00:00 0 
766da57fb000-766da5bfb000 rw-p 00000000 00:00 0 
766da5bfb000-766da5bfc000 ---p 00000000 00:00 0 
766da5bfc000-766da5ffc000 rw-p 00000000 00:00 0 
766da5ffc000-766da5ffd000 ---p 00000000 00:00 0 
766da5ffd000-766da63fd000 rw-p 00000000 00:00 0 
766da63fd000-766da63fe000 ---p 00000000 00:00 0 
766da63fe000-766da67fe000 rw-p 00000000 00:00 0 
766da67fe000-766da67ff000 ---p 00000000 00:00 0 
766da67ff000-766da6bff000 rw-p 00000000 00:00 0 
766da6bff000-766da6c00000 ---p 00000000 00:00 0 
766da6c00000-766da7000000 rw-p 00000000 00:00 0 
766da7000000-766da7190000 rw-p 00000000 00:00 0 
766da7190000-766da7400000 ---p 00000000 00:00 0 
766da7400000-766da76e0000 rw-p 00000000 00:00 0 
766da76e0000-766dab000000 ---p 00000000 00:00 0 
766dab000000-766dabbca000 rw-p 00001000 103:01 75498865                  /home/grishberg/.gradle/jdks/eclipse_adoptium-17-amd64-linux/jdk-17.0.19+10/lib/server/classes.jsa
766dabbca000-766dac000000 ---p 00000000 00:00 0 
766dac000000-766dac040000 rw-p 00000000 00:00 0 
766dac040000-766dac070000 rw-p 00000000 00:00 0 
766dac070000-766dac080000 ---p 00000000 00:00 0 
766dac080000-766dac090000 rw-p 00000000 00:00 0 
766dac090000-766dec000000 ---p 00000000 00:00 0 
766dec000000-766dec021000 rw-p 00000000 00:00 0 
766dec021000-766df0000000 ---p 00000000 00:00 0 
766df0000000-766df0021000 rw-p 00000000 00:00 0 
766df0021000-766df4000000 ---p 00000000 00:00 0 
766df4000000-766df4021000 rw-p 00000000 00:00 0 
766df4021000-766df8000000 ---p 00000000 00:00 0 
766df80f9000-766df83f9000 rw-p 00000000 00:00 0 
766df83f9000-766df83fa000 ---p 00000000 00:00 0 
766df83fa000-766df87fa000 rw-p 00000000 00:00 0 
766df87fa000-766df87fb000 ---p 00000000 00:00 0 
766df87fb000-766df8bfb000 rw-p 00000000 00:00 0 
766df8bfb000-766df8bfc000 ---p 00000000 00:00 0 
766df8bfc000-766df8ffc000 rw-p 00000000 00:00 0 
766df8ffc000-766df8ffd000 ---p 00000000 00:00 0 
766df8ffd000-766df93fd000 rw-p 00000000 00:00 0 
766df93fd000-766df93fe000 ---p 00000000 00:00 0 
766df93fe000-766df97fe000 rw-p 00000000 00:00 0 
766df97fe000-766df97ff000 ---p 00000000 00:00 0 
766df97ff000-766df9bff000 rw-p 00000000 00:00 0 
766df9bff000-766df9c00000 ---p 00000000 00:00 0 
766df9c00000-766dfa000000 rw-p 00000000 00:00 0 
766dfa000000-766dfc021000 rw-p 00000000 00:00 0 
766dfc021000-766e00000000 ---p 00000000 00:00 0 
766e00000000-766e00021000 rw-p 00000000 00:00 0 
766e00021000-766e04000000 ---p 00000000 00:00 0 
766e04000000-766e04021000 rw-p 00000000 00:00 0 
766e04021000-766e08000000 ---p 00000000 00:00 0 
766e080fb000-766e083fb000 rw-p 00000000 00:00 0 
766e083fb000-766e083fc000 ---p 00000000 00:00 0 
766e083fc000-766e087fc000 rw-p 00000000 00:00 0 
766e087fc000-766e08e00000 rw-p 00000000 00:00 0 
766e08e00000-766e08e04000 ---p 00000000 00:00 0 
766e08e04000-766e08f00000 rw-p 00000000 00:00 0 
766e08f00000-766e08f04000 ---p 00000000 00:00 0 
766e08f04000-766e09000000 rw-p 00000000 00:00 0 
766e09000000-766e09004000 ---p 00000000 00:00 0 
766e09004000-766e09100000 rw-p 00000000 00:00 0 
766e09100000-766e09104000 ---p 00000000 00:00 0 
766e09104000-766e09200000 rw-p 00000000 00:00 0 
766e09200000-766e09204000 ---p 00000000 00:00 0 
766e09204000-766e09300000 rw-p 00000000 00:00 0 
766e09300000-766e09304000 ---p 00000000 00:00 0 
766e09304000-766e09400000 rw-p 00000000 00:00 0 
766e09400000-766e0949d000 r--p 00000000 103:01 90443236                  /usr/lib/x86_64-linux-gnu/libstdc++.so.6.0.33
766e0949d000-766e095e5000 r-xp 0009d000 103:01 90443236                  /usr/lib/x86_64-linux-gnu/libstdc++.so.6.0.33
766e095e5000-766e0966c000 r--p 001e5000 103:01 90443236                  /usr/lib/x86_64-linux-gnu/libstdc++.so.6.0.33
766e0966c000-766e09677000 r--p 0026b000 103:01 90443236                  /usr/lib/x86_64-linux-gnu/libstdc++.so.6.0.33
766e09677000-766e0967a000 rw-p 00276000 103:01 90443236                  /usr/lib/x86_64-linux-gnu/libstdc++.so.6.0.33
766e0967a000-766e0967e000 rw-p 00000000 00:00 0 
766e09700000-766e09704000 ---p 00000000 00:00 0 
766e09704000-766e09800000 rw-p 00000000 00:00 0 
766e09800000-766e098af000 r--p 00000000 103:01 51523568                  /tmp/manifold3d8377745112941427433/libmanifold.so.3
766e098af000-766e09ac7000 r-xp 000af000 103:01 51523568                  /tmp/manifold3d8377745112941427433/libmanifold.so.3
766e09ac7000-766e09b2e000 r--p 002c7000 103:01 51523568                  /tmp/manifold3d8377745112941427433/libmanifold.so.3
766e09b2e000-766e09b3b000 r--p 0032d000 103:01 51523568                  /tmp/manifold3d8377745112941427433/libmanifold.so.3
766e09b3b000-766e09b3d000 rw-p 0033a000 103:01 51523568                  /tmp/manifold3d8377745112941427433/libmanifold.so.3
766e09be0000-766e09c30000 rw-p 00000000 00:00 0 
766e09c30000-766e09c34000 ---p 00000000 00:00 0 
766e09c34000-766e09d30000 rw-p 00000000 00:00 0 
766e09d30000-766e09d34000 ---p 00000000 00:00 0 
766e09d34000-766e09e30000 rw-p 00000000 00:00 0 
766e09e30000-766e09e34000 ---p 00000000 00:00 0 
766e09e34000-766e09f30000 rw-p 00000000 00:00 0 
766e09f30000-766e0bdb0000 rw-p 00000000 00:00 0 
766e0bdb0000-766e27e30000 ---p 00000000 00:00 0 
766e27e30000-766e29d30000 rw-p 00000000 00:00 0 
766e29d30000-766e45db0000 ---p 00000000 00:00 0 
766e45db0000-766e46200000 rw-p 00000000 00:00 0 
766e46200000-766e49a10000 ---p 00000000 00:00 0 
766e49a10000-766e49df0000 rw-p 00000000 00:00 0 
766e49df0000-766e4d600000 ---p 00000000 00:00 0 
766e4d600000-766e4d9e0000 rw-p 00000000 00:00 0 
766e4d9e0000-766e511f0000 ---p 00000000 00:00 0 
766e511f0000-766e51200000 rw-p 00000000 00:00 0 
766e51200000-766e51470000 rwxp 00000000 00:00 0 
766e51470000-766e5865f000 ---p 00000000 00:00 0 
766e5865f000-766e5893f000 rwxp 00000000 00:00 0 
766e5893f000-766e58da0000 ---p 00000000 00:00 0 
766e58da0000-766e59010000 rwxp 00000000 00:00 0 
766e59010000-766e60200000 ---p 00000000 00:00 0 
766e60200000-766e67e3b000 r--s 00000000 103:01 75498899                  /home/grishberg/.gradle/jdks/eclipse_adoptium-17-amd64-linux/jdk-17.0.19+10/lib/modules
766e67e42000-766e67e48000 r--p 00000000 103:01 90470234                  /usr/lib/x86_64-linux-gnu/libtbbmalloc.so.2.11
766e67e48000-766e67e5a000 r-xp 00006000 103:01 90470234                  /usr/lib/x86_64-linux-gnu/libtbbmalloc.so.2.11
766e67e5a000-766e67e5f000 r--p 00018000 103:01 90470234                  /usr/lib/x86_64-linux-gnu/libtbbmalloc.so.2.11
766e67e5f000-766e67e60000 r--p 0001c000 103:01 90470234                  /usr/lib/x86_64-linux-gnu/libtbbmalloc.so.2.11
766e67e60000-766e67e62000 rw-p 0001d000 103:01 90470234                  /usr/lib/x86_64-linux-gnu/libtbbmalloc.so.2.11
766e67e62000-766e67e83000 rw-p 00000000 00:00 0 
766e67e83000-766e67e8f000 r--p 00000000 103:01 51523569                  /tmp/manifold3d8377745112941427433/libmanifoldc.so.3
766e67e8f000-766e67ea2000 r-xp 0000c000 103:01 51523569                  /tmp/manifold3d8377745112941427433/libmanifoldc.so.3
766e67ea2000-766e67ea9000 r--p 0001f000 103:01 51523569                  /tmp/manifold3d8377745112941427433/libmanifoldc.so.3
766e67ea9000-766e67eaa000 r--p 00025000 103:01 51523569                  /tmp/manifold3d8377745112941427433/libmanifoldc.so.3
766e67eaa000-766e67eab000 rw-p 00026000 103:01 51523569                  /tmp/manifold3d8377745112941427433/libmanifoldc.so.3
766e67eab000-766e67eb7000 r--p 00000000 103:01 90470240                  /usr/lib/x86_64-linux-gnu/libtbb.so.12.11
766e67eb7000-766e67eda000 r-xp 0000c000 103:01 90470240                  /usr/lib/x86_64-linux-gnu/libtbb.so.12.11
766e67eda000-766e67ee4000 r--p 0002f000 103:01 90470240                  /usr/lib/x86_64-linux-gnu/libtbb.so.12.11
766e67ee4000-766e67ee6000 r--p 00039000 103:01 90470240                  /usr/lib/x86_64-linux-gnu/libtbb.so.12.11
766e67ee6000-766e67ee9000 rw-p 0003b000 103:01 90470240                  /usr/lib/x86_64-linux-gnu/libtbb.so.12.11
766e67ee9000-766e67eff000 rw-p 00000000 00:00 0 
766e67eff000-766e67f00000 ---p 00000000 00:00 0 
766e67f00000-766e68000000 rw-p 00000000 00:00 0 
766e68000000-766e68487000 rw-p 00000000 00:00 0 
766e68487000-766e6c004000 ---p 00000000 00:00 0 
766e6c004000-766e6c100000 rw-p 00000000 00:00 0 
766e6c100000-766e6c104000 ---p 00000000 00:00 0 
766e6c104000-766e6c200000 rw-p 00000000 00:00 0 
766e6c200000-766e6c204000 ---p 00000000 00:00 0 
766e6c204000-766e6c300000 rw-p 00000000 00:00 0 
766e6c300000-766e6c304000 ---p 00000000 00:00 0 
766e6c304000-766e6c400000 rw-p 00000000 00:00 0 
766e6c400000-766e6c404000 ---p 00000000 00:00 0 
766e6c404000-766e6c500000 rw-p 00000000 00:00 0 
766e6c500000-766e6c504000 ---p 00000000 00:00 0 
766e6c504000-766e6c600000 rw-p 00000000 00:00 0 
766e6c600000-766e6c604000 ---p 00000000 00:00 0 
766e6c604000-766e6c700000 rw-p 00000000 00:00 0 
766e6c700000-766e6c704000 ---p 00000000 00:00 0 
766e6c704000-766e6c800000 rw-p 00000000 00:00 0 
766e6c800000-766e6cd75000 r--p 00000000 103:01 90475490                  /usr/lib/locale/locale-archive
766e6cd78000-766e6cd7c000 r--p 00000000 103:01 90443244                  /usr/lib/x86_64-linux-gnu/libgcc_s.so.1
766e6cd7c000-766e6cda0000 r-xp 00004000 103:01 90443244                  /usr/lib/x86_64-linux-gnu/libgcc_s.so.1
766e6cda0000-766e6cda4000 r--p 00028000 103:01 90443244                  /usr/lib/x86_64-linux-gnu/libgcc_s.so.1
766e6cda4000-766e6cda5000 r--p 0002b000 103:01 90443244                  /usr/lib/x86_64-linux-gnu/libgcc_s.so.1
766e6cda5000-766e6cda6000 rw-p 0002c000 103:01 90443244                  /usr/lib/x86_64-linux-gnu/libgcc_s.so.1
766e6cdb9000-766e6cdbd000 ---p 00000000 00:00 0 
766e6cdbd000-766e6ceb9000 rw-p 00000000 00:00 0 
766e6ceb9000-766e6cebd000 ---p 00000000 00:00 0 
766e6cebd000-766e6cfb9000 rw-p 00000000 00:00 0 
766e6cfb9000-766e6cfba000 ---p 00000000 00:00 0 
766e6cfba000-766e6d0ba000 rw-p 00000000 00:00 0 
766e6d0ba000-766e6d0bf000 r--p 00000000 103:01 75498881                  /home/grishberg/.gradle/jdks/eclipse_adoptium-17-amd64-linux/jdk-17.0.19+10/lib/libjsvml.so
766e6d0bf000-766e6d100000 r-xp 00005000 103:01 75498881                  /home/grishberg/.gradle/jdks/eclipse_adoptium-17-amd64-linux/jdk-17.0.19+10/lib/libjsvml.so
766e6d100000-766e6d189000 r--p 00046000 103:01 75498881                  /home/grishberg/.gradle/jdks/eclipse_adoptium-17-amd64-linux/jdk-17.0.19+10/lib/libjsvml.so
766e6d189000-766e6d18a000 r--p 000ce000 103:01 75498881                  /home/grishberg/.gradle/jdks/eclipse_adoptium-17-amd64-linux/jdk-17.0.19+10/lib/libjsvml.so
766e6d18a000-766e6d18b000 rw-p 000cf000 103:01 75498881                  /home/grishberg/.gradle/jdks/eclipse_adoptium-17-amd64-linux/jdk-17.0.19+10/lib/libjsvml.so
766e6d18b000-766e6d267000 rw-p 00000000 00:00 0 
766e6d267000-766e6d268000 ---p 00000000 00:00 0 
766e6d268000-766e6d368000 rw-p 00000000 00:00 0 
766e6d368000-766e6d369000 ---p 00000000 00:00 0 
766e6d369000-766e6d469000 rw-p 00000000 00:00 0 
766e6d469000-766e6e176000 rw-p 00000000 00:00 0 
766e6e176000-766e6e177000 ---p 00000000 00:00 0 
766e6e177000-766e6e277000 rw-p 00000000 00:00 0 
766e6e277000-766e6e278000 ---p 00000000 00:00 0 
766e6e278000-766e6e378000 rw-p 00000000 00:00 0 
766e6e378000-766e6e379000 ---p 00000000 00:00 0 
766e6e379000-766e6e479000 rw-p 00000000 00:00 0 
766e6e479000-766e6f333000 rw-p 00000000 00:00 0 
766e6f333000-766e6f417000 ---p 00000000 00:00 0 
766e6f417000-766e6f41c000 rw-p 00000000 00:00 0 
766e6f41c000-766e6f500000 ---p 00000000 00:00 0 
766e6f500000-766e6f504000 ---p 00000000 00:00 0 
766e6f504000-766e6f600000 rw-p 00000000 00:00 0 
766e6f600000-766e6f853000 r--p 00000000 103:01 75498866                  /home/grishberg/.gradle/jdks/eclipse_adoptium-17-amd64-linux/jdk-17.0.19+10/lib/server/libjvm.so
766e6f853000-766e7057b000 r-xp 00253000 103:01 75498866                  /home/grishberg/.gradle/jdks/eclipse_adoptium-17-amd64-linux/jdk-17.0.19+10/lib/server/libjvm.so
766e7057b000-766e70808000 r--p 00f7b000 103:01 75498866                  /home/grishberg/.gradle/jdks/eclipse_adoptium-17-amd64-linux/jdk-17.0.19+10/lib/server/libjvm.so
766e70808000-766e70809000 ---p 01208000 103:01 75498866                  /home/grishberg/.gradle/jdks/eclipse_adoptium-17-amd64-linux/jdk-17.0.19+10/lib/server/libjvm.so
766e70809000-766e708c2000 r--p 01208000 103:01 75498866                  /home/grishberg/.gradle/jdks/eclipse_adoptium-17-amd64-linux/jdk-17.0.19+10/lib/server/libjvm.so
766e708c2000-766e708f7000 rw-p 012c1000 103:01 75498866                  /home/grishberg/.gradle/jdks/eclipse_adoptium-17-amd64-linux/jdk-17.0.19+10/lib/server/libjvm.so
766e708f7000-766e70952000 rw-p 00000000 00:00 0 
766e70957000-766e709c9000 rw-p 00000000 00:00 0 
766e709c9000-766e709cb000 r--p 00000000 103:01 75498880                  /home/grishberg/.gradle/jdks/eclipse_adoptium-17-amd64-linux/jdk-17.0.19+10/lib/libzip.so
766e709cb000-766e709de000 r-xp 00002000 103:01 75498880                  /home/grishberg/.gradle/jdks/eclipse_adoptium-17-amd64-linux/jdk-17.0.19+10/lib/libzip.so
766e709de000-766e709e5000 r--p 00015000 103:01 75498880                  /home/grishberg/.gradle/jdks/eclipse_adoptium-17-amd64-linux/jdk-17.0.19+10/lib/libzip.so
766e709e5000-766e709e6000 ---p 0001c000 103:01 75498880                  /home/grishberg/.gradle/jdks/eclipse_adoptium-17-amd64-linux/jdk-17.0.19+10/lib/libzip.so
766e709e6000-766e709e7000 r--p 0001c000 103:01 75498880                  /home/grishberg/.gradle/jdks/eclipse_adoptium-17-amd64-linux/jdk-17.0.19+10/lib/libzip.so
766e709e7000-766e709e8000 rw-p 0001d000 103:01 75498880                  /home/grishberg/.gradle/jdks/eclipse_adoptium-17-amd64-linux/jdk-17.0.19+10/lib/libzip.so
766e709e8000-766e709ec000 r--p 00000000 103:01 75498890                  /home/grishberg/.gradle/jdks/eclipse_adoptium-17-amd64-linux/jdk-17.0.19+10/lib/libnet.so
766e709ec000-766e709fa000 r-xp 00004000 103:01 75498890                  /home/grishberg/.gradle/jdks/eclipse_adoptium-17-amd64-linux/jdk-17.0.19+10/lib/libnet.so
766e709fa000-766e709fe000 r--p 00012000 103:01 75498890                  /home/grishberg/.gradle/jdks/eclipse_adoptium-17-amd64-linux/jdk-17.0.19+10/lib/libnet.so
766e709fe000-766e709ff000 r--p 00015000 103:01 75498890                  /home/grishberg/.gradle/jdks/eclipse_adoptium-17-amd64-linux/jdk-17.0.19+10/lib/libnet.so
766e709ff000-766e70a00000 rw-p 00016000 103:01 75498890                  /home/grishberg/.gradle/jdks/eclipse_adoptium-17-amd64-linux/jdk-17.0.19+10/lib/libnet.so
766e70a00000-766e70a28000 r--p 00000000 103:01 90442148                  /usr/lib/x86_64-linux-gnu/libc.so.6
766e70a28000-766e70bb0000 r-xp 00028000 103:01 90442148                  /usr/lib/x86_64-linux-gnu/libc.so.6
766e70bb0000-766e70bff000 r--p 001b0000 103:01 90442148                  /usr/lib/x86_64-linux-gnu/libc.so.6
766e70bff000-766e70c03000 r--p 001fe000 103:01 90442148                  /usr/lib/x86_64-linux-gnu/libc.so.6
766e70c03000-766e70c05000 rw-p 00202000 103:01 90442148                  /usr/lib/x86_64-linux-gnu/libc.so.6
766e70c05000-766e70c12000 rw-p 00000000 00:00 0 
766e70c18000-766e70c1d000 r--p 00000000 103:01 51523570                  /tmp/manifold3d8377745112941427433/libmanifold_jni.so
766e70c1d000-766e70c20000 r-xp 00005000 103:01 51523570                  /tmp/manifold3d8377745112941427433/libmanifold_jni.so
766e70c20000-766e70c21000 r--p 00008000 103:01 51523570                  /tmp/manifold3d8377745112941427433/libmanifold_jni.so
766e70c21000-766e70c22000 r--p 00009000 103:01 51523570                  /tmp/manifold3d8377745112941427433/libmanifold_jni.so
766e70c22000-766e70c23000 rw-p 0000a000 103:01 51523570                  /tmp/manifold3d8377745112941427433/libmanifold_jni.so
766e70c23000-766e70c2a000 r--p 00000000 103:01 75498910                  /home/grishberg/.gradle/jdks/eclipse_adoptium-17-amd64-linux/jdk-17.0.19+10/lib/libnio.so
766e70c2a000-766e70c33000 r-xp 00007000 103:01 75498910                  /home/grishberg/.gradle/jdks/eclipse_adoptium-17-amd64-linux/jdk-17.0.19+10/lib/libnio.so
766e70c33000-766e70c37000 r--p 00010000 103:01 75498910                  /home/grishberg/.gradle/jdks/eclipse_adoptium-17-amd64-linux/jdk-17.0.19+10/lib/libnio.so
766e70c37000-766e70c38000 ---p 00014000 103:01 75498910                  /home/grishberg/.gradle/jdks/eclipse_adoptium-17-amd64-linux/jdk-17.0.19+10/lib/libnio.so
766e70c38000-766e70c39000 r--p 00014000 103:01 75498910                  /home/grishberg/.gradle/jdks/eclipse_adoptium-17-amd64-linux/jdk-17.0.19+10/lib/libnio.so
766e70c39000-766e70c3a000 rw-p 00015000 103:01 75498910                  /home/grishberg/.gradle/jdks/eclipse_adoptium-17-amd64-linux/jdk-17.0.19+10/lib/libnio.so
766e70c3a000-766e70cb8000 rw-p 00000000 00:00 0 
766e70cb8000-766e70cc1000 ---p 00000000 00:00 0 
766e70cc1000-766e70ccf000 r--p 00000000 103:01 75498920                  /home/grishberg/.gradle/jdks/eclipse_adoptium-17-amd64-linux/jdk-17.0.19+10/lib/libjava.so
766e70ccf000-766e70ce1000 r-xp 0000e000 103:01 75498920                  /home/grishberg/.gradle/jdks/eclipse_adoptium-17-amd64-linux/jdk-17.0.19+10/lib/libjava.so
766e70ce1000-766e70ce7000 r--p 00020000 103:01 75498920                  /home/grishberg/.gradle/jdks/eclipse_adoptium-17-amd64-linux/jdk-17.0.19+10/lib/libjava.so
766e70ce7000-766e70ce8000 ---p 00026000 103:01 75498920                  /home/grishberg/.gradle/jdks/eclipse_adoptium-17-amd64-linux/jdk-17.0.19+10/lib/libjava.so
766e70ce8000-766e70ce9000 r--p 00026000 103:01 75498920                  /home/grishberg/.gradle/jdks/eclipse_adoptium-17-amd64-linux/jdk-17.0.19+10/lib/libjava.so
766e70ce9000-766e70cea000 rw-p 00027000 103:01 75498920                  /home/grishberg/.gradle/jdks/eclipse_adoptium-17-amd64-linux/jdk-17.0.19+10/lib/libjava.so
766e70cea000-766e70ceb000 rw-p 00000000 00:00 0 
766e70ceb000-766e70cef000 r--p 00000000 103:01 75498904                  /home/grishberg/.gradle/jdks/eclipse_adoptium-17-amd64-linux/jdk-17.0.19+10/lib/libjimage.so
766e70cef000-766e70d02000 r-xp 00004000 103:01 75498904                  /home/grishberg/.gradle/jdks/eclipse_adoptium-17-amd64-linux/jdk-17.0.19+10/lib/libjimage.so
766e70d02000-766e70d08000 r--p 00017000 103:01 75498904                  /home/grishberg/.gradle/jdks/eclipse_adoptium-17-amd64-linux/jdk-17.0.19+10/lib/libjimage.so
766e70d08000-766e70d0a000 r--p 0001c000 103:01 75498904                  /home/grishberg/.gradle/jdks/eclipse_adoptium-17-amd64-linux/jdk-17.0.19+10/lib/libjimage.so
766e70d0a000-766e70d0b000 rw-p 0001e000 103:01 75498904                  /home/grishberg/.gradle/jdks/eclipse_adoptium-17-amd64-linux/jdk-17.0.19+10/lib/libjimage.so
766e70d0b000-766e70d1b000 r--p 00000000 103:01 90442151                  /usr/lib/x86_64-linux-gnu/libm.so.6
766e70d1b000-766e70d9a000 r-xp 00010000 103:01 90442151                  /usr/lib/x86_64-linux-gnu/libm.so.6
766e70d9a000-766e70df2000 r--p 0008f000 103:01 90442151                  /usr/lib/x86_64-linux-gnu/libm.so.6
766e70df2000-766e70df3000 r--p 000e7000 103:01 90442151                  /usr/lib/x86_64-linux-gnu/libm.so.6
766e70df3000-766e70df4000 rw-p 000e8000 103:01 90442151                  /usr/lib/x86_64-linux-gnu/libm.so.6
766e70df4000-766e70df5000 r--p 00000000 103:01 90442162                  /usr/lib/x86_64-linux-gnu/librt.so.1
766e70df5000-766e70df6000 r-xp 00001000 103:01 90442162                  /usr/lib/x86_64-linux-gnu/librt.so.1
766e70df6000-766e70df7000 r--p 00002000 103:01 90442162                  /usr/lib/x86_64-linux-gnu/librt.so.1
766e70df7000-766e70df8000 r--p 00002000 103:01 90442162                  /usr/lib/x86_64-linux-gnu/librt.so.1
766e70df8000-766e70df9000 rw-p 00003000 103:01 90442162                  /usr/lib/x86_64-linux-gnu/librt.so.1
766e70df9000-766e70dfb000 rw-p 00000000 00:00 0 
766e70dfb000-766e70dfc000 r--p 00000000 103:01 90442150                  /usr/lib/x86_64-linux-gnu/libdl.so.2
766e70dfc000-766e70dfd000 r-xp 00001000 103:01 90442150                  /usr/lib/x86_64-linux-gnu/libdl.so.2
766e70dfd000-766e70dfe000 r--p 00002000 103:01 90442150                  /usr/lib/x86_64-linux-gnu/libdl.so.2
766e70dfe000-766e70dff000 r--p 00002000 103:01 90442150                  /usr/lib/x86_64-linux-gnu/libdl.so.2
766e70dff000-766e70e00000 rw-p 00003000 103:01 90442150                  /usr/lib/x86_64-linux-gnu/libdl.so.2
766e70e00000-766e70e01000 r--p 00000000 103:01 90442160                  /usr/lib/x86_64-linux-gnu/libpthread.so.0
766e70e01000-766e70e02000 r-xp 00001000 103:01 90442160                  /usr/lib/x86_64-linux-gnu/libpthread.so.0
766e70e02000-766e70e03000 r--p 00002000 103:01 90442160                  /usr/lib/x86_64-linux-gnu/libpthread.so.0
766e70e03000-766e70e04000 r--p 00002000 103:01 90442160                  /usr/lib/x86_64-linux-gnu/libpthread.so.0
766e70e04000-766e70e05000 rw-p 00003000 103:01 90442160                  /usr/lib/x86_64-linux-gnu/libpthread.so.0
766e70e06000-766e70e0d000 r--s 00000000 103:01 90442137                  /usr/lib/x86_64-linux-gnu/gconv/gconv-modules.cache
766e70e0d000-766e70e15000 rw-s 00000000 103:01 51523566                  /tmp/hsperfdata_grishberg/82694
766e70e15000-766e70e16000 ---p 00000000 00:00 0 
766e70e16000-766e70e17000 r--p 00000000 00:00 0 
766e70e17000-766e70e18000 ---p 00000000 00:00 0 
766e70e18000-766e70e1b000 r--p 00000000 103:01 75498874                  /home/grishberg/.gradle/jdks/eclipse_adoptium-17-amd64-linux/jdk-17.0.19+10/lib/libjli.so
766e70e1b000-766e70e2b000 r-xp 00003000 103:01 75498874                  /home/grishberg/.gradle/jdks/eclipse_adoptium-17-amd64-linux/jdk-17.0.19+10/lib/libjli.so
766e70e2b000-766e70e32000 r--p 00013000 103:01 75498874                  /home/grishberg/.gradle/jdks/eclipse_adoptium-17-amd64-linux/jdk-17.0.19+10/lib/libjli.so
766e70e32000-766e70e33000 r--p 00019000 103:01 75498874                  /home/grishberg/.gradle/jdks/eclipse_adoptium-17-amd64-linux/jdk-17.0.19+10/lib/libjli.so
766e70e33000-766e70e34000 rw-p 0001a000 103:01 75498874                  /home/grishberg/.gradle/jdks/eclipse_adoptium-17-amd64-linux/jdk-17.0.19+10/lib/libjli.so
766e70e34000-766e70e36000 rw-p 00000000 00:00 0 
766e70e36000-766e70e3a000 r--p 00000000 00:00 0                          [vvar]
766e70e3a000-766e70e3c000 r--p 00000000 00:00 0                          [vvar_vclock]
766e70e3c000-766e70e3e000 r-xp 00000000 00:00 0                          [vdso]
766e70e3e000-766e70e3f000 r--p 00000000 103:01 90442145                  /usr/lib/x86_64-linux-gnu/ld-linux-x86-64.so.2
766e70e3f000-766e70e6a000 r-xp 00001000 103:01 90442145                  /usr/lib/x86_64-linux-gnu/ld-linux-x86-64.so.2
766e70e6a000-766e70e74000 r--p 0002c000 103:01 90442145                  /usr/lib/x86_64-linux-gnu/ld-linux-x86-64.so.2
766e70e74000-766e70e76000 r--p 00036000 103:01 90442145                  /usr/lib/x86_64-linux-gnu/ld-linux-x86-64.so.2
766e70e76000-766e70e78000 rw-p 00038000 103:01 90442145                  /usr/lib/x86_64-linux-gnu/ld-linux-x86-64.so.2
7ffcffd2e000-7ffcffd50000 rw-p 00000000 00:00 0                          [stack]
ffffffffff600000-ffffffffff601000 --xp 00000000 00:00 0                  [vsyscall]


VM Arguments:
jvm_args: -Djava.library.path=/home/grishberg/projects/java/opengl_kbd_render/cad3d/build/manifold-natives/manifold3d/natives/linux-x86_64 -Dfile.encoding=UTF-8 -Duser.country=US -Duser.language=en -Duser.variant 
java_command: com.github.grishberg.cad3d.cli.CliRunnerKt --model matrix_right
java_class_path (initial): /home/grishberg/projects/java/opengl_kbd_render/cad3d/build/classes/java/main:/home/grishberg/projects/java/opengl_kbd_render/cad3d/build/classes/kotlin/main:/home/grishberg/projects/java/opengl_kbd_render/cad3d/build/resources/main:/home/grishberg/projects/java/opengl_kbd_render/common/build/libs/common-1.0.1.jar:/home/grishberg/projects/java/opengl_kbd_render/kbd_core/build/libs/kbd_core-1.0.1.jar:/home/grishberg/projects/java/opengl_kbd_render/plugin/build/libs/plugin-1.0.jar:/home/grishberg/projects/java/opengl_kbd_render/javascad/build/libs/javascad-1.0.jar:/home/grishberg/projects/java/opengl_kbd_render/libs/manifold3d-3.2.13.jar:/home/grishberg/.gradle/caches/modules-2/files-2.1/org.jetbrains.kotlin/kotlin-stdlib-jdk8/1.9.22/dea0c11e2fa503ab891c8a090e3b54754472975d/kotlin-stdlib-jdk8-1.9.22.jar:/home/grishberg/.gradle/caches/modules-2/files-2.1/org.jetbrains.kotlinx/kotlinx-coroutines-core-jvm/1.8.0/ac1dc37a30a93150b704022f8d895ee1bd3a36b3/kotlinx-coroutines-core-jvm-1.8.0.jar:/home/grishberg/.gradle/caches/modules-2/files-2.1/org.jetbrains.kotlin/kotlin-stdlib-jdk7/1.9.22/c4b17283ad7939e778989663f8301d871987fa5e/kotlin-stdlib-jdk7-1.9.22.jar:/home/grishberg/.gradle/caches/modules-2/files-2.1/org.jetbrains.kotlinx/kotlinx-serialization-core-jvm/1.6.2/384c2492c987f1d92bfa186580de058c284b2ad9/kotlinx-serialization-core-jvm-1.6.2.jar:/home/grishberg/.gradle/caches/modules-2/files-2.1/org.jetbrains.kotlinx/kotlinx-serialization-json-jvm/1.6.2/8f4df208edf91a3012e7a27ccd02f386d4bfc8c6/kotlinx-serialization-json-jvm-1.6.2.jar:/home/grishberg/.gradle/caches/modules-2/files-2.1/org.jetbrains.kotlin/kotlin-stdlib/1.9.22/d6c44cd08d8f3f9bece8101216dbe6553365c6e3/kotlin-stdlib-1.9.22.jar:/home/grishberg/.gradle/caches/modules-2/files-2.1/org.jetbrains/annotations/23.0.0/8cc20c07506ec18e0834947b84a864bfc094484e/annotations-23.0.0.jar
Launcher Type: SUN_STANDARD

[Global flags]
     intx CICompilerCount                          = 12                                        {product} {ergonomic}
     uint ConcGCThreads                            = 3                                         {product} {ergonomic}
     uint G1ConcRefinementThreads                  = 13                                        {product} {ergonomic}
   size_t G1HeapRegionSize                         = 16777216                                  {product} {ergonomic}
    uintx GCDrainStackTargetSize                   = 64                                        {product} {ergonomic}
   size_t InitialHeapSize                          = 2046820352                                {product} {ergonomic}
   size_t MarkStackSize                            = 4194304                                   {product} {ergonomic}
   size_t MaxHeapSize                              = 32178700288                               {product} {ergonomic}
   size_t MaxNewSize                               = 19293798400                               {product} {ergonomic}
   size_t MinHeapDeltaBytes                        = 16777216                                  {product} {ergonomic}
   size_t MinHeapSize                              = 16777216                                  {product} {ergonomic}
    uintx NonNMethodCodeHeapSize                   = 7602480                                {pd product} {ergonomic}
    uintx NonProfiledCodeHeapSize                  = 122027880                              {pd product} {ergonomic}
    uintx ProfiledCodeHeapSize                     = 122027880                              {pd product} {ergonomic}
    uintx ReservedCodeCacheSize                    = 251658240                              {pd product} {ergonomic}
     bool SegmentedCodeCache                       = true                                      {product} {ergonomic}
   size_t SoftMaxHeapSize                          = 32178700288                            {manageable} {ergonomic}
     bool UseCompressedClassPointers               = true                           {product lp64_product} {ergonomic}
     bool UseCompressedOops                        = true                           {product lp64_product} {ergonomic}
     bool UseG1GC                                  = true                                      {product} {ergonomic}

Logging:
Log output configuration:
 #0: stdout all=warning uptime,level,tags
 #1: stderr all=off uptime,level,tags

Environment Variables:
PATH=/home/grishberg/projects/ts/opencode/bot/venv/bin:/home/grishberg/android-sdk/platform-tools:/home/grishberg/.local/bin:/usr/local/sbin:/usr/local/bin:/usr/sbin:/usr/bin:/sbin:/bin:/usr/games:/usr/local/games:/snap/bin:/snap/bin
USERNAME=grishberg
SHELL=/bin/bash
DISPLAY=:0
LANG=en_US.UTF-8

Active Locale:
LC_ALL=en_US.UTF-8
LC_COLLATE=en_US.UTF-8
LC_CTYPE=en_US.UTF-8
LC_MESSAGES=en_US.UTF-8
LC_MONETARY=en_US.UTF-8
LC_NUMERIC=en_US.UTF-8
LC_TIME=en_US.UTF-8

Signal Handlers:
   SIGSEGV: crash_handler in libjvm.so, mask=11100100010111111101111111111110, flags=SA_RESTART|SA_SIGINFO, unblocked
    SIGBUS: crash_handler in libjvm.so, mask=11100100010111111101111111111110, flags=SA_RESTART|SA_SIGINFO, unblocked
    SIGFPE: crash_handler in libjvm.so, mask=11100100010111111101111111111110, flags=SA_RESTART|SA_SIGINFO, unblocked
   SIGPIPE: javaSignalHandler in libjvm.so, mask=11100100010111111101111111111110, flags=SA_RESTART|SA_SIGINFO, blocked
   SIGXFSZ: javaSignalHandler in libjvm.so, mask=11100100010111111101111111111110, flags=SA_RESTART|SA_SIGINFO, blocked
    SIGILL: crash_handler in libjvm.so, mask=11100100010111111101111111111110, flags=SA_RESTART|SA_SIGINFO, unblocked
   SIGUSR2: SR_handler in libjvm.so, mask=00000000000000000000000000000000, flags=SA_RESTART|SA_SIGINFO, blocked
    SIGHUP: UserHandler in libjvm.so, mask=11100100010111111101111111111110, flags=SA_RESTART|SA_SIGINFO, blocked
    SIGINT: UserHandler in libjvm.so, mask=11100100010111111101111111111110, flags=SA_RESTART|SA_SIGINFO, blocked
   SIGTERM: UserHandler in libjvm.so, mask=11100100010111111101111111111110, flags=SA_RESTART|SA_SIGINFO, blocked
   SIGQUIT: UserHandler in libjvm.so, mask=11100100010111111101111111111110, flags=SA_RESTART|SA_SIGINFO, blocked
   SIGTRAP: crash_handler in libjvm.so, mask=11100100010111111101111111111110, flags=SA_RESTART|SA_SIGINFO, unblocked


Periodic native trim disabled


---------------  S Y S T E M  ---------------

OS:
DISTRIB_ID=Ubuntu
DISTRIB_RELEASE=24.04
DISTRIB_CODENAME=noble
DISTRIB_DESCRIPTION="Ubuntu 24.04.4 LTS"
uname: Linux 6.17.0-35-generic #35~24.04.1-Ubuntu SMP PREEMPT_DYNAMIC Tue May 26 19:30:42 UTC 2 x86_64
OS uptime: 0 days 6:53 hours
libc: glibc 2.39 NPTL 2.39 
rlimit (soft/hard): STACK 8192k/infinity , CORE 0k/infinity , NPROC 496841/496841 , NOFILE 1048576/1048576 , AS infinity/infinity , CPU infinity/infinity , DATA infinity/infinity , FSIZE infinity/infinity , MEMLOCK 15919580k/15919580k
load average: 2.12 1.65 1.39

/proc/meminfo:
MemTotal:       127356652 kB
MemFree:        47383076 kB
MemAvailable:   87048648 kB
Buffers:          176676 kB
Cached:         43382940 kB
SwapCached:            0 kB
Active:         39260448 kB
Inactive:       38370728 kB
Active(anon):   37108496 kB
Inactive(anon):        0 kB
Active(file):    2151952 kB
Inactive(file): 38370728 kB
Unevictable:           0 kB
Mlocked:               0 kB
SwapTotal:       8388604 kB
SwapFree:        8388604 kB
Zswap:                 0 kB
Zswapped:              0 kB
Dirty:             76036 kB
Writeback:             0 kB
AnonPages:      34072164 kB
Mapped:          4233284 kB
Shmem:           3036928 kB
KReclaimable:     326188 kB
Slab:             597128 kB
SReclaimable:     326188 kB
SUnreclaim:       270940 kB
KernelStack:       23648 kB
PageTables:       105692 kB
SecPageTables:      2180 kB
NFS_Unstable:          0 kB
Bounce:                0 kB
WritebackTmp:          0 kB
CommitLimit:    72066928 kB
Committed_AS:   53293160 kB
VmallocTotal:   34359738367 kB
VmallocUsed:      165964 kB
VmallocChunk:          0 kB
Percpu:            15232 kB
HardwareCorrupted:     0 kB
AnonHugePages:         0 kB
ShmemHugePages:        0 kB
ShmemPmdMapped:        0 kB
FileHugePages:    333824 kB
FilePmdMapped:      2048 kB
CmaTotal:              0 kB
CmaFree:               0 kB
Unaccepted:            0 kB
Balloon:               0 kB
HugePages_Total:       0
HugePages_Free:        0
HugePages_Rsvd:        0
HugePages_Surp:        0
Hugepagesize:       2048 kB
Hugetlb:               0 kB
DirectMap4k:      508068 kB
DirectMap2M:    13033472 kB
DirectMap1G:    121634816 kB

/sys/kernel/mm/transparent_hugepage/enabled: always [madvise] never
/sys/kernel/mm/transparent_hugepage/hpage_pmd_size: 2097152
/sys/kernel/mm/transparent_hugepage/defrag (defrag/compaction efforts parameter): always defer defer+madvise [madvise] never

Process Memory:
Virtual Size: 37993092K (peak: 37993092K)
Resident Set Size: 198656K (peak: 198744K) (anon: 172864K, file: 25792K, shmem: 0K)
Swapped out: 0K
C-Heap outstanding allocations: 56966K, retained: 20909K
glibc malloc tunables: (default)

/proc/sys/kernel/threads-max (system-wide limit on the number of threads): 993683
/proc/sys/vm/max_map_count (maximum number of memory map areas a process may have): 1048576
/proc/sys/vm/swappiness (control to define how aggressively the kernel swaps out anonymous memory): 60
/proc/sys/kernel/pid_max (system-wide limit on number of process identifiers): 4194304

container (cgroup) information:
container_type: cgroupv2
cpu_cpuset_cpus: not supported
cpu_memory_nodes: not supported
active_processor_count: 16
cpu_quota: not supported
cpu_period: not supported
cpu_shares: not supported
memory_limit_in_bytes: unlimited
memory_and_swap_limit_in_bytes: unlimited
memory_soft_limit_in_bytes: 0
memory_usage_in_bytes: 72699052 k
memory_max_usage_in_bytes: not supported
rss_usage_in_bytes: 32782288 k
cache_usage_in_bytes: 39743992 k
memory_swap_current_in_bytes: 0
memory_swap_max_limit_in_bytes: unlimited
maximum number of tasks: 149052
current number of tasks: 618

Steal ticks since vm start: 0
Steal ticks percentage since vm start:  0.000

CPU: total 16 (initial active 16) (16 cores per cpu, 2 threads per core) family 25 model 33 stepping 2 microcode 0xa201213, cx8, cmov, fxsr, ht, mmx, 3dnowpref, sse, sse2, sse3, ssse3, sse4a, sse4.1, sse4.2, popcnt, lzcnt, tsc, tscinvbit, avx, avx2, aes, erms, clmul, bmi1, bmi2, adx, sha, fma, vzeroupper, clflush, clflushopt
CPU Model and flags from /proc/cpuinfo:
model name	: AMD Ryzen 7 5800X3D 8-Core Processor
flags		: fpu vme de pse tsc msr pae mce cx8 apic sep mtrr pge mca cmov pat pse36 clflush mmx fxsr sse sse2 ht syscall nx mmxext fxsr_opt pdpe1gb rdtscp lm constant_tsc rep_good nopl xtopology nonstop_tsc cpuid extd_apicid aperfmperf rapl pni pclmulqdq monitor ssse3 fma cx16 sse4_1 sse4_2 x2apic movbe popcnt aes xsave avx f16c rdrand lahf_lm cmp_legacy svm extapic cr8_legacy abm sse4a misalignsse 3dnowprefetch osvw ibs skinit wdt tce topoext perfctr_core perfctr_nb bpext perfctr_llc mwaitx cpb cat_l3 cdp_l3 hw_pstate ssbd mba ibrs ibpb stibp vmmcall fsgsbase bmi1 avx2 smep bmi2 erms invpcid cqm rdt_a rdseed adx smap clflushopt clwb sha_ni xsaveopt xsavec xgetbv1 xsaves cqm_llc cqm_occup_llc cqm_mbm_total cqm_mbm_local user_shstk clzero irperf xsaveerptr rdpru wbnoinvd arat npt lbrv svm_lock nrip_save tsc_scale vmcb_clean flushbyasid decodeassists pausefilter pfthreshold avic v_vmsave_vmload vgif v_spec_ctrl umip pku ospke vaes vpclmulqdq rdpid overflow_recov succor smca fsrm debug_swap

Online cpus: 0-15
Offline cpus: 
BIOS frequency limitation: <Not Available>
Frequency switch latency (ns): 0
Available cpu frequencies: <Not Available>
Current governor: powersave
Core performance/turbo boost: 1

Memory: 4k page, physical 127356652k(47383076k free), swap 8388604k(8388604k free)
Page Sizes: 4k

vm_info: OpenJDK 64-Bit Server VM (17.0.19+10) for linux-amd64 JRE (17.0.19+10), built on Apr 21 2026 00:00:00 by "admin" with gcc 10.3.0

END.
