#
# A fatal error has been detected by the Java Runtime Environment:
#
#  SIGSEGV (0xb) at pc=0x00007689a269fff4, pid=65768, tid=65790
#
# JRE version: OpenJDK Runtime Environment Temurin-17.0.19+10 (17.0.19+10) (build 17.0.19+10)
# Java VM: OpenJDK 64-Bit Server VM Temurin-17.0.19+10 (17.0.19+10, mixed mode, sharing, tiered, compressed oops, compressed class ptrs, g1 gc, linux-amd64)
# Problematic frame:
# C  [libc.so.6+0x9fff4]  pthread_mutex_lock+0x4
#
# Core dump will be written. Default location: Core dumps may be processed with "/usr/share/apport/apport -p%p -s%s -c%c -d%d -P%P -u%u -g%g -F%F -- %E" (or dumping to /home/grishberg/projects/java/opengl_kbd_render/cad3d/core.65768)
#
# If you would like to submit a bug report, please visit:
#   https://github.com/adoptium/adoptium-support/issues
# The crash happened outside the Java Virtual Machine in native code.
# See problematic frame for where to report the bug.
#

---------------  S U M M A R Y ------------

Command Line: -Dfile.encoding=UTF-8 -Duser.country=US -Duser.language=en -Duser.variant com.github.grishberg.cad3d.cli.CliRunnerKt --model matrix_right

Host: AMD Ryzen 7 5800X3D 8-Core Processor, 16 cores, 121G, Ubuntu 24.04.4 LTS
Time: Wed Jul 15 13:36:23 2026 MSK elapsed time: 0.233296 seconds (0d 0h 0m 0s)

---------------  T H R E A D  ---------------

Current thread (0x00007688a806eb10):  JavaThread "DefaultDispatcher-worker-3" daemon [_thread_in_native, id=65790, stack(0x000076892d4ff000,0x000076892d5ff000)]

Stack: [0x000076892d4ff000,0x000076892d5ff000],  sp=0x000076892d5fc928,  free space=1014k
Native frames: (J=compiled Java code, j=interpreted, Vv=VM code, C=native code)
C  [libc.so.6+0x9fff4]  pthread_mutex_lock+0x4

Java frames: (J=compiled Java code, j=interpreted, Vv=VM code)
J 819  com.cadoodlecad.manifold.ManifoldBindings.jniUnion(JJJ)J (0 bytes) @ 0x000076898cdd5d6f [0x000076898cdd5d20+0x000000000000004f]
J 888 c1 com.cadoodlecad.manifold.ManifoldBindings.union(JJ)J (13 bytes) @ 0x000076898538c464 [0x000076898538c3c0+0x00000000000000a4]
J 837 c1 eu.printingin3d.javascad.manifold.Manifold3dEngine.operateNative(JJI)J (82 bytes) @ 0x000076898537b99c [0x000076898537b7a0+0x00000000000001fc]
J 838 c1 eu.printingin3d.javascad.manifold.Manifold3dEngine.unionNative(JJ)J (8 bytes) @ 0x000076898537c03c [0x000076898537bfc0+0x000000000000007c]
j  eu.printingin3d.javascad.tranzitions.Union.toInnerNativeMesh(Leu/printingin3d/javascad/vrl/FacetGenerationContext;)J+61
J 791 c1 eu.printingin3d.javascad.models.Abstract3dModel.toNativeMesh(Leu/printingin3d/javascad/vrl/FacetGenerationContext;)J (128 bytes) @ 0x000076898536b144 [0x000076898536aac0+0x0000000000000684]
j  eu.printingin3d.javascad.tranzitions.Difference.toInnerNativeMesh(Leu/printingin3d/javascad/vrl/FacetGenerationContext;)J+5
J 791 c1 eu.printingin3d.javascad.models.Abstract3dModel.toNativeMesh(Leu/printingin3d/javascad/vrl/FacetGenerationContext;)J (128 bytes) @ 0x000076898536b144 [0x000076898536aac0+0x0000000000000684]
j  com.github.grishberg.cad3d.util.VertexHolderUtilsKt.fromModelNative(Leu/printingin3d/javascad/models/Abstract3dModel;I)Lcom/github/grishberg/cad3d/plugin/VertexHolder;+28
j  com.github.grishberg.cad3d.util.VertexHolderUtilsKt.fromModel(Leu/printingin3d/javascad/models/Abstract3dModel;I)Lcom/github/grishberg/cad3d/plugin/VertexHolder;+8
j  com.github.grishberg.cad3d.keyboard.ModelHolder$Companion.createVertexHolders(Lcom/github/grishberg/cad3d/keyboard/cfg/KeyboardConfig;Leu/printingin3d/javascad/models/Abstract3dModel;Ljava/util/List;)Ljava/util/List;+101
j  com.github.grishberg.cad3d.keyboard.ModelHolder.<init>(Lcom/github/grishberg/cad3d/keyboard/cfg/KeyboardConfig;Leu/printingin3d/javascad/models/Abstract3dModel;[Leu/printingin3d/javascad/models/Abstract3dModel;)V+29
j  com.github.grishberg.cad3d.KeyboardBuilder.createCaseModel(Lcom/github/grishberg/cad3d/keyboard/cfg/KeyboardConfig;Lcom/github/grishberg/cad3d/keyboard/KeyPlace;Lcom/github/grishberg/cad3d/keyboard/ThumbKeyPlace;Lcom/github/grishberg/cad3d/keyboard/screws/ScrewWallPlaces;Lcom/github/grishberg/cad3d/keyboard/casebody/Walls;Lcom/github/grishberg/cad3d/keyboard/casebody/controllers/ControllerPlace;Lcom/github/grishberg/cad3d/keyboard/casebody/controllers/SwitcherPlace;Lcom/github/grishberg/cad3d/keyboard/casebody/controllers/ControllerFactory;Lcom/github/grishberg/cad3d/keyboard/casebody/controllers/switcher/SwitcherFactory;Lcom/github/grishberg/cad3d/keyboard/casebody/controllers/Controller;Lcom/github/grishberg/cad3d/trackball/Trackball;Lcom/github/grishberg/cad3d/keyboard/casebody/thumb/ThumbBorders;Lcom/github/grishberg/cad3d/keyboard/casebody/thumb/ThumbWalls;)Lcom/github/grishberg/cad3d/keyboard/ModelHolder;+665
j  com.github.grishberg.cad3d.KeyboardBuilder.createCase(Lcom/github/grishberg/cad3d/keyboard/cfg/KeyboardConfig;Lcom/github/grishberg/cad3d/keyboard/KeyPlace;Lcom/github/grishberg/cad3d/keyboard/ThumbKeyPlace;Lcom/github/grishberg/cad3d/keyboard/screws/ScrewWallPlaces;Lcom/github/grishberg/cad3d/keyboard/casebody/Walls;Lcom/github/grishberg/cad3d/keyboard/casebody/controllers/ControllerPlace;Lcom/github/grishberg/cad3d/keyboard/casebody/controllers/SwitcherPlace;Lcom/github/grishberg/cad3d/keyboard/casebody/controllers/ControllerFactory;Lcom/github/grishberg/cad3d/keyboard/casebody/controllers/switcher/SwitcherFactory;Lcom/github/grishberg/cad3d/keyboard/casebody/controllers/Controller;Lcom/github/grishberg/cad3d/trackball/Trackball;Lcom/github/grishberg/cad3d/keyboard/casebody/thumb/ThumbBorders;Lcom/github/grishberg/cad3d/keyboard/casebody/thumb/ThumbWalls;)Ljava/util/List;+44
j  com.github.grishberg.cad3d.KeyboardBuilder.access$createCase(Lcom/github/grishberg/cad3d/KeyboardBuilder;Lcom/github/grishberg/cad3d/keyboard/cfg/KeyboardConfig;Lcom/github/grishberg/cad3d/keyboard/KeyPlace;Lcom/github/grishberg/cad3d/keyboard/ThumbKeyPlace;Lcom/github/grishberg/cad3d/keyboard/screws/ScrewWallPlaces;Lcom/github/grishberg/cad3d/keyboard/casebody/Walls;Lcom/github/grishberg/cad3d/keyboard/casebody/controllers/ControllerPlace;Lcom/github/grishberg/cad3d/keyboard/casebody/controllers/SwitcherPlace;Lcom/github/grishberg/cad3d/keyboard/casebody/controllers/ControllerFactory;Lcom/github/grishberg/cad3d/keyboard/casebody/controllers/switcher/SwitcherFactory;Lcom/github/grishberg/cad3d/keyboard/casebody/controllers/Controller;Lcom/github/grishberg/cad3d/trackball/Trackball;Lcom/github/grishberg/cad3d/keyboard/casebody/thumb/ThumbBorders;Lcom/github/grishberg/cad3d/keyboard/casebody/thumb/ThumbWalls;)Ljava/util/List;+24
j  com.github.grishberg.cad3d.KeyboardBuilder$exportStl$1$2.invokeSuspend(Ljava/lang/Object;)Ljava/lang/Object;+104
j  kotlin.coroutines.jvm.internal.BaseContinuationImpl.resumeWith(Ljava/lang/Object;)V+44
j  kotlinx.coroutines.DispatchedTask.run()V+317
j  kotlinx.coroutines.scheduling.CoroutineScheduler.runSafely(Lkotlinx/coroutines/scheduling/Task;)V+2
j  kotlinx.coroutines.scheduling.CoroutineScheduler$Worker.executeTask(Lkotlinx/coroutines/scheduling/Task;)V+30
j  kotlinx.coroutines.scheduling.CoroutineScheduler$Worker.runWorker()V+44
j  kotlinx.coroutines.scheduling.CoroutineScheduler$Worker.run()V+1
v  ~StubRoutines::call_stub

siginfo: si_signo: 11 (SIGSEGV), si_code: 1 (SEGV_MAPERR), si_addr: 0x0000768fc88abfe2

Registers:
RAX=0x00007689a2d7f418, RBX=0x00007688a0072b20, RCX=0x0000000000000000, RDX=0x0000000000000000
RSP=0x000076892d5fc928, RBP=0x00007689a269e820, RSI=0x00007688a0072b20, RDI=0x0000768fc88abfd2
R8 =0x00007688a0072b20, R9 =0x0000000000000000, R10=0x000076898cdd5d6f, R11=0x000076898537bfe0
R12=0x000076892d5fc970, R13=0x0000768fc88abfd2, R14=0x00007688a00f45b0, R15=0x000076892d5fc970
RIP=0x00007689a269fff4, EFLAGS=0x0000000000010202, CSGSFS=0x002b000000000033, ERR=0x0000000000000004
  TRAPNO=0x000000000000000e

XMM[0]=0x0000000000000000 0x0000000000000000
XMM[1]=0x0000000000000000 0x0000000000000000
XMM[2]=0x0000000000000000 0x3f1a36e2eb1c432d
XMM[3]=0x0000000000000000 0x3ff0000000000000
XMM[4]=0x0000000000000000 0x0000000000000000
XMM[5]=0xc021334a2aee9cea 0x3ff0000000000000
XMM[6]=0x3ff0000000000000 0x40477c23087a6128
XMM[7]=0x0000000000000000 0x0000000000000000
XMM[8]=0x0000000000000000 0x0000000000000000
XMM[9]=0x0000000000000000 0x0000000000000000
XMM[10]=0x0000000000000000 0x3ff0000000000000
XMM[11]=0x0000000000000000 0x0000000000000000
XMM[12]=0x0000000000000000 0x0000000000000000
XMM[13]=0x0000000000000000 0x0000000000000000
XMM[14]=0x0000000000000000 0x8000000000000000
XMM[15]=0x0000000000000000 0x0000000000000000
  MXCSR=0x00001fa4


Register to memory mapping:

RAX=0x00007689a2d7f418: _ZTVN8manifold9CsgOpNodeE+0x0000000000000010 in /home/grishberg/projects/java/opengl_kbd_render/cad3d/build/manifold-natives/manifold3d/natives/linux-x86_64/libmanifold.so.3 at 0x00007689a2a00000
RBX=0x00007688a0072b20 points into unknown readable memory: 0x0000768fc88abfd2 | d2 bf 8a c8 8f 76 00 00
RCX=0x0 is NULL
RDX=0x0 is NULL
RSP=0x000076892d5fc928 is pointing into the stack for thread: 0x00007688a806eb10
RBP=0x00007689a269e820: __pthread_key_create+0x0000000000000000 in /lib/x86_64-linux-gnu/libc.so.6 at 0x00007689a2600000
RSI=0x00007688a0072b20 points into unknown readable memory: 0x0000768fc88abfd2 | d2 bf 8a c8 8f 76 00 00
RDI=0x0000768fc88abfd2 is an unknown value
R8 =0x00007688a0072b20 points into unknown readable memory: 0x0000768fc88abfd2 | d2 bf 8a c8 8f 76 00 00
R9 =0x0 is NULL
R10=0x000076898cdd5d6f is at entry_point+79 in (nmethod*)0x000076898cdd5b90
Compiled method (n/a) 233  819     n 0       com.cadoodlecad.manifold.ManifoldBindings::jniUnion (native)
 total in heap  [0x000076898cdd5b90,0x000076898cdd5f10] = 896
 relocation     [0x000076898cdd5cf0,0x000076898cdd5d20] = 48
 main code      [0x000076898cdd5d20,0x000076898cdd5f08] = 488
 oops           [0x000076898cdd5f08,0x000076898cdd5f10] = 8
0x000076898cdd5d4f:   4c 8b c1 48 8b ca 48 8b d6 49 be a8 01 04 f5 00
0x000076898cdd5d5f:   00 00 00 4c 89 74 24 30 4c 8d 74 24 30 49 8b f6
0x000076898cdd5d6f:   c5 f8 77 
R11=0x000076898537bfe0 is at entry_point+32 in (nmethod*)0x000076898537be10
Compiled method (c1) 234  838       3       eu.printingin3d.javascad.manifold.Manifold3dEngine::unionNative (8 bytes)
 total in heap  [0x000076898537be10,0x000076898537c180] = 880
 relocation     [0x000076898537bf70,0x000076898537bfa8] = 56
 main code      [0x000076898537bfc0,0x000076898537c0c0] = 256
 stub code      [0x000076898537c0c0,0x000076898537c100] = 64
 oops           [0x000076898537c100,0x000076898537c108] = 8
 metadata       [0x000076898537c108,0x000076898537c110] = 8
 scopes data    [0x000076898537c110,0x000076898537c138] = 40
 scopes pcs     [0x000076898537c138,0x000076898537c178] = 64
 dependencies   [0x000076898537c178,0x000076898537c180] = 8
0x000076898537bfe0:   89 84 24 00 c0 fe ff 55 48 83 ec 40 
R12=0x000076892d5fc970 is pointing into the stack for thread: 0x00007688a806eb10
R13=0x0000768fc88abfd2 is an unknown value
R14=0x00007688a00f45b0 points into unknown readable memory: 0x00007689a2d7f418 | 18 f4 d7 a2 89 76 00 00
R15=0x000076892d5fc970 is pointing into the stack for thread: 0x00007688a806eb10


Top of Stack: (sp=0x000076892d5fc928)
0x000076892d5fc928:   00007689a2beb40b 0000000000000000
0x000076892d5fc938:   00007689a2b57300 0000000000000000
0x000076892d5fc948:   000076892d5fca00 00007688a0072b20
0x000076892d5fc958:   00007689a2bee14d 00007688a00f45b0
0x000076892d5fc968:   00007688a00f45a0 000076892d5fc9c0
0x000076892d5fc978:   00007688a806edc0 000076892d5fc9d0
0x000076892d5fc988:   000076898cdd06dc 0000000000000000
0x000076892d5fc998:   846aaf40fbcb2a00 0000000000000002
0x000076892d5fc9a8:   0000000000000134 00007688a0072b20
0x000076892d5fc9b8:   000076892d5fca00 00007688a0072b20
0x000076892d5fc9c8:   000076892d5fcad0 00007688a806eb10
0x000076892d5fc9d8:   00007689a2bee384 000076898c668260
0x000076892d5fc9e8:   846aaf40fbcb2a00 000076892d5fca00
0x000076892d5fc9f8:   00007689a2e15957 00007688db5c7723
0x000076892d5fca08:   000076892d5fca60 00007688db5cb478
0x000076892d5fca18:   00007688a0072b20 00000000f50281a8
0x000076892d5fca28:   0000000000000030 0000000000000000
0x000076892d5fca38:   846aaf40fbcb2a00 000076892d5fca90
0x000076892d5fca48:   0000000000000000 000076892d5fcc18
0x000076892d5fca58:   00007689a281bfbf 000076892d5fca90
0x000076892d5fca68:   00007688a0072b20 00007688a011ef20
0x000076892d5fca78:   00007688a0072b20 000076892d5fcad0
0x000076892d5fca88:   00007688a806edc0 000076892d5fcae0
0x000076892d5fca98:   000076898cdd5de8 0000000000000000
0x000076892d5fcaa8:   000076892d5fcb00 000076892d5fcc88
0x000076892d5fcab8:   000076898536b144 0000000000000001
0x000076892d5fcac8:   00007688a0072b20 00000000f50401a8
0x000076892d5fcad8:   0000000000000001 000076892d5fcc88
0x000076892d5fcae8:   000076898538c464 00000000f5153e60
0x000076892d5fcaf8:   000076898536b144 000076892d5fcb50
0x000076892d5fcb08:   0000000000000138 0000000000000000
0x000076892d5fcb18:   0000000000000138 0000000000000000 

Instructions: (pc=0x00007689a269fff4)
0x00007689a269fef4:   ff ff ff 83 f8 92 0f 84 68 ff ff ff 8d 50 26 83
0x00007689a269ff04:   f8 da 72 14 48 b8 09 00 00 08 2c 00 00 00 48 0f
0x00007689a269ff14:   a3 d0 0f 82 4c ff ff ff 48 8d 3d d5 10 13 00 e8
0x00007689a269ff24:   18 0b ff ff 83 f8 f5 0f 84 a9 fd ff ff 83 f8 fc
0x00007689a269ff34:   0f 84 a0 fd ff ff eb e0 0f 1f 40 00 be 80 00 00
0x00007689a269ff44:   00 48 89 df e8 73 90 ff ff e9 16 ff ff ff 64 48
0x00007689a269ff54:   c7 04 25 f0 02 00 00 00 00 00 00 b8 23 00 00 00
0x00007689a269ff64:   e9 97 fa ff ff b8 0b 00 00 00 e9 8d fa ff ff 41
0x00007689a269ff74:   8b 04 24 83 e0 7f 83 f8 12 74 d3 83 f8 11 0f 85
0x00007689a269ff84:   2f fd ff ff e9 06 ff ff ff e8 2e 7f 09 00 48 8d
0x00007689a269ff94:   0d e7 4d 13 00 ba bd 01 00 00 48 8d 35 c0 c4 12
0x00007689a269ffa4:   00 48 8d 3d 74 11 13 00 e8 3f b3 f9 ff 48 8d 0d
0x00007689a269ffb4:   c8 4d 13 00 ba c2 01 00 00 48 8d 35 a1 c4 12 00
0x00007689a269ffc4:   48 8d 3d af c4 12 00 e8 20 b3 f9 ff 48 8d 0d a9
0x00007689a269ffd4:   4d 13 00 ba 5f 02 00 00 48 8d 35 82 c4 12 00 48
0x00007689a269ffe4:   8d 3d a6 c4 12 00 e8 01 b3 f9 ff 90 f3 0f 1e fa
0x00007689a269fff4:   8b 47 10 89 c2 81 e2 7f 01 00 00 90 83 e0 7c 0f
0x00007689a26a0004:   85 a7 00 00 00 55 48 89 e5 53 48 83 ec 18 85 d2
0x00007689a26a0014:   0f 85 9e 00 00 00 44 8b 0d 0f 57 16 00 45 85 c9
0x00007689a26a0024:   75 5a 8b 77 10 81 e6 80 00 00 00 75 09 80 3d 08
0x00007689a26a0034:   b0 16 00 00 75 36 31 c0 ba 01 00 00 00 f0 0f b1
0x00007689a26a0044:   17 0f 85 ad 00 00 00 8b 4f 08 85 c9 0f 85 54 01
0x00007689a26a0054:   00 00 64 8b 04 25 d0 02 00 00 89 47 08 83 47 0c
0x00007689a26a0064:   01 90 31 c0 48 8b 5d f8 c9 c3 66 90 44 8b 07 45
0x00007689a26a0074:   85 c0 75 c2 c7 07 01 00 00 00 eb cb 8b 47 10 f6
0x00007689a26a0084:   c4 03 74 08 f6 c4 01 74 99 eb 07 90 80 cc 01 89
0x00007689a26a0094:   47 10 8b 57 10 48 8b 5d f8 48 8d 77 16 c9 81 e2
0x00007689a26a00a4:   80 00 00 00 e9 a3 88 ff ff 0f 1f 00 e9 5b f8 ff
0x00007689a26a00b4:   ff 0f 1f 00 81 fa 00 01 00 00 74 d6 8b 57 10 83
0x00007689a26a00c4:   e2 7f 83 fa 01 0f 85 8e 00 00 00 64 8b 04 25 d0
0x00007689a26a00d4:   02 00 00 39 47 08 75 2e 8b 47 04 83 f8 ff 0f 84
0x00007689a26a00e4:   b8 00 00 00 83 c0 01 89 47 04 e9 73 ff ff ff 0f 


Stack slot to memory mapping:
stack at sp + 0 slots: 0x00007689a2beb40b: _ZNK8manifold8Manifold9LoadPNodeEv+0x000000000000002b in /home/grishberg/projects/java/opengl_kbd_render/cad3d/build/manifold-natives/manifold3d/natives/linux-x86_64/libmanifold.so.3 at 0x00007689a2a00000
stack at sp + 1 slots: 0x0 is NULL
stack at sp + 2 slots: 0x00007689a2b57300: _ZN8manifold9CsgOpNode7BooleanERKSt10shared_ptrINS_7CsgNodeEENS_6OpTypeE+0x0000000000000000 in /home/grishberg/projects/java/opengl_kbd_render/cad3d/build/manifold-natives/manifold3d/natives/linux-x86_64/libmanifold.so.3 at 0x00007689a2a00000
stack at sp + 3 slots: 0x0 is NULL
stack at sp + 4 slots: 0x000076892d5fca00 is pointing into the stack for thread: 0x00007688a806eb10
stack at sp + 5 slots: 0x00007688a0072b20 points into unknown readable memory: 0x0000768fc88abfd2 | d2 bf 8a c8 8f 76 00 00
stack at sp + 6 slots: 0x00007689a2bee14d: _ZNK8manifold8Manifold7BooleanERKS0_NS_6OpTypeE+0x000000000000004d in /home/grishberg/projects/java/opengl_kbd_render/cad3d/build/manifold-natives/manifold3d/natives/linux-x86_64/libmanifold.so.3 at 0x00007689a2a00000
stack at sp + 7 slots: 0x00007688a00f45b0 points into unknown readable memory: 0x00007689a2d7f418 | 18 f4 d7 a2 89 76 00 00


Compiled method (n/a) 236  819     n 0       com.cadoodlecad.manifold.ManifoldBindings::jniUnion (native)
 total in heap  [0x000076898cdd5b90,0x000076898cdd5f10] = 896
 relocation     [0x000076898cdd5cf0,0x000076898cdd5d20] = 48
 main code      [0x000076898cdd5d20,0x000076898cdd5f08] = 488
 oops           [0x000076898cdd5f08,0x000076898cdd5f10] = 8

[Constant Pool (empty)]

[MachCode]
[Entry Point]
  # {method} {0x00007688db5d1060} 'jniUnion' '(JJJ)J' in 'com/cadoodlecad/manifold/ManifoldBindings'
  # parm0:    rsi:rsi   = long
  # parm1:    rdx:rdx   = long
  # parm2:    rcx:rcx   = long
  #           [sp+0x50]  (sp of caller)
  0x000076898cdd5d20: 448b 5608 | 49bb 0000 | 00df 8876 | 0000 4d03 | d349 3bc2 | 0f84 0600 

  0x000076898cdd5d38: ;   {runtime_call ic_miss_stub}
  0x000076898cdd5d38: 0000 e941 | a08d ff90 
[Verified Entry Point]
  0x000076898cdd5d40: 8984 2400 | c0fe ff55 | 488b ec48 | 83ec 404c | 8bc1 488b | ca48 8bd6 

  0x000076898cdd5d58: ;   {oop(a 'java/lang/Class'{0x00000000f50401a8} = 'com/cadoodlecad/manifold/ManifoldBindings')}
  0x000076898cdd5d58: 49be a801 | 04f5 0000 | 0000 4c89 | 7424 304c | 8d74 2430 | 498b f6c5 

  0x000076898cdd5d70: ;   {internal_word}
  0x000076898cdd5d70: f877 49ba | 6f5d dd8c | 8976 0000 | 4d89 9798 | 0200 0049 | 89a7 9002 

  0x000076898cdd5d88: ;   {external_word}
  0x000076898cdd5d88: 0000 803d | f473 3315 | 000f 843a | 0000 0056 | 5251 4150 

  0x000076898cdd5d9c: ;   {metadata({method} {0x00007688db5d1060} 'jniUnion' '(JJJ)J' in 'com/cadoodlecad/manifold/ManifoldBindings')}
  0x000076898cdd5d9c: 48be 6010 | 5ddb 8876 | 0000 498b | fff7 c40f | 0000 000f | 8412 0000 | 0048 83ec 

  0x000076898cdd5db8: ;   {runtime_call SharedRuntime::dtrace_method_entry(JavaThread*, Method*)}
  0x000076898cdd5db8: 08e8 e2cc | d014 4883 | c408 e905 

  0x000076898cdd5dc4: ;   {runtime_call SharedRuntime::dtrace_method_entry(JavaThread*, Method*)}
  0x000076898cdd5dc4: 0000 00e8 | d4cc d014 | 4158 595a | 5e49 8dbf | b002 0000 | 41c7 8738 | 0300 0004 

  0x000076898cdd5de0: ;   {runtime_call Java_com_cadoodlecad_manifold_ManifoldBindings_jniUnion}
  0x000076898cdd5de0: 0000 00e8 | a061 a415 | c5f8 7741 | c787 3803 | 0000 0500 | 0000 f083 | 4424 c000 | 493b af40 
  0x000076898cdd5e00: 0300 000f | 8711 0000 | 0041 81bf | 2803 0000 | 0000 0000 | 0f84 2400 | 0000 c5f8 | 7748 8945 
  0x000076898cdd5e20: f849 8bff | 4c8b e448 | 83ec 0048 

  0x000076898cdd5e2c: ;   {runtime_call JavaThread::check_special_condition_for_native_trans(JavaThread*)}
  0x000076898cdd5e2c: 83e4 f0e8 | 9c91 e914 | 498b e44d | 33e4 488b | 45f8 41c7 | 8738 0300 | 0008 0000 | 0041 81bf 
  0x000076898cdd5e4c: a803 0000 | 0200 0000 | 0f84 8400 

  0x000076898cdd5e58: ;   {external_word}
  0x000076898cdd5e58: 0000 803d | 2473 3315 | 000f 8438 | 0000 0048 

  0x000076898cdd5e68: ;   {metadata({method} {0x00007688db5d1060} 'jniUnion' '(JJJ)J' in 'com/cadoodlecad/manifold/ManifoldBindings')}
  0x000076898cdd5e68: 8945 f848 | be60 105d | db88 7600 | 0049 8bff | f7c4 0f00 | 0000 0f84 | 1200 0000 | 4883 ec08 
  0x000076898cdd5e88: ;   {runtime_call SharedRuntime::dtrace_method_exit(JavaThread*, Method*)}
  0x000076898cdd5e88: e8c3 ccd0 | 1448 83c4 | 08e9 0500 

  0x000076898cdd5e94: ;   {runtime_call SharedRuntime::dtrace_method_exit(JavaThread*, Method*)}
  0x000076898cdd5e94: 0000 e8b5 | ccd0 1448 | 8b45 f849 | c787 9002 | 0000 0000 | 0000 49c7 | 8798 0200 | 0000 0000 
  0x000076898cdd5eb4: 00c5 f877 | 498b 8fd8 | 0000 00c7 | 8100 0100 | 0000 0000 | 00c9 4981 | 7f08 0000 | 0000 0f85 
  0x000076898cdd5ed4: 0100 0000 

  0x000076898cdd5ed8: ;   {runtime_call StubRoutines (1)}
  0x000076898cdd5ed8: c3e9 229d | 88ff c5f8 | 7748 8945 | f84c 8be4 | 4883 ec00 | 4883 e4f0 

  0x000076898cdd5ef0: ;   {runtime_call SharedRuntime::reguard_yellow_pages()}
  0x000076898cdd5ef0: e8cb dad0 | 1449 8be4 | 4d33 e448 | 8b45 f8e9 | 56ff ffff | f4f4 f4f4 
[/MachCode]


Compiled method (c1) 242  888       3       com.cadoodlecad.manifold.ManifoldBindings::union (13 bytes)
 total in heap  [0x000076898538c210,0x000076898538c5e0] = 976
 relocation     [0x000076898538c370,0x000076898538c3b8] = 72
 main code      [0x000076898538c3c0,0x000076898538c4e0] = 288
 stub code      [0x000076898538c4e0,0x000076898538c530] = 80
 oops           [0x000076898538c530,0x000076898538c538] = 8
 metadata       [0x000076898538c538,0x000076898538c540] = 8
 scopes data    [0x000076898538c540,0x000076898538c588] = 72
 scopes pcs     [0x000076898538c588,0x000076898538c5d8] = 80
 dependencies   [0x000076898538c5d8,0x000076898538c5e0] = 8

[Constant Pool (empty)]

[MachCode]
[Entry Point]
  # {method} {0x00007688db5d57e8} 'union' '(JJ)J' in 'com/cadoodlecad/manifold/ManifoldBindings'
  # this:     rsi:rsi   = 'com/cadoodlecad/manifold/ManifoldBindings'
  # parm0:    rdx:rdx   = long
  # parm1:    rcx:rcx   = long
  #           [sp+0x60]  (sp of caller)
  0x000076898538c3c0: 448b 5608 | 49bb 0000 | 00df 8876 | 0000 4d03 | d34c 3bd0 

  0x000076898538c3d4: ;   {runtime_call ic_miss_stub}
  0x000076898538c3d4: 0f85 a639 | 3207 660f | 1f44 0000 
[Verified Entry Point]
  0x000076898538c3e0: 8984 2400 | c0fe ff55 | 4883 ec50 

  0x000076898538c3ec: ;   {metadata(method data for {method} {0x00007688db5d57e8} 'union' '(JJ)J' in 'com/cadoodlecad/manifold/ManifoldBindings')}
  0x000076898538c3ec: 48bf 0818 | 6cdb 8876 | 0000 8b9f | f400 0000 | 83c3 0289 | 9ff4 0000 | 0081 e3fe | 0700 0083 
  0x000076898538c40c: fb00 0f84 | 6300 0000 | 4889 4c24 | 4048 8954 

  0x000076898538c41c: ;   {metadata(method data for {method} {0x00007688db5d57e8} 'union' '(JJ)J' in 'com/cadoodlecad/manifold/ManifoldBindings')}
  0x000076898538c41c: 2438 48be | 0818 6cdb | 8876 0000 | 4883 8638 | 0100 0001 | 0f1f 8000 

  0x000076898538c434: ;   {static_call}
  0x000076898538c434: 0000 00e8 

  0x000076898538c438: ; ImmutableOopMap {}
                      ;*invokestatic jniAllocManifold {reexecute=0 rethrow=0 return_oop=0}
                      ; - com.cadoodlecad.manifold.ManifoldBindings::union@0 (line 431)
  0x000076898538c438: 843e a407 

  0x000076898538c43c: ;   {metadata(method data for {method} {0x00007688db5d57e8} 'union' '(JJ)J' in 'com/cadoodlecad/manifold/ManifoldBindings')}
  0x000076898538c43c: 48be 0818 | 6cdb 8876 | 0000 4883 | 8648 0100 | 0001 488b | f048 8b54 | 2438 488b | 4c24 400f 
  0x000076898538c45c: ;   {static_call}
  0x000076898538c45c: 1f40 00e8 

  0x000076898538c460: ; ImmutableOopMap {}
                      ;*invokestatic jniUnion {reexecute=0 rethrow=0 return_oop=0}
                      ; - com.cadoodlecad.manifold.ManifoldBindings::union@9 (line 432)
  0x000076898538c460: dc98 a407 | 4883 c450 

  0x000076898538c468: ;   {poll_return}
  0x000076898538c468: 5d49 3ba7 | 4003 0000 | 0f87 2200 

  0x000076898538c474: ;   {metadata({method} {0x00007688db5d57e8} 'union' '(JJ)J' in 'com/cadoodlecad/manifold/ManifoldBindings')}
  0x000076898538c474: 0000 c349 | bae8 575d | db88 7600 | 004c 8954 | 2408 48c7 | 0424 ffff 

  0x000076898538c48c: ;   {runtime_call counter_overflow Runtime1 stub}
  0x000076898538c48c: ffff e8ed 

  0x000076898538c490: ; ImmutableOopMap {rsi=Oop }
                      ;*synchronization entry
                      ; - com.cadoodlecad.manifold.ManifoldBindings::union@-1 (line 431)
  0x000076898538c490: b63c 07e9 | 7cff ffff 

  0x000076898538c498: ;   {internal_word}
  0x000076898538c498: 49ba 69c4 | 3885 8976 | 0000 4d89 | 9758 0300 

  0x000076898538c4a8: ;   {runtime_call SafepointBlob}
  0x000076898538c4a8: 00e9 52a2 | 3207 9090 | 498b 87d0 | 0300 0049 | c787 d003 | 0000 0000 | 0000 49c7 | 87d8 0300 
  0x000076898538c4c8: 0000 0000 | 0048 83c4 

  0x000076898538c4d0: ;   {runtime_call unwind_exception Runtime1 stub}
  0x000076898538c4d0: 505d e9a9 | 4a3c 07f4 | f4f4 f4f4 | f4f4 f4f4 
[Stub Code]
  0x000076898538c4e0: ;   {no_reloc}
  0x000076898538c4e0: 0f1f 4400 

  0x000076898538c4e4: ;   {static_stub}
  0x000076898538c4e4: 0048 bb00 | 0000 0000 

  0x000076898538c4ec: ;   {runtime_call}
  0x000076898538c4ec: 0000 00e9 | fbff ffff 

  0x000076898538c4f4: ;   {static_stub}
  0x000076898538c4f4: 9048 bb00 | 0000 0000 

  0x000076898538c4fc: ;   {runtime_call}
  0x000076898538c4fc: 0000 00e9 | fbff ffff 
[Exception Handler]
  0x000076898538c504: ;   {runtime_call handle_exception_from_callee Runtime1 stub}
  0x000076898538c504: e877 7d3c 

  0x000076898538c508: ;   {external_word}
  0x000076898538c508: 0748 bf52 | 57d9 a189 | 7600 0048 

  0x000076898538c514: ;   {runtime_call MacroAssembler::debug64(char*, long, long*)}
  0x000076898538c514: 83e4 f0e8 | 54e6 571c 

  0x000076898538c51c: ;   {section_word}
  0x000076898538c51c: f449 ba1d | c538 8589 | 7600 0041 

  0x000076898538c528: ;   {runtime_call DeoptimizationBlob}
  0x000076898538c528: 52e9 7294 | 3207 f4f4 
[/MachCode]


Compiled method (c1) 245  837       3       eu.printingin3d.javascad.manifold.Manifold3dEngine::operateNative (82 bytes)
 total in heap  [0x000076898537b590,0x000076898537bdb0] = 2080
 relocation     [0x000076898537b6f0,0x000076898537b7a0] = 176
 main code      [0x000076898537b7a0,0x000076898537bb60] = 960
 stub code      [0x000076898537bb60,0x000076898537bbf0] = 144
 oops           [0x000076898537bbf0,0x000076898537bbf8] = 8
 metadata       [0x000076898537bbf8,0x000076898537bc08] = 16
 scopes data    [0x000076898537bc08,0x000076898537bc98] = 144
 scopes pcs     [0x000076898537bc98,0x000076898537bd88] = 240
 dependencies   [0x000076898537bd88,0x000076898537bd90] = 8
 nul chk table  [0x000076898537bd90,0x000076898537bdb0] = 32

[Constant Pool (empty)]

[MachCode]
[Entry Point]
  # {method} {0x00007688db5c9450} 'operateNative' '(JJI)J' in 'eu/printingin3d/javascad/manifold/Manifold3dEngine'
  # this:     rsi:rsi   = 'eu/printingin3d/javascad/manifold/Manifold3dEngine'
  # parm0:    rdx:rdx   = long
  # parm1:    rcx:rcx   = long
  # parm2:    r8        = int
  #           [sp+0x70]  (sp of caller)
  0x000076898537b7a0: 448b 5608 | 49bb 0000 | 00df 8876 | 0000 4d03 | d34c 3bd0 

  0x000076898537b7b4: ;   {runtime_call ic_miss_stub}
  0x000076898537b7b4: 0f85 c645 | 3307 660f | 1f44 0000 
[Verified Entry Point]
  0x000076898537b7c0: 8984 2400 | c0fe ff55 | 4883 ec60 

  0x000076898537b7cc: ;   {metadata(method data for {method} {0x00007688db5c9450} 'operateNative' '(JJI)J' in 'eu/printingin3d/javascad/manifold/Manifold3dEngine')}
  0x000076898537b7cc: 48bf e814 | 6cdb 8876 | 0000 8b9f | f400 0000 | 83c3 0289 | 9ff4 0000 | 0081 e3fe | 0700 0083 
  0x000076898537b7ec: fb00 0f84 | 9202 0000 | 4489 4424 | 3048 894c | 2440 4889 | 5424 3848 

  0x000076898537b804: ;   {metadata(method data for {method} {0x00007688db5c9450} 'operateNative' '(JJI)J' in 'eu/printingin3d/javascad/manifold/Manifold3dEngine')}
  0x000076898537b804: 8bfe 48bb | e814 6cdb | 8876 0000 | 4883 8338 | 0100 0001 | 0f1f 8000 

  0x000076898537b81c: ;   {optimized virtual_call}
  0x000076898537b81c: 0000 00e8 

  0x000076898537b820: ; ImmutableOopMap {}
                      ;*invokespecial getBindings {reexecute=0 rethrow=0 return_oop=0}
                      ; - eu.printingin3d.javascad.manifold.Manifold3dEngine::operateNative@1 (line 217)
  0x000076898537b820: 1cc2 fdff 

  0x000076898537b824: ;   {metadata(method data for {method} {0x00007688db5c9450} 'operateNative' '(JJI)J' in 'eu/printingin3d/javascad/manifold/Manifold3dEngine')}
  0x000076898537b824: 48ba e814 | 6cdb 8876 | 0000 48c7 | c150 0100 | 0044 8b44 | 2430 4183 | f800 488b | f148 c7c1 
  0x000076898537b844: 6001 0000 | 480f 45ce | 4183 f801 | 488b f148 | c7c1 7001 | 0000 480f | 45ce 4183 | f802 488b 
  0x000076898537b864: f148 c7c1 | 8001 0000 | 480f 45ce | 488b 340a | 49c7 c201 | 0000 0049 | 03f2 4889 | 340a 4183 
  0x000076898537b884: f800 0f84 | d300 0000 | 4183 f801 | 0f84 6900 | 0000 4183 | f802 0f85 | 1f01 0000 

  0x000076898537b8a0: ; implicit exception: dispatches to 0x000076898537baa7
  0x000076898537b8a0: 483b 0048 

  0x000076898537b8a4: ;   {metadata(method data for {method} {0x00007688db5c9450} 'operateNative' '(JJI)J' in 'eu/printingin3d/javascad/manifold/Manifold3dEngine')}
  0x000076898537b8a4: 8bd0 48b9 | e814 6cdb | 8876 0000 

  0x000076898537b8b0: ;   {metadata('com/cadoodlecad/manifold/ManifoldBindings')}
  0x000076898537b8b0: 49ba 7064 | 03e0 8876 | 0000 4c89 | 9148 0200 | 0048 8381 | 5002 0000 | 0148 8b54 | 2438 488b 
  0x000076898537b8d0: 4c24 4048 

  0x000076898537b8d4: ;   {optimized virtual_call}
  0x000076898537b8d4: 8bf0 90e8 

  0x000076898537b8d8: ; ImmutableOopMap {}
                      ;*invokevirtual intersection {reexecute=0 rethrow=0 return_oop=0}
                      ; - eu.printingin3d.javascad.manifold.Manifold3dEngine::operateNative@60 (line 221)
  0x000076898537b8d8: a447 3307 

  0x000076898537b8dc: ;   {metadata(method data for {method} {0x00007688db5c9450} 'operateNative' '(JJI)J' in 'eu/printingin3d/javascad/manifold/Manifold3dEngine')}
  0x000076898537b8dc: 48ba e814 | 6cdb 8876 | 0000 ff82 | 7002 0000 | 4883 c460 

  0x000076898537b8f0: ;   {poll_return}
  0x000076898537b8f0: 5d49 3ba7 | 4003 0000 | 0f87 ae01 | 0000 c348 | 3b00 488b 

  0x000076898537b904: ;   {metadata(method data for {method} {0x00007688db5c9450} 'operateNative' '(JJI)J' in 'eu/printingin3d/javascad/manifold/Manifold3dEngine')}
  0x000076898537b904: d048 b9e8 | 146c db88 

  0x000076898537b90c: ;   {metadata('com/cadoodlecad/manifold/ManifoldBindings')}
  0x000076898537b90c: 7600 0049 | ba70 6403 | e088 7600 | 004c 8991 | f801 0000 | 4883 8100 | 0200 0001 | 488b 5424 
  0x000076898537b92c: 3848 8b4c | 2440 488b 

  0x000076898537b934: ;   {optimized virtual_call}
  0x000076898537b934: f066 90e8 

  0x000076898537b938: ; ImmutableOopMap {}
                      ;*invokevirtual difference {reexecute=0 rethrow=0 return_oop=0}
                      ; - eu.printingin3d.javascad.manifold.Manifold3dEngine::operateNative@50 (line 220)
  0x000076898537b938: 4902 0000 

  0x000076898537b93c: ;   {metadata(method data for {method} {0x00007688db5c9450} 'operateNative' '(JJI)J' in 'eu/printingin3d/javascad/manifold/Manifold3dEngine')}
  0x000076898537b93c: 48ba e814 | 6cdb 8876 | 0000 ff82 | 2002 0000 | 4883 c460 

  0x000076898537b950: ;   {poll_return}
  0x000076898537b950: 5d49 3ba7 | 4003 0000 | 0f87 6901 | 0000 c348 | 8b4c 2440 | 488b 5424 | 3848 3b00 

  0x000076898537b96c: ;   {metadata(method data for {method} {0x00007688db5c9450} 'operateNative' '(JJI)J' in 'eu/printingin3d/javascad/manifold/Manifold3dEngine')}
  0x000076898537b96c: 488b f048 | bfe8 146c | db88 7600 

  0x000076898537b978: ;   {metadata('com/cadoodlecad/manifold/ManifoldBindings')}
  0x000076898537b978: 0049 ba70 | 6403 e088 | 7600 004c | 8997 a801 | 0000 4883 | 87b0 0100 | 0001 488b 

  0x000076898537b994: ;   {optimized virtual_call}
  0x000076898537b994: f066 90e8 

  0x000076898537b998: ; ImmutableOopMap {}
                      ;*invokevirtual union {reexecute=0 rethrow=0 return_oop=0}
                      ; - eu.printingin3d.javascad.manifold.Manifold3dEngine::operateNative@40 (line 219)
  0x000076898537b998: 440a 0100 

  0x000076898537b99c: ;   {metadata(method data for {method} {0x00007688db5c9450} 'operateNative' '(JJI)J' in 'eu/printingin3d/javascad/manifold/Manifold3dEngine')}
  0x000076898537b99c: 48ba e814 | 6cdb 8876 | 0000 ff82 | d001 0000 | 4883 c460 

  0x000076898537b9b0: ;   {poll_return}
  0x000076898537b9b0: 5d49 3ba7 | 4003 0000 | 0f87 2401 | 0000 c390 

  0x000076898537b9c0: ;   {no_reloc}
  0x000076898537b9c0: e942 0100 | 0000 0000 | 0000 498b | 8708 0100 | 0048 8d78 | 2849 3bbf | 1801 0000 | 0f87 2f01 
  0x000076898537b9e0: 0000 4989 | bf08 0100 | 0048 c700 | 0100 0000 | 488b ca49 | ba00 0000 | df88 7600 | 0049 2bca 
  0x000076898537ba00: 8948 0848 | 33c9 8948 | 0c48 33c9 | 4889 4810 | 4889 4818 | 4889 4820 

  0x000076898537ba18: ;   {no_reloc}
  0x000076898537ba18: e910 0100 | 0090 9090 | 9090 498b | f048 8944 | 2448 0f1f 

  0x000076898537ba2c: ;   {static_call}
  0x000076898537ba2c: 4400 00e8 

  0x000076898537ba30: ; ImmutableOopMap {[72]=Oop }
                      ;*invokedynamic {reexecute=0 rethrow=0 return_oop=0}
                      ; - eu.printingin3d.javascad.manifold.Manifold3dEngine::operateNative@72 (line 222)
  0x000076898537ba30: 4c4c 3307 

  0x000076898537ba34: ;   {metadata(method data for {method} {0x00007688db5c9450} 'operateNative' '(JJI)J' in 'eu/printingin3d/javascad/manifold/Manifold3dEngine')}
  0x000076898537ba34: 48ba e814 | 6cdb 8876 | 0000 488d | 9298 0200 | 0048 85c0 | 750e 48f7 | 0201 0000 | 0075 05f0 
  0x000076898537ba54: 4883 0a01 | 488b 5424 

  0x000076898537ba5c: ;   {metadata(method data for {method} {0x00007688db5c9450} 'operateNative' '(JJI)J' in 'eu/printingin3d/javascad/manifold/Manifold3dEngine')}
  0x000076898537ba5c: 4848 bee8 | 146c db88 | 7600 0048 | 8386 a802 | 0000 0148 | 8bd0 488b 

  0x000076898537ba74: ;   {optimized virtual_call}
  0x000076898537ba74: 7424 48e8 

  0x000076898537ba78: ; ImmutableOopMap {[72]=Oop }
                      ;*invokespecial <init> {reexecute=0 rethrow=0 return_oop=0}
                      ; - eu.printingin3d.javascad.manifold.Manifold3dEngine::operateNative@77 (line 222)
  0x000076898537ba78: 0446 3307 | 488b 4424 | 48e9 d000 

  0x000076898537ba84: ;   {metadata({method} {0x00007688db5c9450} 'operateNative' '(JJI)J' in 'eu/printingin3d/javascad/manifold/Manifold3dEngine')}
  0x000076898537ba84: 0000 49ba | 5094 5cdb | 8876 0000 | 4c89 5424 | 0848 c704 | 24ff ffff 

  0x000076898537ba9c: ;   {runtime_call counter_overflow Runtime1 stub}
  0x000076898537ba9c: ffe8 dec0 

  0x000076898537baa0: ; ImmutableOopMap {rsi=Oop }
                      ;*synchronization entry
                      ; - eu.printingin3d.javascad.manifold.Manifold3dEngine::operateNative@-1 (line 217)
  0x000076898537baa0: 3d07 e94d 

  0x000076898537baa4: ;   {runtime_call throw_null_pointer_exception Runtime1 stub}
  0x000076898537baa4: fdff ffe8 

  0x000076898537baa8: ; ImmutableOopMap {rax=Oop }
                      ;*invokevirtual intersection {reexecute=0 rethrow=0 return_oop=0}
                      ; - eu.printingin3d.javascad.manifold.Manifold3dEngine::operateNative@60 (line 221)
  0x000076898537baa8: f466 3d07 

  0x000076898537baac: ;   {internal_word}
  0x000076898537baac: 49ba f1b8 | 3785 8976 | 0000 4d89 | 9758 0300 

  0x000076898537babc: ;   {runtime_call SafepointBlob}
  0x000076898537babc: 00e9 3eac 

  0x000076898537bac0: ;   {runtime_call throw_null_pointer_exception Runtime1 stub}
  0x000076898537bac0: 3307 e8d9 

  0x000076898537bac4: ; ImmutableOopMap {rax=Oop }
                      ;*invokevirtual difference {reexecute=0 rethrow=0 return_oop=0}
                      ; - eu.printingin3d.javascad.manifold.Manifold3dEngine::operateNative@50 (line 220)
                      ;   {internal_word}
  0x000076898537bac4: 663d 0749 | ba51 b937 | 8589 7600 | 004d 8997 | 5803 0000 

  0x000076898537bad8: ;   {runtime_call SafepointBlob}
  0x000076898537bad8: e923 ac33 

  0x000076898537badc: ;   {runtime_call throw_null_pointer_exception Runtime1 stub}
  0x000076898537badc: 07e8 be66 

  0x000076898537bae0: ; ImmutableOopMap {rax=Oop }
                      ;*invokevirtual union {reexecute=0 rethrow=0 return_oop=0}
                      ; - eu.printingin3d.javascad.manifold.Manifold3dEngine::operateNative@40 (line 219)
                      ;   {internal_word}
  0x000076898537bae0: 3d07 49ba | b1b9 3785 | 8976 0000 | 4d89 9758 

  0x000076898537baf0: ;   {runtime_call SafepointBlob}
  0x000076898537baf0: 0300 00e9 | 08ac 3307 

  0x000076898537baf8: ;   {metadata(NULL)}
  0x000076898537baf8: 48ba 0000 | 0000 0000 | 0000 b800 

  0x000076898537bb04: ;   {runtime_call load_klass_patching Runtime1 stub}
  0x000076898537bb04: 0f05 0ae8 

  0x000076898537bb08: ; ImmutableOopMap {}
                      ;*new {reexecute=1 rethrow=0 return_oop=0}
                      ; - (reexecute) eu.printingin3d.javascad.manifold.Manifold3dEngine::operateNative@66 (line 222)
  0x000076898537bb08: f4af 3d07 | e9af feff | ff48 8bd2 

  0x000076898537bb14: ;   {runtime_call fast_new_instance Runtime1 stub}
  0x000076898537bb14: e867 6f3d 

  0x000076898537bb18: ; ImmutableOopMap {}
                      ;*new {reexecute=0 rethrow=0 return_oop=0}
                      ; - eu.printingin3d.javascad.manifold.Manifold3dEngine::operateNative@66 (line 222)
  0x000076898537bb18: 07e9 fafe | ffff 48ba | 0000 0000 | 0000 0000 | b800 0f05 

  0x000076898537bb2c: ;   {runtime_call load_appendix_patching Runtime1 stub}
  0x000076898537bb2c: 0ae8 ceb8 

  0x000076898537bb30: ; ImmutableOopMap {rax=Oop }
                      ;*invokedynamic {reexecute=1 rethrow=0 return_oop=0}
                      ; - (reexecute) eu.printingin3d.javascad.manifold.Manifold3dEngine::operateNative@72 (line 222)
  0x000076898537bb30: 3d07 e9e1 | feff ff90 | 9049 8b87 | d003 0000 | 49c7 87d0 | 0300 0000 | 0000 0049 | c787 d803 
  0x000076898537bb50: 0000 0000 | 0000 4883 

  0x000076898537bb58: ;   {runtime_call unwind_exception Runtime1 stub}
  0x000076898537bb58: c460 5de9 | 2054 3d07 
[Stub Code]
  0x000076898537bb60: ;   {no_reloc}
  0x000076898537bb60: 0f1f 4400 

  0x000076898537bb64: ;   {static_stub}
  0x000076898537bb64: 0048 bb00 | 0000 0000 

  0x000076898537bb6c: ;   {runtime_call}
  0x000076898537bb6c: 0000 00e9 | fbff ffff 

  0x000076898537bb74: ;   {static_stub}
  0x000076898537bb74: 9048 bb00 | 0000 0000 

  0x000076898537bb7c: ;   {runtime_call}
  0x000076898537bb7c: 0000 00e9 | fbff ffff 

  0x000076898537bb84: ;   {static_stub}
  0x000076898537bb84: 9048 bbb8 | 585d db88 

  0x000076898537bb8c: ;   {runtime_call I2C/C2I adapters}
  0x000076898537bb8c: 7600 00e9 | 4de4 3207 

  0x000076898537bb94: ;   {static_stub}
  0x000076898537bb94: 9048 bbe8 | 575d db88 

  0x000076898537bb9c: ;   {runtime_call I2C/C2I adapters}
  0x000076898537bb9c: 7600 00e9 | 3de4 3207 

  0x000076898537bba4: ;   {static_stub}
  0x000076898537bba4: 9048 bb00 | 0000 0000 

  0x000076898537bbac: ;   {runtime_call}
  0x000076898537bbac: 0000 00e9 | fbff ffff 

  0x000076898537bbb4: ;   {static_stub}
  0x000076898537bbb4: 9048 bb00 | 0000 0000 

  0x000076898537bbbc: ;   {runtime_call}
  0x000076898537bbbc: 0000 00e9 | fbff ffff 
[Exception Handler]
  0x000076898537bbc4: ;   {runtime_call handle_exception_from_callee Runtime1 stub}
  0x000076898537bbc4: e8b7 863d 

  0x000076898537bbc8: ;   {external_word}
  0x000076898537bbc8: 0748 bf52 | 57d9 a189 | 7600 0048 

  0x000076898537bbd4: ;   {runtime_call MacroAssembler::debug64(char*, long, long*)}
  0x000076898537bbd4: 83e4 f0e8 | 94ef 581c 

  0x000076898537bbdc: ;   {section_word}
  0x000076898537bbdc: f449 badd | bb37 8589 | 7600 0041 

  0x000076898537bbe8: ;   {runtime_call DeoptimizationBlob}
  0x000076898537bbe8: 52e9 b29d | 3307 f4f4 
[/MachCode]


---------------  P R O C E S S  ---------------

Threads class SMR info:
_java_thread_list=0x0000768890091ab0, length=22, elements={
0x000076899c02a990, 0x000076899c1e9520, 0x000076899c1ea930, 0x000076899c1efef0,
0x000076899c1f12d0, 0x000076899c1f2710, 0x000076899c1f4170, 0x000076899c1f56d0,
0x000076899c1f6b70, 0x000076899c1fe8c0, 0x000076899c2020b0, 0x00007688bc0fe150,
0x000076899c43be70, 0x000076899c43cfd0, 0x00007688a806eb10, 0x00007688a8039cd0,
0x00007688a805e880, 0x00007688a8061980, 0x00007688bc143690, 0x00007688c01557e0,
0x000076888c067890, 0x0000768890090b20
}

Java Threads: ( => current thread )
  0x000076899c02a990 JavaThread "main" [_thread_blocked, id=65769, stack(0x00007689a2500000,0x00007689a2600000)]
  0x000076899c1e9520 JavaThread "Reference Handler" daemon [_thread_blocked, id=65776, stack(0x000076893c8db000,0x000076893c9db000)]
  0x000076899c1ea930 JavaThread "Finalizer" daemon [_thread_blocked, id=65777, stack(0x000076893c7db000,0x000076893c8db000)]
  0x000076899c1efef0 JavaThread "Signal Dispatcher" daemon [_thread_blocked, id=65778, stack(0x000076893c100000,0x000076893c200000)]
  0x000076899c1f12d0 JavaThread "Service Thread" daemon [_thread_blocked, id=65779, stack(0x000076893c000000,0x000076893c100000)]
  0x000076899c1f2710 JavaThread "Monitor Deflation Thread" daemon [_thread_blocked, id=65780, stack(0x000076892df00000,0x000076892e000000)]
  0x000076899c1f4170 JavaThread "C2 CompilerThread0" daemon [_thread_in_native, id=65781, stack(0x000076892de00000,0x000076892df00000)]
  0x000076899c1f56d0 JavaThread "C1 CompilerThread0" daemon [_thread_blocked, id=65782, stack(0x000076892dd00000,0x000076892de00000)]
  0x000076899c1f6b70 JavaThread "Sweeper thread" daemon [_thread_blocked, id=65783, stack(0x000076892dc00000,0x000076892dd00000)]
  0x000076899c1fe8c0 JavaThread "Notification Thread" daemon [_thread_blocked, id=65784, stack(0x000076892db00000,0x000076892dc00000)]
  0x000076899c2020b0 JavaThread "Common-Cleaner" daemon [_thread_blocked, id=65786, stack(0x000076892d8ff000,0x000076892d9ff000)]
  0x00007688bc0fe150 JavaThread "C1 CompilerThread1" daemon [_thread_blocked, id=65787, stack(0x000076892d7ff000,0x000076892d8ff000)]
  0x000076899c43be70 JavaThread "DefaultDispatcher-worker-1" daemon [_thread_blocked, id=65788, stack(0x000076892d6ff000,0x000076892d7ff000)]
  0x000076899c43cfd0 JavaThread "DefaultDispatcher-worker-2" daemon [_thread_in_native, id=65789, stack(0x000076892d5ff000,0x000076892d6ff000)]
=>0x00007688a806eb10 JavaThread "DefaultDispatcher-worker-3" daemon [_thread_in_native, id=65790, stack(0x000076892d4ff000,0x000076892d5ff000)]
  0x00007688a8039cd0 JavaThread "DefaultDispatcher-worker-4" daemon [_thread_blocked, id=65791, stack(0x000076892d3ff000,0x000076892d4ff000)]
  0x00007688a805e880 JavaThread "DefaultDispatcher-worker-5" daemon [_thread_blocked, id=65792, stack(0x000076892d2ff000,0x000076892d3ff000)]
  0x00007688a8061980 JavaThread "DefaultDispatcher-worker-6" daemon [_thread_blocked, id=65793, stack(0x000076892d1ff000,0x000076892d2ff000)]
  0x00007688bc143690 JavaThread "C2 CompilerThread1" daemon [_thread_blocked, id=65794, stack(0x000076892d0ff000,0x000076892d1ff000)]
  0x00007688c01557e0 JavaThread "C1 CompilerThread2" daemon [_thread_blocked, id=65795, stack(0x000076892cfff000,0x000076892d0ff000)]
  0x000076888c067890 JavaThread "Thread-6" daemon [_thread_in_native, id=65823, stack(0x000076886f0f8000,0x000076886f1f8000)]
  0x0000768890090b20 JavaThread "C2 CompilerThread2" daemon [_thread_blocked, id=65824, stack(0x000076886eff8000,0x000076886f0f8000)]

Other Threads:
  0x000076899c1e5520 VMThread "VM Thread" [stack: 0x000076893c9dc000,0x000076893cadc000] [id=65775]
  0x000076899c200230 WatcherThread [stack: 0x000076892da00000,0x000076892db00000] [id=65785]
  0x000076899c060490 GCTaskThread "GC Thread#0" [stack: 0x000076893dd40000,0x000076893de40000] [id=65770]
  0x0000768924006d00 GCTaskThread "GC Thread#1" [stack: 0x000076892c2fe000,0x000076892c3fe000] [id=65811]
  0x0000768924007750 GCTaskThread "GC Thread#2" [stack: 0x000076892c1fd000,0x000076892c2fd000] [id=65812]
  0x00007689240081a0 GCTaskThread "GC Thread#3" [stack: 0x000076892c0fc000,0x000076892c1fc000] [id=65813]
  0x0000768924008bf0 GCTaskThread "GC Thread#4" [stack: 0x00007688d82f5000,0x00007688d83f5000] [id=65814]
  0x0000768924009640 GCTaskThread "GC Thread#5" [stack: 0x00007688d81f4000,0x00007688d82f4000] [id=65815]
  0x000076892400a0c0 GCTaskThread "GC Thread#6" [stack: 0x00007688d80f3000,0x00007688d81f3000] [id=65816]
  0x000076892400ab40 GCTaskThread "GC Thread#7" [stack: 0x000076886f6fe000,0x000076886f7fe000] [id=65817]
  0x000076892400b5c0 GCTaskThread "GC Thread#8" [stack: 0x000076886f5fd000,0x000076886f6fd000] [id=65818]
  0x000076892400c040 GCTaskThread "GC Thread#9" [stack: 0x000076886f4fc000,0x000076886f5fc000] [id=65819]
  0x000076892400cef0 GCTaskThread "GC Thread#10" [stack: 0x000076886f3fb000,0x000076886f4fb000] [id=65820]
  0x000076892400dda0 GCTaskThread "GC Thread#11" [stack: 0x000076886f2fa000,0x000076886f3fa000] [id=65821]
  0x000076892400ec50 GCTaskThread "GC Thread#12" [stack: 0x000076886f1f9000,0x000076886f2f9000] [id=65822]
  0x000076899c070ab0 ConcurrentGCThread "G1 Main Marker" [stack: 0x000076893dc3f000,0x000076893dd3f000] [id=65771]
  0x000076899c071a50 ConcurrentGCThread "G1 Conc#0" [stack: 0x000076893db3e000,0x000076893dc3e000] [id=65772]
  0x000076899c1b2610 ConcurrentGCThread "G1 Refine#0" [stack: 0x000076893cd30000,0x000076893ce30000] [id=65773]
  0x000076899c1b3540 ConcurrentGCThread "G1 Service" [stack: 0x000076893cc2f000,0x000076893cd2f000] [id=65774]

Threads with active compile tasks:
C2 CompilerThread0  253  689       4       eu.printingin3d.javascad.coords.Angles3d::rotate (392 bytes)

VM state: not at safepoint (normal execution)

VM Mutex/Monitor currently owned by a thread: None

Heap address: 0x0000000082000000, size: 30688 MB, Compressed Oops mode: Zero based, Oop shift amount: 3

CDS archive(s) mapped at: [0x00007688df000000-0x00007688dfbca000-0x00007688dfbca000), size 12361728, SharedBaseAddress: 0x00007688df000000, ArchiveRelocationMode: 1.
Compressed class space mapped at: 0x00007688e0000000-0x0000768920000000, reserved size: 1073741824
Narrow klass base: 0x00007688df000000, Narrow klass shift: 0, Narrow klass range: 0x100000000

GC Precious Log:
 CPUs: 16 total, 16 available
 Memory: 121G
 Large Page Support: Disabled
 NUMA Support: Disabled
 Compressed Oops: Enabled (Zero based)
 Heap Region Size: 16M
 Heap Min Capacity: 16M
 Heap Initial Capacity: 1952M
 Heap Max Capacity: 30688M
 Pre-touch: Disabled
 Parallel Workers: 13
 Concurrent Workers: 3
 Concurrent Refinement Workers: 13
 Periodic GC: Disabled

Heap:
 garbage-first heap   total 2031616K, used 51703K [0x0000000082000000, 0x0000000800000000)
  region size 16384K, 4 young (65536K), 1 survivors (16384K)
 Metaspace       used 4866K, committed 5056K, reserved 1114112K
  class space    used 405K, committed 512K, reserved 1048576K

Heap Regions: E=young(eden), S=young(survivor), O=old, HS=humongous(starts), HC=humongous(continues), CS=collection set, F=free, OA=open archive, CA=closed archive, TAMS=top-at-mark-start (previous, next)
|   0|0x0000000082000000, 0x0000000082000000, 0x0000000083000000|  0%| F|  |TAMS 0x0000000082000000, 0x0000000082000000| Untracked 
|   1|0x0000000083000000, 0x0000000083000000, 0x0000000084000000|  0%| F|  |TAMS 0x0000000083000000, 0x0000000083000000| Untracked 
|   2|0x0000000084000000, 0x0000000084000000, 0x0000000085000000|  0%| F|  |TAMS 0x0000000084000000, 0x0000000084000000| Untracked 
|   3|0x0000000085000000, 0x0000000085000000, 0x0000000086000000|  0%| F|  |TAMS 0x0000000085000000, 0x0000000085000000| Untracked 
|   4|0x0000000086000000, 0x0000000086000000, 0x0000000087000000|  0%| F|  |TAMS 0x0000000086000000, 0x0000000086000000| Untracked 
|   5|0x0000000087000000, 0x0000000087000000, 0x0000000088000000|  0%| F|  |TAMS 0x0000000087000000, 0x0000000087000000| Untracked 
|   6|0x0000000088000000, 0x0000000088000000, 0x0000000089000000|  0%| F|  |TAMS 0x0000000088000000, 0x0000000088000000| Untracked 
|   7|0x0000000089000000, 0x0000000089000000, 0x000000008a000000|  0%| F|  |TAMS 0x0000000089000000, 0x0000000089000000| Untracked 
|   8|0x000000008a000000, 0x000000008a000000, 0x000000008b000000|  0%| F|  |TAMS 0x000000008a000000, 0x000000008a000000| Untracked 
|   9|0x000000008b000000, 0x000000008b000000, 0x000000008c000000|  0%| F|  |TAMS 0x000000008b000000, 0x000000008b000000| Untracked 
|  10|0x000000008c000000, 0x000000008c000000, 0x000000008d000000|  0%| F|  |TAMS 0x000000008c000000, 0x000000008c000000| Untracked 
|  11|0x000000008d000000, 0x000000008d000000, 0x000000008e000000|  0%| F|  |TAMS 0x000000008d000000, 0x000000008d000000| Untracked 
|  12|0x000000008e000000, 0x000000008e000000, 0x000000008f000000|  0%| F|  |TAMS 0x000000008e000000, 0x000000008e000000| Untracked 
|  13|0x000000008f000000, 0x000000008f000000, 0x0000000090000000|  0%| F|  |TAMS 0x000000008f000000, 0x000000008f000000| Untracked 
|  14|0x0000000090000000, 0x0000000090000000, 0x0000000091000000|  0%| F|  |TAMS 0x0000000090000000, 0x0000000090000000| Untracked 
|  15|0x0000000091000000, 0x0000000091000000, 0x0000000092000000|  0%| F|  |TAMS 0x0000000091000000, 0x0000000091000000| Untracked 
|  16|0x0000000092000000, 0x0000000092000000, 0x0000000093000000|  0%| F|  |TAMS 0x0000000092000000, 0x0000000092000000| Untracked 
|  17|0x0000000093000000, 0x0000000093000000, 0x0000000094000000|  0%| F|  |TAMS 0x0000000093000000, 0x0000000093000000| Untracked 
|  18|0x0000000094000000, 0x0000000094000000, 0x0000000095000000|  0%| F|  |TAMS 0x0000000094000000, 0x0000000094000000| Untracked 
|  19|0x0000000095000000, 0x0000000095000000, 0x0000000096000000|  0%| F|  |TAMS 0x0000000095000000, 0x0000000095000000| Untracked 
|  20|0x0000000096000000, 0x0000000096000000, 0x0000000097000000|  0%| F|  |TAMS 0x0000000096000000, 0x0000000096000000| Untracked 
|  21|0x0000000097000000, 0x0000000097000000, 0x0000000098000000|  0%| F|  |TAMS 0x0000000097000000, 0x0000000097000000| Untracked 
|  22|0x0000000098000000, 0x0000000098000000, 0x0000000099000000|  0%| F|  |TAMS 0x0000000098000000, 0x0000000098000000| Untracked 
|  23|0x0000000099000000, 0x0000000099000000, 0x000000009a000000|  0%| F|  |TAMS 0x0000000099000000, 0x0000000099000000| Untracked 
|  24|0x000000009a000000, 0x000000009a000000, 0x000000009b000000|  0%| F|  |TAMS 0x000000009a000000, 0x000000009a000000| Untracked 
|  25|0x000000009b000000, 0x000000009b000000, 0x000000009c000000|  0%| F|  |TAMS 0x000000009b000000, 0x000000009b000000| Untracked 
|  26|0x000000009c000000, 0x000000009c000000, 0x000000009d000000|  0%| F|  |TAMS 0x000000009c000000, 0x000000009c000000| Untracked 
|  27|0x000000009d000000, 0x000000009d000000, 0x000000009e000000|  0%| F|  |TAMS 0x000000009d000000, 0x000000009d000000| Untracked 
|  28|0x000000009e000000, 0x000000009e000000, 0x000000009f000000|  0%| F|  |TAMS 0x000000009e000000, 0x000000009e000000| Untracked 
|  29|0x000000009f000000, 0x000000009f000000, 0x00000000a0000000|  0%| F|  |TAMS 0x000000009f000000, 0x000000009f000000| Untracked 
|  30|0x00000000a0000000, 0x00000000a0000000, 0x00000000a1000000|  0%| F|  |TAMS 0x00000000a0000000, 0x00000000a0000000| Untracked 
|  31|0x00000000a1000000, 0x00000000a1000000, 0x00000000a2000000|  0%| F|  |TAMS 0x00000000a1000000, 0x00000000a1000000| Untracked 
|  32|0x00000000a2000000, 0x00000000a2000000, 0x00000000a3000000|  0%| F|  |TAMS 0x00000000a2000000, 0x00000000a2000000| Untracked 
|  33|0x00000000a3000000, 0x00000000a3000000, 0x00000000a4000000|  0%| F|  |TAMS 0x00000000a3000000, 0x00000000a3000000| Untracked 
|  34|0x00000000a4000000, 0x00000000a4000000, 0x00000000a5000000|  0%| F|  |TAMS 0x00000000a4000000, 0x00000000a4000000| Untracked 
|  35|0x00000000a5000000, 0x00000000a5000000, 0x00000000a6000000|  0%| F|  |TAMS 0x00000000a5000000, 0x00000000a5000000| Untracked 
|  36|0x00000000a6000000, 0x00000000a6000000, 0x00000000a7000000|  0%| F|  |TAMS 0x00000000a6000000, 0x00000000a6000000| Untracked 
|  37|0x00000000a7000000, 0x00000000a7000000, 0x00000000a8000000|  0%| F|  |TAMS 0x00000000a7000000, 0x00000000a7000000| Untracked 
|  38|0x00000000a8000000, 0x00000000a8000000, 0x00000000a9000000|  0%| F|  |TAMS 0x00000000a8000000, 0x00000000a8000000| Untracked 
|  39|0x00000000a9000000, 0x00000000a9000000, 0x00000000aa000000|  0%| F|  |TAMS 0x00000000a9000000, 0x00000000a9000000| Untracked 
|  40|0x00000000aa000000, 0x00000000aa000000, 0x00000000ab000000|  0%| F|  |TAMS 0x00000000aa000000, 0x00000000aa000000| Untracked 
|  41|0x00000000ab000000, 0x00000000ab000000, 0x00000000ac000000|  0%| F|  |TAMS 0x00000000ab000000, 0x00000000ab000000| Untracked 
|  42|0x00000000ac000000, 0x00000000ac000000, 0x00000000ad000000|  0%| F|  |TAMS 0x00000000ac000000, 0x00000000ac000000| Untracked 
|  43|0x00000000ad000000, 0x00000000ad000000, 0x00000000ae000000|  0%| F|  |TAMS 0x00000000ad000000, 0x00000000ad000000| Untracked 
|  44|0x00000000ae000000, 0x00000000ae000000, 0x00000000af000000|  0%| F|  |TAMS 0x00000000ae000000, 0x00000000ae000000| Untracked 
|  45|0x00000000af000000, 0x00000000af000000, 0x00000000b0000000|  0%| F|  |TAMS 0x00000000af000000, 0x00000000af000000| Untracked 
|  46|0x00000000b0000000, 0x00000000b0000000, 0x00000000b1000000|  0%| F|  |TAMS 0x00000000b0000000, 0x00000000b0000000| Untracked 
|  47|0x00000000b1000000, 0x00000000b1000000, 0x00000000b2000000|  0%| F|  |TAMS 0x00000000b1000000, 0x00000000b1000000| Untracked 
|  48|0x00000000b2000000, 0x00000000b2000000, 0x00000000b3000000|  0%| F|  |TAMS 0x00000000b2000000, 0x00000000b2000000| Untracked 
|  49|0x00000000b3000000, 0x00000000b3000000, 0x00000000b4000000|  0%| F|  |TAMS 0x00000000b3000000, 0x00000000b3000000| Untracked 
|  50|0x00000000b4000000, 0x00000000b4000000, 0x00000000b5000000|  0%| F|  |TAMS 0x00000000b4000000, 0x00000000b4000000| Untracked 
|  51|0x00000000b5000000, 0x00000000b5000000, 0x00000000b6000000|  0%| F|  |TAMS 0x00000000b5000000, 0x00000000b5000000| Untracked 
|  52|0x00000000b6000000, 0x00000000b6000000, 0x00000000b7000000|  0%| F|  |TAMS 0x00000000b6000000, 0x00000000b6000000| Untracked 
|  53|0x00000000b7000000, 0x00000000b7000000, 0x00000000b8000000|  0%| F|  |TAMS 0x00000000b7000000, 0x00000000b7000000| Untracked 
|  54|0x00000000b8000000, 0x00000000b8000000, 0x00000000b9000000|  0%| F|  |TAMS 0x00000000b8000000, 0x00000000b8000000| Untracked 
|  55|0x00000000b9000000, 0x00000000b9000000, 0x00000000ba000000|  0%| F|  |TAMS 0x00000000b9000000, 0x00000000b9000000| Untracked 
|  56|0x00000000ba000000, 0x00000000ba000000, 0x00000000bb000000|  0%| F|  |TAMS 0x00000000ba000000, 0x00000000ba000000| Untracked 
|  57|0x00000000bb000000, 0x00000000bb000000, 0x00000000bc000000|  0%| F|  |TAMS 0x00000000bb000000, 0x00000000bb000000| Untracked 
|  58|0x00000000bc000000, 0x00000000bc000000, 0x00000000bd000000|  0%| F|  |TAMS 0x00000000bc000000, 0x00000000bc000000| Untracked 
|  59|0x00000000bd000000, 0x00000000bd000000, 0x00000000be000000|  0%| F|  |TAMS 0x00000000bd000000, 0x00000000bd000000| Untracked 
|  60|0x00000000be000000, 0x00000000be000000, 0x00000000bf000000|  0%| F|  |TAMS 0x00000000be000000, 0x00000000be000000| Untracked 
|  61|0x00000000bf000000, 0x00000000bf000000, 0x00000000c0000000|  0%| F|  |TAMS 0x00000000bf000000, 0x00000000bf000000| Untracked 
|  62|0x00000000c0000000, 0x00000000c0000000, 0x00000000c1000000|  0%| F|  |TAMS 0x00000000c0000000, 0x00000000c0000000| Untracked 
|  63|0x00000000c1000000, 0x00000000c1000000, 0x00000000c2000000|  0%| F|  |TAMS 0x00000000c1000000, 0x00000000c1000000| Untracked 
|  64|0x00000000c2000000, 0x00000000c2000000, 0x00000000c3000000|  0%| F|  |TAMS 0x00000000c2000000, 0x00000000c2000000| Untracked 
|  65|0x00000000c3000000, 0x00000000c3000000, 0x00000000c4000000|  0%| F|  |TAMS 0x00000000c3000000, 0x00000000c3000000| Untracked 
|  66|0x00000000c4000000, 0x00000000c4000000, 0x00000000c5000000|  0%| F|  |TAMS 0x00000000c4000000, 0x00000000c4000000| Untracked 
|  67|0x00000000c5000000, 0x00000000c5000000, 0x00000000c6000000|  0%| F|  |TAMS 0x00000000c5000000, 0x00000000c5000000| Untracked 
|  68|0x00000000c6000000, 0x00000000c6000000, 0x00000000c7000000|  0%| F|  |TAMS 0x00000000c6000000, 0x00000000c6000000| Untracked 
|  69|0x00000000c7000000, 0x00000000c7000000, 0x00000000c8000000|  0%| F|  |TAMS 0x00000000c7000000, 0x00000000c7000000| Untracked 
|  70|0x00000000c8000000, 0x00000000c8000000, 0x00000000c9000000|  0%| F|  |TAMS 0x00000000c8000000, 0x00000000c8000000| Untracked 
|  71|0x00000000c9000000, 0x00000000c9000000, 0x00000000ca000000|  0%| F|  |TAMS 0x00000000c9000000, 0x00000000c9000000| Untracked 
|  72|0x00000000ca000000, 0x00000000ca000000, 0x00000000cb000000|  0%| F|  |TAMS 0x00000000ca000000, 0x00000000ca000000| Untracked 
|  73|0x00000000cb000000, 0x00000000cb000000, 0x00000000cc000000|  0%| F|  |TAMS 0x00000000cb000000, 0x00000000cb000000| Untracked 
|  74|0x00000000cc000000, 0x00000000cc000000, 0x00000000cd000000|  0%| F|  |TAMS 0x00000000cc000000, 0x00000000cc000000| Untracked 
|  75|0x00000000cd000000, 0x00000000cd000000, 0x00000000ce000000|  0%| F|  |TAMS 0x00000000cd000000, 0x00000000cd000000| Untracked 
|  76|0x00000000ce000000, 0x00000000ce000000, 0x00000000cf000000|  0%| F|  |TAMS 0x00000000ce000000, 0x00000000ce000000| Untracked 
|  77|0x00000000cf000000, 0x00000000cf000000, 0x00000000d0000000|  0%| F|  |TAMS 0x00000000cf000000, 0x00000000cf000000| Untracked 
|  78|0x00000000d0000000, 0x00000000d0000000, 0x00000000d1000000|  0%| F|  |TAMS 0x00000000d0000000, 0x00000000d0000000| Untracked 
|  79|0x00000000d1000000, 0x00000000d1000000, 0x00000000d2000000|  0%| F|  |TAMS 0x00000000d1000000, 0x00000000d1000000| Untracked 
|  80|0x00000000d2000000, 0x00000000d2000000, 0x00000000d3000000|  0%| F|  |TAMS 0x00000000d2000000, 0x00000000d2000000| Untracked 
|  81|0x00000000d3000000, 0x00000000d3000000, 0x00000000d4000000|  0%| F|  |TAMS 0x00000000d3000000, 0x00000000d3000000| Untracked 
|  82|0x00000000d4000000, 0x00000000d4000000, 0x00000000d5000000|  0%| F|  |TAMS 0x00000000d4000000, 0x00000000d4000000| Untracked 
|  83|0x00000000d5000000, 0x00000000d5000000, 0x00000000d6000000|  0%| F|  |TAMS 0x00000000d5000000, 0x00000000d5000000| Untracked 
|  84|0x00000000d6000000, 0x00000000d6000000, 0x00000000d7000000|  0%| F|  |TAMS 0x00000000d6000000, 0x00000000d6000000| Untracked 
|  85|0x00000000d7000000, 0x00000000d7000000, 0x00000000d8000000|  0%| F|  |TAMS 0x00000000d7000000, 0x00000000d7000000| Untracked 
|  86|0x00000000d8000000, 0x00000000d8000000, 0x00000000d9000000|  0%| F|  |TAMS 0x00000000d8000000, 0x00000000d8000000| Untracked 
|  87|0x00000000d9000000, 0x00000000d9000000, 0x00000000da000000|  0%| F|  |TAMS 0x00000000d9000000, 0x00000000d9000000| Untracked 
|  88|0x00000000da000000, 0x00000000da000000, 0x00000000db000000|  0%| F|  |TAMS 0x00000000da000000, 0x00000000da000000| Untracked 
|  89|0x00000000db000000, 0x00000000db000000, 0x00000000dc000000|  0%| F|  |TAMS 0x00000000db000000, 0x00000000db000000| Untracked 
|  90|0x00000000dc000000, 0x00000000dc000000, 0x00000000dd000000|  0%| F|  |TAMS 0x00000000dc000000, 0x00000000dc000000| Untracked 
|  91|0x00000000dd000000, 0x00000000dd000000, 0x00000000de000000|  0%| F|  |TAMS 0x00000000dd000000, 0x00000000dd000000| Untracked 
|  92|0x00000000de000000, 0x00000000de000000, 0x00000000df000000|  0%| F|  |TAMS 0x00000000de000000, 0x00000000de000000| Untracked 
|  93|0x00000000df000000, 0x00000000df000000, 0x00000000e0000000|  0%| F|  |TAMS 0x00000000df000000, 0x00000000df000000| Untracked 
|  94|0x00000000e0000000, 0x00000000e0000000, 0x00000000e1000000|  0%| F|  |TAMS 0x00000000e0000000, 0x00000000e0000000| Untracked 
|  95|0x00000000e1000000, 0x00000000e1000000, 0x00000000e2000000|  0%| F|  |TAMS 0x00000000e1000000, 0x00000000e1000000| Untracked 
|  96|0x00000000e2000000, 0x00000000e2000000, 0x00000000e3000000|  0%| F|  |TAMS 0x00000000e2000000, 0x00000000e2000000| Untracked 
|  97|0x00000000e3000000, 0x00000000e3000000, 0x00000000e4000000|  0%| F|  |TAMS 0x00000000e3000000, 0x00000000e3000000| Untracked 
|  98|0x00000000e4000000, 0x00000000e4000000, 0x00000000e5000000|  0%| F|  |TAMS 0x00000000e4000000, 0x00000000e4000000| Untracked 
|  99|0x00000000e5000000, 0x00000000e5000000, 0x00000000e6000000|  0%| F|  |TAMS 0x00000000e5000000, 0x00000000e5000000| Untracked 
| 100|0x00000000e6000000, 0x00000000e6000000, 0x00000000e7000000|  0%| F|  |TAMS 0x00000000e6000000, 0x00000000e6000000| Untracked 
| 101|0x00000000e7000000, 0x00000000e7000000, 0x00000000e8000000|  0%| F|  |TAMS 0x00000000e7000000, 0x00000000e7000000| Untracked 
| 102|0x00000000e8000000, 0x00000000e8000000, 0x00000000e9000000|  0%| F|  |TAMS 0x00000000e8000000, 0x00000000e8000000| Untracked 
| 103|0x00000000e9000000, 0x00000000e9000000, 0x00000000ea000000|  0%| F|  |TAMS 0x00000000e9000000, 0x00000000e9000000| Untracked 
| 104|0x00000000ea000000, 0x00000000ea000000, 0x00000000eb000000|  0%| F|  |TAMS 0x00000000ea000000, 0x00000000ea000000| Untracked 
| 105|0x00000000eb000000, 0x00000000eb000000, 0x00000000ec000000|  0%| F|  |TAMS 0x00000000eb000000, 0x00000000eb000000| Untracked 
| 106|0x00000000ec000000, 0x00000000ec000000, 0x00000000ed000000|  0%| F|  |TAMS 0x00000000ec000000, 0x00000000ec000000| Untracked 
| 107|0x00000000ed000000, 0x00000000ed000000, 0x00000000ee000000|  0%| F|  |TAMS 0x00000000ed000000, 0x00000000ed000000| Untracked 
| 108|0x00000000ee000000, 0x00000000ee000000, 0x00000000ef000000|  0%| F|  |TAMS 0x00000000ee000000, 0x00000000ee000000| Untracked 
| 109|0x00000000ef000000, 0x00000000ef000000, 0x00000000f0000000|  0%| F|  |TAMS 0x00000000ef000000, 0x00000000ef000000| Untracked 
| 110|0x00000000f0000000, 0x00000000f0000000, 0x00000000f1000000|  0%| F|  |TAMS 0x00000000f0000000, 0x00000000f0000000| Untracked 
| 111|0x00000000f1000000, 0x00000000f1000000, 0x00000000f2000000|  0%| F|  |TAMS 0x00000000f1000000, 0x00000000f1000000| Untracked 
| 112|0x00000000f2000000, 0x00000000f2000000, 0x00000000f3000000|  0%| F|  |TAMS 0x00000000f2000000, 0x00000000f2000000| Untracked 
| 113|0x00000000f3000000, 0x00000000f3000000, 0x00000000f4000000|  0%| F|  |TAMS 0x00000000f3000000, 0x00000000f3000000| Untracked 
| 114|0x00000000f4000000, 0x00000000f4000000, 0x00000000f5000000|  0%| F|  |TAMS 0x00000000f4000000, 0x00000000f4000000| Untracked 
| 115|0x00000000f5000000, 0x00000000f5290e08, 0x00000000f6000000| 16%| S|CS|TAMS 0x00000000f5000000, 0x00000000f5000000| Complete 
| 116|0x00000000f6000000, 0x00000000f6000000, 0x00000000f7000000|  0%| F|  |TAMS 0x00000000f6000000, 0x00000000f6000000| Untracked 
| 117|0x00000000f7000000, 0x00000000f7000000, 0x00000000f8000000|  0%| F|  |TAMS 0x00000000f7000000, 0x00000000f7000000| Untracked 
| 118|0x00000000f8000000, 0x00000000f8000000, 0x00000000f9000000|  0%| F|  |TAMS 0x00000000f8000000, 0x00000000f8000000| Untracked 
| 119|0x00000000f9000000, 0x00000000f981bca8, 0x00000000fa000000| 50%| E|  |TAMS 0x00000000f9000000, 0x00000000f9000000| Complete 
| 120|0x00000000fa000000, 0x00000000fb000000, 0x00000000fb000000|100%| E|CS|TAMS 0x00000000fa000000, 0x00000000fa000000| Complete 
| 121|0x00000000fb000000, 0x00000000fc000000, 0x00000000fc000000|100%| E|CS|TAMS 0x00000000fb000000, 0x00000000fb000000| Complete 
|1916|0x00000007fe000000, 0x00000007fef75000, 0x00000007ff000000| 96%|OA|  |TAMS 0x00000007fe000000, 0x00000007fe000000| Untracked 
|1917|0x00000007ff000000, 0x00000007ff078000, 0x0000000800000000|  2%|CA|  |TAMS 0x00000007ff000000, 0x00000007ff000000| Untracked 

Card table byte_map: [0x000076897d930000,0x0000768981520000] _byte_map_base: 0x000076897d520000

Marking Bits (Prev, Next): (CMBitMap*) 0x000076899c060f50, (CMBitMap*) 0x000076899c060f90
 Prev Bits: [0x000076895bdc0000, 0x0000768979d40000)
 Next Bits: [0x000076893de40000, 0x000076895bdc0000)

Polling page: 0x00007689a2de7000

Metaspace:

Usage:
  Non-class:      4.36 MB used.
      Class:    405.25 KB used.
       Both:      4.75 MB used.

Virtual space:
  Non-class space:       64.00 MB reserved,       4.44 MB (  7%) committed,  1 nodes.
      Class space:        1.00 GB reserved,     512.00 KB ( <1%) committed,  1 nodes.
             Both:        1.06 GB reserved,       4.94 MB ( <1%) committed. 

Chunk freelists:
   Non-Class:  9.17 MB
       Class:  15.47 MB
        Both:  24.64 MB

MaxMetaspaceSize: unlimited
CompressedClassSpaceSize: 1.00 GB
Initial GC threshold: 21.00 MB
Current GC threshold: 21.00 MB
CDS: on
MetaspaceReclaimPolicy: balanced
 - commit_granule_bytes: 65536.
 - commit_granule_words: 8192.
 - virtual_space_node_default_size: 8388608.
 - enlarge_chunks_in_place: 1.
 - new_chunks_are_fully_committed: 0.
 - uncommit_free_chunks: 1.
 - use_allocation_guard: 0.
 - handle_deallocations: 1.


Internal statistics:

num_allocs_failed_limit: 0.
num_arena_births: 52.
num_arena_deaths: 0.
num_vsnodes_births: 2.
num_vsnodes_deaths: 0.
num_space_committed: 79.
num_space_uncommitted: 0.
num_chunks_returned_to_freelist: 0.
num_chunks_taken_from_freelist: 182.
num_chunk_merges: 0.
num_chunk_splits: 137.
num_chunks_enlarged: 110.
num_inconsistent_stats: 0.

CodeHeap 'non-profiled nmethods': size=119168Kb used=279Kb max_used=279Kb free=118888Kb
 bounds [0x000076898cda0000, 0x000076898d010000, 0x0000768994200000]
CodeHeap 'profiled nmethods': size=119164Kb used=1585Kb max_used=1585Kb free=117578Kb
 bounds [0x0000768985200000, 0x0000768985470000, 0x000076898c65f000]
CodeHeap 'non-nmethods': size=7428Kb used=2330Kb max_used=2354Kb free=5097Kb
 bounds [0x000076898c65f000, 0x000076898c8cf000, 0x000076898cda0000]
 total_blobs=1403 nmethods=893 adapters=422
 compilation: enabled
              stopped_count=0, restarted_count=0
 full_count=0

Compilation events (20 events):
Event: 0.222 Thread 0x00007688c01557e0  878       3       com.github.grishberg.cad3d.keyboard.Utils::hull (26 bytes)
Event: 0.222 Thread 0x00007688c01557e0 nmethod 878 0x000076898538a090 code [0x000076898538a320, 0x000076898538aec0]
Event: 0.222 Thread 0x0000768890090b20 nmethod 862 0x000076898cddd010 code [0x000076898cddd1c0, 0x000076898cddd7d8]
Event: 0.222 Thread 0x0000768890090b20  864       4       java.util.HashMap$KeySet::iterator (12 bytes)
Event: 0.223 Thread 0x00007688bc143690 nmethod 861 0x000076898cdddb10 code [0x000076898cdddd20, 0x000076898cdde548]
Event: 0.223 Thread 0x00007688bc143690  881       4       java.lang.StringLatin1::replace (198 bytes)
Event: 0.224 Thread 0x00007688bc0fe150  882       1       jdk.internal.loader.Resource::getManifest (2 bytes)
Event: 0.224 Thread 0x00007688bc0fe150 nmethod 882 0x000076898cddee90 code [0x000076898cddf020, 0x000076898cddf0f0]
Event: 0.224 Thread 0x00007688bc0fe150  884       1       jdk.internal.loader.Resource::getCodeSigners (2 bytes)
Event: 0.224 Thread 0x00007688bc0fe150 nmethod 884 0x000076898cddf190 code [0x000076898cddf320, 0x000076898cddf3f0]
Event: 0.224 Thread 0x0000768890090b20 nmethod 864 0x000076898cddf490 code [0x000076898cddf620, 0x000076898cddf8f8]
Event: 0.224 Thread 0x0000768890090b20  863       4       eu.printingin3d.javascad.models.Abstract3dModel::cloneModel (85 bytes)
Event: 0.227 Thread 0x00007688bc0fe150  886       3       java.util.Arrays$ArrayList::<init> (16 bytes)
Event: 0.227 Thread 0x00007688c01557e0  885       3       java.util.Arrays::asList (9 bytes)
Event: 0.227 Thread 0x00007688bc0fe150 nmethod 886 0x000076898538b310 code [0x000076898538b4e0, 0x000076898538b8c0]
Event: 0.227 Thread 0x00007688c01557e0 nmethod 885 0x000076898538ba10 code [0x000076898538bbe0, 0x000076898538c060]
Event: 0.229 Thread 0x00007688bc143690 nmethod 881 0x000076898cddff10 code [0x000076898cde00c0, 0x000076898cde0618]
Event: 0.229 Thread 0x00007688bc143690  865       4       java.util.HashMap::putAll (7 bytes)
Event: 0.229 Thread 0x00007688c01557e0  888       3       com.cadoodlecad.manifold.ManifoldBindings::union (13 bytes)
Event: 0.229 Thread 0x00007688c01557e0 nmethod 888 0x000076898538c210 code [0x000076898538c3c0, 0x000076898538c530]

GC Heap History (2 events):
Event: 0.205 GC heap before
{Heap before GC invocations=0 (full 0):
 garbage-first heap   total 2031616K, used 114612K [0x0000000082000000, 0x0000000800000000)
  region size 16384K, 6 young (98304K), 0 survivors (0K)
 Metaspace       used 4771K, committed 4992K, reserved 1114112K
  class space    used 390K, committed 512K, reserved 1048576K
}
Event: 0.207 GC heap after
{Heap after GC invocations=1 (full 0):
 garbage-first heap   total 2031616K, used 18935K [0x0000000082000000, 0x0000000800000000)
  region size 16384K, 1 young (16384K), 1 survivors (16384K)
 Metaspace       used 4771K, committed 4992K, reserved 1114112K
  class space    used 390K, committed 512K, reserved 1048576K
}

Dll operation events (9 events):
Event: 0.001 Loaded shared library /home/grishberg/.gradle/jdks/eclipse_adoptium-17-amd64-linux/jdk-17.0.19+10/lib/libjava.so
Event: 0.014 Loaded shared library /home/grishberg/.gradle/jdks/eclipse_adoptium-17-amd64-linux/jdk-17.0.19+10/lib/libjsvml.so
Event: 0.022 Loaded shared library /home/grishberg/.gradle/jdks/eclipse_adoptium-17-amd64-linux/jdk-17.0.19+10/lib/libnio.so
Event: 0.023 Loaded shared library /home/grishberg/.gradle/jdks/eclipse_adoptium-17-amd64-linux/jdk-17.0.19+10/lib/libzip.so
Event: 0.125 Loaded shared library /home/grishberg/.gradle/jdks/eclipse_adoptium-17-amd64-linux/jdk-17.0.19+10/lib/libjimage.so
Event: 0.128 Loaded shared library /home/grishberg/.gradle/jdks/eclipse_adoptium-17-amd64-linux/jdk-17.0.19+10/lib/libnet.so
Event: 0.151 Loaded shared library /tmp/manifold3d18288409632946519987/libmanifold.so.3
Event: 0.152 Loaded shared library /tmp/manifold3d18288409632946519987/libmanifoldc.so.3
Event: 0.153 Loaded shared library /tmp/manifold3d18288409632946519987/libmanifold_jni.so

Deoptimization events (20 events):
Event: 0.110 Thread 0x00007688a8039cd0 DEOPT PACKING pc=0x000076898cdae5f4 sp=0x000076892d4fbb10
Event: 0.110 Thread 0x00007688a8039cd0 DEOPT UNPACKING pc=0x000076898c6b5699 sp=0x000076892d4fba98 mode 2
Event: 0.118 Thread 0x00007688a8039cd0 Uncommon trap: trap_request=0xffffff45 fr.pc=0x000076898cdbefb8 relative=0x0000000000000218
Event: 0.118 Thread 0x00007688a8039cd0 Uncommon trap: reason=unstable_if action=reinterpret pc=0x000076898cdbefb8 method=java.lang.String.startsWith(Ljava/lang/String;I)Z @ 14 c2
Event: 0.118 Thread 0x00007688a8039cd0 DEOPT PACKING pc=0x000076898cdbefb8 sp=0x000076892d4fc8f0
Event: 0.118 Thread 0x00007688a8039cd0 DEOPT UNPACKING pc=0x000076898c6b5699 sp=0x000076892d4fc818 mode 2
Event: 0.121 Thread 0x00007688a8039cd0 Uncommon trap: trap_request=0xffffff45 fr.pc=0x000076898cdac6e0 relative=0x00000000000003c0
Event: 0.121 Thread 0x00007688a8039cd0 Uncommon trap: reason=unstable_if action=reinterpret pc=0x000076898cdac6e0 method=java.lang.StringLatin1.indexOf([BI[BII)I @ 91 c2
Event: 0.121 Thread 0x00007688a8039cd0 DEOPT PACKING pc=0x000076898cdac6e0 sp=0x000076892d4fced0
Event: 0.121 Thread 0x00007688a8039cd0 DEOPT UNPACKING pc=0x000076898c6b5699 sp=0x000076892d4fce50 mode 2
Event: 0.122 Thread 0x00007688a8061980 DEOPT PACKING pc=0x000076898531563c sp=0x000076892d2fc300
Event: 0.122 Thread 0x00007688a8061980 DEOPT UNPACKING pc=0x000076898c6b5e2f sp=0x000076892d2fb770 mode 0
Event: 0.136 Thread 0x00007688a806eb10 DEOPT PACKING pc=0x000076898531563c sp=0x000076892d5fc070
Event: 0.136 Thread 0x00007688a806eb10 DEOPT UNPACKING pc=0x000076898c6b5e2f sp=0x000076892d5fb4e0 mode 0
Event: 0.149 Thread 0x00007688a806eb10 DEOPT PACKING pc=0x000076898531563c sp=0x000076892d5fc4f0
Event: 0.149 Thread 0x00007688a806eb10 DEOPT UNPACKING pc=0x000076898c6b5e2f sp=0x000076892d5fb960 mode 0
Event: 0.166 Thread 0x000076899c43cfd0 DEOPT PACKING pc=0x000076898531563c sp=0x000076892d6fc3e0
Event: 0.166 Thread 0x000076899c43cfd0 DEOPT UNPACKING pc=0x000076898c6b5e2f sp=0x000076892d6fb850 mode 0
Event: 0.213 Thread 0x00007688a806eb10 DEOPT PACKING pc=0x000076898531563c sp=0x000076892d5fc0d0
Event: 0.213 Thread 0x00007688a806eb10 DEOPT UNPACKING pc=0x000076898c6b5e2f sp=0x000076892d5fb540 mode 0

Classes loaded (20 events):
Event: 0.129 Loading class sun/nio/ch/FileChannelImpl$Closer
Event: 0.129 Loading class sun/nio/ch/FileChannelImpl$Closer done
Event: 0.129 Loading class java/nio/channels/Channels
Event: 0.129 Loading class java/nio/channels/Channels done
Event: 0.129 Loading class java/nio/channels/Channels$1
Event: 0.129 Loading class java/nio/channels/Channels$1 done
Event: 0.129 Loading class java/nio/channels/SelectableChannel
Event: 0.129 Loading class java/nio/channels/SelectableChannel done
Event: 0.129 Loading class sun/nio/ch/NativeThread
Event: 0.129 Loading class sun/nio/ch/NativeThread done
Event: 0.129 Loading class sun/nio/ch/Util
Event: 0.129 Loading class sun/nio/ch/Util done
Event: 0.129 Loading class sun/nio/ch/Util$1
Event: 0.129 Loading class sun/nio/ch/Util$1 done
Event: 0.129 Loading class sun/nio/ch/Util$BufferCache
Event: 0.129 Loading class sun/nio/ch/Util$BufferCache done
Event: 0.129 Loading class java/nio/DirectByteBuffer$Deallocator
Event: 0.129 Loading class java/nio/DirectByteBuffer$Deallocator done
Event: 0.129 Loading class sun/nio/ch/IOStatus
Event: 0.129 Loading class sun/nio/ch/IOStatus done

Classes unloaded (0 events):
No events

Classes redefined (0 events):
No events

Internal exceptions (4 events):
Event: 0.128 Thread 0x00007688a8039cd0 Exception <a 'sun/nio/fs/UnixException'{0x00000000fa0db8a0}> (0x00000000fa0db8a0) 
thrown [src/hotspot/share/prims/jni.cpp, line 516]
Event: 0.152 Thread 0x00007688a8039cd0 Exception <a 'sun/nio/fs/UnixException'{0x00000000fa0e5598}> (0x00000000fa0e5598) 
thrown [src/hotspot/share/prims/jni.cpp, line 516]
Event: 0.153 Thread 0x00007688a8039cd0 Exception <a 'sun/nio/fs/UnixException'{0x00000000fa0f7c98}> (0x00000000fa0f7c98) 
thrown [src/hotspot/share/prims/jni.cpp, line 516]
Event: 0.209 Thread 0x00007688a8061980 Exception <a 'java/lang/NoSuchMethodError'{0x00000000fb36eaa8}: 'java.lang.Object java.lang.invoke.DirectMethodHandle$Holder.newInvokeSpecial(java.lang.Object, java.lang.Object, java.lang.Object, java.lang.Object, java.lang.Object, java.lang.Object)'> (0x00000000fb36eaa8) 
thrown [src/hotspot/share/interpreter/linkResolver.cpp, line 758]

VM Operations (4 events):
Event: 0.127 Executing VM operation: HandshakeAllThreads
Event: 0.127 Executing VM operation: HandshakeAllThreads done
Event: 0.204 Executing VM operation: G1CollectForAllocation
Event: 0.207 Executing VM operation: G1CollectForAllocation done

Memory protections (20 events):
Event: 0.016 Protecting memory [0x000076893c7db000,0x000076893c7df000] with protection modes 0
Event: 0.017 Protecting memory [0x000076893c100000,0x000076893c104000] with protection modes 0
Event: 0.017 Protecting memory [0x000076893c000000,0x000076893c004000] with protection modes 0
Event: 0.017 Protecting memory [0x000076892df00000,0x000076892df04000] with protection modes 0
Event: 0.017 Protecting memory [0x000076892de00000,0x000076892de04000] with protection modes 0
Event: 0.017 Protecting memory [0x000076892dd00000,0x000076892dd04000] with protection modes 0
Event: 0.017 Protecting memory [0x000076892dc00000,0x000076892dc04000] with protection modes 0
Event: 0.019 Protecting memory [0x000076892db00000,0x000076892db04000] with protection modes 0
Event: 0.020 Protecting memory [0x000076892d8ff000,0x000076892d903000] with protection modes 0
Event: 0.055 Protecting memory [0x000076892d7ff000,0x000076892d803000] with protection modes 0
Event: 0.097 Protecting memory [0x000076892d6ff000,0x000076892d703000] with protection modes 0
Event: 0.097 Protecting memory [0x000076892d5ff000,0x000076892d603000] with protection modes 0
Event: 0.104 Protecting memory [0x000076892d4ff000,0x000076892d503000] with protection modes 0
Event: 0.105 Protecting memory [0x000076892d3ff000,0x000076892d403000] with protection modes 0
Event: 0.105 Protecting memory [0x000076892d2ff000,0x000076892d303000] with protection modes 0
Event: 0.105 Protecting memory [0x000076892d1ff000,0x000076892d203000] with protection modes 0
Event: 0.106 Protecting memory [0x000076892d0ff000,0x000076892d103000] with protection modes 0
Event: 0.117 Protecting memory [0x000076892cfff000,0x000076892d003000] with protection modes 0
Event: 0.209 Protecting memory [0x000076886f0f8000,0x000076886f0fc000] with protection modes 0
Event: 0.217 Protecting memory [0x000076886eff8000,0x000076886effc000] with protection modes 0

Nmethod flushes (0 events):
No events

Events (20 events):
Event: 0.016 Thread 0x000076899c02a990 Thread added: 0x000076899c1ea930
Event: 0.017 Thread 0x000076899c02a990 Thread added: 0x000076899c1efef0
Event: 0.017 Thread 0x000076899c02a990 Thread added: 0x000076899c1f12d0
Event: 0.017 Thread 0x000076899c02a990 Thread added: 0x000076899c1f2710
Event: 0.017 Thread 0x000076899c02a990 Thread added: 0x000076899c1f4170
Event: 0.017 Thread 0x000076899c02a990 Thread added: 0x000076899c1f56d0
Event: 0.017 Thread 0x000076899c02a990 Thread added: 0x000076899c1f6b70
Event: 0.019 Thread 0x000076899c02a990 Thread added: 0x000076899c1fe8c0
Event: 0.020 Thread 0x000076899c02a990 Thread added: 0x000076899c2020b0
Event: 0.055 Thread 0x000076899c1f4170 Thread added: 0x00007688bc0fe150
Event: 0.097 Thread 0x000076899c02a990 Thread added: 0x000076899c43be70
Event: 0.097 Thread 0x000076899c02a990 Thread added: 0x000076899c43cfd0
Event: 0.104 Thread 0x000076899c43be70 Thread added: 0x00007688a806eb10
Event: 0.105 Thread 0x000076899c43be70 Thread added: 0x00007688a8039cd0
Event: 0.105 Thread 0x000076899c43be70 Thread added: 0x00007688a805e880
Event: 0.105 Thread 0x000076899c43be70 Thread added: 0x00007688a8061980
Event: 0.106 Thread 0x000076899c1f4170 Thread added: 0x00007688bc143690
Event: 0.117 Thread 0x000076899c1f56d0 Thread added: 0x00007688c01557e0
Event: 0.209 Thread 0x00007688a8061980 Thread added: 0x000076888c067890
Event: 0.217 Thread 0x00007688bc143690 Thread added: 0x0000768890090b20


Dynamic libraries:
82000000-fc000000 rw-p 00000000 00:00 0 
fc000000-7fe000000 ---p 00000000 00:00 0 
7fe000000-7fef00000 rw-p 00000000 00:00 0 
7fef00000-7fef75000 rw-p 00c7a000 103:01 75498865                        /home/grishberg/.gradle/jdks/eclipse_adoptium-17-amd64-linux/jdk-17.0.19+10/lib/server/classes.jsa
7fef75000-7ff000000 rw-p 00000000 00:00 0 
7ff000000-7ff078000 rw-p 00c02000 103:01 75498865                        /home/grishberg/.gradle/jdks/eclipse_adoptium-17-amd64-linux/jdk-17.0.19+10/lib/server/classes.jsa
7ff078000-800000000 rw-p 00000000 00:00 0 
598c9ddb6000-598c9ddb7000 r--p 00000000 103:01 75498845                  /home/grishberg/.gradle/jdks/eclipse_adoptium-17-amd64-linux/jdk-17.0.19+10/bin/java
598c9ddb7000-598c9ddb8000 r-xp 00001000 103:01 75498845                  /home/grishberg/.gradle/jdks/eclipse_adoptium-17-amd64-linux/jdk-17.0.19+10/bin/java
598c9ddb8000-598c9ddb9000 r--p 00002000 103:01 75498845                  /home/grishberg/.gradle/jdks/eclipse_adoptium-17-amd64-linux/jdk-17.0.19+10/bin/java
598c9ddb9000-598c9ddba000 r--p 00002000 103:01 75498845                  /home/grishberg/.gradle/jdks/eclipse_adoptium-17-amd64-linux/jdk-17.0.19+10/bin/java
598c9ddba000-598c9ddbb000 rw-p 00003000 103:01 75498845                  /home/grishberg/.gradle/jdks/eclipse_adoptium-17-amd64-linux/jdk-17.0.19+10/bin/java
598ca6cfc000-598ca6d41000 rw-p 00000000 00:00 0                          [heap]
76880c000000-76880c9d2000 rw-p 00000000 00:00 0 
76880c9d2000-768810000000 ---p 00000000 00:00 0 
768810000000-768810291000 rw-p 00000000 00:00 0 
768810291000-768814000000 ---p 00000000 00:00 0 
768814000000-768814021000 rw-p 00000000 00:00 0 
768814021000-768818000000 ---p 00000000 00:00 0 
768818000000-768818021000 rw-p 00000000 00:00 0 
768818021000-76881c000000 ---p 00000000 00:00 0 
76881c000000-76881c021000 rw-p 00000000 00:00 0 
76881c021000-768820000000 ---p 00000000 00:00 0 
768820000000-768820021000 rw-p 00000000 00:00 0 
768820021000-768824000000 ---p 00000000 00:00 0 
768824000000-768824021000 rw-p 00000000 00:00 0 
768824021000-768828000000 ---p 00000000 00:00 0 
768828000000-768828021000 rw-p 00000000 00:00 0 
768828021000-76882c000000 ---p 00000000 00:00 0 
76882c000000-76882c021000 rw-p 00000000 00:00 0 
76882c021000-768830000000 ---p 00000000 00:00 0 
768830000000-768830021000 rw-p 00000000 00:00 0 
768830021000-768834000000 ---p 00000000 00:00 0 
768834000000-768834021000 rw-p 00000000 00:00 0 
768834021000-768838000000 ---p 00000000 00:00 0 
768838000000-768838021000 rw-p 00000000 00:00 0 
768838021000-76883c000000 ---p 00000000 00:00 0 
76883c000000-76883c021000 rw-p 00000000 00:00 0 
76883c021000-768840000000 ---p 00000000 00:00 0 
768840000000-768840021000 rw-p 00000000 00:00 0 
768840021000-768844000000 ---p 00000000 00:00 0 
768844000000-768844021000 rw-p 00000000 00:00 0 
768844021000-768848000000 ---p 00000000 00:00 0 
768848000000-768848021000 rw-p 00000000 00:00 0 
768848021000-76884c000000 ---p 00000000 00:00 0 
76884c000000-76884c021000 rw-p 00000000 00:00 0 
76884c021000-768850000000 ---p 00000000 00:00 0 
768854000000-768854021000 rw-p 00000000 00:00 0 
768854021000-768858000000 ---p 00000000 00:00 0 
768858000000-768858021000 rw-p 00000000 00:00 0 
768858021000-76885c000000 ---p 00000000 00:00 0 
76885c000000-76885c021000 rw-p 00000000 00:00 0 
76885c021000-768860000000 ---p 00000000 00:00 0 
768860000000-768860021000 rw-p 00000000 00:00 0 
768860021000-768864000000 ---p 00000000 00:00 0 
768864000000-768864021000 rw-p 00000000 00:00 0 
768864021000-768868000000 ---p 00000000 00:00 0 
768868000000-768868021000 rw-p 00000000 00:00 0 
768868021000-76886c000000 ---p 00000000 00:00 0 
76886ec10000-76886eff8000 rw-p 00000000 00:00 0 
76886eff8000-76886effc000 ---p 00000000 00:00 0 
76886effc000-76886f0f8000 rw-p 00000000 00:00 0 
76886f0f8000-76886f0fc000 ---p 00000000 00:00 0 
76886f0fc000-76886f1f8000 rw-p 00000000 00:00 0 
76886f1f8000-76886f1f9000 ---p 00000000 00:00 0 
76886f1f9000-76886f2f9000 rw-p 00000000 00:00 0 
76886f2f9000-76886f2fa000 ---p 00000000 00:00 0 
76886f2fa000-76886f3fa000 rw-p 00000000 00:00 0 
76886f3fa000-76886f3fb000 ---p 00000000 00:00 0 
76886f3fb000-76886f4fb000 rw-p 00000000 00:00 0 
76886f4fb000-76886f4fc000 ---p 00000000 00:00 0 
76886f4fc000-76886f5fc000 rw-p 00000000 00:00 0 
76886f5fc000-76886f5fd000 ---p 00000000 00:00 0 
76886f5fd000-76886f6fd000 rw-p 00000000 00:00 0 
76886f6fd000-76886f6fe000 ---p 00000000 00:00 0 
76886f6fe000-76886f7fe000 rw-p 00000000 00:00 0 
76886f7fe000-76886f7ff000 ---p 00000000 00:00 0 
76886f7ff000-76886fbff000 rw-p 00000000 00:00 0 
76886fbff000-76886fc00000 ---p 00000000 00:00 0 
76886fc00000-768870000000 rw-p 00000000 00:00 0 
768870000000-768870021000 rw-p 00000000 00:00 0 
768870021000-768874000000 ---p 00000000 00:00 0 
768874000000-768874021000 rw-p 00000000 00:00 0 
768874021000-768878000000 ---p 00000000 00:00 0 
768878000000-768878021000 rw-p 00000000 00:00 0 
768878021000-76887c000000 ---p 00000000 00:00 0 
76887c000000-76887c021000 rw-p 00000000 00:00 0 
76887c021000-768880000000 ---p 00000000 00:00 0 
768880000000-768880021000 rw-p 00000000 00:00 0 
768880021000-768884000000 ---p 00000000 00:00 0 
768884000000-7688840b6000 rw-p 00000000 00:00 0 
7688840b6000-768888000000 ---p 00000000 00:00 0 
768888000000-768888076000 rw-p 00000000 00:00 0 
768888076000-76888c000000 ---p 00000000 00:00 0 
76888c000000-76888c1a6000 rw-p 00000000 00:00 0 
76888c1a6000-768890000000 ---p 00000000 00:00 0 
768890000000-7688904d3000 rw-p 00000000 00:00 0 
7688904d3000-768894000000 ---p 00000000 00:00 0 
768894000000-768894105000 rw-p 00000000 00:00 0 
768894105000-768898000000 ---p 00000000 00:00 0 
768898000000-768898031000 rw-p 00000000 00:00 0 
768898031000-76889c000000 ---p 00000000 00:00 0 
76889c000000-76889c5e7000 rw-p 00000000 00:00 0 
76889c5e7000-7688a0000000 ---p 00000000 00:00 0 
7688a0000000-7688a0150000 rw-p 00000000 00:00 0 
7688a0150000-7688a4000000 ---p 00000000 00:00 0 
7688a4000000-7688a41ae000 rw-p 00000000 00:00 0 
7688a41ae000-7688a8000000 ---p 00000000 00:00 0 
7688a8000000-7688a8071000 rw-p 00000000 00:00 0 
7688a8071000-7688ac000000 ---p 00000000 00:00 0 
7688ac000000-7688ac021000 rw-p 00000000 00:00 0 
7688ac021000-7688b0000000 ---p 00000000 00:00 0 
7688b0000000-7688b0021000 rw-p 00000000 00:00 0 
7688b0021000-7688b4000000 ---p 00000000 00:00 0 
7688b4000000-7688b4021000 rw-p 00000000 00:00 0 
7688b4021000-7688b8000000 ---p 00000000 00:00 0 
7688b8000000-7688b8021000 rw-p 00000000 00:00 0 
7688b8021000-7688bc000000 ---p 00000000 00:00 0 
7688bc000000-7688bc8c8000 rw-p 00000000 00:00 0 
7688bc8c8000-7688c0000000 ---p 00000000 00:00 0 
7688c0000000-7688c02d9000 rw-p 00000000 00:00 0 
7688c02d9000-7688c4000000 ---p 00000000 00:00 0 
7688c4000000-7688c4021000 rw-p 00000000 00:00 0 
7688c4021000-7688c8000000 ---p 00000000 00:00 0 
7688c8000000-7688c8021000 rw-p 00000000 00:00 0 
7688c8021000-7688cc000000 ---p 00000000 00:00 0 
7688cc000000-7688cc021000 rw-p 00000000 00:00 0 
7688cc021000-7688d0000000 ---p 00000000 00:00 0 
7688d0000000-7688d0021000 rw-p 00000000 00:00 0 
7688d0021000-7688d4000000 ---p 00000000 00:00 0 
7688d4000000-7688d4021000 rw-p 00000000 00:00 0 
7688d4021000-7688d8000000 ---p 00000000 00:00 0 
7688d80f2000-7688d80f3000 ---p 00000000 00:00 0 
7688d80f3000-7688d81f3000 rw-p 00000000 00:00 0 
7688d81f3000-7688d81f4000 ---p 00000000 00:00 0 
7688d81f4000-7688d82f4000 rw-p 00000000 00:00 0 
7688d82f4000-7688d82f5000 ---p 00000000 00:00 0 
7688d82f5000-7688d83f5000 rw-p 00000000 00:00 0 
7688d83f5000-7688d83f6000 ---p 00000000 00:00 0 
7688d83f6000-7688d87f6000 rw-p 00000000 00:00 0 
7688d87f6000-7688d87f7000 ---p 00000000 00:00 0 
7688d87f7000-7688d8bf7000 rw-p 00000000 00:00 0 
7688d8bf7000-7688d8bf8000 ---p 00000000 00:00 0 
7688d8bf8000-7688d8ff8000 rw-p 00000000 00:00 0 
7688d8ff8000-7688d8ff9000 ---p 00000000 00:00 0 
7688d8ff9000-7688d93f9000 rw-p 00000000 00:00 0 
7688d93f9000-7688d93fa000 ---p 00000000 00:00 0 
7688d93fa000-7688d97fa000 rw-p 00000000 00:00 0 
7688d97fa000-7688d97fb000 ---p 00000000 00:00 0 
7688d97fb000-7688d9bfb000 rw-p 00000000 00:00 0 
7688d9bfb000-7688d9bfc000 ---p 00000000 00:00 0 
7688d9bfc000-7688d9ffc000 rw-p 00000000 00:00 0 
7688d9ffc000-7688d9ffd000 ---p 00000000 00:00 0 
7688d9ffd000-7688da3fd000 rw-p 00000000 00:00 0 
7688da3fd000-7688da3fe000 ---p 00000000 00:00 0 
7688da3fe000-7688da7fe000 rw-p 00000000 00:00 0 
7688da7fe000-7688da7ff000 ---p 00000000 00:00 0 
7688da7ff000-7688dabff000 rw-p 00000000 00:00 0 
7688dabff000-7688dac00000 ---p 00000000 00:00 0 
7688dac00000-7688db000000 rw-p 00000000 00:00 0 
7688db000000-7688db190000 rw-p 00000000 00:00 0 
7688db190000-7688db400000 ---p 00000000 00:00 0 
7688db400000-7688db6e0000 rw-p 00000000 00:00 0 
7688db6e0000-7688df000000 ---p 00000000 00:00 0 
7688df000000-7688dfbca000 rw-p 00001000 103:01 75498865                  /home/grishberg/.gradle/jdks/eclipse_adoptium-17-amd64-linux/jdk-17.0.19+10/lib/server/classes.jsa
7688dfbca000-7688e0000000 ---p 00000000 00:00 0 
7688e0000000-7688e0040000 rw-p 00000000 00:00 0 
7688e0040000-7688e0070000 rw-p 00000000 00:00 0 
7688e0070000-7688e0080000 ---p 00000000 00:00 0 
7688e0080000-7688e0090000 rw-p 00000000 00:00 0 
7688e0090000-768920000000 ---p 00000000 00:00 0 
768920000000-768920021000 rw-p 00000000 00:00 0 
768920021000-768924000000 ---p 00000000 00:00 0 
768924000000-768924021000 rw-p 00000000 00:00 0 
768924021000-768928000000 ---p 00000000 00:00 0 
768928000000-768928021000 rw-p 00000000 00:00 0 
768928021000-76892c000000 ---p 00000000 00:00 0 
76892c0fb000-76892c0fc000 ---p 00000000 00:00 0 
76892c0fc000-76892c1fc000 rw-p 00000000 00:00 0 
76892c1fc000-76892c1fd000 ---p 00000000 00:00 0 
76892c1fd000-76892c2fd000 rw-p 00000000 00:00 0 
76892c2fd000-76892c2fe000 ---p 00000000 00:00 0 
76892c2fe000-76892c3fe000 rw-p 00000000 00:00 0 
76892c3fe000-76892c3ff000 ---p 00000000 00:00 0 
76892c3ff000-76892c7ff000 rw-p 00000000 00:00 0 
76892c7ff000-76892c800000 ---p 00000000 00:00 0 
76892c800000-76892cc00000 rw-p 00000000 00:00 0 
76892cc00000-76892ccb9000 r--p 00000000 103:01 51520176                  /tmp/manifold3d18288409632946519987/libmanifold.so.3
76892ccb9000-76892cf04000 r-xp 000b9000 103:01 51520176                  /tmp/manifold3d18288409632946519987/libmanifold.so.3
76892cf04000-76892cf77000 r--p 00304000 103:01 51520176                  /tmp/manifold3d18288409632946519987/libmanifold.so.3
76892cf77000-76892cf85000 r--p 00376000 103:01 51520176                  /tmp/manifold3d18288409632946519987/libmanifold.so.3
76892cf85000-76892cf8a000 rw-p 00384000 103:01 51520176                  /tmp/manifold3d18288409632946519987/libmanifold.so.3
76892cf8a000-76892cf9f000 rw-p 00000000 00:00 0 
76892cfd8000-76892cfe4000 r--p 00000000 103:01 51520178                  /tmp/manifold3d18288409632946519987/libmanifoldc.so.3
76892cfe4000-76892cff5000 r-xp 0000c000 103:01 51520178                  /tmp/manifold3d18288409632946519987/libmanifoldc.so.3
76892cff5000-76892cffc000 r--p 0001d000 103:01 51520178                  /tmp/manifold3d18288409632946519987/libmanifoldc.so.3
76892cffc000-76892cffd000 ---p 00024000 103:01 51520178                  /tmp/manifold3d18288409632946519987/libmanifoldc.so.3
76892cffd000-76892cffe000 r--p 00024000 103:01 51520178                  /tmp/manifold3d18288409632946519987/libmanifoldc.so.3
76892cffe000-76892cfff000 rw-p 00025000 103:01 51520178                  /tmp/manifold3d18288409632946519987/libmanifoldc.so.3
76892cfff000-76892d003000 ---p 00000000 00:00 0 
76892d003000-76892d0ff000 rw-p 00000000 00:00 0 
76892d0ff000-76892d103000 ---p 00000000 00:00 0 
76892d103000-76892d1ff000 rw-p 00000000 00:00 0 
76892d1ff000-76892d203000 ---p 00000000 00:00 0 
76892d203000-76892d2ff000 rw-p 00000000 00:00 0 
76892d2ff000-76892d303000 ---p 00000000 00:00 0 
76892d303000-76892d3ff000 rw-p 00000000 00:00 0 
76892d3ff000-76892d403000 ---p 00000000 00:00 0 
76892d403000-76892d4ff000 rw-p 00000000 00:00 0 
76892d4ff000-76892d503000 ---p 00000000 00:00 0 
76892d503000-76892d5ff000 rw-p 00000000 00:00 0 
76892d5ff000-76892d603000 ---p 00000000 00:00 0 
76892d603000-76892d6ff000 rw-p 00000000 00:00 0 
76892d6ff000-76892d703000 ---p 00000000 00:00 0 
76892d703000-76892d7ff000 rw-p 00000000 00:00 0 
76892d7ff000-76892d803000 ---p 00000000 00:00 0 
76892d803000-76892d8ff000 rw-p 00000000 00:00 0 
76892d8ff000-76892d903000 ---p 00000000 00:00 0 
76892d903000-76892d9ff000 rw-p 00000000 00:00 0 
76892d9ff000-76892da00000 ---p 00000000 00:00 0 
76892da00000-76892db00000 rw-p 00000000 00:00 0 
76892db00000-76892db04000 ---p 00000000 00:00 0 
76892db04000-76892dc00000 rw-p 00000000 00:00 0 
76892dc00000-76892dc04000 ---p 00000000 00:00 0 
76892dc04000-76892dd00000 rw-p 00000000 00:00 0 
76892dd00000-76892dd04000 ---p 00000000 00:00 0 
76892dd04000-76892de00000 rw-p 00000000 00:00 0 
76892de00000-76892de04000 ---p 00000000 00:00 0 
76892de04000-76892df00000 rw-p 00000000 00:00 0 
76892df00000-76892df04000 ---p 00000000 00:00 0 
76892df04000-76892e000000 rw-p 00000000 00:00 0 
76892e000000-768930021000 rw-p 00000000 00:00 0 
768930021000-768934000000 ---p 00000000 00:00 0 
768934000000-768934021000 rw-p 00000000 00:00 0 
768934021000-768938000000 ---p 00000000 00:00 0 
768938000000-768938021000 rw-p 00000000 00:00 0 
768938021000-76893c004000 ---p 00000000 00:00 0 
76893c004000-76893c100000 rw-p 00000000 00:00 0 
76893c100000-76893c104000 ---p 00000000 00:00 0 
76893c104000-76893c200000 rw-p 00000000 00:00 0 
76893c200000-76893c775000 r--p 00000000 103:01 90475490                  /usr/lib/locale/locale-archive
76893c7db000-76893c7df000 ---p 00000000 00:00 0 
76893c7df000-76893c8db000 rw-p 00000000 00:00 0 
76893c8db000-76893c8df000 ---p 00000000 00:00 0 
76893c8df000-76893c9db000 rw-p 00000000 00:00 0 
76893c9db000-76893c9dc000 ---p 00000000 00:00 0 
76893c9dc000-76893cadc000 rw-p 00000000 00:00 0 
76893cadc000-76893cae1000 r--p 00000000 103:01 75498881                  /home/grishberg/.gradle/jdks/eclipse_adoptium-17-amd64-linux/jdk-17.0.19+10/lib/libjsvml.so
76893cae1000-76893cb22000 r-xp 00005000 103:01 75498881                  /home/grishberg/.gradle/jdks/eclipse_adoptium-17-amd64-linux/jdk-17.0.19+10/lib/libjsvml.so
76893cb22000-76893cbab000 r--p 00046000 103:01 75498881                  /home/grishberg/.gradle/jdks/eclipse_adoptium-17-amd64-linux/jdk-17.0.19+10/lib/libjsvml.so
76893cbab000-76893cbac000 r--p 000ce000 103:01 75498881                  /home/grishberg/.gradle/jdks/eclipse_adoptium-17-amd64-linux/jdk-17.0.19+10/lib/libjsvml.so
76893cbac000-76893cbad000 rw-p 000cf000 103:01 75498881                  /home/grishberg/.gradle/jdks/eclipse_adoptium-17-amd64-linux/jdk-17.0.19+10/lib/libjsvml.so
76893cbad000-76893cc2e000 rw-p 00000000 00:00 0 
76893cc2e000-76893cc2f000 ---p 00000000 00:00 0 
76893cc2f000-76893cd2f000 rw-p 00000000 00:00 0 
76893cd2f000-76893cd30000 ---p 00000000 00:00 0 
76893cd30000-76893ce30000 rw-p 00000000 00:00 0 
76893ce30000-76893db3d000 rw-p 00000000 00:00 0 
76893db3d000-76893db3e000 ---p 00000000 00:00 0 
76893db3e000-76893dc3e000 rw-p 00000000 00:00 0 
76893dc3e000-76893dc3f000 ---p 00000000 00:00 0 
76893dc3f000-76893dd3f000 rw-p 00000000 00:00 0 
76893dd3f000-76893dd40000 ---p 00000000 00:00 0 
76893dd40000-76893de40000 rw-p 00000000 00:00 0 
76893de40000-76893fcc0000 rw-p 00000000 00:00 0 
76893fcc0000-76895bd40000 ---p 00000000 00:00 0 
76895bd40000-76895dc40000 rw-p 00000000 00:00 0 
76895dc40000-768979cc0000 ---p 00000000 00:00 0 
768979cc0000-76897a110000 rw-p 00000000 00:00 0 
76897a110000-76897d920000 ---p 00000000 00:00 0 
76897d920000-76897dd00000 rw-p 00000000 00:00 0 
76897dd00000-768981510000 ---p 00000000 00:00 0 
768981510000-7689818f0000 rw-p 00000000 00:00 0 
7689818f0000-768985100000 ---p 00000000 00:00 0 
768985100000-768985200000 rw-p 00000000 00:00 0 
768985200000-768985470000 rwxp 00000000 00:00 0 
768985470000-76898c65f000 ---p 00000000 00:00 0 
76898c65f000-76898c8cf000 rwxp 00000000 00:00 0 
76898c8cf000-76898cda0000 ---p 00000000 00:00 0 
76898cda0000-76898d010000 rwxp 00000000 00:00 0 
76898d010000-768994200000 ---p 00000000 00:00 0 
768994200000-76899be3b000 r--s 00000000 103:01 75498899                  /home/grishberg/.gradle/jdks/eclipse_adoptium-17-amd64-linux/jdk-17.0.19+10/lib/modules
76899be47000-76899c44f000 rw-p 00000000 00:00 0 
76899c44f000-7689a0000000 ---p 00000000 00:00 0 
7689a0022000-7689a0c33000 rw-p 00000000 00:00 0 
7689a0c33000-7689a0d17000 ---p 00000000 00:00 0 
7689a0d17000-7689a0d1c000 rw-p 00000000 00:00 0 
7689a0d1c000-7689a0e00000 ---p 00000000 00:00 0 
7689a0e00000-7689a1053000 r--p 00000000 103:01 75498866                  /home/grishberg/.gradle/jdks/eclipse_adoptium-17-amd64-linux/jdk-17.0.19+10/lib/server/libjvm.so
7689a1053000-7689a1d7b000 r-xp 00253000 103:01 75498866                  /home/grishberg/.gradle/jdks/eclipse_adoptium-17-amd64-linux/jdk-17.0.19+10/lib/server/libjvm.so
7689a1d7b000-7689a2008000 r--p 00f7b000 103:01 75498866                  /home/grishberg/.gradle/jdks/eclipse_adoptium-17-amd64-linux/jdk-17.0.19+10/lib/server/libjvm.so
7689a2008000-7689a2009000 ---p 01208000 103:01 75498866                  /home/grishberg/.gradle/jdks/eclipse_adoptium-17-amd64-linux/jdk-17.0.19+10/lib/server/libjvm.so
7689a2009000-7689a20c2000 r--p 01208000 103:01 75498866                  /home/grishberg/.gradle/jdks/eclipse_adoptium-17-amd64-linux/jdk-17.0.19+10/lib/server/libjvm.so
7689a20c2000-7689a20f7000 rw-p 012c1000 103:01 75498866                  /home/grishberg/.gradle/jdks/eclipse_adoptium-17-amd64-linux/jdk-17.0.19+10/lib/server/libjvm.so
7689a20f7000-7689a2152000 rw-p 00000000 00:00 0 
7689a2174000-7689a2200000 rw-p 00000000 00:00 0 
7689a2200000-7689a229d000 r--p 00000000 103:01 90443236                  /usr/lib/x86_64-linux-gnu/libstdc++.so.6.0.33
7689a229d000-7689a23e5000 r-xp 0009d000 103:01 90443236                  /usr/lib/x86_64-linux-gnu/libstdc++.so.6.0.33
7689a23e5000-7689a246c000 r--p 001e5000 103:01 90443236                  /usr/lib/x86_64-linux-gnu/libstdc++.so.6.0.33
7689a246c000-7689a2477000 r--p 0026b000 103:01 90443236                  /usr/lib/x86_64-linux-gnu/libstdc++.so.6.0.33
7689a2477000-7689a247a000 rw-p 00276000 103:01 90443236                  /usr/lib/x86_64-linux-gnu/libstdc++.so.6.0.33
7689a247a000-7689a247e000 rw-p 00000000 00:00 0 
7689a2488000-7689a24c9000 rw-p 00000000 00:00 0 
7689a24c9000-7689a24cb000 r--p 00000000 103:01 75498880                  /home/grishberg/.gradle/jdks/eclipse_adoptium-17-amd64-linux/jdk-17.0.19+10/lib/libzip.so
7689a24cb000-7689a24de000 r-xp 00002000 103:01 75498880                  /home/grishberg/.gradle/jdks/eclipse_adoptium-17-amd64-linux/jdk-17.0.19+10/lib/libzip.so
7689a24de000-7689a24e5000 r--p 00015000 103:01 75498880                  /home/grishberg/.gradle/jdks/eclipse_adoptium-17-amd64-linux/jdk-17.0.19+10/lib/libzip.so
7689a24e5000-7689a24e6000 ---p 0001c000 103:01 75498880                  /home/grishberg/.gradle/jdks/eclipse_adoptium-17-amd64-linux/jdk-17.0.19+10/lib/libzip.so
7689a24e6000-7689a24e7000 r--p 0001c000 103:01 75498880                  /home/grishberg/.gradle/jdks/eclipse_adoptium-17-amd64-linux/jdk-17.0.19+10/lib/libzip.so
7689a24e7000-7689a24e8000 rw-p 0001d000 103:01 75498880                  /home/grishberg/.gradle/jdks/eclipse_adoptium-17-amd64-linux/jdk-17.0.19+10/lib/libzip.so
7689a24e8000-7689a24ec000 r--p 00000000 103:01 75498890                  /home/grishberg/.gradle/jdks/eclipse_adoptium-17-amd64-linux/jdk-17.0.19+10/lib/libnet.so
7689a24ec000-7689a24fa000 r-xp 00004000 103:01 75498890                  /home/grishberg/.gradle/jdks/eclipse_adoptium-17-amd64-linux/jdk-17.0.19+10/lib/libnet.so
7689a24fa000-7689a24fe000 r--p 00012000 103:01 75498890                  /home/grishberg/.gradle/jdks/eclipse_adoptium-17-amd64-linux/jdk-17.0.19+10/lib/libnet.so
7689a24fe000-7689a24ff000 r--p 00015000 103:01 75498890                  /home/grishberg/.gradle/jdks/eclipse_adoptium-17-amd64-linux/jdk-17.0.19+10/lib/libnet.so
7689a24ff000-7689a2500000 rw-p 00016000 103:01 75498890                  /home/grishberg/.gradle/jdks/eclipse_adoptium-17-amd64-linux/jdk-17.0.19+10/lib/libnet.so
7689a2500000-7689a2504000 ---p 00000000 00:00 0 
7689a2504000-7689a2600000 rw-p 00000000 00:00 0 
7689a2600000-7689a2628000 r--p 00000000 103:01 90442148                  /usr/lib/x86_64-linux-gnu/libc.so.6
7689a2628000-7689a27b0000 r-xp 00028000 103:01 90442148                  /usr/lib/x86_64-linux-gnu/libc.so.6
7689a27b0000-7689a27ff000 r--p 001b0000 103:01 90442148                  /usr/lib/x86_64-linux-gnu/libc.so.6
7689a27ff000-7689a2803000 r--p 001fe000 103:01 90442148                  /usr/lib/x86_64-linux-gnu/libc.so.6
7689a2803000-7689a2805000 rw-p 00202000 103:01 90442148                  /usr/lib/x86_64-linux-gnu/libc.so.6
7689a2805000-7689a2812000 rw-p 00000000 00:00 0 
7689a2816000-7689a281b000 r--p 00000000 103:01 51520180                  /tmp/manifold3d18288409632946519987/libmanifold_jni.so
7689a281b000-7689a281e000 r-xp 00005000 103:01 51520180                  /tmp/manifold3d18288409632946519987/libmanifold_jni.so
7689a281e000-7689a281f000 r--p 00008000 103:01 51520180                  /tmp/manifold3d18288409632946519987/libmanifold_jni.so
7689a281f000-7689a2820000 r--p 00009000 103:01 51520180                  /tmp/manifold3d18288409632946519987/libmanifold_jni.so
7689a2820000-7689a2821000 rw-p 0000a000 103:01 51520180                  /tmp/manifold3d18288409632946519987/libmanifold_jni.so
7689a2821000-7689a2828000 r--p 00000000 103:01 75498910                  /home/grishberg/.gradle/jdks/eclipse_adoptium-17-amd64-linux/jdk-17.0.19+10/lib/libnio.so
7689a2828000-7689a2831000 r-xp 00007000 103:01 75498910                  /home/grishberg/.gradle/jdks/eclipse_adoptium-17-amd64-linux/jdk-17.0.19+10/lib/libnio.so
7689a2831000-7689a2835000 r--p 00010000 103:01 75498910                  /home/grishberg/.gradle/jdks/eclipse_adoptium-17-amd64-linux/jdk-17.0.19+10/lib/libnio.so
7689a2835000-7689a2836000 ---p 00014000 103:01 75498910                  /home/grishberg/.gradle/jdks/eclipse_adoptium-17-amd64-linux/jdk-17.0.19+10/lib/libnio.so
7689a2836000-7689a2837000 r--p 00014000 103:01 75498910                  /home/grishberg/.gradle/jdks/eclipse_adoptium-17-amd64-linux/jdk-17.0.19+10/lib/libnio.so
7689a2837000-7689a2838000 rw-p 00015000 103:01 75498910                  /home/grishberg/.gradle/jdks/eclipse_adoptium-17-amd64-linux/jdk-17.0.19+10/lib/libnio.so
7689a2838000-7689a28b5000 rw-p 00000000 00:00 0 
7689a28b5000-7689a28bf000 ---p 00000000 00:00 0 
7689a28bf000-7689a28cd000 r--p 00000000 103:01 75498920                  /home/grishberg/.gradle/jdks/eclipse_adoptium-17-amd64-linux/jdk-17.0.19+10/lib/libjava.so
7689a28cd000-7689a28df000 r-xp 0000e000 103:01 75498920                  /home/grishberg/.gradle/jdks/eclipse_adoptium-17-amd64-linux/jdk-17.0.19+10/lib/libjava.so
7689a28df000-7689a28e5000 r--p 00020000 103:01 75498920                  /home/grishberg/.gradle/jdks/eclipse_adoptium-17-amd64-linux/jdk-17.0.19+10/lib/libjava.so
7689a28e5000-7689a28e6000 ---p 00026000 103:01 75498920                  /home/grishberg/.gradle/jdks/eclipse_adoptium-17-amd64-linux/jdk-17.0.19+10/lib/libjava.so
7689a28e6000-7689a28e7000 r--p 00026000 103:01 75498920                  /home/grishberg/.gradle/jdks/eclipse_adoptium-17-amd64-linux/jdk-17.0.19+10/lib/libjava.so
7689a28e7000-7689a28e8000 rw-p 00027000 103:01 75498920                  /home/grishberg/.gradle/jdks/eclipse_adoptium-17-amd64-linux/jdk-17.0.19+10/lib/libjava.so
7689a28e8000-7689a28e9000 rw-p 00000000 00:00 0 
7689a28e9000-7689a28ed000 r--p 00000000 103:01 90443244                  /usr/lib/x86_64-linux-gnu/libgcc_s.so.1
7689a28ed000-7689a2911000 r-xp 00004000 103:01 90443244                  /usr/lib/x86_64-linux-gnu/libgcc_s.so.1
7689a2911000-7689a2915000 r--p 00028000 103:01 90443244                  /usr/lib/x86_64-linux-gnu/libgcc_s.so.1
7689a2915000-7689a2916000 r--p 0002b000 103:01 90443244                  /usr/lib/x86_64-linux-gnu/libgcc_s.so.1
7689a2916000-7689a2917000 rw-p 0002c000 103:01 90443244                  /usr/lib/x86_64-linux-gnu/libgcc_s.so.1
7689a2917000-7689a2927000 r--p 00000000 103:01 90442151                  /usr/lib/x86_64-linux-gnu/libm.so.6
7689a2927000-7689a29a6000 r-xp 00010000 103:01 90442151                  /usr/lib/x86_64-linux-gnu/libm.so.6
7689a29a6000-7689a29fe000 r--p 0008f000 103:01 90442151                  /usr/lib/x86_64-linux-gnu/libm.so.6
7689a29fe000-7689a29ff000 r--p 000e7000 103:01 90442151                  /usr/lib/x86_64-linux-gnu/libm.so.6
7689a29ff000-7689a2a00000 rw-p 000e8000 103:01 90442151                  /usr/lib/x86_64-linux-gnu/libm.so.6
7689a2a00000-7689a2ab9000 r--p 00000000 103:01 51521774                  /home/grishberg/projects/java/opengl_kbd_render/cad3d/build/manifold-natives/manifold3d/natives/linux-x86_64/libmanifold.so.3
7689a2ab9000-7689a2d04000 r-xp 000b9000 103:01 51521774                  /home/grishberg/projects/java/opengl_kbd_render/cad3d/build/manifold-natives/manifold3d/natives/linux-x86_64/libmanifold.so.3
7689a2d04000-7689a2d77000 r--p 00304000 103:01 51521774                  /home/grishberg/projects/java/opengl_kbd_render/cad3d/build/manifold-natives/manifold3d/natives/linux-x86_64/libmanifold.so.3
7689a2d77000-7689a2d85000 r--p 00376000 103:01 51521774                  /home/grishberg/projects/java/opengl_kbd_render/cad3d/build/manifold-natives/manifold3d/natives/linux-x86_64/libmanifold.so.3
7689a2d85000-7689a2d8a000 rw-p 00384000 103:01 51521774                  /home/grishberg/projects/java/opengl_kbd_render/cad3d/build/manifold-natives/manifold3d/natives/linux-x86_64/libmanifold.so.3
7689a2d8a000-7689a2d9f000 rw-p 00000000 00:00 0 
7689a2da1000-7689a2da5000 r--p 00000000 103:01 75498904                  /home/grishberg/.gradle/jdks/eclipse_adoptium-17-amd64-linux/jdk-17.0.19+10/lib/libjimage.so
7689a2da5000-7689a2db8000 r-xp 00004000 103:01 75498904                  /home/grishberg/.gradle/jdks/eclipse_adoptium-17-amd64-linux/jdk-17.0.19+10/lib/libjimage.so
7689a2db8000-7689a2dbe000 r--p 00017000 103:01 75498904                  /home/grishberg/.gradle/jdks/eclipse_adoptium-17-amd64-linux/jdk-17.0.19+10/lib/libjimage.so
7689a2dbe000-7689a2dc0000 r--p 0001c000 103:01 75498904                  /home/grishberg/.gradle/jdks/eclipse_adoptium-17-amd64-linux/jdk-17.0.19+10/lib/libjimage.so
7689a2dc0000-7689a2dc1000 rw-p 0001e000 103:01 75498904                  /home/grishberg/.gradle/jdks/eclipse_adoptium-17-amd64-linux/jdk-17.0.19+10/lib/libjimage.so
7689a2dc1000-7689a2dc2000 r--p 00000000 103:01 90442162                  /usr/lib/x86_64-linux-gnu/librt.so.1
7689a2dc2000-7689a2dc3000 r-xp 00001000 103:01 90442162                  /usr/lib/x86_64-linux-gnu/librt.so.1
7689a2dc3000-7689a2dc4000 r--p 00002000 103:01 90442162                  /usr/lib/x86_64-linux-gnu/librt.so.1
7689a2dc4000-7689a2dc5000 r--p 00002000 103:01 90442162                  /usr/lib/x86_64-linux-gnu/librt.so.1
7689a2dc5000-7689a2dc6000 rw-p 00003000 103:01 90442162                  /usr/lib/x86_64-linux-gnu/librt.so.1
7689a2dc6000-7689a2dcb000 rw-p 00000000 00:00 0 
7689a2dcb000-7689a2dcc000 r--p 00000000 103:01 90442150                  /usr/lib/x86_64-linux-gnu/libdl.so.2
7689a2dcc000-7689a2dcd000 r-xp 00001000 103:01 90442150                  /usr/lib/x86_64-linux-gnu/libdl.so.2
7689a2dcd000-7689a2dce000 r--p 00002000 103:01 90442150                  /usr/lib/x86_64-linux-gnu/libdl.so.2
7689a2dce000-7689a2dcf000 r--p 00002000 103:01 90442150                  /usr/lib/x86_64-linux-gnu/libdl.so.2
7689a2dcf000-7689a2dd0000 rw-p 00003000 103:01 90442150                  /usr/lib/x86_64-linux-gnu/libdl.so.2
7689a2dd0000-7689a2dd2000 rw-p 00000000 00:00 0 
7689a2dd2000-7689a2dd3000 r--p 00000000 103:01 90442160                  /usr/lib/x86_64-linux-gnu/libpthread.so.0
7689a2dd3000-7689a2dd4000 r-xp 00001000 103:01 90442160                  /usr/lib/x86_64-linux-gnu/libpthread.so.0
7689a2dd4000-7689a2dd5000 r--p 00002000 103:01 90442160                  /usr/lib/x86_64-linux-gnu/libpthread.so.0
7689a2dd5000-7689a2dd6000 r--p 00002000 103:01 90442160                  /usr/lib/x86_64-linux-gnu/libpthread.so.0
7689a2dd6000-7689a2dd7000 rw-p 00003000 103:01 90442160                  /usr/lib/x86_64-linux-gnu/libpthread.so.0
7689a2dd8000-7689a2ddf000 r--s 00000000 103:01 90442137                  /usr/lib/x86_64-linux-gnu/gconv/gconv-modules.cache
7689a2ddf000-7689a2de7000 rw-s 00000000 103:01 51520174                  /tmp/hsperfdata_grishberg/65768
7689a2de7000-7689a2de8000 ---p 00000000 00:00 0 
7689a2de8000-7689a2de9000 r--p 00000000 00:00 0 
7689a2de9000-7689a2dea000 ---p 00000000 00:00 0 
7689a2dea000-7689a2ded000 r--p 00000000 103:01 75498874                  /home/grishberg/.gradle/jdks/eclipse_adoptium-17-amd64-linux/jdk-17.0.19+10/lib/libjli.so
7689a2ded000-7689a2dfd000 r-xp 00003000 103:01 75498874                  /home/grishberg/.gradle/jdks/eclipse_adoptium-17-amd64-linux/jdk-17.0.19+10/lib/libjli.so
7689a2dfd000-7689a2e04000 r--p 00013000 103:01 75498874                  /home/grishberg/.gradle/jdks/eclipse_adoptium-17-amd64-linux/jdk-17.0.19+10/lib/libjli.so
7689a2e04000-7689a2e05000 r--p 00019000 103:01 75498874                  /home/grishberg/.gradle/jdks/eclipse_adoptium-17-amd64-linux/jdk-17.0.19+10/lib/libjli.so
7689a2e05000-7689a2e06000 rw-p 0001a000 103:01 75498874                  /home/grishberg/.gradle/jdks/eclipse_adoptium-17-amd64-linux/jdk-17.0.19+10/lib/libjli.so
7689a2e06000-7689a2e12000 r--p 00000000 103:01 51521778                  /home/grishberg/projects/java/opengl_kbd_render/cad3d/build/manifold-natives/manifold3d/natives/linux-x86_64/libmanifoldc.so.3
7689a2e12000-7689a2e23000 r-xp 0000c000 103:01 51521778                  /home/grishberg/projects/java/opengl_kbd_render/cad3d/build/manifold-natives/manifold3d/natives/linux-x86_64/libmanifoldc.so.3
7689a2e23000-7689a2e2a000 r--p 0001d000 103:01 51521778                  /home/grishberg/projects/java/opengl_kbd_render/cad3d/build/manifold-natives/manifold3d/natives/linux-x86_64/libmanifoldc.so.3
7689a2e2a000-7689a2e2b000 ---p 00024000 103:01 51521778                  /home/grishberg/projects/java/opengl_kbd_render/cad3d/build/manifold-natives/manifold3d/natives/linux-x86_64/libmanifoldc.so.3
7689a2e2b000-7689a2e2c000 r--p 00024000 103:01 51521778                  /home/grishberg/projects/java/opengl_kbd_render/cad3d/build/manifold-natives/manifold3d/natives/linux-x86_64/libmanifoldc.so.3
7689a2e2c000-7689a2e2d000 rw-p 00025000 103:01 51521778                  /home/grishberg/projects/java/opengl_kbd_render/cad3d/build/manifold-natives/manifold3d/natives/linux-x86_64/libmanifoldc.so.3
7689a2e2d000-7689a2e2f000 rw-p 00000000 00:00 0 
7689a2e2f000-7689a2e33000 r--p 00000000 00:00 0                          [vvar]
7689a2e33000-7689a2e35000 r--p 00000000 00:00 0                          [vvar_vclock]
7689a2e35000-7689a2e37000 r-xp 00000000 00:00 0                          [vdso]
7689a2e37000-7689a2e38000 r--p 00000000 103:01 90442145                  /usr/lib/x86_64-linux-gnu/ld-linux-x86-64.so.2
7689a2e38000-7689a2e63000 r-xp 00001000 103:01 90442145                  /usr/lib/x86_64-linux-gnu/ld-linux-x86-64.so.2
7689a2e63000-7689a2e6d000 r--p 0002c000 103:01 90442145                  /usr/lib/x86_64-linux-gnu/ld-linux-x86-64.so.2
7689a2e6d000-7689a2e6f000 r--p 00036000 103:01 90442145                  /usr/lib/x86_64-linux-gnu/ld-linux-x86-64.so.2
7689a2e6f000-7689a2e71000 rw-p 00038000 103:01 90442145                  /usr/lib/x86_64-linux-gnu/ld-linux-x86-64.so.2
7fff1b446000-7fff1b468000 rw-p 00000000 00:00 0                          [stack]
ffffffffff600000-ffffffffff601000 --xp 00000000 00:00 0                  [vsyscall]


VM Arguments:
jvm_args: -Dfile.encoding=UTF-8 -Duser.country=US -Duser.language=en -Duser.variant 
java_command: com.github.grishberg.cad3d.cli.CliRunnerKt --model matrix_right
java_class_path (initial): /home/grishberg/projects/java/opengl_kbd_render/cad3d/build/classes/java/main:/home/grishberg/projects/java/opengl_kbd_render/cad3d/build/classes/kotlin/main:/home/grishberg/projects/java/opengl_kbd_render/cad3d/build/resources/main:/home/grishberg/projects/java/opengl_kbd_render/common/build/libs/common-1.0.1.jar:/home/grishberg/projects/java/opengl_kbd_render/kbd_core/build/libs/kbd_core-1.0.1.jar:/home/grishberg/projects/java/opengl_kbd_render/plugin/build/libs/plugin-1.0.jar:/home/grishberg/projects/java/opengl_kbd_render/javascad/build/libs/javascad-1.0.jar:/home/grishberg/projects/java/opengl_kbd_render/libs/manifold3d-3.2.13.jar:/home/grishberg/.gradle/caches/modules-2/files-2.1/org.jetbrains.kotlin/kotlin-stdlib-jdk8/1.9.22/dea0c11e2fa503ab891c8a090e3b54754472975d/kotlin-stdlib-jdk8-1.9.22.jar:/home/grishberg/.gradle/caches/modules-2/files-2.1/org.jetbrains.kotlinx/kotlinx-coroutines-core-jvm/1.8.0/ac1dc37a30a93150b704022f8d895ee1bd3a36b3/kotlinx-coroutines-core-jvm-1.8.0.jar:/home/grishberg/.gradle/caches/modules-2/files-2.1/org.jetbrains.kotlin/kotlin-stdlib-jdk7/1.9.22/c4b17283ad7939e778989663f8301d871987fa5e/kotlin-stdlib-jdk7-1.9.22.jar:/home/grishberg/.gradle/caches/modules-2/files-2.1/org.jetbrains.kotlinx/kotlinx-serialization-core-jvm/1.6.2/384c2492c987f1d92bfa186580de058c284b2ad9/kotlinx-serialization-core-jvm-1.6.2.jar:/home/grishberg/.gradle/caches/modules-2/files-2.1/org.jetbrains.kotlinx/kotlinx-serialization-json-jvm/1.6.2/8f4df208edf91a3012e7a27ccd02f386d4bfc8c6/kotlinx-serialization-json-jvm-1.6.2.jar:/home/grishberg/.gradle/caches/modules-2/files-2.1/org.jetbrains.kotlin/kotlin-stdlib/1.9.22/d6c44cd08d8f3f9bece8101216dbe6553365c6e3/kotlin-stdlib-1.9.22.jar:/home/grishberg/.gradle/caches/modules-2/files-2.1/org.jetbrains/annotations/23.0.0/8cc20c07506ec18e0834947b84a864bfc094484e/annotations-23.0.0.jar
Launcher Type: SUN_STANDARD

[Global flags]
     intx CICompilerCount                          = 12                                        {product} {ergonomic}
     uint ConcGCThreads                            = 3                                         {product} {ergonomic}
     uint G1ConcRefinementThreads                  = 13                                        {product} {ergonomic}
   size_t G1HeapRegionSize                         = 16777216                                  {product} {ergonomic}
    uintx GCDrainStackTargetSize                   = 64                                        {product} {ergonomic}
   size_t InitialHeapSize                          = 2046820352                                {product} {ergonomic}
   size_t MarkStackSize                            = 4194304                                   {product} {ergonomic}
   size_t MaxHeapSize                              = 32178700288                               {product} {ergonomic}
   size_t MaxNewSize                               = 19293798400                               {product} {ergonomic}
   size_t MinHeapDeltaBytes                        = 16777216                                  {product} {ergonomic}
   size_t MinHeapSize                              = 16777216                                  {product} {ergonomic}
    uintx NonNMethodCodeHeapSize                   = 7602480                                {pd product} {ergonomic}
    uintx NonProfiledCodeHeapSize                  = 122027880                              {pd product} {ergonomic}
    uintx ProfiledCodeHeapSize                     = 122027880                              {pd product} {ergonomic}
    uintx ReservedCodeCacheSize                    = 251658240                              {pd product} {ergonomic}
     bool SegmentedCodeCache                       = true                                      {product} {ergonomic}
   size_t SoftMaxHeapSize                          = 32178700288                            {manageable} {ergonomic}
     bool UseCompressedClassPointers               = true                           {product lp64_product} {ergonomic}
     bool UseCompressedOops                        = true                           {product lp64_product} {ergonomic}
     bool UseG1GC                                  = true                                      {product} {ergonomic}

Logging:
Log output configuration:
 #0: stdout all=warning uptime,level,tags
 #1: stderr all=off uptime,level,tags

Environment Variables:
PATH=/home/grishberg/projects/ts/opencode/bot/venv/bin:/home/grishberg/android-sdk/platform-tools:/home/grishberg/.local/bin:/usr/local/sbin:/usr/local/bin:/usr/sbin:/usr/bin:/sbin:/bin:/usr/games:/usr/local/games:/snap/bin:/snap/bin
USERNAME=grishberg
LD_PRELOAD=/home/grishberg/projects/java/opengl_kbd_render/cad3d/build/manifold-natives/manifold3d/natives/linux-x86_64/libmanifold.so.3:/home/grishberg/projects/java/opengl_kbd_render/cad3d/build/manifold-natives/manifold3d/natives/linux-x86_64/libmanifoldc.so.3
SHELL=/bin/bash
DISPLAY=:0
LANG=en_US.UTF-8

Active Locale:
LC_ALL=en_US.UTF-8
LC_COLLATE=en_US.UTF-8
LC_CTYPE=en_US.UTF-8
LC_MESSAGES=en_US.UTF-8
LC_MONETARY=en_US.UTF-8
LC_NUMERIC=en_US.UTF-8
LC_TIME=en_US.UTF-8

Signal Handlers:
   SIGSEGV: crash_handler in libjvm.so, mask=11100100010111111101111111111110, flags=SA_RESTART|SA_SIGINFO, unblocked
    SIGBUS: crash_handler in libjvm.so, mask=11100100010111111101111111111110, flags=SA_RESTART|SA_SIGINFO, unblocked
    SIGFPE: crash_handler in libjvm.so, mask=11100100010111111101111111111110, flags=SA_RESTART|SA_SIGINFO, unblocked
   SIGPIPE: javaSignalHandler in libjvm.so, mask=11100100010111111101111111111110, flags=SA_RESTART|SA_SIGINFO, blocked
   SIGXFSZ: javaSignalHandler in libjvm.so, mask=11100100010111111101111111111110, flags=SA_RESTART|SA_SIGINFO, blocked
    SIGILL: crash_handler in libjvm.so, mask=11100100010111111101111111111110, flags=SA_RESTART|SA_SIGINFO, unblocked
   SIGUSR2: SR_handler in libjvm.so, mask=00000000000000000000000000000000, flags=SA_RESTART|SA_SIGINFO, blocked
    SIGHUP: UserHandler in libjvm.so, mask=11100100010111111101111111111110, flags=SA_RESTART|SA_SIGINFO, blocked
    SIGINT: UserHandler in libjvm.so, mask=11100100010111111101111111111110, flags=SA_RESTART|SA_SIGINFO, blocked
   SIGTERM: UserHandler in libjvm.so, mask=11100100010111111101111111111110, flags=SA_RESTART|SA_SIGINFO, blocked
   SIGQUIT: UserHandler in libjvm.so, mask=11100100010111111101111111111110, flags=SA_RESTART|SA_SIGINFO, blocked
   SIGTRAP: crash_handler in libjvm.so, mask=11100100010111111101111111111110, flags=SA_RESTART|SA_SIGINFO, unblocked


Periodic native trim disabled


---------------  S Y S T E M  ---------------

OS:
DISTRIB_ID=Ubuntu
DISTRIB_RELEASE=24.04
DISTRIB_CODENAME=noble
DISTRIB_DESCRIPTION="Ubuntu 24.04.4 LTS"
uname: Linux 6.17.0-35-generic #35~24.04.1-Ubuntu SMP PREEMPT_DYNAMIC Tue May 26 19:30:42 UTC 2 x86_64
OS uptime: 0 days 6:14 hours
libc: glibc 2.39 NPTL 2.39 
rlimit (soft/hard): STACK 8192k/infinity , CORE 0k/infinity , NPROC 496841/496841 , NOFILE 1048576/1048576 , AS infinity/infinity , CPU infinity/infinity , DATA infinity/infinity , FSIZE infinity/infinity , MEMLOCK 15919580k/15919580k
load average: 1.03 0.42 0.37

/proc/meminfo:
MemTotal:       127356652 kB
MemFree:        43904464 kB
MemAvailable:   83248464 kB
Buffers:          161456 kB
Cached:         43082156 kB
SwapCached:            0 kB
Active:         42836668 kB
Inactive:       38117568 kB
Active(anon):   40747540 kB
Inactive(anon):        0 kB
Active(file):    2089128 kB
Inactive(file): 38117568 kB
Unevictable:           0 kB
Mlocked:               0 kB
SwapTotal:       8388604 kB
SwapFree:        8388604 kB
Zswap:                 0 kB
Zswapped:              0 kB
Dirty:             11632 kB
Writeback:             0 kB
AnonPages:      37711644 kB
Mapped:          4233664 kB
Shmem:           3036928 kB
KReclaimable:     315012 kB
Slab:             583364 kB
SReclaimable:     315012 kB
SUnreclaim:       268352 kB
KernelStack:       23376 kB
PageTables:       112588 kB
SecPageTables:      2180 kB
NFS_Unstable:          0 kB
Bounce:                0 kB
WritebackTmp:          0 kB
CommitLimit:    72066928 kB
Committed_AS:   56921876 kB
VmallocTotal:   34359738367 kB
VmallocUsed:      165596 kB
VmallocChunk:          0 kB
Percpu:            15232 kB
HardwareCorrupted:     0 kB
AnonHugePages:         0 kB
ShmemHugePages:        0 kB
ShmemPmdMapped:        0 kB
FileHugePages:    321536 kB
FilePmdMapped:      2048 kB
CmaTotal:              0 kB
CmaFree:               0 kB
Unaccepted:            0 kB
Balloon:               0 kB
HugePages_Total:       0
HugePages_Free:        0
HugePages_Rsvd:        0
HugePages_Surp:        0
Hugepagesize:       2048 kB
Hugetlb:               0 kB
DirectMap4k:      508068 kB
DirectMap2M:    13033472 kB
DirectMap1G:    121634816 kB

/sys/kernel/mm/transparent_hugepage/enabled: always [madvise] never
/sys/kernel/mm/transparent_hugepage/hpage_pmd_size: 2097152
/sys/kernel/mm/transparent_hugepage/defrag (defrag/compaction efforts parameter): always defer defer+madvise [madvise] never

Process Memory:
Virtual Size: 37977984K (peak: 37977984K)
Resident Set Size: 203400K (peak: 203400K) (anon: 176384K, file: 27016K, shmem: 0K)
Swapped out: 0K
C-Heap outstanding allocations: 66879K, retained: 17996K
glibc malloc tunables: (default)

/proc/sys/kernel/threads-max (system-wide limit on the number of threads): 993683
/proc/sys/vm/max_map_count (maximum number of memory map areas a process may have): 1048576
/proc/sys/vm/swappiness (control to define how aggressively the kernel swaps out anonymous memory): 60
/proc/sys/kernel/pid_max (system-wide limit on number of process identifiers): 4194304

container (cgroup) information:
container_type: cgroupv2
cpu_cpuset_cpus: not supported
cpu_memory_nodes: not supported
active_processor_count: 16
cpu_quota: not supported
cpu_period: not supported
cpu_shares: not supported
memory_limit_in_bytes: unlimited
memory_and_swap_limit_in_bytes: unlimited
memory_soft_limit_in_bytes: 0
memory_usage_in_bytes: 76025508 k
memory_max_usage_in_bytes: not supported
rss_usage_in_bytes: 36423128 k
cache_usage_in_bytes: 39433912 k
memory_swap_current_in_bytes: 0
memory_swap_max_limit_in_bytes: unlimited
maximum number of tasks: 149052
current number of tasks: 608

Steal ticks since vm start: 0
Steal ticks percentage since vm start:  0.000

CPU: total 16 (initial active 16) (16 cores per cpu, 2 threads per core) family 25 model 33 stepping 2 microcode 0xa201213, cx8, cmov, fxsr, ht, mmx, 3dnowpref, sse, sse2, sse3, ssse3, sse4a, sse4.1, sse4.2, popcnt, lzcnt, tsc, tscinvbit, avx, avx2, aes, erms, clmul, bmi1, bmi2, adx, sha, fma, vzeroupper, clflush, clflushopt
CPU Model and flags from /proc/cpuinfo:
model name	: AMD Ryzen 7 5800X3D 8-Core Processor
flags		: fpu vme de pse tsc msr pae mce cx8 apic sep mtrr pge mca cmov pat pse36 clflush mmx fxsr sse sse2 ht syscall nx mmxext fxsr_opt pdpe1gb rdtscp lm constant_tsc rep_good nopl xtopology nonstop_tsc cpuid extd_apicid aperfmperf rapl pni pclmulqdq monitor ssse3 fma cx16 sse4_1 sse4_2 x2apic movbe popcnt aes xsave avx f16c rdrand lahf_lm cmp_legacy svm extapic cr8_legacy abm sse4a misalignsse 3dnowprefetch osvw ibs skinit wdt tce topoext perfctr_core perfctr_nb bpext perfctr_llc mwaitx cpb cat_l3 cdp_l3 hw_pstate ssbd mba ibrs ibpb stibp vmmcall fsgsbase bmi1 avx2 smep bmi2 erms invpcid cqm rdt_a rdseed adx smap clflushopt clwb sha_ni xsaveopt xsavec xgetbv1 xsaves cqm_llc cqm_occup_llc cqm_mbm_total cqm_mbm_local user_shstk clzero irperf xsaveerptr rdpru wbnoinvd arat npt lbrv svm_lock nrip_save tsc_scale vmcb_clean flushbyasid decodeassists pausefilter pfthreshold avic v_vmsave_vmload vgif v_spec_ctrl umip pku ospke vaes vpclmulqdq rdpid overflow_recov succor smca fsrm debug_swap

Online cpus: 0-15
Offline cpus: 
BIOS frequency limitation: <Not Available>
Frequency switch latency (ns): 0
Available cpu frequencies: <Not Available>
Current governor: powersave
Core performance/turbo boost: 1

Memory: 4k page, physical 127356652k(43904464k free), swap 8388604k(8388604k free)
Page Sizes: 4k

vm_info: OpenJDK 64-Bit Server VM (17.0.19+10) for linux-amd64 JRE (17.0.19+10), built on Apr 21 2026 00:00:00 by "admin" with gcc 10.3.0

END.
