#
# A fatal error has been detected by the Java Runtime Environment:
#
#  SIGSEGV (0xb) at pc=0x000073daf5a9fff4, pid=90371, tid=90394
#
# JRE version: OpenJDK Runtime Environment Temurin-17.0.19+10 (17.0.19+10) (build 17.0.19+10)
# Java VM: OpenJDK 64-Bit Server VM Temurin-17.0.19+10 (17.0.19+10, mixed mode, sharing, tiered, compressed oops, compressed class ptrs, g1 gc, linux-amd64)
# Problematic frame:
# C  [libc.so.6+0x9fff4]  pthread_mutex_lock+0x4
#
# Core dump will be written. Default location: Core dumps may be processed with "/usr/share/apport/apport -p%p -s%s -c%c -d%d -P%P -u%u -g%g -F%F -- %E" (or dumping to /home/grishberg/projects/java/opengl_kbd_render/cad3d/core.90371)
#
# If you would like to submit a bug report, please visit:
#   https://github.com/adoptium/adoptium-support/issues
# The crash happened outside the Java Virtual Machine in native code.
# See problematic frame for where to report the bug.
#

---------------  S U M M A R Y ------------

Command Line: -Djava.library.path=/home/grishberg/projects/java/opengl_kbd_render/cad3d/build/manifold-natives/manifold3d/natives/linux-x86_64 -Dfile.encoding=UTF-8 -Duser.country=US -Duser.language=en -Duser.variant com.github.grishberg.cad3d.cli.CliRunnerKt --model matrix_right

Host: AMD Ryzen 7 5800X3D 8-Core Processor, 16 cores, 121G, Ubuntu 24.04.4 LTS
Time: Wed Jul 15 14:24:32 2026 MSK elapsed time: 0.253585 seconds (0d 0h 0m 0s)

---------------  T H R E A D  ---------------

Current thread (0x000073d9f0064c10):  JavaThread "DefaultDispatcher-worker-3" daemon [_thread_in_native, id=90394, stack(0x000073da80500000,0x000073da80600000)]

Stack: [0x000073da80500000,0x000073da80600000],  sp=0x000073da805fd938,  free space=1014k
Native frames: (J=compiled Java code, j=interpreted, Vv=VM code, C=native code)
C  [libc.so.6+0x9fff4]  pthread_mutex_lock+0x4

Java frames: (J=compiled Java code, j=interpreted, Vv=VM code)
J 766  com.cadoodlecad.manifold.ManifoldBindings.jniUnion(JJJ)J (0 bytes) @ 0x000073dae0dd52ef [0x000073dae0dd52a0+0x000000000000004f]
J 835 c1 com.cadoodlecad.manifold.ManifoldBindings.union(JJ)J (13 bytes) @ 0x000073dad9375e64 [0x000073dad9375dc0+0x00000000000000a4]
J 781 c1 eu.printingin3d.javascad.manifold.Manifold3dEngine.operateNative(JJI)J (113 bytes) @ 0x000073dad935dcdc [0x000073dad935dac0+0x000000000000021c]
J 782 c1 eu.printingin3d.javascad.manifold.Manifold3dEngine.unionNative(JJ)J (8 bytes) @ 0x000073dad935e63c [0x000073dad935e5c0+0x000000000000007c]
j  eu.printingin3d.javascad.tranzitions.Union.toInnerNativeMesh(Leu/printingin3d/javascad/vrl/FacetGenerationContext;)J+67
J 755 c1 eu.printingin3d.javascad.models.Abstract3dModel.toNativeMesh(Leu/printingin3d/javascad/vrl/FacetGenerationContext;)J (160 bytes) @ 0x000073dad9350554 [0x000073dad934fe80+0x00000000000006d4]
j  eu.printingin3d.javascad.tranzitions.Difference.toInnerNativeMesh(Leu/printingin3d/javascad/vrl/FacetGenerationContext;)J+5
J 755 c1 eu.printingin3d.javascad.models.Abstract3dModel.toNativeMesh(Leu/printingin3d/javascad/vrl/FacetGenerationContext;)J (160 bytes) @ 0x000073dad9350554 [0x000073dad934fe80+0x00000000000006d4]
j  com.github.grishberg.cad3d.util.VertexHolderUtilsKt.fromModelNative(Leu/printingin3d/javascad/models/Abstract3dModel;I)Lcom/github/grishberg/cad3d/plugin/VertexHolder;+28
j  com.github.grishberg.cad3d.util.VertexHolderUtilsKt.fromModel(Leu/printingin3d/javascad/models/Abstract3dModel;I)Lcom/github/grishberg/cad3d/plugin/VertexHolder;+8
j  com.github.grishberg.cad3d.keyboard.ModelHolder$Companion.createVertexHolders(Lcom/github/grishberg/cad3d/keyboard/cfg/KeyboardConfig;Leu/printingin3d/javascad/models/Abstract3dModel;Ljava/util/List;)Ljava/util/List;+101
j  com.github.grishberg.cad3d.keyboard.ModelHolder.<init>(Lcom/github/grishberg/cad3d/keyboard/cfg/KeyboardConfig;Leu/printingin3d/javascad/models/Abstract3dModel;[Leu/printingin3d/javascad/models/Abstract3dModel;)V+29
j  com.github.grishberg.cad3d.KeyboardBuilder.createCaseModel(Lcom/github/grishberg/cad3d/keyboard/cfg/KeyboardConfig;Lcom/github/grishberg/cad3d/keyboard/KeyPlace;Lcom/github/grishberg/cad3d/keyboard/ThumbKeyPlace;Lcom/github/grishberg/cad3d/keyboard/screws/ScrewWallPlaces;Lcom/github/grishberg/cad3d/keyboard/casebody/Walls;Lcom/github/grishberg/cad3d/keyboard/casebody/controllers/ControllerPlace;Lcom/github/grishberg/cad3d/keyboard/casebody/controllers/SwitcherPlace;Lcom/github/grishberg/cad3d/keyboard/casebody/controllers/ControllerFactory;Lcom/github/grishberg/cad3d/keyboard/casebody/controllers/switcher/SwitcherFactory;Lcom/github/grishberg/cad3d/keyboard/casebody/controllers/Controller;Lcom/github/grishberg/cad3d/trackball/Trackball;Lcom/github/grishberg/cad3d/keyboard/casebody/thumb/ThumbBorders;Lcom/github/grishberg/cad3d/keyboard/casebody/thumb/ThumbWalls;)Lcom/github/grishberg/cad3d/keyboard/ModelHolder;+665
j  com.github.grishberg.cad3d.KeyboardBuilder.createCase(Lcom/github/grishberg/cad3d/keyboard/cfg/KeyboardConfig;Lcom/github/grishberg/cad3d/keyboard/KeyPlace;Lcom/github/grishberg/cad3d/keyboard/ThumbKeyPlace;Lcom/github/grishberg/cad3d/keyboard/screws/ScrewWallPlaces;Lcom/github/grishberg/cad3d/keyboard/casebody/Walls;Lcom/github/grishberg/cad3d/keyboard/casebody/controllers/ControllerPlace;Lcom/github/grishberg/cad3d/keyboard/casebody/controllers/SwitcherPlace;Lcom/github/grishberg/cad3d/keyboard/casebody/controllers/ControllerFactory;Lcom/github/grishberg/cad3d/keyboard/casebody/controllers/switcher/SwitcherFactory;Lcom/github/grishberg/cad3d/keyboard/casebody/controllers/Controller;Lcom/github/grishberg/cad3d/trackball/Trackball;Lcom/github/grishberg/cad3d/keyboard/casebody/thumb/ThumbBorders;Lcom/github/grishberg/cad3d/keyboard/casebody/thumb/ThumbWalls;)Ljava/util/List;+44
j  com.github.grishberg.cad3d.KeyboardBuilder.access$createCase(Lcom/github/grishberg/cad3d/KeyboardBuilder;Lcom/github/grishberg/cad3d/keyboard/cfg/KeyboardConfig;Lcom/github/grishberg/cad3d/keyboard/KeyPlace;Lcom/github/grishberg/cad3d/keyboard/ThumbKeyPlace;Lcom/github/grishberg/cad3d/keyboard/screws/ScrewWallPlaces;Lcom/github/grishberg/cad3d/keyboard/casebody/Walls;Lcom/github/grishberg/cad3d/keyboard/casebody/controllers/ControllerPlace;Lcom/github/grishberg/cad3d/keyboard/casebody/controllers/SwitcherPlace;Lcom/github/grishberg/cad3d/keyboard/casebody/controllers/ControllerFactory;Lcom/github/grishberg/cad3d/keyboard/casebody/controllers/switcher/SwitcherFactory;Lcom/github/grishberg/cad3d/keyboard/casebody/controllers/Controller;Lcom/github/grishberg/cad3d/trackball/Trackball;Lcom/github/grishberg/cad3d/keyboard/casebody/thumb/ThumbBorders;Lcom/github/grishberg/cad3d/keyboard/casebody/thumb/ThumbWalls;)Ljava/util/List;+24
j  com.github.grishberg.cad3d.KeyboardBuilder$exportStl$1$2.invokeSuspend(Ljava/lang/Object;)Ljava/lang/Object;+104
j  kotlin.coroutines.jvm.internal.BaseContinuationImpl.resumeWith(Ljava/lang/Object;)V+44
j  kotlinx.coroutines.DispatchedTask.run()V+317
j  kotlinx.coroutines.scheduling.CoroutineScheduler.runSafely(Lkotlinx/coroutines/scheduling/Task;)V+2
j  kotlinx.coroutines.scheduling.CoroutineScheduler$Worker.executeTask(Lkotlinx/coroutines/scheduling/Task;)V+30
j  kotlinx.coroutines.scheduling.CoroutineScheduler$Worker.runWorker()V+44
j  kotlinx.coroutines.scheduling.CoroutineScheduler$Worker.run()V+1
v  ~StubRoutines::call_stub

siginfo: si_signo: 11 (SIGSEGV), si_code: 1 (SEGV_MAPERR), si_addr: 0x000073ded59fc41f

Registers:
RAX=0x000073da80cfc398, RBX=0x000073d9e805f510, RCX=0x0000000000000000, RDX=0x0000000000000000
RSP=0x000073da805fd938, RBP=0x000073da805fd970, RSI=0x000073d9e805f510, RDI=0x000073ded59fc40f
R8 =0x000073d9e805f510, R9 =0x0000000000000000, R10=0x000073dae0dd52ef, R11=0x000073dad935e5e0
R12=0x000073ded59fc40f, R13=0x000073d9e80ea4a0, R14=0x000073da805fd970, R15=0x000073da80c10b30
RIP=0x000073daf5a9fff4, EFLAGS=0x0000000000010246, CSGSFS=0x002b000000000033, ERR=0x0000000000000004
  TRAPNO=0x000000000000000e

XMM[0]=0x000073d9e80ea490 0x000073d9e80ea4a0
XMM[1]=0x0000000000000000 0x0000000000000000
XMM[2]=0x0000000000000000 0x3f1a36e2eb1c432d
XMM[3]=0x0000000000000000 0x3ff0000000000000
XMM[4]=0x0000000000000000 0x0000000000000000
XMM[5]=0x0000000000000000 0x3ff0000000000000
XMM[6]=0x0000000000000000 0x40477c23087a6128
XMM[7]=0x0000000000000000 0x40477c23087a6128
XMM[8]=0x0000000000000000 0x0000000000000000
XMM[9]=0x0000000000000000 0x0000000000000000
XMM[10]=0x0000000000000000 0xc021334a2aee9cea
XMM[11]=0x0000000000000000 0x0000000000000000
XMM[12]=0x0000000000000000 0x0000000000000000
XMM[13]=0x0000000000000000 0x0000000000000000
XMM[14]=0x0000000000000000 0x0000000000000000
XMM[15]=0x0000000000000000 0x3ff0000000000000
  MXCSR=0x00001fa4


Register to memory mapping:

RAX=0x000073da80cfc398: _ZTVN8manifold9CsgOpNodeE+0x0000000000000010 in /tmp/manifold3d11961658150370522300/libmanifold.so.3 at 0x000073da80b9a000
RBX=0x000073d9e805f510 points into unknown readable memory: 0x000073ded59fc40f | 0f c4 9f d5 de 73 00 00
RCX=0x0 is NULL
RDX=0x0 is NULL
RSP=0x000073da805fd938 is pointing into the stack for thread: 0x000073d9f0064c10
RBP=0x000073da805fd970 is pointing into the stack for thread: 0x000073d9f0064c10
RSI=0x000073d9e805f510 points into unknown readable memory: 0x000073ded59fc40f | 0f c4 9f d5 de 73 00 00
RDI=0x000073ded59fc40f is an unknown value
R8 =0x000073d9e805f510 points into unknown readable memory: 0x000073ded59fc40f | 0f c4 9f d5 de 73 00 00
R9 =0x0 is NULL
R10=0x000073dae0dd52ef is at entry_point+79 in (nmethod*)0x000073dae0dd5110
Compiled method (n/a) 254  766     n 0       com.cadoodlecad.manifold.ManifoldBindings::jniUnion (native)
 total in heap  [0x000073dae0dd5110,0x000073dae0dd5490] = 896
 relocation     [0x000073dae0dd5270,0x000073dae0dd52a0] = 48
 main code      [0x000073dae0dd52a0,0x000073dae0dd5488] = 488
 oops           [0x000073dae0dd5488,0x000073dae0dd5490] = 8
0x000073dae0dd52cf:   4c 8b c1 48 8b ca 48 8b d6 49 be a8 01 03 f5 00
0x000073dae0dd52df:   00 00 00 4c 89 74 24 30 4c 8d 74 24 30 49 8b f6
0x000073dae0dd52ef:   c5 f8 77 
R11=0x000073dad935e5e0 is at entry_point+32 in (nmethod*)0x000073dad935e410
Compiled method (c1) 254  782       3       eu.printingin3d.javascad.manifold.Manifold3dEngine::unionNative (8 bytes)
 total in heap  [0x000073dad935e410,0x000073dad935e780] = 880
 relocation     [0x000073dad935e570,0x000073dad935e5a8] = 56
 main code      [0x000073dad935e5c0,0x000073dad935e6c0] = 256
 stub code      [0x000073dad935e6c0,0x000073dad935e700] = 64
 oops           [0x000073dad935e700,0x000073dad935e708] = 8
 metadata       [0x000073dad935e708,0x000073dad935e710] = 8
 scopes data    [0x000073dad935e710,0x000073dad935e738] = 40
 scopes pcs     [0x000073dad935e738,0x000073dad935e778] = 64
 dependencies   [0x000073dad935e778,0x000073dad935e780] = 8
0x000073dad935e5e0:   89 84 24 00 c0 fe ff 55 48 83 ec 40 
R12=0x000073ded59fc40f is an unknown value
R13=0x000073d9e80ea4a0 points into unknown readable memory: 0x000073da80cfc398 | 98 c3 cf 80 da 73 00 00
R14=0x000073da805fd970 is pointing into the stack for thread: 0x000073d9f0064c10
R15=0x000073da80c10b30: _ZN8manifold9CsgOpNode7BooleanERKSt10shared_ptrINS_7CsgNodeEENS_6OpTypeE+0x0000000000000000 in /tmp/manifold3d11961658150370522300/libmanifold.so.3 at 0x000073da80b9a000


Top of Stack: (sp=0x000073da805fd938)
0x000073da805fd938:   000073da80c53899 000073da805fda00
0x000073da805fd948:   0000000000000000 000073d9e805f510
0x000073da805fd958:   000073da80c56c5e 000073d9e80ea4a0
0x000073da805fd968:   000073d9e80ea490 0000000000000007
0x000073da805fd978:   000073d9e80008e0 00000000f5010408
0x000073da805fd988:   ffffffff63a8b002 000073da805fd9c0
0x000073da805fd998:   34123b3f4051ed00 0000000000000138
0x000073da805fd9a8:   000073da805fda00 000073da805fda00
0x000073da805fd9b8:   000073d9e805f510 000073da805fdc28
0x000073da805fd9c8:   000073da805fdad0 000073d9f0064c10
0x000073da805fd9d8:   000073da80c56eb3 000073dae0668260
0x000073da805fd9e8:   34123b3f4051ed00 000073d9e805f510
0x000073da805fd9f8:   000073da900312f6 000073da2f40a04b
0x000073da805fda08:   000073d9e805f510 ffffffff63a8b002
0x000073da805fda18:   00000000f5010408 00000000f5010290
0x000073da805fda28:   0000000000000030 0000000000000000
0x000073da805fda38:   34123b3f4051ed00 0000000000000150
0x000073da805fda48:   000073da805fda90 0000000000000000
0x000073da805fda58:   000073daf5c21fbf 000073da805fda90
0x000073da805fda68:   000073d9e805f510 000073d9e80ab510
0x000073da805fda78:   000073d9e805f510 000073da805fdad0
0x000073da805fda88:   000073d9f0064ec0 000073da805fdae0
0x000073da805fda98:   000073dae0dd5368 0000000000000007
0x000073da805fdaa8:   000073d9e80008e0 00000000f5010408
0x000073da805fdab8:   000073d9e805f510 000073d9f0064c10
0x000073da805fdac8:   000073da805fdd10 00000000f50301a8
0x000073da805fdad8:   0000000000000000 000073da805fdca8
0x000073da805fdae8:   000073dad9375e64 0000000000000007
0x000073da805fdaf8:   0000000000000000 000073da805fdba0
0x000073da805fdb08:   00000000f5010408 000073da805fdb40
0x000073da805fdb18:   0000000000000138 000073da2f409e40
0x000073da805fdb28:   000073d9e80ab510 000073d9e805f510 

Instructions: (pc=0x000073daf5a9fff4)
0x000073daf5a9fef4:   ff ff ff 83 f8 92 0f 84 68 ff ff ff 8d 50 26 83
0x000073daf5a9ff04:   f8 da 72 14 48 b8 09 00 00 08 2c 00 00 00 48 0f
0x000073daf5a9ff14:   a3 d0 0f 82 4c ff ff ff 48 8d 3d d5 10 13 00 e8
0x000073daf5a9ff24:   18 0b ff ff 83 f8 f5 0f 84 a9 fd ff ff 83 f8 fc
0x000073daf5a9ff34:   0f 84 a0 fd ff ff eb e0 0f 1f 40 00 be 80 00 00
0x000073daf5a9ff44:   00 48 89 df e8 73 90 ff ff e9 16 ff ff ff 64 48
0x000073daf5a9ff54:   c7 04 25 f0 02 00 00 00 00 00 00 b8 23 00 00 00
0x000073daf5a9ff64:   e9 97 fa ff ff b8 0b 00 00 00 e9 8d fa ff ff 41
0x000073daf5a9ff74:   8b 04 24 83 e0 7f 83 f8 12 74 d3 83 f8 11 0f 85
0x000073daf5a9ff84:   2f fd ff ff e9 06 ff ff ff e8 2e 7f 09 00 48 8d
0x000073daf5a9ff94:   0d e7 4d 13 00 ba bd 01 00 00 48 8d 35 c0 c4 12
0x000073daf5a9ffa4:   00 48 8d 3d 74 11 13 00 e8 3f b3 f9 ff 48 8d 0d
0x000073daf5a9ffb4:   c8 4d 13 00 ba c2 01 00 00 48 8d 35 a1 c4 12 00
0x000073daf5a9ffc4:   48 8d 3d af c4 12 00 e8 20 b3 f9 ff 48 8d 0d a9
0x000073daf5a9ffd4:   4d 13 00 ba 5f 02 00 00 48 8d 35 82 c4 12 00 48
0x000073daf5a9ffe4:   8d 3d a6 c4 12 00 e8 01 b3 f9 ff 90 f3 0f 1e fa
0x000073daf5a9fff4:   8b 47 10 89 c2 81 e2 7f 01 00 00 90 83 e0 7c 0f
0x000073daf5aa0004:   85 a7 00 00 00 55 48 89 e5 53 48 83 ec 18 85 d2
0x000073daf5aa0014:   0f 85 9e 00 00 00 44 8b 0d 0f 57 16 00 45 85 c9
0x000073daf5aa0024:   75 5a 8b 77 10 81 e6 80 00 00 00 75 09 80 3d 08
0x000073daf5aa0034:   b0 16 00 00 75 36 31 c0 ba 01 00 00 00 f0 0f b1
0x000073daf5aa0044:   17 0f 85 ad 00 00 00 8b 4f 08 85 c9 0f 85 54 01
0x000073daf5aa0054:   00 00 64 8b 04 25 d0 02 00 00 89 47 08 83 47 0c
0x000073daf5aa0064:   01 90 31 c0 48 8b 5d f8 c9 c3 66 90 44 8b 07 45
0x000073daf5aa0074:   85 c0 75 c2 c7 07 01 00 00 00 eb cb 8b 47 10 f6
0x000073daf5aa0084:   c4 03 74 08 f6 c4 01 74 99 eb 07 90 80 cc 01 89
0x000073daf5aa0094:   47 10 8b 57 10 48 8b 5d f8 48 8d 77 16 c9 81 e2
0x000073daf5aa00a4:   80 00 00 00 e9 a3 88 ff ff 0f 1f 00 e9 5b f8 ff
0x000073daf5aa00b4:   ff 0f 1f 00 81 fa 00 01 00 00 74 d6 8b 57 10 83
0x000073daf5aa00c4:   e2 7f 83 fa 01 0f 85 8e 00 00 00 64 8b 04 25 d0
0x000073daf5aa00d4:   02 00 00 39 47 08 75 2e 8b 47 04 83 f8 ff 0f 84
0x000073daf5aa00e4:   b8 00 00 00 83 c0 01 89 47 04 e9 73 ff ff ff 0f 


Stack slot to memory mapping:
stack at sp + 0 slots: 0x000073da80c53899: _ZNK8manifold8Manifold9LoadPNodeEv+0x0000000000000019 in /tmp/manifold3d11961658150370522300/libmanifold.so.3 at 0x000073da80b9a000
stack at sp + 1 slots: 0x000073da805fda00 is pointing into the stack for thread: 0x000073d9f0064c10
stack at sp + 2 slots: 0x0 is NULL
stack at sp + 3 slots: 0x000073d9e805f510 points into unknown readable memory: 0x000073ded59fc40f | 0f c4 9f d5 de 73 00 00
stack at sp + 4 slots: 0x000073da80c56c5e: _ZNK8manifold8Manifold7BooleanERKS0_NS_6OpTypeE+0x000000000000004e in /tmp/manifold3d11961658150370522300/libmanifold.so.3 at 0x000073da80b9a000
stack at sp + 5 slots: 0x000073d9e80ea4a0 points into unknown readable memory: 0x000073da80cfc398 | 98 c3 cf 80 da 73 00 00
stack at sp + 6 slots: 0x000073d9e80ea490 points into unknown readable memory: 0x000073da80cfc3d0 | d0 c3 cf 80 da 73 00 00
stack at sp + 7 slots: 0x0000000000000007 is an unknown value


Compiled method (n/a) 256  766     n 0       com.cadoodlecad.manifold.ManifoldBindings::jniUnion (native)
 total in heap  [0x000073dae0dd5110,0x000073dae0dd5490] = 896
 relocation     [0x000073dae0dd5270,0x000073dae0dd52a0] = 48
 main code      [0x000073dae0dd52a0,0x000073dae0dd5488] = 488
 oops           [0x000073dae0dd5488,0x000073dae0dd5490] = 8

[Constant Pool (empty)]

[MachCode]
[Entry Point]
  # {method} {0x000073da2f413880} 'jniUnion' '(JJJ)J' in 'com/cadoodlecad/manifold/ManifoldBindings'
  # parm0:    rsi:rsi   = long
  # parm1:    rdx:rdx   = long
  # parm2:    rcx:rcx   = long
  #           [sp+0x50]  (sp of caller)
  0x000073dae0dd52a0: 448b 5608 | 49bb 0000 | 0033 da73 | 0000 4d03 | d349 3bc2 | 0f84 0600 

  0x000073dae0dd52b8: ;   {runtime_call ic_miss_stub}
  0x000073dae0dd52b8: 0000 e9c1 | aa8d ff90 
[Verified Entry Point]
  0x000073dae0dd52c0: 8984 2400 | c0fe ff55 | 488b ec48 | 83ec 404c | 8bc1 488b | ca48 8bd6 

  0x000073dae0dd52d8: ;   {oop(a 'java/lang/Class'{0x00000000f50301a8} = 'com/cadoodlecad/manifold/ManifoldBindings')}
  0x000073dae0dd52d8: 49be a801 | 03f5 0000 | 0000 4c89 | 7424 304c | 8d74 2430 | 498b f6c5 

  0x000073dae0dd52f0: ;   {internal_word}
  0x000073dae0dd52f0: f877 49ba | ef52 dde0 | da73 0000 | 4d89 9798 | 0200 0049 | 89a7 9002 

  0x000073dae0dd5308: ;   {external_word}
  0x000073dae0dd5308: 0000 803d | 747e b314 | 000f 843a | 0000 0056 | 5251 4150 

  0x000073dae0dd531c: ;   {metadata({method} {0x000073da2f413880} 'jniUnion' '(JJJ)J' in 'com/cadoodlecad/manifold/ManifoldBindings')}
  0x000073dae0dd531c: 48be 8038 | 412f da73 | 0000 498b | fff7 c40f | 0000 000f | 8412 0000 | 0048 83ec 

  0x000073dae0dd5338: ;   {runtime_call SharedRuntime::dtrace_method_entry(JavaThread*, Method*)}
  0x000073dae0dd5338: 08e8 62d7 | 5014 4883 | c408 e905 

  0x000073dae0dd5344: ;   {runtime_call SharedRuntime::dtrace_method_entry(JavaThread*, Method*)}
  0x000073dae0dd5344: 0000 00e8 | 54d7 5014 | 4158 595a | 5e49 8dbf | b002 0000 | 41c7 8738 | 0300 0004 

  0x000073dae0dd5360: ;   {runtime_call Java_com_cadoodlecad_manifold_ManifoldBindings_jniUnion}
  0x000073dae0dd5360: 0000 00e8 | 20cc e414 | c5f8 7741 | c787 3803 | 0000 0500 | 0000 f083 | 4424 c000 | 493b af40 
  0x000073dae0dd5380: 0300 000f | 8711 0000 | 0041 81bf | 2803 0000 | 0000 0000 | 0f84 2400 | 0000 c5f8 | 7748 8945 
  0x000073dae0dd53a0: f849 8bff | 4c8b e448 | 83ec 0048 

  0x000073dae0dd53ac: ;   {runtime_call JavaThread::check_special_condition_for_native_trans(JavaThread*)}
  0x000073dae0dd53ac: 83e4 f0e8 | 1c9c 6914 | 498b e44d | 33e4 488b | 45f8 41c7 | 8738 0300 | 0008 0000 | 0041 81bf 
  0x000073dae0dd53cc: a803 0000 | 0200 0000 | 0f84 8400 

  0x000073dae0dd53d8: ;   {external_word}
  0x000073dae0dd53d8: 0000 803d | a47d b314 | 000f 8438 | 0000 0048 

  0x000073dae0dd53e8: ;   {metadata({method} {0x000073da2f413880} 'jniUnion' '(JJJ)J' in 'com/cadoodlecad/manifold/ManifoldBindings')}
  0x000073dae0dd53e8: 8945 f848 | be80 3841 | 2fda 7300 | 0049 8bff | f7c4 0f00 | 0000 0f84 | 1200 0000 | 4883 ec08 
  0x000073dae0dd5408: ;   {runtime_call SharedRuntime::dtrace_method_exit(JavaThread*, Method*)}
  0x000073dae0dd5408: e843 d750 | 1448 83c4 | 08e9 0500 

  0x000073dae0dd5414: ;   {runtime_call SharedRuntime::dtrace_method_exit(JavaThread*, Method*)}
  0x000073dae0dd5414: 0000 e835 | d750 1448 | 8b45 f849 | c787 9002 | 0000 0000 | 0000 49c7 | 8798 0200 | 0000 0000 
  0x000073dae0dd5434: 00c5 f877 | 498b 8fd8 | 0000 00c7 | 8100 0100 | 0000 0000 | 00c9 4981 | 7f08 0000 | 0000 0f85 
  0x000073dae0dd5454: 0100 0000 

  0x000073dae0dd5458: ;   {runtime_call StubRoutines (1)}
  0x000073dae0dd5458: c3e9 a2a7 | 88ff c5f8 | 7748 8945 | f84c 8be4 | 4883 ec00 | 4883 e4f0 

  0x000073dae0dd5470: ;   {runtime_call SharedRuntime::reguard_yellow_pages()}
  0x000073dae0dd5470: e84b e550 | 1449 8be4 | 4d33 e448 | 8b45 f8e9 | 56ff ffff | f4f4 f4f4 
[/MachCode]


Compiled method (c1) 261  835       3       com.cadoodlecad.manifold.ManifoldBindings::union (13 bytes)
 total in heap  [0x000073dad9375c10,0x000073dad9375fe0] = 976
 relocation     [0x000073dad9375d70,0x000073dad9375db8] = 72
 main code      [0x000073dad9375dc0,0x000073dad9375ee0] = 288
 stub code      [0x000073dad9375ee0,0x000073dad9375f30] = 80
 oops           [0x000073dad9375f30,0x000073dad9375f38] = 8
 metadata       [0x000073dad9375f38,0x000073dad9375f40] = 8
 scopes data    [0x000073dad9375f40,0x000073dad9375f88] = 72
 scopes pcs     [0x000073dad9375f88,0x000073dad9375fd8] = 80
 dependencies   [0x000073dad9375fd8,0x000073dad9375fe0] = 8

[Constant Pool (empty)]

[MachCode]
[Entry Point]
  # {method} {0x000073da2f417908} 'union' '(JJ)J' in 'com/cadoodlecad/manifold/ManifoldBindings'
  # this:     rsi:rsi   = 'com/cadoodlecad/manifold/ManifoldBindings'
  # parm0:    rdx:rdx   = long
  # parm1:    rcx:rcx   = long
  #           [sp+0x60]  (sp of caller)
  0x000073dad9375dc0: 448b 5608 | 49bb 0000 | 0033 da73 | 0000 4d03 | d34c 3bd0 

  0x000073dad9375dd4: ;   {runtime_call ic_miss_stub}
  0x000073dad9375dd4: 0f85 a69f | 3307 660f | 1f44 0000 
[Verified Entry Point]
  0x000073dad9375de0: 8984 2400 | c0fe ff55 | 4883 ec50 

  0x000073dad9375dec: ;   {metadata(method data for {method} {0x000073da2f417908} 'union' '(JJ)J' in 'com/cadoodlecad/manifold/ManifoldBindings')}
  0x000073dad9375dec: 48bf 7899 | 6b2f da73 | 0000 8b9f | f400 0000 | 83c3 0289 | 9ff4 0000 | 0081 e3fe | 0700 0083 
  0x000073dad9375e0c: fb00 0f84 | 6300 0000 | 4889 4c24 | 4048 8954 

  0x000073dad9375e1c: ;   {metadata(method data for {method} {0x000073da2f417908} 'union' '(JJ)J' in 'com/cadoodlecad/manifold/ManifoldBindings')}
  0x000073dad9375e1c: 2438 48be | 7899 6b2f | da73 0000 | 4883 8638 | 0100 0001 | 0f1f 8000 

  0x000073dad9375e34: ;   {static_call}
  0x000073dad9375e34: 0000 00e8 

  0x000073dad9375e38: ; ImmutableOopMap {}
                      ;*invokestatic jniAllocManifold {reexecute=0 rethrow=0 return_oop=0}
                      ; - com.cadoodlecad.manifold.ManifoldBindings::union@0 (line 433)
  0x000073dad9375e38: 04d1 a507 

  0x000073dad9375e3c: ;   {metadata(method data for {method} {0x000073da2f417908} 'union' '(JJ)J' in 'com/cadoodlecad/manifold/ManifoldBindings')}
  0x000073dad9375e3c: 48be 7899 | 6b2f da73 | 0000 4883 | 8648 0100 | 0001 488b | f048 8b54 | 2438 488b | 4c24 400f 
  0x000073dad9375e5c: ;   {static_call}
  0x000073dad9375e5c: 1f40 00e8 

  0x000073dad9375e60: ; ImmutableOopMap {}
                      ;*invokestatic jniUnion {reexecute=0 rethrow=0 return_oop=0}
                      ; - com.cadoodlecad.manifold.ManifoldBindings::union@9 (line 434)
  0x000073dad9375e60: 5cf4 a507 | 4883 c450 

  0x000073dad9375e68: ;   {poll_return}
  0x000073dad9375e68: 5d49 3ba7 | 4003 0000 | 0f87 2200 

  0x000073dad9375e74: ;   {metadata({method} {0x000073da2f417908} 'union' '(JJ)J' in 'com/cadoodlecad/manifold/ManifoldBindings')}
  0x000073dad9375e74: 0000 c349 | ba08 7941 | 2fda 7300 | 004c 8954 | 2408 48c7 | 0424 ffff 

  0x000073dad9375e8c: ;   {runtime_call counter_overflow Runtime1 stub}
  0x000073dad9375e8c: ffff e8ed 

  0x000073dad9375e90: ; ImmutableOopMap {rsi=Oop }
                      ;*synchronization entry
                      ; - com.cadoodlecad.manifold.ManifoldBindings::union@-1 (line 433)
  0x000073dad9375e90: 1c3e 07e9 | 7cff ffff 

  0x000073dad9375e98: ;   {internal_word}
  0x000073dad9375e98: 49ba 695e | 37d9 da73 | 0000 4d89 | 9758 0300 

  0x000073dad9375ea8: ;   {runtime_call SafepointBlob}
  0x000073dad9375ea8: 00e9 5208 | 3407 9090 | 498b 87d0 | 0300 0049 | c787 d003 | 0000 0000 | 0000 49c7 | 87d8 0300 
  0x000073dad9375ec8: 0000 0000 | 0048 83c4 

  0x000073dad9375ed0: ;   {runtime_call unwind_exception Runtime1 stub}
  0x000073dad9375ed0: 505d e9a9 | d334 07f4 | f4f4 f4f4 | f4f4 f4f4 
[Stub Code]
  0x000073dad9375ee0: ;   {no_reloc}
  0x000073dad9375ee0: 0f1f 4400 

  0x000073dad9375ee4: ;   {static_stub}
  0x000073dad9375ee4: 0048 bb00 | 0000 0000 

  0x000073dad9375eec: ;   {runtime_call}
  0x000073dad9375eec: 0000 00e9 | fbff ffff 

  0x000073dad9375ef4: ;   {static_stub}
  0x000073dad9375ef4: 9048 bb00 | 0000 0000 

  0x000073dad9375efc: ;   {runtime_call}
  0x000073dad9375efc: 0000 00e9 | fbff ffff 
[Exception Handler]
  0x000073dad9375f04: ;   {runtime_call handle_exception_from_callee Runtime1 stub}
  0x000073dad9375f04: e877 e03d 

  0x000073dad9375f08: ;   {external_word}
  0x000073dad9375f08: 0748 bf52 | 5759 f5da | 7300 0048 

  0x000073dad9375f14: ;   {runtime_call MacroAssembler::debug64(char*, long, long*)}
  0x000073dad9375f14: 83e4 f0e8 | 544c d91b 

  0x000073dad9375f1c: ;   {section_word}
  0x000073dad9375f1c: f449 ba1d | 5f37 d9da | 7300 0041 

  0x000073dad9375f28: ;   {runtime_call DeoptimizationBlob}
  0x000073dad9375f28: 52e9 72fa | 3307 f4f4 
[/MachCode]


Compiled method (c1) 263  781   !   3       eu.printingin3d.javascad.manifold.Manifold3dEngine::operateNative (113 bytes)
 total in heap  [0x000073dad935d890,0x000073dad935e388] = 2808
 relocation     [0x000073dad935d9f0,0x000073dad935daa8] = 184
 main code      [0x000073dad935dac0,0x000073dad935df60] = 1184
 stub code      [0x000073dad935df60,0x000073dad935dff0] = 144
 oops           [0x000073dad935dff0,0x000073dad935e000] = 16
 metadata       [0x000073dad935e000,0x000073dad935e010] = 16
 scopes data    [0x000073dad935e010,0x000073dad935e100] = 240
 scopes pcs     [0x000073dad935e100,0x000073dad935e220] = 288
 dependencies   [0x000073dad935e220,0x000073dad935e228] = 8
 handler table  [0x000073dad935e228,0x000073dad935e360] = 312
 nul chk table  [0x000073dad935e360,0x000073dad935e388] = 40

[Constant Pool (empty)]

[MachCode]
[Entry Point]
  # {method} {0x000073da2f40b8e8} 'operateNative' '(JJI)J' in 'eu/printingin3d/javascad/manifold/Manifold3dEngine'
  # this:     rsi:rsi   = 'eu/printingin3d/javascad/manifold/Manifold3dEngine'
  # parm0:    rdx:rdx   = long
  # parm1:    rcx:rcx   = long
  # parm2:    r8        = int
  #           [sp+0x80]  (sp of caller)
  0x000073dad935dac0: 448b 5608 | 49bb 0000 | 0033 da73 | 0000 4d03 | d34c 3bd0 

  0x000073dad935dad4: ;   {runtime_call ic_miss_stub}
  0x000073dad935dad4: 0f85 a622 | 3507 660f | 1f44 0000 
[Verified Entry Point]
  0x000073dad935dae0: 8984 2400 | c0fe ff55 | 4883 ec70 

  0x000073dad935daec: ;   {metadata(method data for {method} {0x000073da2f40b8e8} 'operateNative' '(JJI)J' in 'eu/printingin3d/javascad/manifold/Manifold3dEngine')}
  0x000073dad935daec: 48b8 4096 | 6b2f da73 | 0000 8bb8 | f400 0000 | 83c7 0289 | b8f4 0000 | 0081 e7fe | 0700 0083 
  0x000073dad935db0c: ff00 0f84 | 4d03 0000 

  0x000073dad935db14: ;   {oop(a 'java/lang/Object'{0x00000000f5010408})}
  0x000073dad935db14: 48be 0804 | 01f5 0000 | 0000 488d | 7c24 5048 | 8977 0848 | 8b06 4883 | c801 4889 | 07f0 480f 
  0x000073dad935db34: b13e 0f84 | 1300 0000 | 482b c448 | 81e0 07f0 | ffff 4889 | 070f 8538 | 0300 0044 | 8944 2430 
  0x000073dad935db54: 4889 4c24 | 4048 8954 

  0x000073dad935db5c: ;   {oop(a 'eu/printingin3d/javascad/manifold/Manifold3dEngine'{0x00000000f5010310})}
  0x000073dad935db5c: 2438 48be | 1003 01f5 | 0000 0000 

  0x000073dad935db68: ;   {metadata(method data for {method} {0x000073da2f40b8e8} 'operateNative' '(JJI)J' in 'eu/printingin3d/javascad/manifold/Manifold3dEngine')}
  0x000073dad935db68: 488b fe48 | bb40 966b | 2fda 7300 | 0048 8383 | 3801 0000 

  0x000073dad935db7c: ;   {optimized virtual_call}
  0x000073dad935db7c: 0166 90e8 

  0x000073dad935db80: ; ImmutableOopMap {[88]=Oop }
                      ;*invokespecial getBindings {reexecute=0 rethrow=0 return_oop=0}
                      ; - eu.printingin3d.javascad.manifold.Manifold3dEngine::operateNative@15 (line 226)
  0x000073dad935db80: 3c52 feff 

  0x000073dad935db84: ;   {metadata(method data for {method} {0x000073da2f40b8e8} 'operateNative' '(JJI)J' in 'eu/printingin3d/javascad/manifold/Manifold3dEngine')}
  0x000073dad935db84: 48ba 4096 | 6b2f da73 | 0000 48c7 | c150 0100 | 0044 8b44 | 2430 4183 | f800 488b | f148 c7c1 
  0x000073dad935dba4: 6001 0000 | 480f 45ce | 4183 f801 | 488b f148 | c7c1 7001 | 0000 480f | 45ce 4183 | f802 488b 
  0x000073dad935dbc4: f148 c7c1 | 8001 0000 | 480f 45ce | 488b 340a | 49c7 c201 | 0000 0049 | 03f2 4889 | 340a 4183 
  0x000073dad935dbe4: f800 0f84 | b500 0000 | 4183 f801 | 0f84 5b00 | 0000 4183 | f802 0f85 | 3f01 0000 

  0x000073dad935dc00: ; implicit exception: dispatches to 0x000073dad935de9a
  0x000073dad935dc00: 483b 0048 

  0x000073dad935dc04: ;   {metadata(method data for {method} {0x000073da2f40b8e8} 'operateNative' '(JJI)J' in 'eu/printingin3d/javascad/manifold/Manifold3dEngine')}
  0x000073dad935dc04: 8bd0 48b9 | 4096 6b2f | da73 0000 

  0x000073dad935dc10: ;   {metadata('com/cadoodlecad/manifold/ManifoldBindings')}
  0x000073dad935dc10: 49ba 0020 | 0034 da73 | 0000 4c89 | 9148 0200 | 0048 8381 | 5002 0000 | 0148 8b54 | 2438 488b 
  0x000073dad935dc30: 4c24 4048 

  0x000073dad935dc34: ;   {optimized virtual_call}
  0x000073dad935dc34: 8bf0 90e8 

  0x000073dad935dc38: ; ImmutableOopMap {[88]=Oop }
                      ;*invokevirtual intersection {reexecute=0 rethrow=0 return_oop=0}
                      ; - eu.printingin3d.javascad.manifold.Manifold3dEngine::operateNative@72 (line 230)
  0x000073dad935dc38: 4424 3507 

  0x000073dad935dc3c: ;   {metadata(method data for {method} {0x000073da2f40b8e8} 'operateNative' '(JJI)J' in 'eu/printingin3d/javascad/manifold/Manifold3dEngine')}
  0x000073dad935dc3c: 48ba 4096 | 6b2f da73 | 0000 ff82 | 7002 0000 | e99b 0000 | 0048 3b00 

  0x000073dad935dc54: ;   {metadata(method data for {method} {0x000073da2f40b8e8} 'operateNative' '(JJI)J' in 'eu/printingin3d/javascad/manifold/Manifold3dEngine')}
  0x000073dad935dc54: 488b d048 | b940 966b | 2fda 7300 

  0x000073dad935dc60: ;   {metadata('com/cadoodlecad/manifold/ManifoldBindings')}
  0x000073dad935dc60: 0049 ba00 | 2000 34da | 7300 004c | 8991 f801 | 0000 4883 | 8100 0200 | 0001 488b | 5424 3848 
  0x000073dad935dc80: 8b4c 2440 

  0x000073dad935dc84: ;   {optimized virtual_call}
  0x000073dad935dc84: 488b f0e8 

  0x000073dad935dc88: ; ImmutableOopMap {[88]=Oop }
                      ;*invokevirtual difference {reexecute=0 rethrow=0 return_oop=0}
                      ; - eu.printingin3d.javascad.manifold.Manifold3dEngine::operateNative@62 (line 229)
  0x000073dad935dc88: f902 0000 

  0x000073dad935dc8c: ;   {metadata(method data for {method} {0x000073da2f40b8e8} 'operateNative' '(JJI)J' in 'eu/printingin3d/javascad/manifold/Manifold3dEngine')}
  0x000073dad935dc8c: 48ba 4096 | 6b2f da73 | 0000 ff82 | 2002 0000 | e94b 0000 | 0048 8b4c | 2440 488b | 5424 3848 
  0x000073dad935dcac: 3b00 488b 

  0x000073dad935dcb0: ;   {metadata(method data for {method} {0x000073da2f40b8e8} 'operateNative' '(JJI)J' in 'eu/printingin3d/javascad/manifold/Manifold3dEngine')}
  0x000073dad935dcb0: f048 bf40 | 966b 2fda 

  0x000073dad935dcb8: ;   {metadata('com/cadoodlecad/manifold/ManifoldBindings')}
  0x000073dad935dcb8: 7300 0049 | ba00 2000 | 34da 7300 | 004c 8997 | a801 0000 | 4883 87b0 | 0100 0001 

  0x000073dad935dcd4: ;   {optimized virtual_call}
  0x000073dad935dcd4: 488b f0e8 

  0x000073dad935dcd8: ; ImmutableOopMap {[88]=Oop }
                      ;*invokevirtual union {reexecute=0 rethrow=0 return_oop=0}
                      ; - eu.printingin3d.javascad.manifold.Manifold3dEngine::operateNative@52 (line 228)
  0x000073dad935dcd8: 0481 0100 

  0x000073dad935dcdc: ;   {metadata(method data for {method} {0x000073da2f40b8e8} 'operateNative' '(JJI)J' in 'eu/printingin3d/javascad/manifold/Manifold3dEngine')}
  0x000073dad935dcdc: 48ba 4096 | 6b2f da73 | 0000 ff82 | d001 0000 

  0x000073dad935dcec: ;   {oop(a 'java/lang/Object'{0x00000000f5010408})}
  0x000073dad935dcec: 488b f048 | b808 0401 | f500 0000 | 0048 8d44 | 2450 488b | 1048 85d2 | 0f84 0f00 | 0000 488b 
  0x000073dad935dd0c: 7808 f048 | 0fb1 170f | 8590 0100 

  0x000073dad935dd18: ;   {metadata(method data for {method} {0x000073da2f40b8e8} 'operateNative' '(JJI)J' in 'eu/printingin3d/javascad/manifold/Manifold3dEngine')}
  0x000073dad935dd18: 0048 b840 | 966b 2fda | 7300 00ff | 80b8 0200 | 0048 8bc6 | 4883 c470 

  0x000073dad935dd30: ;   {poll_return}
  0x000073dad935dd30: 5d49 3ba7 | 4003 0000 | 0f87 7e01 | 0000 c390 

  0x000073dad935dd40: ;   {no_reloc}
  0x000073dad935dd40: e99c 0100 | 0000 0000 | 0000 498b | 8708 0100 | 0048 8d78 | 2849 3bbf | 1801 0000 | 0f87 8901 
  0x000073dad935dd60: 0000 4989 | bf08 0100 | 0048 c700 | 0100 0000 | 488b ca49 | ba00 0000 | 33da 7300 | 0049 2bca 
  0x000073dad935dd80: 8948 0848 | 33c9 8948 | 0c48 33c9 | 4889 4810 | 4889 4818 | 4889 4820 

  0x000073dad935dd98: ;   {no_reloc}
  0x000073dad935dd98: e96a 0100 | 0090 9090 | 9090 498b | f048 8944 | 2448 0f1f 

  0x000073dad935ddac: ;   {static_call}
  0x000073dad935ddac: 4400 00e8 

  0x000073dad935ddb0: ; ImmutableOopMap {[72]=Oop [88]=Oop }
                      ;*invokedynamic {reexecute=0 rethrow=0 return_oop=0}
                      ; - eu.printingin3d.javascad.manifold.Manifold3dEngine::operateNative@84 (line 231)
  0x000073dad935ddb0: cc28 3507 

  0x000073dad935ddb4: ;   {metadata(method data for {method} {0x000073da2f40b8e8} 'operateNative' '(JJI)J' in 'eu/printingin3d/javascad/manifold/Manifold3dEngine')}
  0x000073dad935ddb4: 48ba 4096 | 6b2f da73 | 0000 488d | 9298 0200 | 0048 85c0 | 750e 48f7 | 0201 0000 | 0075 05f0 
  0x000073dad935ddd4: 4883 0a01 | 488b 5424 

  0x000073dad935dddc: ;   {metadata(method data for {method} {0x000073da2f40b8e8} 'operateNative' '(JJI)J' in 'eu/printingin3d/javascad/manifold/Manifold3dEngine')}
  0x000073dad935dddc: 4848 be40 | 966b 2fda | 7300 0048 | 8386 a802 | 0000 0148 | 8bd0 488b 

  0x000073dad935ddf4: ;   {optimized virtual_call}
  0x000073dad935ddf4: 7424 48e8 

  0x000073dad935ddf8: ; ImmutableOopMap {[72]=Oop [88]=Oop }
                      ;*invokespecial <init> {reexecute=0 rethrow=0 return_oop=0}
                      ; - eu.printingin3d.javascad.manifold.Manifold3dEngine::operateNative@89 (line 231)
  0x000073dad935ddf8: 8422 3507 | 488b 4424 

  0x000073dad935de00: ; ImmutableOopMap {[88]=Oop rax=Oop }
                      ;*athrow {reexecute=1 rethrow=0 return_oop=0}
                      ; - (reexecute) eu.printingin3d.javascad.manifold.Manifold3dEngine::operateNative@92 (line 231)
                      ;   {section_word}
  0x000073dad935de00: 4848 ba01 | de35 d9da 

  0x000073dad935de08: ;   {runtime_call handle_exception_nofpu Runtime1 stub}
  0x000073dad935de08: 7300 00e8 | 705b 3f07 | 9049 8b87 | d003 0000 | 4d33 d24d | 8997 d003 | 0000 4d33 | d24d 8997 
  0x000073dad935de28: d803 0000 

  0x000073dad935de2c: ;   {oop(a 'java/lang/Object'{0x00000000f5010408})}
  0x000073dad935de2c: 488b f048 | b808 0401 | f500 0000 | 0048 8d44 | 2450 488b | 3848 85ff | 0f84 0f00 | 0000 488b 
  0x000073dad935de4c: 5808 f048 | 0fb1 3b0f | 85b8 0000 | 0048 8bc6 | e9e2 0000 

  0x000073dad935de60: ;   {metadata({method} {0x000073da2f40b8e8} 'operateNative' '(JJI)J' in 'eu/printingin3d/javascad/manifold/Manifold3dEngine')}
  0x000073dad935de60: 0049 bae8 | b840 2fda | 7300 004c | 8954 2408 | 48c7 0424 | ffff ffff 

  0x000073dad935de78: ;   {runtime_call counter_overflow Runtime1 stub}
  0x000073dad935de78: e803 9d3f 

  0x000073dad935de7c: ; ImmutableOopMap {rsi=Oop }
                      ;*synchronization entry
                      ; - eu.printingin3d.javascad.manifold.Manifold3dEngine::operateNative@-1 (line 225)
  0x000073dad935de7c: 07e9 92fc 

  0x000073dad935de80: ;   {runtime_call throw_null_pointer_exception Runtime1 stub}
  0x000073dad935de80: ffff e819 

  0x000073dad935de84: ; ImmutableOopMap {rsi=Oop }
                      ;*monitorenter {reexecute=0 rethrow=0 return_oop=0}
                      ; - eu.printingin3d.javascad.manifold.Manifold3dEngine::operateNative@7 (line 225)
  0x000073dad935de84: 403f 0748 | 8974 2408 | 4889 3c24 

  0x000073dad935de90: ;   {runtime_call monitorenter_nofpu Runtime1 stub}
  0x000073dad935de90: e8eb 753f 

  0x000073dad935de94: ; ImmutableOopMap {rsi=Oop [88]=Oop }
                      ;*monitorenter {reexecute=0 rethrow=0 return_oop=0}
                      ; - eu.printingin3d.javascad.manifold.Manifold3dEngine::operateNative@7 (line 225)
  0x000073dad935de94: 07e9 b5fc 

  0x000073dad935de98: ;   {runtime_call throw_null_pointer_exception Runtime1 stub}
  0x000073dad935de98: ffff e801 

  0x000073dad935de9c: ; ImmutableOopMap {rax=Oop [88]=Oop }
                      ;*invokevirtual intersection {reexecute=0 rethrow=0 return_oop=0}
                      ; - eu.printingin3d.javascad.manifold.Manifold3dEngine::operateNative@72 (line 230)
                      ;   {runtime_call throw_null_pointer_exception Runtime1 stub}
  0x000073dad935de9c: 403f 07e8 

  0x000073dad935dea0: ; ImmutableOopMap {rax=Oop [88]=Oop }
                      ;*invokevirtual difference {reexecute=0 rethrow=0 return_oop=0}
                      ; - eu.printingin3d.javascad.manifold.Manifold3dEngine::operateNative@62 (line 229)
  0x000073dad935dea0: fc3f 3f07 

  0x000073dad935dea4: ;   {runtime_call throw_null_pointer_exception Runtime1 stub}
  0x000073dad935dea4: e8f7 3f3f 

  0x000073dad935dea8: ; ImmutableOopMap {rax=Oop [88]=Oop }
                      ;*invokevirtual union {reexecute=0 rethrow=0 return_oop=0}
                      ; - eu.printingin3d.javascad.manifold.Manifold3dEngine::operateNative@52 (line 228)
  0x000073dad935dea8: 0748 8d44 | 2450 4889 

  0x000073dad935deb0: ;   {runtime_call monitorexit_nofpu Runtime1 stub}
  0x000073dad935deb0: 0424 e8c9 | 7b3f 07e9 | 5dfe ffff 

  0x000073dad935debc: ;   {internal_word}
  0x000073dad935debc: 49ba 31dd | 35d9 da73 | 0000 4d89 | 9758 0300 

  0x000073dad935decc: ;   {runtime_call SafepointBlob}
  0x000073dad935decc: 00e9 2e88 

  0x000073dad935ded0: ;   {metadata(NULL)}
  0x000073dad935ded0: 3507 48ba | 0000 0000 | 0000 0000 | b800 0f05 

  0x000073dad935dee0: ;   {runtime_call load_klass_patching Runtime1 stub}
  0x000073dad935dee0: 0ae8 1a86 

  0x000073dad935dee4: ; ImmutableOopMap {[88]=Oop }
                      ;*new {reexecute=1 rethrow=0 return_oop=0}
                      ; - (reexecute) eu.printingin3d.javascad.manifold.Manifold3dEngine::operateNative@78 (line 231)
  0x000073dad935dee4: 3f07 e955 | feff ff48 

  0x000073dad935deec: ;   {runtime_call fast_new_instance Runtime1 stub}
  0x000073dad935deec: 8bd2 e88d 

  0x000073dad935def0: ; ImmutableOopMap {[88]=Oop }
                      ;*new {reexecute=0 rethrow=0 return_oop=0}
                      ; - eu.printingin3d.javascad.manifold.Manifold3dEngine::operateNative@78 (line 231)
  0x000073dad935def0: 4b3f 07e9 | a0fe ffff | 48ba 0000 | 0000 0000 | 0000 b800 

  0x000073dad935df04: ;   {runtime_call load_appendix_patching Runtime1 stub}
  0x000073dad935df04: 0f05 0ae8 

  0x000073dad935df08: ; ImmutableOopMap {rax=Oop [88]=Oop }
                      ;*invokedynamic {reexecute=1 rethrow=0 return_oop=0}
                      ; - (reexecute) eu.printingin3d.javascad.manifold.Manifold3dEngine::operateNative@84 (line 231)
  0x000073dad935df08: f491 3f07 | e987 feff | ff48 8d44 | 2450 4889 

  0x000073dad935df18: ;   {runtime_call monitorexit_nofpu Runtime1 stub}
  0x000073dad935df18: 0424 e861 | 7b3f 07e9 | 35ff ffff | 9090 498b | 87d0 0300 | 0049 c787 | d003 0000 | 0000 0000 
  0x000073dad935df38: 49c7 87d8 | 0300 0000 | 0000 0048 | 83c4 705d 

  0x000073dad935df48: ;   {runtime_call unwind_exception Runtime1 stub}
  0x000073dad935df48: e933 5336 | 07f4 f4f4 | f4f4 f4f4 | f4f4 f4f4 | f4f4 f4f4 | f4f4 f4f4 
[Stub Code]
  0x000073dad935df60: ;   {no_reloc}
  0x000073dad935df60: 0f1f 4400 

  0x000073dad935df64: ;   {static_stub}
  0x000073dad935df64: 0048 bb00 | 0000 0000 

  0x000073dad935df6c: ;   {runtime_call}
  0x000073dad935df6c: 0000 00e9 | fbff ffff 

  0x000073dad935df74: ;   {static_stub}
  0x000073dad935df74: 9048 bb00 | 0000 0000 

  0x000073dad935df7c: ;   {runtime_call}
  0x000073dad935df7c: 0000 00e9 | fbff ffff 

  0x000073dad935df84: ;   {static_stub}
  0x000073dad935df84: 9048 bbd8 | 7941 2fda 

  0x000073dad935df8c: ;   {runtime_call I2C/C2I adapters}
  0x000073dad935df8c: 7300 00e9 | 4dc0 3407 

  0x000073dad935df94: ;   {static_stub}
  0x000073dad935df94: 9048 bb08 | 7941 2fda 

  0x000073dad935df9c: ;   {runtime_call I2C/C2I adapters}
  0x000073dad935df9c: 7300 00e9 | 3dc0 3407 

  0x000073dad935dfa4: ;   {static_stub}
  0x000073dad935dfa4: 9048 bb00 | 0000 0000 

  0x000073dad935dfac: ;   {runtime_call}
  0x000073dad935dfac: 0000 00e9 | fbff ffff 

  0x000073dad935dfb4: ;   {static_stub}
  0x000073dad935dfb4: 9048 bb00 | 0000 0000 

  0x000073dad935dfbc: ;   {runtime_call}
  0x000073dad935dfbc: 0000 00e9 | fbff ffff 
[Exception Handler]
  0x000073dad935dfc4: ;   {runtime_call handle_exception_from_callee Runtime1 stub}
  0x000073dad935dfc4: e8b7 5f3f 

  0x000073dad935dfc8: ;   {external_word}
  0x000073dad935dfc8: 0748 bf52 | 5759 f5da | 7300 0048 

  0x000073dad935dfd4: ;   {runtime_call MacroAssembler::debug64(char*, long, long*)}
  0x000073dad935dfd4: 83e4 f0e8 | 94cb da1b 

  0x000073dad935dfdc: ;   {section_word}
  0x000073dad935dfdc: f449 badd | df35 d9da | 7300 0041 

  0x000073dad935dfe8: ;   {runtime_call DeoptimizationBlob}
  0x000073dad935dfe8: 52e9 b279 | 3507 f4f4 
[/MachCode]


---------------  P R O C E S S  ---------------

Threads class SMR info:
_java_thread_list=0x000073d9e402a6b0, length=20, elements={
0x000073daf002aac0, 0x000073daf01e9530, 0x000073daf01ea910, 0x000073daf01efea0,
0x000073daf01f1250, 0x000073daf01f2660, 0x000073daf01f4090, 0x000073daf01f55c0,
0x000073daf01f6a30, 0x000073daf01fe770, 0x000073daf0201f00, 0x000073da14097450,
0x000073da10086a30, 0x000073daf047f670, 0x000073daf0480220, 0x000073d9f0064c10,
0x000073d9f0057120, 0x000073d9f002fc90, 0x000073d9f0053740, 0x000073d9e4100650
}

Java Threads: ( => current thread )
  0x000073daf002aac0 JavaThread "main" [_thread_blocked, id=90372, stack(0x000073daf4417000,0x000073daf4517000)]
  0x000073daf01e9530 JavaThread "Reference Handler" daemon [_thread_blocked, id=90379, stack(0x000073da81dff000,0x000073da81eff000)]
  0x000073daf01ea910 JavaThread "Finalizer" daemon [_thread_blocked, id=90380, stack(0x000073da81cff000,0x000073da81dff000)]
  0x000073daf01efea0 JavaThread "Signal Dispatcher" daemon [_thread_blocked, id=90381, stack(0x000073da81bff000,0x000073da81cff000)]
  0x000073daf01f1250 JavaThread "Service Thread" daemon [_thread_blocked, id=90382, stack(0x000073da81500000,0x000073da81600000)]
  0x000073daf01f2660 JavaThread "Monitor Deflation Thread" daemon [_thread_blocked, id=90383, stack(0x000073da81400000,0x000073da81500000)]
  0x000073daf01f4090 JavaThread "C2 CompilerThread0" daemon [_thread_blocked, id=90384, stack(0x000073da81300000,0x000073da81400000)]
  0x000073daf01f55c0 JavaThread "C1 CompilerThread0" daemon [_thread_blocked, id=90385, stack(0x000073da81200000,0x000073da81300000)]
  0x000073daf01f6a30 JavaThread "Sweeper thread" daemon [_thread_blocked, id=90386, stack(0x000073da81100000,0x000073da81200000)]
  0x000073daf01fe770 JavaThread "Notification Thread" daemon [_thread_blocked, id=90387, stack(0x000073da81000000,0x000073da81100000)]
  0x000073daf0201f00 JavaThread "Common-Cleaner" daemon [_thread_blocked, id=90389, stack(0x000073da80dff000,0x000073da80eff000)]
  0x000073da14097450 JavaThread "C1 CompilerThread1" daemon [_thread_blocked, id=90390, stack(0x000073da80cff000,0x000073da80dff000)]
  0x000073da10086a30 JavaThread "C2 CompilerThread1" daemon [_thread_in_native, id=90391, stack(0x000073da80a9a000,0x000073da80b9a000)]
  0x000073daf047f670 JavaThread "DefaultDispatcher-worker-1" daemon [_thread_blocked, id=90392, stack(0x000073da80700000,0x000073da80800000)]
  0x000073daf0480220 JavaThread "DefaultDispatcher-worker-2" daemon [_thread_blocked, id=90393, stack(0x000073da80600000,0x000073da80700000)]
=>0x000073d9f0064c10 JavaThread "DefaultDispatcher-worker-3" daemon [_thread_in_native, id=90394, stack(0x000073da80500000,0x000073da80600000)]
  0x000073d9f0057120 JavaThread "DefaultDispatcher-worker-4" daemon [_thread_blocked, id=90395, stack(0x000073da80400000,0x000073da80500000)]
  0x000073d9f002fc90 JavaThread "DefaultDispatcher-worker-5" daemon [_thread_blocked, id=90396, stack(0x000073da80300000,0x000073da80400000)]
  0x000073d9f0053740 JavaThread "DefaultDispatcher-worker-6" daemon [_thread_blocked, id=90397, stack(0x000073da80200000,0x000073da80300000)]
  0x000073d9e4100650 JavaThread "Thread-6" daemon [_thread_in_native, id=90398, stack(0x000073da80100000,0x000073da80200000)]

Other Threads:
  0x000073daf01e5560 VMThread "VM Thread" [stack: 0x000073da81f00000,0x000073da82000000] [id=90378]
  0x000073daf02000b0 WatcherThread [stack: 0x000073da80f00000,0x000073da81000000] [id=90388]
  0x000073daf00605c0 GCTaskThread "GC Thread#0" [stack: 0x000073da91336000,0x000073da91436000] [id=90373]
  0x000073da780068e0 GCTaskThread "GC Thread#1" [stack: 0x000073da2ef00000,0x000073da2f000000] [id=90399]
  0x000073da78007350 GCTaskThread "GC Thread#2" [stack: 0x000073da2edff000,0x000073da2eeff000] [id=90400]
  0x000073da78007dc0 GCTaskThread "GC Thread#3" [stack: 0x000073da2ecfe000,0x000073da2edfe000] [id=90401]
  0x000073da78008830 GCTaskThread "GC Thread#4" [stack: 0x000073da2ebfd000,0x000073da2ecfd000] [id=90402]
  0x000073da780092a0 GCTaskThread "GC Thread#5" [stack: 0x000073da2eafc000,0x000073da2ebfc000] [id=90403]
  0x000073da78009d40 GCTaskThread "GC Thread#6" [stack: 0x000073da2e9fb000,0x000073da2eafb000] [id=90404]
  0x000073da7800a7e0 GCTaskThread "GC Thread#7" [stack: 0x000073da2e8fa000,0x000073da2e9fa000] [id=90405]
  0x000073da7800b280 GCTaskThread "GC Thread#8" [stack: 0x000073da2e7f9000,0x000073da2e8f9000] [id=90406]
  0x000073da7800bd20 GCTaskThread "GC Thread#9" [stack: 0x000073da2e6f8000,0x000073da2e7f8000] [id=90407]
  0x000073da7800cbb0 GCTaskThread "GC Thread#10" [stack: 0x000073da2e5f7000,0x000073da2e6f7000] [id=90408]
  0x000073da7800da40 GCTaskThread "GC Thread#11" [stack: 0x000073da2e4f6000,0x000073da2e5f6000] [id=90409]
  0x000073da7800e8d0 GCTaskThread "GC Thread#12" [stack: 0x000073da2e3f5000,0x000073da2e4f5000] [id=90410]
  0x000073daf0070bb0 ConcurrentGCThread "G1 Main Marker" [stack: 0x000073da91235000,0x000073da91335000] [id=90374]
  0x000073daf0071b20 ConcurrentGCThread "G1 Conc#0" [stack: 0x000073da91134000,0x000073da91234000] [id=90375]
  0x000073daf01b26b0 ConcurrentGCThread "G1 Refine#0" [stack: 0x000073da90326000,0x000073da90426000] [id=90376]
  0x000073daf01b35b0 ConcurrentGCThread "G1 Service" [stack: 0x000073da90225000,0x000073da90325000] [id=90377]

Threads with active compile tasks:
C2 CompilerThread1  270  740       4       eu.printingin3d.javascad.coords.Angles3d::rotate (392 bytes)

VM state: not at safepoint (normal execution)

VM Mutex/Monitor currently owned by a thread: None

Heap address: 0x0000000082000000, size: 30688 MB, Compressed Oops mode: Zero based, Oop shift amount: 3

CDS archive(s) mapped at: [0x000073da33000000-0x000073da33bca000-0x000073da33bca000), size 12361728, SharedBaseAddress: 0x000073da33000000, ArchiveRelocationMode: 1.
Compressed class space mapped at: 0x000073da34000000-0x000073da74000000, reserved size: 1073741824
Narrow klass base: 0x000073da33000000, Narrow klass shift: 0, Narrow klass range: 0x100000000

GC Precious Log:
 CPUs: 16 total, 16 available
 Memory: 121G
 Large Page Support: Disabled
 NUMA Support: Disabled
 Compressed Oops: Enabled (Zero based)
 Heap Region Size: 16M
 Heap Min Capacity: 16M
 Heap Initial Capacity: 1952M
 Heap Max Capacity: 30688M
 Pre-touch: Disabled
 Parallel Workers: 13
 Concurrent Workers: 3
 Concurrent Refinement Workers: 13
 Periodic GC: Disabled

Heap:
 garbage-first heap   total 2031616K, used 50715K [0x0000000082000000, 0x0000000800000000)
  region size 16384K, 4 young (65536K), 1 survivors (16384K)
 Metaspace       used 4838K, committed 5056K, reserved 1114112K
  class space    used 404K, committed 512K, reserved 1048576K

Heap Regions: E=young(eden), S=young(survivor), O=old, HS=humongous(starts), HC=humongous(continues), CS=collection set, F=free, OA=open archive, CA=closed archive, TAMS=top-at-mark-start (previous, next)
|   0|0x0000000082000000, 0x0000000082000000, 0x0000000083000000|  0%| F|  |TAMS 0x0000000082000000, 0x0000000082000000| Untracked 
|   1|0x0000000083000000, 0x0000000083000000, 0x0000000084000000|  0%| F|  |TAMS 0x0000000083000000, 0x0000000083000000| Untracked 
|   2|0x0000000084000000, 0x0000000084000000, 0x0000000085000000|  0%| F|  |TAMS 0x0000000084000000, 0x0000000084000000| Untracked 
|   3|0x0000000085000000, 0x0000000085000000, 0x0000000086000000|  0%| F|  |TAMS 0x0000000085000000, 0x0000000085000000| Untracked 
|   4|0x0000000086000000, 0x0000000086000000, 0x0000000087000000|  0%| F|  |TAMS 0x0000000086000000, 0x0000000086000000| Untracked 
|   5|0x0000000087000000, 0x0000000087000000, 0x0000000088000000|  0%| F|  |TAMS 0x0000000087000000, 0x0000000087000000| Untracked 
|   6|0x0000000088000000, 0x0000000088000000, 0x0000000089000000|  0%| F|  |TAMS 0x0000000088000000, 0x0000000088000000| Untracked 
|   7|0x0000000089000000, 0x0000000089000000, 0x000000008a000000|  0%| F|  |TAMS 0x0000000089000000, 0x0000000089000000| Untracked 
|   8|0x000000008a000000, 0x000000008a000000, 0x000000008b000000|  0%| F|  |TAMS 0x000000008a000000, 0x000000008a000000| Untracked 
|   9|0x000000008b000000, 0x000000008b000000, 0x000000008c000000|  0%| F|  |TAMS 0x000000008b000000, 0x000000008b000000| Untracked 
|  10|0x000000008c000000, 0x000000008c000000, 0x000000008d000000|  0%| F|  |TAMS 0x000000008c000000, 0x000000008c000000| Untracked 
|  11|0x000000008d000000, 0x000000008d000000, 0x000000008e000000|  0%| F|  |TAMS 0x000000008d000000, 0x000000008d000000| Untracked 
|  12|0x000000008e000000, 0x000000008e000000, 0x000000008f000000|  0%| F|  |TAMS 0x000000008e000000, 0x000000008e000000| Untracked 
|  13|0x000000008f000000, 0x000000008f000000, 0x0000000090000000|  0%| F|  |TAMS 0x000000008f000000, 0x000000008f000000| Untracked 
|  14|0x0000000090000000, 0x0000000090000000, 0x0000000091000000|  0%| F|  |TAMS 0x0000000090000000, 0x0000000090000000| Untracked 
|  15|0x0000000091000000, 0x0000000091000000, 0x0000000092000000|  0%| F|  |TAMS 0x0000000091000000, 0x0000000091000000| Untracked 
|  16|0x0000000092000000, 0x0000000092000000, 0x0000000093000000|  0%| F|  |TAMS 0x0000000092000000, 0x0000000092000000| Untracked 
|  17|0x0000000093000000, 0x0000000093000000, 0x0000000094000000|  0%| F|  |TAMS 0x0000000093000000, 0x0000000093000000| Untracked 
|  18|0x0000000094000000, 0x0000000094000000, 0x0000000095000000|  0%| F|  |TAMS 0x0000000094000000, 0x0000000094000000| Untracked 
|  19|0x0000000095000000, 0x0000000095000000, 0x0000000096000000|  0%| F|  |TAMS 0x0000000095000000, 0x0000000095000000| Untracked 
|  20|0x0000000096000000, 0x0000000096000000, 0x0000000097000000|  0%| F|  |TAMS 0x0000000096000000, 0x0000000096000000| Untracked 
|  21|0x0000000097000000, 0x0000000097000000, 0x0000000098000000|  0%| F|  |TAMS 0x0000000097000000, 0x0000000097000000| Untracked 
|  22|0x0000000098000000, 0x0000000098000000, 0x0000000099000000|  0%| F|  |TAMS 0x0000000098000000, 0x0000000098000000| Untracked 
|  23|0x0000000099000000, 0x0000000099000000, 0x000000009a000000|  0%| F|  |TAMS 0x0000000099000000, 0x0000000099000000| Untracked 
|  24|0x000000009a000000, 0x000000009a000000, 0x000000009b000000|  0%| F|  |TAMS 0x000000009a000000, 0x000000009a000000| Untracked 
|  25|0x000000009b000000, 0x000000009b000000, 0x000000009c000000|  0%| F|  |TAMS 0x000000009b000000, 0x000000009b000000| Untracked 
|  26|0x000000009c000000, 0x000000009c000000, 0x000000009d000000|  0%| F|  |TAMS 0x000000009c000000, 0x000000009c000000| Untracked 
|  27|0x000000009d000000, 0x000000009d000000, 0x000000009e000000|  0%| F|  |TAMS 0x000000009d000000, 0x000000009d000000| Untracked 
|  28|0x000000009e000000, 0x000000009e000000, 0x000000009f000000|  0%| F|  |TAMS 0x000000009e000000, 0x000000009e000000| Untracked 
|  29|0x000000009f000000, 0x000000009f000000, 0x00000000a0000000|  0%| F|  |TAMS 0x000000009f000000, 0x000000009f000000| Untracked 
|  30|0x00000000a0000000, 0x00000000a0000000, 0x00000000a1000000|  0%| F|  |TAMS 0x00000000a0000000, 0x00000000a0000000| Untracked 
|  31|0x00000000a1000000, 0x00000000a1000000, 0x00000000a2000000|  0%| F|  |TAMS 0x00000000a1000000, 0x00000000a1000000| Untracked 
|  32|0x00000000a2000000, 0x00000000a2000000, 0x00000000a3000000|  0%| F|  |TAMS 0x00000000a2000000, 0x00000000a2000000| Untracked 
|  33|0x00000000a3000000, 0x00000000a3000000, 0x00000000a4000000|  0%| F|  |TAMS 0x00000000a3000000, 0x00000000a3000000| Untracked 
|  34|0x00000000a4000000, 0x00000000a4000000, 0x00000000a5000000|  0%| F|  |TAMS 0x00000000a4000000, 0x00000000a4000000| Untracked 
|  35|0x00000000a5000000, 0x00000000a5000000, 0x00000000a6000000|  0%| F|  |TAMS 0x00000000a5000000, 0x00000000a5000000| Untracked 
|  36|0x00000000a6000000, 0x00000000a6000000, 0x00000000a7000000|  0%| F|  |TAMS 0x00000000a6000000, 0x00000000a6000000| Untracked 
|  37|0x00000000a7000000, 0x00000000a7000000, 0x00000000a8000000|  0%| F|  |TAMS 0x00000000a7000000, 0x00000000a7000000| Untracked 
|  38|0x00000000a8000000, 0x00000000a8000000, 0x00000000a9000000|  0%| F|  |TAMS 0x00000000a8000000, 0x00000000a8000000| Untracked 
|  39|0x00000000a9000000, 0x00000000a9000000, 0x00000000aa000000|  0%| F|  |TAMS 0x00000000a9000000, 0x00000000a9000000| Untracked 
|  40|0x00000000aa000000, 0x00000000aa000000, 0x00000000ab000000|  0%| F|  |TAMS 0x00000000aa000000, 0x00000000aa000000| Untracked 
|  41|0x00000000ab000000, 0x00000000ab000000, 0x00000000ac000000|  0%| F|  |TAMS 0x00000000ab000000, 0x00000000ab000000| Untracked 
|  42|0x00000000ac000000, 0x00000000ac000000, 0x00000000ad000000|  0%| F|  |TAMS 0x00000000ac000000, 0x00000000ac000000| Untracked 
|  43|0x00000000ad000000, 0x00000000ad000000, 0x00000000ae000000|  0%| F|  |TAMS 0x00000000ad000000, 0x00000000ad000000| Untracked 
|  44|0x00000000ae000000, 0x00000000ae000000, 0x00000000af000000|  0%| F|  |TAMS 0x00000000ae000000, 0x00000000ae000000| Untracked 
|  45|0x00000000af000000, 0x00000000af000000, 0x00000000b0000000|  0%| F|  |TAMS 0x00000000af000000, 0x00000000af000000| Untracked 
|  46|0x00000000b0000000, 0x00000000b0000000, 0x00000000b1000000|  0%| F|  |TAMS 0x00000000b0000000, 0x00000000b0000000| Untracked 
|  47|0x00000000b1000000, 0x00000000b1000000, 0x00000000b2000000|  0%| F|  |TAMS 0x00000000b1000000, 0x00000000b1000000| Untracked 
|  48|0x00000000b2000000, 0x00000000b2000000, 0x00000000b3000000|  0%| F|  |TAMS 0x00000000b2000000, 0x00000000b2000000| Untracked 
|  49|0x00000000b3000000, 0x00000000b3000000, 0x00000000b4000000|  0%| F|  |TAMS 0x00000000b3000000, 0x00000000b3000000| Untracked 
|  50|0x00000000b4000000, 0x00000000b4000000, 0x00000000b5000000|  0%| F|  |TAMS 0x00000000b4000000, 0x00000000b4000000| Untracked 
|  51|0x00000000b5000000, 0x00000000b5000000, 0x00000000b6000000|  0%| F|  |TAMS 0x00000000b5000000, 0x00000000b5000000| Untracked 
|  52|0x00000000b6000000, 0x00000000b6000000, 0x00000000b7000000|  0%| F|  |TAMS 0x00000000b6000000, 0x00000000b6000000| Untracked 
|  53|0x00000000b7000000, 0x00000000b7000000, 0x00000000b8000000|  0%| F|  |TAMS 0x00000000b7000000, 0x00000000b7000000| Untracked 
|  54|0x00000000b8000000, 0x00000000b8000000, 0x00000000b9000000|  0%| F|  |TAMS 0x00000000b8000000, 0x00000000b8000000| Untracked 
|  55|0x00000000b9000000, 0x00000000b9000000, 0x00000000ba000000|  0%| F|  |TAMS 0x00000000b9000000, 0x00000000b9000000| Untracked 
|  56|0x00000000ba000000, 0x00000000ba000000, 0x00000000bb000000|  0%| F|  |TAMS 0x00000000ba000000, 0x00000000ba000000| Untracked 
|  57|0x00000000bb000000, 0x00000000bb000000, 0x00000000bc000000|  0%| F|  |TAMS 0x00000000bb000000, 0x00000000bb000000| Untracked 
|  58|0x00000000bc000000, 0x00000000bc000000, 0x00000000bd000000|  0%| F|  |TAMS 0x00000000bc000000, 0x00000000bc000000| Untracked 
|  59|0x00000000bd000000, 0x00000000bd000000, 0x00000000be000000|  0%| F|  |TAMS 0x00000000bd000000, 0x00000000bd000000| Untracked 
|  60|0x00000000be000000, 0x00000000be000000, 0x00000000bf000000|  0%| F|  |TAMS 0x00000000be000000, 0x00000000be000000| Untracked 
|  61|0x00000000bf000000, 0x00000000bf000000, 0x00000000c0000000|  0%| F|  |TAMS 0x00000000bf000000, 0x00000000bf000000| Untracked 
|  62|0x00000000c0000000, 0x00000000c0000000, 0x00000000c1000000|  0%| F|  |TAMS 0x00000000c0000000, 0x00000000c0000000| Untracked 
|  63|0x00000000c1000000, 0x00000000c1000000, 0x00000000c2000000|  0%| F|  |TAMS 0x00000000c1000000, 0x00000000c1000000| Untracked 
|  64|0x00000000c2000000, 0x00000000c2000000, 0x00000000c3000000|  0%| F|  |TAMS 0x00000000c2000000, 0x00000000c2000000| Untracked 
|  65|0x00000000c3000000, 0x00000000c3000000, 0x00000000c4000000|  0%| F|  |TAMS 0x00000000c3000000, 0x00000000c3000000| Untracked 
|  66|0x00000000c4000000, 0x00000000c4000000, 0x00000000c5000000|  0%| F|  |TAMS 0x00000000c4000000, 0x00000000c4000000| Untracked 
|  67|0x00000000c5000000, 0x00000000c5000000, 0x00000000c6000000|  0%| F|  |TAMS 0x00000000c5000000, 0x00000000c5000000| Untracked 
|  68|0x00000000c6000000, 0x00000000c6000000, 0x00000000c7000000|  0%| F|  |TAMS 0x00000000c6000000, 0x00000000c6000000| Untracked 
|  69|0x00000000c7000000, 0x00000000c7000000, 0x00000000c8000000|  0%| F|  |TAMS 0x00000000c7000000, 0x00000000c7000000| Untracked 
|  70|0x00000000c8000000, 0x00000000c8000000, 0x00000000c9000000|  0%| F|  |TAMS 0x00000000c8000000, 0x00000000c8000000| Untracked 
|  71|0x00000000c9000000, 0x00000000c9000000, 0x00000000ca000000|  0%| F|  |TAMS 0x00000000c9000000, 0x00000000c9000000| Untracked 
|  72|0x00000000ca000000, 0x00000000ca000000, 0x00000000cb000000|  0%| F|  |TAMS 0x00000000ca000000, 0x00000000ca000000| Untracked 
|  73|0x00000000cb000000, 0x00000000cb000000, 0x00000000cc000000|  0%| F|  |TAMS 0x00000000cb000000, 0x00000000cb000000| Untracked 
|  74|0x00000000cc000000, 0x00000000cc000000, 0x00000000cd000000|  0%| F|  |TAMS 0x00000000cc000000, 0x00000000cc000000| Untracked 
|  75|0x00000000cd000000, 0x00000000cd000000, 0x00000000ce000000|  0%| F|  |TAMS 0x00000000cd000000, 0x00000000cd000000| Untracked 
|  76|0x00000000ce000000, 0x00000000ce000000, 0x00000000cf000000|  0%| F|  |TAMS 0x00000000ce000000, 0x00000000ce000000| Untracked 
|  77|0x00000000cf000000, 0x00000000cf000000, 0x00000000d0000000|  0%| F|  |TAMS 0x00000000cf000000, 0x00000000cf000000| Untracked 
|  78|0x00000000d0000000, 0x00000000d0000000, 0x00000000d1000000|  0%| F|  |TAMS 0x00000000d0000000, 0x00000000d0000000| Untracked 
|  79|0x00000000d1000000, 0x00000000d1000000, 0x00000000d2000000|  0%| F|  |TAMS 0x00000000d1000000, 0x00000000d1000000| Untracked 
|  80|0x00000000d2000000, 0x00000000d2000000, 0x00000000d3000000|  0%| F|  |TAMS 0x00000000d2000000, 0x00000000d2000000| Untracked 
|  81|0x00000000d3000000, 0x00000000d3000000, 0x00000000d4000000|  0%| F|  |TAMS 0x00000000d3000000, 0x00000000d3000000| Untracked 
|  82|0x00000000d4000000, 0x00000000d4000000, 0x00000000d5000000|  0%| F|  |TAMS 0x00000000d4000000, 0x00000000d4000000| Untracked 
|  83|0x00000000d5000000, 0x00000000d5000000, 0x00000000d6000000|  0%| F|  |TAMS 0x00000000d5000000, 0x00000000d5000000| Untracked 
|  84|0x00000000d6000000, 0x00000000d6000000, 0x00000000d7000000|  0%| F|  |TAMS 0x00000000d6000000, 0x00000000d6000000| Untracked 
|  85|0x00000000d7000000, 0x00000000d7000000, 0x00000000d8000000|  0%| F|  |TAMS 0x00000000d7000000, 0x00000000d7000000| Untracked 
|  86|0x00000000d8000000, 0x00000000d8000000, 0x00000000d9000000|  0%| F|  |TAMS 0x00000000d8000000, 0x00000000d8000000| Untracked 
|  87|0x00000000d9000000, 0x00000000d9000000, 0x00000000da000000|  0%| F|  |TAMS 0x00000000d9000000, 0x00000000d9000000| Untracked 
|  88|0x00000000da000000, 0x00000000da000000, 0x00000000db000000|  0%| F|  |TAMS 0x00000000da000000, 0x00000000da000000| Untracked 
|  89|0x00000000db000000, 0x00000000db000000, 0x00000000dc000000|  0%| F|  |TAMS 0x00000000db000000, 0x00000000db000000| Untracked 
|  90|0x00000000dc000000, 0x00000000dc000000, 0x00000000dd000000|  0%| F|  |TAMS 0x00000000dc000000, 0x00000000dc000000| Untracked 
|  91|0x00000000dd000000, 0x00000000dd000000, 0x00000000de000000|  0%| F|  |TAMS 0x00000000dd000000, 0x00000000dd000000| Untracked 
|  92|0x00000000de000000, 0x00000000de000000, 0x00000000df000000|  0%| F|  |TAMS 0x00000000de000000, 0x00000000de000000| Untracked 
|  93|0x00000000df000000, 0x00000000df000000, 0x00000000e0000000|  0%| F|  |TAMS 0x00000000df000000, 0x00000000df000000| Untracked 
|  94|0x00000000e0000000, 0x00000000e0000000, 0x00000000e1000000|  0%| F|  |TAMS 0x00000000e0000000, 0x00000000e0000000| Untracked 
|  95|0x00000000e1000000, 0x00000000e1000000, 0x00000000e2000000|  0%| F|  |TAMS 0x00000000e1000000, 0x00000000e1000000| Untracked 
|  96|0x00000000e2000000, 0x00000000e2000000, 0x00000000e3000000|  0%| F|  |TAMS 0x00000000e2000000, 0x00000000e2000000| Untracked 
|  97|0x00000000e3000000, 0x00000000e3000000, 0x00000000e4000000|  0%| F|  |TAMS 0x00000000e3000000, 0x00000000e3000000| Untracked 
|  98|0x00000000e4000000, 0x00000000e4000000, 0x00000000e5000000|  0%| F|  |TAMS 0x00000000e4000000, 0x00000000e4000000| Untracked 
|  99|0x00000000e5000000, 0x00000000e5000000, 0x00000000e6000000|  0%| F|  |TAMS 0x00000000e5000000, 0x00000000e5000000| Untracked 
| 100|0x00000000e6000000, 0x00000000e6000000, 0x00000000e7000000|  0%| F|  |TAMS 0x00000000e6000000, 0x00000000e6000000| Untracked 
| 101|0x00000000e7000000, 0x00000000e7000000, 0x00000000e8000000|  0%| F|  |TAMS 0x00000000e7000000, 0x00000000e7000000| Untracked 
| 102|0x00000000e8000000, 0x00000000e8000000, 0x00000000e9000000|  0%| F|  |TAMS 0x00000000e8000000, 0x00000000e8000000| Untracked 
| 103|0x00000000e9000000, 0x00000000e9000000, 0x00000000ea000000|  0%| F|  |TAMS 0x00000000e9000000, 0x00000000e9000000| Untracked 
| 104|0x00000000ea000000, 0x00000000ea000000, 0x00000000eb000000|  0%| F|  |TAMS 0x00000000ea000000, 0x00000000ea000000| Untracked 
| 105|0x00000000eb000000, 0x00000000eb000000, 0x00000000ec000000|  0%| F|  |TAMS 0x00000000eb000000, 0x00000000eb000000| Untracked 
| 106|0x00000000ec000000, 0x00000000ec000000, 0x00000000ed000000|  0%| F|  |TAMS 0x00000000ec000000, 0x00000000ec000000| Untracked 
| 107|0x00000000ed000000, 0x00000000ed000000, 0x00000000ee000000|  0%| F|  |TAMS 0x00000000ed000000, 0x00000000ed000000| Untracked 
| 108|0x00000000ee000000, 0x00000000ee000000, 0x00000000ef000000|  0%| F|  |TAMS 0x00000000ee000000, 0x00000000ee000000| Untracked 
| 109|0x00000000ef000000, 0x00000000ef000000, 0x00000000f0000000|  0%| F|  |TAMS 0x00000000ef000000, 0x00000000ef000000| Untracked 
| 110|0x00000000f0000000, 0x00000000f0000000, 0x00000000f1000000|  0%| F|  |TAMS 0x00000000f0000000, 0x00000000f0000000| Untracked 
| 111|0x00000000f1000000, 0x00000000f1000000, 0x00000000f2000000|  0%| F|  |TAMS 0x00000000f1000000, 0x00000000f1000000| Untracked 
| 112|0x00000000f2000000, 0x00000000f2000000, 0x00000000f3000000|  0%| F|  |TAMS 0x00000000f2000000, 0x00000000f2000000| Untracked 
| 113|0x00000000f3000000, 0x00000000f3000000, 0x00000000f4000000|  0%| F|  |TAMS 0x00000000f3000000, 0x00000000f3000000| Untracked 
| 114|0x00000000f4000000, 0x00000000f4000000, 0x00000000f5000000|  0%| F|  |TAMS 0x00000000f4000000, 0x00000000f4000000| Untracked 
| 115|0x00000000f5000000, 0x00000000f5199fc0, 0x00000000f6000000| 10%| S|CS|TAMS 0x00000000f5000000, 0x00000000f5000000| Complete 
| 116|0x00000000f6000000, 0x00000000f6000000, 0x00000000f7000000|  0%| F|  |TAMS 0x00000000f6000000, 0x00000000f6000000| Untracked 
| 117|0x00000000f7000000, 0x00000000f7000000, 0x00000000f8000000|  0%| F|  |TAMS 0x00000000f7000000, 0x00000000f7000000| Untracked 
| 118|0x00000000f8000000, 0x00000000f8000000, 0x00000000f9000000|  0%| F|  |TAMS 0x00000000f8000000, 0x00000000f8000000| Untracked 
| 119|0x00000000f9000000, 0x00000000f9940450, 0x00000000fa000000| 57%| E|  |TAMS 0x00000000f9000000, 0x00000000f9000000| Complete 
| 120|0x00000000fa000000, 0x00000000fb000000, 0x00000000fb000000|100%| E|CS|TAMS 0x00000000fa000000, 0x00000000fa000000| Complete 
| 121|0x00000000fb000000, 0x00000000fc000000, 0x00000000fc000000|100%| E|CS|TAMS 0x00000000fb000000, 0x00000000fb000000| Complete 
|1916|0x00000007fe000000, 0x00000007fef75000, 0x00000007ff000000| 96%|OA|  |TAMS 0x00000007fe000000, 0x00000007fe000000| Untracked 
|1917|0x00000007ff000000, 0x00000007ff078000, 0x0000000800000000|  2%|CA|  |TAMS 0x00000007ff000000, 0x00000007ff000000| Untracked 

Card table byte_map: [0x000073dad0f26000,0x000073dad4b16000] _byte_map_base: 0x000073dad0b16000

Marking Bits (Prev, Next): (CMBitMap*) 0x000073daf0061050, (CMBitMap*) 0x000073daf0061090
 Prev Bits: [0x000073daaf3b6000, 0x000073dacd336000)
 Next Bits: [0x000073da91436000, 0x000073daaf3b6000)

Polling page: 0x000073daf5d19000

Metaspace:

Usage:
  Non-class:      4.33 MB used.
      Class:    404.80 KB used.
       Both:      4.73 MB used.

Virtual space:
  Non-class space:       64.00 MB reserved,       4.44 MB (  7%) committed,  1 nodes.
      Class space:        1.00 GB reserved,     512.00 KB ( <1%) committed,  1 nodes.
             Both:        1.06 GB reserved,       4.94 MB ( <1%) committed. 

Chunk freelists:
   Non-Class:  9.17 MB
       Class:  15.47 MB
        Both:  24.64 MB

MaxMetaspaceSize: unlimited
CompressedClassSpaceSize: 1.00 GB
Initial GC threshold: 21.00 MB
Current GC threshold: 21.00 MB
CDS: on
MetaspaceReclaimPolicy: balanced
 - commit_granule_bytes: 65536.
 - commit_granule_words: 8192.
 - virtual_space_node_default_size: 8388608.
 - enlarge_chunks_in_place: 1.
 - new_chunks_are_fully_committed: 0.
 - uncommit_free_chunks: 1.
 - use_allocation_guard: 0.
 - handle_deallocations: 1.


Internal statistics:

num_allocs_failed_limit: 0.
num_arena_births: 52.
num_arena_deaths: 0.
num_vsnodes_births: 2.
num_vsnodes_deaths: 0.
num_space_committed: 79.
num_space_uncommitted: 0.
num_chunks_returned_to_freelist: 0.
num_chunks_taken_from_freelist: 175.
num_chunk_merges: 0.
num_chunk_splits: 137.
num_chunks_enlarged: 116.
num_inconsistent_stats: 0.

CodeHeap 'non-profiled nmethods': size=119168Kb used=261Kb max_used=261Kb free=118906Kb
 bounds [0x000073dae0da0000, 0x000073dae1010000, 0x000073dae8200000]
CodeHeap 'profiled nmethods': size=119164Kb used=1499Kb max_used=1499Kb free=117664Kb
 bounds [0x000073dad9200000, 0x000073dad9470000, 0x000073dae065f000]
CodeHeap 'non-nmethods': size=7428Kb used=1791Kb max_used=1791Kb free=5636Kb
 bounds [0x000073dae065f000, 0x000073dae08cf000, 0x000073dae0da0000]
 total_blobs=1358 nmethods=847 adapters=422
 compilation: enabled
              stopped_count=0, restarted_count=0
 full_count=0

Compilation events (20 events):
Event: 0.240 Thread 0x000073daf01f55c0 nmethod 831 0x000073dad9374110 code [0x000073dad9374300, 0x000073dad9374790]
Event: 0.240 Thread 0x000073daf01f55c0  832       3       com.github.grishberg.cad3d.keyboard.Utils::hull (26 bytes)
Event: 0.240 Thread 0x000073daf01f55c0 nmethod 832 0x000073dad9374990 code [0x000073dad9374c20, 0x000073dad93757c0]
Event: 0.242 Thread 0x000073daf01f4090 nmethod 817 0x000073dae0ddd710 code [0x000073dae0ddd8e0, 0x000073dae0dddfd8]
Event: 0.242 Thread 0x000073daf01f4090  819       4       java.util.HashMap::putAll (7 bytes)
Event: 0.242 Thread 0x000073daf01f55c0  835       3       com.cadoodlecad.manifold.ManifoldBindings::union (13 bytes)
Event: 0.242 Thread 0x000073daf01f55c0 nmethod 835 0x000073dad9375c10 code [0x000073dad9375dc0, 0x000073dad9375f30]
Event: 0.242 Thread 0x000073daf01f4090 nmethod 819 0x000073dae0dde410 code [0x000073dae0dde5a0, 0x000073dae0dde658]
Event: 0.242 Thread 0x000073da14097450  836       1       jdk.internal.loader.Resource::getManifest (2 bytes)
Event: 0.242 Thread 0x000073daf01f55c0  838       1       jdk.internal.loader.Resource::getCodeSigners (2 bytes)
Event: 0.242 Thread 0x000073da14097450 nmethod 836 0x000073dae0ddeb90 code [0x000073dae0dded20, 0x000073dae0ddedf0]
Event: 0.242 Thread 0x000073daf01f55c0 nmethod 838 0x000073dae0ddee90 code [0x000073dae0ddf020, 0x000073dae0ddf0f0]
Event: 0.245 Thread 0x000073da14097450  839       3       java.util.Arrays::asList (9 bytes)
Event: 0.245 Thread 0x000073daf01f55c0  840       3       java.util.Arrays$ArrayList::<init> (16 bytes)
Event: 0.245 Thread 0x000073daf01f55c0 nmethod 840 0x000073dad9376010 code [0x000073dad93761e0, 0x000073dad93765c0]
Event: 0.245 Thread 0x000073da14097450 nmethod 839 0x000073dad9376710 code [0x000073dad93768e0, 0x000073dad9376d60]
Event: 0.249 Thread 0x000073daf01f4090  841       4       jdk.internal.misc.Unsafe::allocateUninitializedArray (55 bytes)
Event: 0.250 Thread 0x000073daf01f4090 nmethod 841 0x000073dae0ddf190 code [0x000073dae0ddf320, 0x000073dae0ddf4d8]
Event: 0.252 Thread 0x000073daf01f4090  842       4       java.lang.StringConcatHelper::mix (27 bytes)
Event: 0.252 Thread 0x000073daf01f4090 nmethod 842 0x000073dae0ddf610 code [0x000073dae0ddf7a0, 0x000073dae0ddf858]

GC Heap History (2 events):
Event: 0.225 GC heap before
{Heap before GC invocations=0 (full 0):
 garbage-first heap   total 2031616K, used 114612K [0x0000000082000000, 0x0000000800000000)
  region size 16384K, 6 young (98304K), 0 survivors (0K)
 Metaspace       used 4770K, committed 4992K, reserved 1114112K
  class space    used 392K, committed 512K, reserved 1048576K
}
Event: 0.226 GC heap after
{Heap after GC invocations=1 (full 0):
 garbage-first heap   total 2031616K, used 17947K [0x0000000082000000, 0x0000000800000000)
  region size 16384K, 1 young (16384K), 1 survivors (16384K)
 Metaspace       used 4770K, committed 4992K, reserved 1114112K
  class space    used 392K, committed 512K, reserved 1048576K
}

Dll operation events (9 events):
Event: 0.001 Loaded shared library /home/grishberg/.gradle/jdks/eclipse_adoptium-17-amd64-linux/jdk-17.0.19+10/lib/libjava.so
Event: 0.015 Loaded shared library /home/grishberg/.gradle/jdks/eclipse_adoptium-17-amd64-linux/jdk-17.0.19+10/lib/libjsvml.so
Event: 0.022 Loaded shared library /home/grishberg/.gradle/jdks/eclipse_adoptium-17-amd64-linux/jdk-17.0.19+10/lib/libnio.so
Event: 0.023 Loaded shared library /home/grishberg/.gradle/jdks/eclipse_adoptium-17-amd64-linux/jdk-17.0.19+10/lib/libzip.so
Event: 0.060 Loaded shared library /home/grishberg/.gradle/jdks/eclipse_adoptium-17-amd64-linux/jdk-17.0.19+10/lib/libjimage.so
Event: 0.063 Loaded shared library /home/grishberg/.gradle/jdks/eclipse_adoptium-17-amd64-linux/jdk-17.0.19+10/lib/libnet.so
Event: 0.074 Loaded shared library /tmp/manifold3d11961658150370522300/libmanifold.so.3
Event: 0.075 Loaded shared library /tmp/manifold3d11961658150370522300/libmanifoldc.so.3
Event: 0.076 Loaded shared library /tmp/manifold3d11961658150370522300/libmanifold_jni.so

Deoptimization events (20 events):
Event: 0.215 Thread 0x000073d9f0053740 Uncommon trap: trap_request=0xffffff6e fr.pc=0x000073dae0dbbcbc relative=0x000000000000041c
Event: 0.215 Thread 0x000073d9f0053740 Uncommon trap: reason=loop_limit_check action=maybe_recompile pc=0x000073dae0dbbcbc method=java.lang.StringLatin1.indexOf([BI[BII)I @ 37 c2
Event: 0.215 Thread 0x000073d9f0053740 DEOPT PACKING pc=0x000073dae0dbbcbc sp=0x000073da802fe1c0
Event: 0.215 Thread 0x000073d9f0053740 DEOPT UNPACKING pc=0x000073dae06b5699 sp=0x000073da802fe140 mode 2
Event: 0.250 Thread 0x000073daf0480220 Uncommon trap: trap_request=0xffffffde fr.pc=0x000073dae0ddf428 relative=0x0000000000000108
Event: 0.250 Thread 0x000073daf0480220 Uncommon trap: reason=class_check action=maybe_recompile pc=0x000073dae0ddf428 method=jdk.internal.misc.Unsafe.allocateUninitializedArray(Ljava/lang/Class;I)Ljava/lang/Object; @ 51 c2
Event: 0.250 Thread 0x000073daf0480220 DEOPT PACKING pc=0x000073dae0ddf428 sp=0x000073da806fdde0
Event: 0.250 Thread 0x000073daf0480220 DEOPT UNPACKING pc=0x000073dae06b5699 sp=0x000073da806fdd88 mode 2
Event: 0.250 Thread 0x000073daf0480220 Uncommon trap: trap_request=0xffffffde fr.pc=0x000073dae0ddf428 relative=0x0000000000000108
Event: 0.250 Thread 0x000073daf0480220 Uncommon trap: reason=class_check action=maybe_recompile pc=0x000073dae0ddf428 method=jdk.internal.misc.Unsafe.allocateUninitializedArray(Ljava/lang/Class;I)Ljava/lang/Object; @ 51 c2
Event: 0.250 Thread 0x000073daf0480220 DEOPT PACKING pc=0x000073dae0ddf428 sp=0x000073da806fdc80
Event: 0.250 Thread 0x000073daf0480220 DEOPT UNPACKING pc=0x000073dae06b5699 sp=0x000073da806fdc28 mode 2
Event: 0.250 Thread 0x000073daf0480220 Uncommon trap: trap_request=0xffffffde fr.pc=0x000073dae0ddf428 relative=0x0000000000000108
Event: 0.250 Thread 0x000073daf0480220 Uncommon trap: reason=class_check action=maybe_recompile pc=0x000073dae0ddf428 method=jdk.internal.misc.Unsafe.allocateUninitializedArray(Ljava/lang/Class;I)Ljava/lang/Object; @ 51 c2
Event: 0.250 Thread 0x000073daf0480220 DEOPT PACKING pc=0x000073dae0ddf428 sp=0x000073da806fdd60
Event: 0.250 Thread 0x000073daf0480220 DEOPT UNPACKING pc=0x000073dae06b5699 sp=0x000073da806fdd08 mode 2
Event: 0.250 Thread 0x000073daf0480220 Uncommon trap: trap_request=0xffffffde fr.pc=0x000073dae0ddf428 relative=0x0000000000000108
Event: 0.250 Thread 0x000073daf0480220 Uncommon trap: reason=class_check action=maybe_recompile pc=0x000073dae0ddf428 method=jdk.internal.misc.Unsafe.allocateUninitializedArray(Ljava/lang/Class;I)Ljava/lang/Object; @ 51 c2
Event: 0.250 Thread 0x000073daf0480220 DEOPT PACKING pc=0x000073dae0ddf428 sp=0x000073da806fdce0
Event: 0.250 Thread 0x000073daf0480220 DEOPT UNPACKING pc=0x000073dae06b5699 sp=0x000073da806fdc88 mode 2

Classes loaded (20 events):
Event: 0.104 Loading class java/util/concurrent/atomic/AtomicIntegerFieldUpdater$AtomicIntegerFieldUpdaterImpl
Event: 0.105 Loading class java/util/concurrent/atomic/AtomicIntegerFieldUpdater$AtomicIntegerFieldUpdaterImpl done
Event: 0.105 Loading class java/util/concurrent/atomic/AtomicIntegerFieldUpdater$AtomicIntegerFieldUpdaterImpl$1
Event: 0.105 Loading class java/util/concurrent/atomic/AtomicIntegerFieldUpdater$AtomicIntegerFieldUpdaterImpl$1 done
Event: 0.105 Loading class java/util/concurrent/atomic/AtomicReferenceFieldUpdater
Event: 0.105 Loading class java/util/concurrent/atomic/AtomicReferenceFieldUpdater done
Event: 0.105 Loading class java/util/concurrent/atomic/AtomicReferenceFieldUpdater$AtomicReferenceFieldUpdaterImpl
Event: 0.105 Loading class java/util/concurrent/atomic/AtomicReferenceFieldUpdater$AtomicReferenceFieldUpdaterImpl done
Event: 0.105 Loading class java/util/concurrent/atomic/AtomicReferenceFieldUpdater$AtomicReferenceFieldUpdaterImpl$1
Event: 0.105 Loading class java/util/concurrent/atomic/AtomicReferenceFieldUpdater$AtomicReferenceFieldUpdaterImpl$1 done
Event: 0.105 Loading class java/util/concurrent/atomic/AtomicReferenceArray
Event: 0.105 Loading class java/util/concurrent/atomic/AtomicReferenceArray done
Event: 0.117 Loading class java/lang/NoSuchFieldError
Event: 0.117 Loading class java/lang/NoSuchFieldError done
Event: 0.122 Loading class java/lang/StrictMath
Event: 0.122 Loading class java/lang/StrictMath done
Event: 0.136 Loading class java/util/concurrent/CancellationException
Event: 0.136 Loading class java/util/concurrent/CancellationException done
Event: 0.149 Loading class java/util/Collections$SingletonList
Event: 0.149 Loading class java/util/Collections$SingletonList done

Classes unloaded (0 events):
No events

Classes redefined (0 events):
No events

Internal exceptions (4 events):
Event: 0.062 Thread 0x000073daf002aac0 Exception <a 'sun/nio/fs/UnixException'{0x00000000fb1889f8}> (0x00000000fb1889f8) 
thrown [src/hotspot/share/prims/jni.cpp, line 516]
Event: 0.074 Thread 0x000073daf002aac0 Exception <a 'sun/nio/fs/UnixException'{0x00000000fb1926f0}> (0x00000000fb1926f0) 
thrown [src/hotspot/share/prims/jni.cpp, line 516]
Event: 0.076 Thread 0x000073daf002aac0 Exception <a 'sun/nio/fs/UnixException'{0x00000000fb1a4df0}> (0x00000000fb1a4df0) 
thrown [src/hotspot/share/prims/jni.cpp, line 516]
Event: 0.215 Thread 0x000073d9f0053740 Exception <a 'java/lang/NoSuchMethodError'{0x00000000f8a70ca0}: 'java.lang.Object java.lang.invoke.DirectMethodHandle$Holder.newInvokeSpecial(java.lang.Object, java.lang.Object, java.lang.Object, java.lang.Object, java.lang.Object, java.lang.Object)'> (0x00000000f8a70ca0) 
thrown [src/hotspot/share/interpreter/linkResolver.cpp, line 758]

VM Operations (2 events):
Event: 0.224 Executing VM operation: G1CollectForAllocation
Event: 0.226 Executing VM operation: G1CollectForAllocation done

Memory protections (20 events):
Event: 0.001 Protecting memory [0x000073daf4417000,0x000073daf441b000] with protection modes 0
Event: 0.016 Protecting memory [0x000073da81dff000,0x000073da81e03000] with protection modes 0
Event: 0.016 Protecting memory [0x000073da81cff000,0x000073da81d03000] with protection modes 0
Event: 0.017 Protecting memory [0x000073da81bff000,0x000073da81c03000] with protection modes 0
Event: 0.017 Protecting memory [0x000073da81500000,0x000073da81504000] with protection modes 0
Event: 0.017 Protecting memory [0x000073da81400000,0x000073da81404000] with protection modes 0
Event: 0.018 Protecting memory [0x000073da81300000,0x000073da81304000] with protection modes 0
Event: 0.018 Protecting memory [0x000073da81200000,0x000073da81204000] with protection modes 0
Event: 0.018 Protecting memory [0x000073da81100000,0x000073da81104000] with protection modes 0
Event: 0.020 Protecting memory [0x000073da81000000,0x000073da81004000] with protection modes 0
Event: 0.021 Protecting memory [0x000073da80dff000,0x000073da80e03000] with protection modes 0
Event: 0.047 Protecting memory [0x000073da80cff000,0x000073da80d03000] with protection modes 0
Event: 0.111 Protecting memory [0x000073da80a9a000,0x000073da80a9e000] with protection modes 0
Event: 0.136 Protecting memory [0x000073da80700000,0x000073da80704000] with protection modes 0
Event: 0.136 Protecting memory [0x000073da80600000,0x000073da80604000] with protection modes 0
Event: 0.143 Protecting memory [0x000073da80500000,0x000073da80504000] with protection modes 0
Event: 0.143 Protecting memory [0x000073da80400000,0x000073da80404000] with protection modes 0
Event: 0.143 Protecting memory [0x000073da80300000,0x000073da80304000] with protection modes 0
Event: 0.144 Protecting memory [0x000073da80200000,0x000073da80204000] with protection modes 0
Event: 0.216 Protecting memory [0x000073da80100000,0x000073da80104000] with protection modes 0

Nmethod flushes (0 events):
No events

Events (20 events):
Event: 0.015 Thread 0x000073daf002aac0 Thread added: 0x000073daf002aac0
Event: 0.016 Thread 0x000073daf002aac0 Thread added: 0x000073daf01e9530
Event: 0.016 Thread 0x000073daf002aac0 Thread added: 0x000073daf01ea910
Event: 0.017 Thread 0x000073daf002aac0 Thread added: 0x000073daf01efea0
Event: 0.017 Thread 0x000073daf002aac0 Thread added: 0x000073daf01f1250
Event: 0.017 Thread 0x000073daf002aac0 Thread added: 0x000073daf01f2660
Event: 0.018 Thread 0x000073daf002aac0 Thread added: 0x000073daf01f4090
Event: 0.018 Thread 0x000073daf002aac0 Thread added: 0x000073daf01f55c0
Event: 0.018 Thread 0x000073daf002aac0 Thread added: 0x000073daf01f6a30
Event: 0.020 Thread 0x000073daf002aac0 Thread added: 0x000073daf01fe770
Event: 0.021 Thread 0x000073daf002aac0 Thread added: 0x000073daf0201f00
Event: 0.047 Thread 0x000073daf01f55c0 Thread added: 0x000073da14097450
Event: 0.111 Thread 0x000073daf01f4090 Thread added: 0x000073da10086a30
Event: 0.136 Thread 0x000073daf002aac0 Thread added: 0x000073daf047f670
Event: 0.136 Thread 0x000073daf002aac0 Thread added: 0x000073daf0480220
Event: 0.143 Thread 0x000073daf047f670 Thread added: 0x000073d9f0064c10
Event: 0.143 Thread 0x000073daf047f670 Thread added: 0x000073d9f0057120
Event: 0.143 Thread 0x000073daf047f670 Thread added: 0x000073d9f002fc90
Event: 0.144 Thread 0x000073daf047f670 Thread added: 0x000073d9f0053740
Event: 0.216 Thread 0x000073d9f0053740 Thread added: 0x000073d9e4100650


Dynamic libraries:
82000000-fc000000 rw-p 00000000 00:00 0 
fc000000-7fe000000 ---p 00000000 00:00 0 
7fe000000-7fef00000 rw-p 00000000 00:00 0 
7fef00000-7fef75000 rw-p 00c7a000 103:01 75498865                        /home/grishberg/.gradle/jdks/eclipse_adoptium-17-amd64-linux/jdk-17.0.19+10/lib/server/classes.jsa
7fef75000-7ff000000 rw-p 00000000 00:00 0 
7ff000000-7ff078000 rw-p 00c02000 103:01 75498865                        /home/grishberg/.gradle/jdks/eclipse_adoptium-17-amd64-linux/jdk-17.0.19+10/lib/server/classes.jsa
7ff078000-800000000 rw-p 00000000 00:00 0 
5742b0fda000-5742b0fdb000 r--p 00000000 103:01 75498845                  /home/grishberg/.gradle/jdks/eclipse_adoptium-17-amd64-linux/jdk-17.0.19+10/bin/java
5742b0fdb000-5742b0fdc000 r-xp 00001000 103:01 75498845                  /home/grishberg/.gradle/jdks/eclipse_adoptium-17-amd64-linux/jdk-17.0.19+10/bin/java
5742b0fdc000-5742b0fdd000 r--p 00002000 103:01 75498845                  /home/grishberg/.gradle/jdks/eclipse_adoptium-17-amd64-linux/jdk-17.0.19+10/bin/java
5742b0fdd000-5742b0fde000 r--p 00002000 103:01 75498845                  /home/grishberg/.gradle/jdks/eclipse_adoptium-17-amd64-linux/jdk-17.0.19+10/bin/java
5742b0fde000-5742b0fdf000 rw-p 00003000 103:01 75498845                  /home/grishberg/.gradle/jdks/eclipse_adoptium-17-amd64-linux/jdk-17.0.19+10/bin/java
5742eda2f000-5742eda78000 rw-p 00000000 00:00 0                          [heap]
73d9a8000000-73d9a8021000 rw-p 00000000 00:00 0 
73d9a8021000-73d9ac000000 ---p 00000000 00:00 0 
73d9b0000000-73d9b0021000 rw-p 00000000 00:00 0 
73d9b0021000-73d9b4000000 ---p 00000000 00:00 0 
73d9b4000000-73d9b4021000 rw-p 00000000 00:00 0 
73d9b4021000-73d9b8000000 ---p 00000000 00:00 0 
73d9b8000000-73d9b8021000 rw-p 00000000 00:00 0 
73d9b8021000-73d9bc000000 ---p 00000000 00:00 0 
73d9bc000000-73d9bc021000 rw-p 00000000 00:00 0 
73d9bc021000-73d9c0000000 ---p 00000000 00:00 0 
73d9c0000000-73d9c0021000 rw-p 00000000 00:00 0 
73d9c0021000-73d9c4000000 ---p 00000000 00:00 0 
73d9c4000000-73d9c4021000 rw-p 00000000 00:00 0 
73d9c4021000-73d9c8000000 ---p 00000000 00:00 0 
73d9c8000000-73d9c8021000 rw-p 00000000 00:00 0 
73d9c8021000-73d9cc000000 ---p 00000000 00:00 0 
73d9cc000000-73d9cc021000 rw-p 00000000 00:00 0 
73d9cc021000-73d9d0000000 ---p 00000000 00:00 0 
73d9d0000000-73d9d0021000 rw-p 00000000 00:00 0 
73d9d0021000-73d9d4000000 ---p 00000000 00:00 0 
73d9d4000000-73d9d4021000 rw-p 00000000 00:00 0 
73d9d4021000-73d9d8000000 ---p 00000000 00:00 0 
73d9d8000000-73d9d8a11000 rw-p 00000000 00:00 0 
73d9d8a11000-73d9dc000000 ---p 00000000 00:00 0 
73d9dc000000-73d9dc021000 rw-p 00000000 00:00 0 
73d9dc021000-73d9e0000000 ---p 00000000 00:00 0 
73d9e0000000-73d9e0024000 rw-p 00000000 00:00 0 
73d9e0024000-73d9e4000000 ---p 00000000 00:00 0 
73d9e4000000-73d9e41c9000 rw-p 00000000 00:00 0 
73d9e41c9000-73d9e8000000 ---p 00000000 00:00 0 
73d9e8000000-73d9e8154000 rw-p 00000000 00:00 0 
73d9e8154000-73d9ec000000 ---p 00000000 00:00 0 
73d9ec000000-73d9ec09f000 rw-p 00000000 00:00 0 
73d9ec09f000-73d9f0000000 ---p 00000000 00:00 0 
73d9f0000000-73d9f0066000 rw-p 00000000 00:00 0 
73d9f0066000-73d9f4000000 ---p 00000000 00:00 0 
73d9f4000000-73d9f45c2000 rw-p 00000000 00:00 0 
73d9f45c2000-73d9f8000000 ---p 00000000 00:00 0 
73d9f8000000-73d9f8361000 rw-p 00000000 00:00 0 
73d9f8361000-73d9fc000000 ---p 00000000 00:00 0 
73d9fc000000-73d9fc661000 rw-p 00000000 00:00 0 
73d9fc661000-73da00000000 ---p 00000000 00:00 0 
73da00000000-73da00021000 rw-p 00000000 00:00 0 
73da00021000-73da04000000 ---p 00000000 00:00 0 
73da04000000-73da04021000 rw-p 00000000 00:00 0 
73da04021000-73da08000000 ---p 00000000 00:00 0 
73da08000000-73da08021000 rw-p 00000000 00:00 0 
73da08021000-73da0c000000 ---p 00000000 00:00 0 
73da0c000000-73da0c021000 rw-p 00000000 00:00 0 
73da0c021000-73da10000000 ---p 00000000 00:00 0 
73da10000000-73da1043b000 rw-p 00000000 00:00 0 
73da1043b000-73da14000000 ---p 00000000 00:00 0 
73da14000000-73da1439d000 rw-p 00000000 00:00 0 
73da1439d000-73da18000000 ---p 00000000 00:00 0 
73da18000000-73da18021000 rw-p 00000000 00:00 0 
73da18021000-73da1c000000 ---p 00000000 00:00 0 
73da1c000000-73da1c021000 rw-p 00000000 00:00 0 
73da1c021000-73da20000000 ---p 00000000 00:00 0 
73da20000000-73da20021000 rw-p 00000000 00:00 0 
73da20021000-73da24000000 ---p 00000000 00:00 0 
73da24000000-73da24021000 rw-p 00000000 00:00 0 
73da24021000-73da28000000 ---p 00000000 00:00 0 
73da28000000-73da28021000 rw-p 00000000 00:00 0 
73da28021000-73da2c000000 ---p 00000000 00:00 0 
73da2e00c000-73da2e3f4000 rw-p 00000000 00:00 0 
73da2e3f4000-73da2e3f5000 ---p 00000000 00:00 0 
73da2e3f5000-73da2e4f5000 rw-p 00000000 00:00 0 
73da2e4f5000-73da2e4f6000 ---p 00000000 00:00 0 
73da2e4f6000-73da2e5f6000 rw-p 00000000 00:00 0 
73da2e5f6000-73da2e5f7000 ---p 00000000 00:00 0 
73da2e5f7000-73da2e6f7000 rw-p 00000000 00:00 0 
73da2e6f7000-73da2e6f8000 ---p 00000000 00:00 0 
73da2e6f8000-73da2e7f8000 rw-p 00000000 00:00 0 
73da2e7f8000-73da2e7f9000 ---p 00000000 00:00 0 
73da2e7f9000-73da2e8f9000 rw-p 00000000 00:00 0 
73da2e8f9000-73da2e8fa000 ---p 00000000 00:00 0 
73da2e8fa000-73da2e9fa000 rw-p 00000000 00:00 0 
73da2e9fa000-73da2e9fb000 ---p 00000000 00:00 0 
73da2e9fb000-73da2eafb000 rw-p 00000000 00:00 0 
73da2eafb000-73da2eafc000 ---p 00000000 00:00 0 
73da2eafc000-73da2ebfc000 rw-p 00000000 00:00 0 
73da2ebfc000-73da2ebfd000 ---p 00000000 00:00 0 
73da2ebfd000-73da2ecfd000 rw-p 00000000 00:00 0 
73da2ecfd000-73da2ecfe000 ---p 00000000 00:00 0 
73da2ecfe000-73da2edfe000 rw-p 00000000 00:00 0 
73da2edfe000-73da2edff000 ---p 00000000 00:00 0 
73da2edff000-73da2eeff000 rw-p 00000000 00:00 0 
73da2eeff000-73da2ef00000 ---p 00000000 00:00 0 
73da2ef00000-73da2f000000 rw-p 00000000 00:00 0 
73da2f000000-73da2f190000 rw-p 00000000 00:00 0 
73da2f190000-73da2f400000 ---p 00000000 00:00 0 
73da2f400000-73da2f6e0000 rw-p 00000000 00:00 0 
73da2f6e0000-73da33000000 ---p 00000000 00:00 0 
73da33000000-73da33bca000 rw-p 00001000 103:01 75498865                  /home/grishberg/.gradle/jdks/eclipse_adoptium-17-amd64-linux/jdk-17.0.19+10/lib/server/classes.jsa
73da33bca000-73da34000000 ---p 00000000 00:00 0 
73da34000000-73da34040000 rw-p 00000000 00:00 0 
73da34040000-73da34070000 rw-p 00000000 00:00 0 
73da34070000-73da34080000 ---p 00000000 00:00 0 
73da34080000-73da34090000 rw-p 00000000 00:00 0 
73da34090000-73da74000000 ---p 00000000 00:00 0 
73da74000000-73da74021000 rw-p 00000000 00:00 0 
73da74021000-73da78000000 ---p 00000000 00:00 0 
73da78000000-73da78021000 rw-p 00000000 00:00 0 
73da78021000-73da7c000000 ---p 00000000 00:00 0 
73da7c000000-73da7c021000 rw-p 00000000 00:00 0 
73da7c021000-73da80000000 ---p 00000000 00:00 0 
73da80100000-73da80104000 ---p 00000000 00:00 0 
73da80104000-73da80200000 rw-p 00000000 00:00 0 
73da80200000-73da80204000 ---p 00000000 00:00 0 
73da80204000-73da80300000 rw-p 00000000 00:00 0 
73da80300000-73da80304000 ---p 00000000 00:00 0 
73da80304000-73da80400000 rw-p 00000000 00:00 0 
73da80400000-73da80404000 ---p 00000000 00:00 0 
73da80404000-73da80500000 rw-p 00000000 00:00 0 
73da80500000-73da80504000 ---p 00000000 00:00 0 
73da80504000-73da80600000 rw-p 00000000 00:00 0 
73da80600000-73da80604000 ---p 00000000 00:00 0 
73da80604000-73da80700000 rw-p 00000000 00:00 0 
73da80700000-73da80704000 ---p 00000000 00:00 0 
73da80704000-73da80800000 rw-p 00000000 00:00 0 
73da80800000-73da8089d000 r--p 00000000 103:01 90443236                  /usr/lib/x86_64-linux-gnu/libstdc++.so.6.0.33
73da8089d000-73da809e5000 r-xp 0009d000 103:01 90443236                  /usr/lib/x86_64-linux-gnu/libstdc++.so.6.0.33
73da809e5000-73da80a6c000 r--p 001e5000 103:01 90443236                  /usr/lib/x86_64-linux-gnu/libstdc++.so.6.0.33
73da80a6c000-73da80a77000 r--p 0026b000 103:01 90443236                  /usr/lib/x86_64-linux-gnu/libstdc++.so.6.0.33
73da80a77000-73da80a7a000 rw-p 00276000 103:01 90443236                  /usr/lib/x86_64-linux-gnu/libstdc++.so.6.0.33
73da80a7a000-73da80a7e000 rw-p 00000000 00:00 0 
73da80a9a000-73da80a9e000 ---p 00000000 00:00 0 
73da80a9e000-73da80b9a000 rw-p 00000000 00:00 0 
73da80b9a000-73da80bc1000 r--p 00000000 103:01 51524699                  /tmp/manifold3d11961658150370522300/libmanifold.so.3
73da80bc1000-73da80cdd000 r-xp 00027000 103:01 51524699                  /tmp/manifold3d11961658150370522300/libmanifold.so.3
73da80cdd000-73da80cfc000 r--p 00143000 103:01 51524699                  /tmp/manifold3d11961658150370522300/libmanifold.so.3
73da80cfc000-73da80cfd000 r--p 00162000 103:01 51524699                  /tmp/manifold3d11961658150370522300/libmanifold.so.3
73da80cfd000-73da80cff000 rw-p 00163000 103:01 51524699                  /tmp/manifold3d11961658150370522300/libmanifold.so.3
73da80cff000-73da80d03000 ---p 00000000 00:00 0 
73da80d03000-73da80dff000 rw-p 00000000 00:00 0 
73da80dff000-73da80e03000 ---p 00000000 00:00 0 
73da80e03000-73da80eff000 rw-p 00000000 00:00 0 
73da80eff000-73da80f00000 ---p 00000000 00:00 0 
73da80f00000-73da81000000 rw-p 00000000 00:00 0 
73da81000000-73da81004000 ---p 00000000 00:00 0 
73da81004000-73da81100000 rw-p 00000000 00:00 0 
73da81100000-73da81104000 ---p 00000000 00:00 0 
73da81104000-73da81200000 rw-p 00000000 00:00 0 
73da81200000-73da81204000 ---p 00000000 00:00 0 
73da81204000-73da81300000 rw-p 00000000 00:00 0 
73da81300000-73da81304000 ---p 00000000 00:00 0 
73da81304000-73da81400000 rw-p 00000000 00:00 0 
73da81400000-73da81404000 ---p 00000000 00:00 0 
73da81404000-73da81500000 rw-p 00000000 00:00 0 
73da81500000-73da81504000 ---p 00000000 00:00 0 
73da81504000-73da81600000 rw-p 00000000 00:00 0 
73da81600000-73da81b75000 r--p 00000000 103:01 90475490                  /usr/lib/locale/locale-archive
73da81bff000-73da81c03000 ---p 00000000 00:00 0 
73da81c03000-73da81cff000 rw-p 00000000 00:00 0 
73da81cff000-73da81d03000 ---p 00000000 00:00 0 
73da81d03000-73da81dff000 rw-p 00000000 00:00 0 
73da81dff000-73da81e03000 ---p 00000000 00:00 0 
73da81e03000-73da81eff000 rw-p 00000000 00:00 0 
73da81eff000-73da81f00000 ---p 00000000 00:00 0 
73da81f00000-73da82000000 rw-p 00000000 00:00 0 
73da82000000-73da84021000 rw-p 00000000 00:00 0 
73da84021000-73da88000000 ---p 00000000 00:00 0 
73da88000000-73da88021000 rw-p 00000000 00:00 0 
73da88021000-73da8c000000 ---p 00000000 00:00 0 
73da8c000000-73da8c021000 rw-p 00000000 00:00 0 
73da8c021000-73da90000000 ---p 00000000 00:00 0 
73da90021000-73da9002d000 r--p 00000000 103:01 51524700                  /tmp/manifold3d11961658150370522300/libmanifoldc.so.3
73da9002d000-73da90040000 r-xp 0000c000 103:01 51524700                  /tmp/manifold3d11961658150370522300/libmanifoldc.so.3
73da90040000-73da90047000 r--p 0001f000 103:01 51524700                  /tmp/manifold3d11961658150370522300/libmanifoldc.so.3
73da90047000-73da90048000 r--p 00025000 103:01 51524700                  /tmp/manifold3d11961658150370522300/libmanifoldc.so.3
73da90048000-73da90049000 rw-p 00026000 103:01 51524700                  /tmp/manifold3d11961658150370522300/libmanifoldc.so.3
73da90049000-73da9004d000 r--p 00000000 103:01 90443244                  /usr/lib/x86_64-linux-gnu/libgcc_s.so.1
73da9004d000-73da90071000 r-xp 00004000 103:01 90443244                  /usr/lib/x86_64-linux-gnu/libgcc_s.so.1
73da90071000-73da90075000 r--p 00028000 103:01 90443244                  /usr/lib/x86_64-linux-gnu/libgcc_s.so.1
73da90075000-73da90076000 r--p 0002b000 103:01 90443244                  /usr/lib/x86_64-linux-gnu/libgcc_s.so.1
73da90076000-73da90077000 rw-p 0002c000 103:01 90443244                  /usr/lib/x86_64-linux-gnu/libgcc_s.so.1
73da90077000-73da9007c000 r--p 00000000 103:01 75498881                  /home/grishberg/.gradle/jdks/eclipse_adoptium-17-amd64-linux/jdk-17.0.19+10/lib/libjsvml.so
73da9007c000-73da900bd000 r-xp 00005000 103:01 75498881                  /home/grishberg/.gradle/jdks/eclipse_adoptium-17-amd64-linux/jdk-17.0.19+10/lib/libjsvml.so
73da900bd000-73da90146000 r--p 00046000 103:01 75498881                  /home/grishberg/.gradle/jdks/eclipse_adoptium-17-amd64-linux/jdk-17.0.19+10/lib/libjsvml.so
73da90146000-73da90147000 r--p 000ce000 103:01 75498881                  /home/grishberg/.gradle/jdks/eclipse_adoptium-17-amd64-linux/jdk-17.0.19+10/lib/libjsvml.so
73da90147000-73da90148000 rw-p 000cf000 103:01 75498881                  /home/grishberg/.gradle/jdks/eclipse_adoptium-17-amd64-linux/jdk-17.0.19+10/lib/libjsvml.so
73da90148000-73da90224000 rw-p 00000000 00:00 0 
73da90224000-73da90225000 ---p 00000000 00:00 0 
73da90225000-73da90325000 rw-p 00000000 00:00 0 
73da90325000-73da90326000 ---p 00000000 00:00 0 
73da90326000-73da90426000 rw-p 00000000 00:00 0 
73da90426000-73da91133000 rw-p 00000000 00:00 0 
73da91133000-73da91134000 ---p 00000000 00:00 0 
73da91134000-73da91234000 rw-p 00000000 00:00 0 
73da91234000-73da91235000 ---p 00000000 00:00 0 
73da91235000-73da91335000 rw-p 00000000 00:00 0 
73da91335000-73da91336000 ---p 00000000 00:00 0 
73da91336000-73da91436000 rw-p 00000000 00:00 0 
73da91436000-73da932b6000 rw-p 00000000 00:00 0 
73da932b6000-73daaf336000 ---p 00000000 00:00 0 
73daaf336000-73dab1236000 rw-p 00000000 00:00 0 
73dab1236000-73dacd2b6000 ---p 00000000 00:00 0 
73dacd2b6000-73dacd706000 rw-p 00000000 00:00 0 
73dacd706000-73dad0f16000 ---p 00000000 00:00 0 
73dad0f16000-73dad12f6000 rw-p 00000000 00:00 0 
73dad12f6000-73dad4b06000 ---p 00000000 00:00 0 
73dad4b06000-73dad4ee6000 rw-p 00000000 00:00 0 
73dad4ee6000-73dad86f6000 ---p 00000000 00:00 0 
73dad86f6000-73dad9200000 rw-p 00000000 00:00 0 
73dad9200000-73dad9470000 rwxp 00000000 00:00 0 
73dad9470000-73dae065f000 ---p 00000000 00:00 0 
73dae065f000-73dae08cf000 rwxp 00000000 00:00 0 
73dae08cf000-73dae0da0000 ---p 00000000 00:00 0 
73dae0da0000-73dae1010000 rwxp 00000000 00:00 0 
73dae1010000-73dae8200000 ---p 00000000 00:00 0 
73dae8200000-73daefe3b000 r--s 00000000 103:01 75498899                  /home/grishberg/.gradle/jdks/eclipse_adoptium-17-amd64-linux/jdk-17.0.19+10/lib/modules
73daefe47000-73daf0493000 rw-p 00000000 00:00 0 
73daf0493000-73daf4000000 ---p 00000000 00:00 0 
73daf4024000-73daf4026000 r--p 00000000 103:01 75498880                  /home/grishberg/.gradle/jdks/eclipse_adoptium-17-amd64-linux/jdk-17.0.19+10/lib/libzip.so
73daf4026000-73daf4039000 r-xp 00002000 103:01 75498880                  /home/grishberg/.gradle/jdks/eclipse_adoptium-17-amd64-linux/jdk-17.0.19+10/lib/libzip.so
73daf4039000-73daf4040000 r--p 00015000 103:01 75498880                  /home/grishberg/.gradle/jdks/eclipse_adoptium-17-amd64-linux/jdk-17.0.19+10/lib/libzip.so
73daf4040000-73daf4041000 ---p 0001c000 103:01 75498880                  /home/grishberg/.gradle/jdks/eclipse_adoptium-17-amd64-linux/jdk-17.0.19+10/lib/libzip.so
73daf4041000-73daf4042000 r--p 0001c000 103:01 75498880                  /home/grishberg/.gradle/jdks/eclipse_adoptium-17-amd64-linux/jdk-17.0.19+10/lib/libzip.so
73daf4042000-73daf4043000 rw-p 0001d000 103:01 75498880                  /home/grishberg/.gradle/jdks/eclipse_adoptium-17-amd64-linux/jdk-17.0.19+10/lib/libzip.so
73daf4043000-73daf424a000 rw-p 00000000 00:00 0 
73daf424a000-73daf432e000 ---p 00000000 00:00 0 
73daf432e000-73daf4333000 rw-p 00000000 00:00 0 
73daf4333000-73daf4417000 ---p 00000000 00:00 0 
73daf4417000-73daf441b000 ---p 00000000 00:00 0 
73daf441b000-73daf4517000 rw-p 00000000 00:00 0 
73daf4517000-73daf4527000 r--p 00000000 103:01 90442151                  /usr/lib/x86_64-linux-gnu/libm.so.6
73daf4527000-73daf45a6000 r-xp 00010000 103:01 90442151                  /usr/lib/x86_64-linux-gnu/libm.so.6
73daf45a6000-73daf45fe000 r--p 0008f000 103:01 90442151                  /usr/lib/x86_64-linux-gnu/libm.so.6
73daf45fe000-73daf45ff000 r--p 000e7000 103:01 90442151                  /usr/lib/x86_64-linux-gnu/libm.so.6
73daf45ff000-73daf4600000 rw-p 000e8000 103:01 90442151                  /usr/lib/x86_64-linux-gnu/libm.so.6
73daf4600000-73daf4853000 r--p 00000000 103:01 75498866                  /home/grishberg/.gradle/jdks/eclipse_adoptium-17-amd64-linux/jdk-17.0.19+10/lib/server/libjvm.so
73daf4853000-73daf557b000 r-xp 00253000 103:01 75498866                  /home/grishberg/.gradle/jdks/eclipse_adoptium-17-amd64-linux/jdk-17.0.19+10/lib/server/libjvm.so
73daf557b000-73daf5808000 r--p 00f7b000 103:01 75498866                  /home/grishberg/.gradle/jdks/eclipse_adoptium-17-amd64-linux/jdk-17.0.19+10/lib/server/libjvm.so
73daf5808000-73daf5809000 ---p 01208000 103:01 75498866                  /home/grishberg/.gradle/jdks/eclipse_adoptium-17-amd64-linux/jdk-17.0.19+10/lib/server/libjvm.so
73daf5809000-73daf58c2000 r--p 01208000 103:01 75498866                  /home/grishberg/.gradle/jdks/eclipse_adoptium-17-amd64-linux/jdk-17.0.19+10/lib/server/libjvm.so
73daf58c2000-73daf58f7000 rw-p 012c1000 103:01 75498866                  /home/grishberg/.gradle/jdks/eclipse_adoptium-17-amd64-linux/jdk-17.0.19+10/lib/server/libjvm.so
73daf58f7000-73daf5952000 rw-p 00000000 00:00 0 
73daf5957000-73daf59c9000 rw-p 00000000 00:00 0 
73daf59d1000-73daf59d5000 r--p 00000000 103:01 75498890                  /home/grishberg/.gradle/jdks/eclipse_adoptium-17-amd64-linux/jdk-17.0.19+10/lib/libnet.so
73daf59d5000-73daf59e3000 r-xp 00004000 103:01 75498890                  /home/grishberg/.gradle/jdks/eclipse_adoptium-17-amd64-linux/jdk-17.0.19+10/lib/libnet.so
73daf59e3000-73daf59e7000 r--p 00012000 103:01 75498890                  /home/grishberg/.gradle/jdks/eclipse_adoptium-17-amd64-linux/jdk-17.0.19+10/lib/libnet.so
73daf59e7000-73daf59e8000 r--p 00015000 103:01 75498890                  /home/grishberg/.gradle/jdks/eclipse_adoptium-17-amd64-linux/jdk-17.0.19+10/lib/libnet.so
73daf59e8000-73daf59e9000 rw-p 00016000 103:01 75498890                  /home/grishberg/.gradle/jdks/eclipse_adoptium-17-amd64-linux/jdk-17.0.19+10/lib/libnet.so
73daf59e9000-73daf59f0000 r--p 00000000 103:01 75498910                  /home/grishberg/.gradle/jdks/eclipse_adoptium-17-amd64-linux/jdk-17.0.19+10/lib/libnio.so
73daf59f0000-73daf59f9000 r-xp 00007000 103:01 75498910                  /home/grishberg/.gradle/jdks/eclipse_adoptium-17-amd64-linux/jdk-17.0.19+10/lib/libnio.so
73daf59f9000-73daf59fd000 r--p 00010000 103:01 75498910                  /home/grishberg/.gradle/jdks/eclipse_adoptium-17-amd64-linux/jdk-17.0.19+10/lib/libnio.so
73daf59fd000-73daf59fe000 ---p 00014000 103:01 75498910                  /home/grishberg/.gradle/jdks/eclipse_adoptium-17-amd64-linux/jdk-17.0.19+10/lib/libnio.so
73daf59fe000-73daf59ff000 r--p 00014000 103:01 75498910                  /home/grishberg/.gradle/jdks/eclipse_adoptium-17-amd64-linux/jdk-17.0.19+10/lib/libnio.so
73daf59ff000-73daf5a00000 rw-p 00015000 103:01 75498910                  /home/grishberg/.gradle/jdks/eclipse_adoptium-17-amd64-linux/jdk-17.0.19+10/lib/libnio.so
73daf5a00000-73daf5a28000 r--p 00000000 103:01 90442148                  /usr/lib/x86_64-linux-gnu/libc.so.6
73daf5a28000-73daf5bb0000 r-xp 00028000 103:01 90442148                  /usr/lib/x86_64-linux-gnu/libc.so.6
73daf5bb0000-73daf5bff000 r--p 001b0000 103:01 90442148                  /usr/lib/x86_64-linux-gnu/libc.so.6
73daf5bff000-73daf5c03000 r--p 001fe000 103:01 90442148                  /usr/lib/x86_64-linux-gnu/libc.so.6
73daf5c03000-73daf5c05000 rw-p 00202000 103:01 90442148                  /usr/lib/x86_64-linux-gnu/libc.so.6
73daf5c05000-73daf5c12000 rw-p 00000000 00:00 0 
73daf5c1c000-73daf5c21000 r--p 00000000 103:01 51524701                  /tmp/manifold3d11961658150370522300/libmanifold_jni.so
73daf5c21000-73daf5c24000 r-xp 00005000 103:01 51524701                  /tmp/manifold3d11961658150370522300/libmanifold_jni.so
73daf5c24000-73daf5c25000 r--p 00008000 103:01 51524701                  /tmp/manifold3d11961658150370522300/libmanifold_jni.so
73daf5c25000-73daf5c26000 r--p 00009000 103:01 51524701                  /tmp/manifold3d11961658150370522300/libmanifold_jni.so
73daf5c26000-73daf5c27000 rw-p 0000a000 103:01 51524701                  /tmp/manifold3d11961658150370522300/libmanifold_jni.so
73daf5c27000-73daf5ca4000 rw-p 00000000 00:00 0 
73daf5ca4000-73daf5cae000 ---p 00000000 00:00 0 
73daf5cae000-73daf5cbc000 r--p 00000000 103:01 75498920                  /home/grishberg/.gradle/jdks/eclipse_adoptium-17-amd64-linux/jdk-17.0.19+10/lib/libjava.so
73daf5cbc000-73daf5cce000 r-xp 0000e000 103:01 75498920                  /home/grishberg/.gradle/jdks/eclipse_adoptium-17-amd64-linux/jdk-17.0.19+10/lib/libjava.so
73daf5cce000-73daf5cd4000 r--p 00020000 103:01 75498920                  /home/grishberg/.gradle/jdks/eclipse_adoptium-17-amd64-linux/jdk-17.0.19+10/lib/libjava.so
73daf5cd4000-73daf5cd5000 ---p 00026000 103:01 75498920                  /home/grishberg/.gradle/jdks/eclipse_adoptium-17-amd64-linux/jdk-17.0.19+10/lib/libjava.so
73daf5cd5000-73daf5cd6000 r--p 00026000 103:01 75498920                  /home/grishberg/.gradle/jdks/eclipse_adoptium-17-amd64-linux/jdk-17.0.19+10/lib/libjava.so
73daf5cd6000-73daf5cd7000 rw-p 00027000 103:01 75498920                  /home/grishberg/.gradle/jdks/eclipse_adoptium-17-amd64-linux/jdk-17.0.19+10/lib/libjava.so
73daf5cd7000-73daf5cd8000 rw-p 00000000 00:00 0 
73daf5cd8000-73daf5cdc000 r--p 00000000 103:01 75498904                  /home/grishberg/.gradle/jdks/eclipse_adoptium-17-amd64-linux/jdk-17.0.19+10/lib/libjimage.so
73daf5cdc000-73daf5cef000 r-xp 00004000 103:01 75498904                  /home/grishberg/.gradle/jdks/eclipse_adoptium-17-amd64-linux/jdk-17.0.19+10/lib/libjimage.so
73daf5cef000-73daf5cf5000 r--p 00017000 103:01 75498904                  /home/grishberg/.gradle/jdks/eclipse_adoptium-17-amd64-linux/jdk-17.0.19+10/lib/libjimage.so
73daf5cf5000-73daf5cf7000 r--p 0001c000 103:01 75498904                  /home/grishberg/.gradle/jdks/eclipse_adoptium-17-amd64-linux/jdk-17.0.19+10/lib/libjimage.so
73daf5cf7000-73daf5cf8000 rw-p 0001e000 103:01 75498904                  /home/grishberg/.gradle/jdks/eclipse_adoptium-17-amd64-linux/jdk-17.0.19+10/lib/libjimage.so
73daf5cf8000-73daf5cf9000 r--p 00000000 103:01 90442162                  /usr/lib/x86_64-linux-gnu/librt.so.1
73daf5cf9000-73daf5cfa000 r-xp 00001000 103:01 90442162                  /usr/lib/x86_64-linux-gnu/librt.so.1
73daf5cfa000-73daf5cfb000 r--p 00002000 103:01 90442162                  /usr/lib/x86_64-linux-gnu/librt.so.1
73daf5cfb000-73daf5cfc000 r--p 00002000 103:01 90442162                  /usr/lib/x86_64-linux-gnu/librt.so.1
73daf5cfc000-73daf5cfd000 rw-p 00003000 103:01 90442162                  /usr/lib/x86_64-linux-gnu/librt.so.1
73daf5cfd000-73daf5cff000 rw-p 00000000 00:00 0 
73daf5cff000-73daf5d00000 r--p 00000000 103:01 90442150                  /usr/lib/x86_64-linux-gnu/libdl.so.2
73daf5d00000-73daf5d01000 r-xp 00001000 103:01 90442150                  /usr/lib/x86_64-linux-gnu/libdl.so.2
73daf5d01000-73daf5d02000 r--p 00002000 103:01 90442150                  /usr/lib/x86_64-linux-gnu/libdl.so.2
73daf5d02000-73daf5d03000 r--p 00002000 103:01 90442150                  /usr/lib/x86_64-linux-gnu/libdl.so.2
73daf5d03000-73daf5d04000 rw-p 00003000 103:01 90442150                  /usr/lib/x86_64-linux-gnu/libdl.so.2
73daf5d04000-73daf5d05000 r--p 00000000 103:01 90442160                  /usr/lib/x86_64-linux-gnu/libpthread.so.0
73daf5d05000-73daf5d06000 r-xp 00001000 103:01 90442160                  /usr/lib/x86_64-linux-gnu/libpthread.so.0
73daf5d06000-73daf5d07000 r--p 00002000 103:01 90442160                  /usr/lib/x86_64-linux-gnu/libpthread.so.0
73daf5d07000-73daf5d08000 r--p 00002000 103:01 90442160                  /usr/lib/x86_64-linux-gnu/libpthread.so.0
73daf5d08000-73daf5d09000 rw-p 00003000 103:01 90442160                  /usr/lib/x86_64-linux-gnu/libpthread.so.0
73daf5d0a000-73daf5d11000 r--s 00000000 103:01 90442137                  /usr/lib/x86_64-linux-gnu/gconv/gconv-modules.cache
73daf5d11000-73daf5d19000 rw-s 00000000 103:01 51524607                  /tmp/hsperfdata_grishberg/90371
73daf5d19000-73daf5d1a000 ---p 00000000 00:00 0 
73daf5d1a000-73daf5d1b000 r--p 00000000 00:00 0 
73daf5d1b000-73daf5d1c000 ---p 00000000 00:00 0 
73daf5d1c000-73daf5d1f000 r--p 00000000 103:01 75498874                  /home/grishberg/.gradle/jdks/eclipse_adoptium-17-amd64-linux/jdk-17.0.19+10/lib/libjli.so
73daf5d1f000-73daf5d2f000 r-xp 00003000 103:01 75498874                  /home/grishberg/.gradle/jdks/eclipse_adoptium-17-amd64-linux/jdk-17.0.19+10/lib/libjli.so
73daf5d2f000-73daf5d36000 r--p 00013000 103:01 75498874                  /home/grishberg/.gradle/jdks/eclipse_adoptium-17-amd64-linux/jdk-17.0.19+10/lib/libjli.so
73daf5d36000-73daf5d37000 r--p 00019000 103:01 75498874                  /home/grishberg/.gradle/jdks/eclipse_adoptium-17-amd64-linux/jdk-17.0.19+10/lib/libjli.so
73daf5d37000-73daf5d38000 rw-p 0001a000 103:01 75498874                  /home/grishberg/.gradle/jdks/eclipse_adoptium-17-amd64-linux/jdk-17.0.19+10/lib/libjli.so
73daf5d38000-73daf5d3a000 rw-p 00000000 00:00 0 
73daf5d3a000-73daf5d3e000 r--p 00000000 00:00 0                          [vvar]
73daf5d3e000-73daf5d40000 r--p 00000000 00:00 0                          [vvar_vclock]
73daf5d40000-73daf5d42000 r-xp 00000000 00:00 0                          [vdso]
73daf5d42000-73daf5d43000 r--p 00000000 103:01 90442145                  /usr/lib/x86_64-linux-gnu/ld-linux-x86-64.so.2
73daf5d43000-73daf5d6e000 r-xp 00001000 103:01 90442145                  /usr/lib/x86_64-linux-gnu/ld-linux-x86-64.so.2
73daf5d6e000-73daf5d78000 r--p 0002c000 103:01 90442145                  /usr/lib/x86_64-linux-gnu/ld-linux-x86-64.so.2
73daf5d78000-73daf5d7a000 r--p 00036000 103:01 90442145                  /usr/lib/x86_64-linux-gnu/ld-linux-x86-64.so.2
73daf5d7a000-73daf5d7c000 rw-p 00038000 103:01 90442145                  /usr/lib/x86_64-linux-gnu/ld-linux-x86-64.so.2
7fff18e4e000-7fff18e70000 rw-p 00000000 00:00 0                          [stack]
ffffffffff600000-ffffffffff601000 --xp 00000000 00:00 0                  [vsyscall]


VM Arguments:
jvm_args: -Djava.library.path=/home/grishberg/projects/java/opengl_kbd_render/cad3d/build/manifold-natives/manifold3d/natives/linux-x86_64 -Dfile.encoding=UTF-8 -Duser.country=US -Duser.language=en -Duser.variant 
java_command: com.github.grishberg.cad3d.cli.CliRunnerKt --model matrix_right
java_class_path (initial): /home/grishberg/projects/java/opengl_kbd_render/cad3d/build/classes/java/main:/home/grishberg/projects/java/opengl_kbd_render/cad3d/build/classes/kotlin/main:/home/grishberg/projects/java/opengl_kbd_render/cad3d/build/resources/main:/home/grishberg/projects/java/opengl_kbd_render/common/build/libs/common-1.0.1.jar:/home/grishberg/projects/java/opengl_kbd_render/kbd_core/build/libs/kbd_core-1.0.1.jar:/home/grishberg/projects/java/opengl_kbd_render/plugin/build/libs/plugin-1.0.jar:/home/grishberg/projects/java/opengl_kbd_render/javascad/build/libs/javascad-1.0.jar:/home/grishberg/projects/java/opengl_kbd_render/libs/manifold3d-3.2.13.jar:/home/grishberg/.gradle/caches/modules-2/files-2.1/org.jetbrains.kotlin/kotlin-stdlib-jdk8/1.9.22/dea0c11e2fa503ab891c8a090e3b54754472975d/kotlin-stdlib-jdk8-1.9.22.jar:/home/grishberg/.gradle/caches/modules-2/files-2.1/org.jetbrains.kotlinx/kotlinx-coroutines-core-jvm/1.8.0/ac1dc37a30a93150b704022f8d895ee1bd3a36b3/kotlinx-coroutines-core-jvm-1.8.0.jar:/home/grishberg/.gradle/caches/modules-2/files-2.1/org.jetbrains.kotlin/kotlin-stdlib-jdk7/1.9.22/c4b17283ad7939e778989663f8301d871987fa5e/kotlin-stdlib-jdk7-1.9.22.jar:/home/grishberg/.gradle/caches/modules-2/files-2.1/org.jetbrains.kotlinx/kotlinx-serialization-core-jvm/1.6.2/384c2492c987f1d92bfa186580de058c284b2ad9/kotlinx-serialization-core-jvm-1.6.2.jar:/home/grishberg/.gradle/caches/modules-2/files-2.1/org.jetbrains.kotlinx/kotlinx-serialization-json-jvm/1.6.2/8f4df208edf91a3012e7a27ccd02f386d4bfc8c6/kotlinx-serialization-json-jvm-1.6.2.jar:/home/grishberg/.gradle/caches/modules-2/files-2.1/org.jetbrains.kotlin/kotlin-stdlib/1.9.22/d6c44cd08d8f3f9bece8101216dbe6553365c6e3/kotlin-stdlib-1.9.22.jar:/home/grishberg/.gradle/caches/modules-2/files-2.1/org.jetbrains/annotations/23.0.0/8cc20c07506ec18e0834947b84a864bfc094484e/annotations-23.0.0.jar
Launcher Type: SUN_STANDARD

[Global flags]
     intx CICompilerCount                          = 12                                        {product} {ergonomic}
     uint ConcGCThreads                            = 3                                         {product} {ergonomic}
     uint G1ConcRefinementThreads                  = 13                                        {product} {ergonomic}
   size_t G1HeapRegionSize                         = 16777216                                  {product} {ergonomic}
    uintx GCDrainStackTargetSize                   = 64                                        {product} {ergonomic}
   size_t InitialHeapSize                          = 2046820352                                {product} {ergonomic}
   size_t MarkStackSize                            = 4194304                                   {product} {ergonomic}
   size_t MaxHeapSize                              = 32178700288                               {product} {ergonomic}
   size_t MaxNewSize                               = 19293798400                               {product} {ergonomic}
   size_t MinHeapDeltaBytes                        = 16777216                                  {product} {ergonomic}
   size_t MinHeapSize                              = 16777216                                  {product} {ergonomic}
    uintx NonNMethodCodeHeapSize                   = 7602480                                {pd product} {ergonomic}
    uintx NonProfiledCodeHeapSize                  = 122027880                              {pd product} {ergonomic}
    uintx ProfiledCodeHeapSize                     = 122027880                              {pd product} {ergonomic}
    uintx ReservedCodeCacheSize                    = 251658240                              {pd product} {ergonomic}
     bool SegmentedCodeCache                       = true                                      {product} {ergonomic}
   size_t SoftMaxHeapSize                          = 32178700288                            {manageable} {ergonomic}
     bool UseCompressedClassPointers               = true                           {product lp64_product} {ergonomic}
     bool UseCompressedOops                        = true                           {product lp64_product} {ergonomic}
     bool UseG1GC                                  = true                                      {product} {ergonomic}

Logging:
Log output configuration:
 #0: stdout all=warning uptime,level,tags
 #1: stderr all=off uptime,level,tags

Environment Variables:
PATH=/home/grishberg/projects/ts/opencode/bot/venv/bin:/home/grishberg/android-sdk/platform-tools:/home/grishberg/.local/bin:/usr/local/sbin:/usr/local/bin:/usr/sbin:/usr/bin:/sbin:/bin:/usr/games:/usr/local/games:/snap/bin:/snap/bin
USERNAME=grishberg
SHELL=/bin/bash
DISPLAY=:0
LANG=en_US.UTF-8

Active Locale:
LC_ALL=en_US.UTF-8
LC_COLLATE=en_US.UTF-8
LC_CTYPE=en_US.UTF-8
LC_MESSAGES=en_US.UTF-8
LC_MONETARY=en_US.UTF-8
LC_NUMERIC=en_US.UTF-8
LC_TIME=en_US.UTF-8

Signal Handlers:
   SIGSEGV: crash_handler in libjvm.so, mask=11100100010111111101111111111110, flags=SA_RESTART|SA_SIGINFO, unblocked
    SIGBUS: crash_handler in libjvm.so, mask=11100100010111111101111111111110, flags=SA_RESTART|SA_SIGINFO, unblocked
    SIGFPE: crash_handler in libjvm.so, mask=11100100010111111101111111111110, flags=SA_RESTART|SA_SIGINFO, unblocked
   SIGPIPE: javaSignalHandler in libjvm.so, mask=11100100010111111101111111111110, flags=SA_RESTART|SA_SIGINFO, blocked
   SIGXFSZ: javaSignalHandler in libjvm.so, mask=11100100010111111101111111111110, flags=SA_RESTART|SA_SIGINFO, blocked
    SIGILL: crash_handler in libjvm.so, mask=11100100010111111101111111111110, flags=SA_RESTART|SA_SIGINFO, unblocked
   SIGUSR2: SR_handler in libjvm.so, mask=00000000000000000000000000000000, flags=SA_RESTART|SA_SIGINFO, blocked
    SIGHUP: UserHandler in libjvm.so, mask=11100100010111111101111111111110, flags=SA_RESTART|SA_SIGINFO, blocked
    SIGINT: UserHandler in libjvm.so, mask=11100100010111111101111111111110, flags=SA_RESTART|SA_SIGINFO, blocked
   SIGTERM: UserHandler in libjvm.so, mask=11100100010111111101111111111110, flags=SA_RESTART|SA_SIGINFO, blocked
   SIGQUIT: UserHandler in libjvm.so, mask=11100100010111111101111111111110, flags=SA_RESTART|SA_SIGINFO, blocked
   SIGTRAP: crash_handler in libjvm.so, mask=11100100010111111101111111111110, flags=SA_RESTART|SA_SIGINFO, unblocked


Periodic native trim disabled


---------------  S Y S T E M  ---------------

OS:
DISTRIB_ID=Ubuntu
DISTRIB_RELEASE=24.04
DISTRIB_CODENAME=noble
DISTRIB_DESCRIPTION="Ubuntu 24.04.4 LTS"
uname: Linux 6.17.0-35-generic #35~24.04.1-Ubuntu SMP PREEMPT_DYNAMIC Tue May 26 19:30:42 UTC 2 x86_64
OS uptime: 0 days 7:02 hours
libc: glibc 2.39 NPTL 2.39 
rlimit (soft/hard): STACK 8192k/infinity , CORE 0k/infinity , NPROC 496841/496841 , NOFILE 1048576/1048576 , AS infinity/infinity , CPU infinity/infinity , DATA infinity/infinity , FSIZE infinity/infinity , MEMLOCK 15919580k/15919580k
load average: 1.88 2.07 1.73

/proc/meminfo:
MemTotal:       127356652 kB
MemFree:        42204964 kB
MemAvailable:   85531160 kB
Buffers:         2909128 kB
Cached:         43431876 kB
SwapCached:            0 kB
Active:         40658192 kB
Inactive:       41139864 kB
Active(anon):   38493968 kB
Inactive(anon):        0 kB
Active(file):    2164224 kB
Inactive(file): 41139864 kB
Unevictable:           0 kB
Mlocked:               0 kB
SwapTotal:       8388604 kB
SwapFree:        8388604 kB
Zswap:                 0 kB
Zswapped:              0 kB
Dirty:              8424 kB
Writeback:             0 kB
AnonPages:      35457964 kB
Mapped:          4231352 kB
Shmem:           3036928 kB
KReclaimable:    1237280 kB
Slab:            1599072 kB
SReclaimable:    1237280 kB
SUnreclaim:       361792 kB
KernelStack:       23248 kB
PageTables:       108208 kB
SecPageTables:      2180 kB
NFS_Unstable:          0 kB
Bounce:                0 kB
WritebackTmp:          0 kB
CommitLimit:    72066928 kB
Committed_AS:   54592148 kB
VmallocTotal:   34359738367 kB
VmallocUsed:      165612 kB
VmallocChunk:          0 kB
Percpu:            15232 kB
HardwareCorrupted:     0 kB
AnonHugePages:         0 kB
ShmemHugePages:        0 kB
ShmemPmdMapped:        0 kB
FileHugePages:    321536 kB
FilePmdMapped:      2048 kB
CmaTotal:              0 kB
CmaFree:               0 kB
Unaccepted:            0 kB
Balloon:               0 kB
HugePages_Total:       0
HugePages_Free:        0
HugePages_Rsvd:        0
HugePages_Surp:        0
Hugepagesize:       2048 kB
Hugetlb:               0 kB
DirectMap4k:      508068 kB
DirectMap2M:    13033472 kB
DirectMap1G:    121634816 kB

/sys/kernel/mm/transparent_hugepage/enabled: always [madvise] never
/sys/kernel/mm/transparent_hugepage/hpage_pmd_size: 2097152
/sys/kernel/mm/transparent_hugepage/defrag (defrag/compaction efforts parameter): always defer defer+madvise [madvise] never

Process Memory:
Virtual Size: 36794180K (peak: 36855688K)
Resident Set Size: 192656K (peak: 192868K) (anon: 168768K, file: 23888K, shmem: 0K)
Swapped out: 0K
C-Heap outstanding allocations: 61923K, retained: 17001K
glibc malloc tunables: (default)

/proc/sys/kernel/threads-max (system-wide limit on the number of threads): 993683
/proc/sys/vm/max_map_count (maximum number of memory map areas a process may have): 1048576
/proc/sys/vm/swappiness (control to define how aggressively the kernel swaps out anonymous memory): 60
/proc/sys/kernel/pid_max (system-wide limit on number of process identifiers): 4194304

container (cgroup) information:
container_type: cgroupv2
cpu_cpuset_cpus: not supported
cpu_memory_nodes: not supported
active_processor_count: 16
cpu_quota: not supported
cpu_period: not supported
cpu_shares: not supported
memory_limit_in_bytes: unlimited
memory_and_swap_limit_in_bytes: unlimited
memory_soft_limit_in_bytes: 0
memory_usage_in_bytes: 77768060 k
memory_max_usage_in_bytes: not supported
rss_usage_in_bytes: 34167860 k
cache_usage_in_bytes: 42521588 k
memory_swap_current_in_bytes: 0
memory_swap_max_limit_in_bytes: unlimited
maximum number of tasks: 149052
current number of tasks: 592

Steal ticks since vm start: 0
Steal ticks percentage since vm start:  0.000

CPU: total 16 (initial active 16) (16 cores per cpu, 2 threads per core) family 25 model 33 stepping 2 microcode 0xa201213, cx8, cmov, fxsr, ht, mmx, 3dnowpref, sse, sse2, sse3, ssse3, sse4a, sse4.1, sse4.2, popcnt, lzcnt, tsc, tscinvbit, avx, avx2, aes, erms, clmul, bmi1, bmi2, adx, sha, fma, vzeroupper, clflush, clflushopt
CPU Model and flags from /proc/cpuinfo:
model name	: AMD Ryzen 7 5800X3D 8-Core Processor
flags		: fpu vme de pse tsc msr pae mce cx8 apic sep mtrr pge mca cmov pat pse36 clflush mmx fxsr sse sse2 ht syscall nx mmxext fxsr_opt pdpe1gb rdtscp lm constant_tsc rep_good nopl xtopology nonstop_tsc cpuid extd_apicid aperfmperf rapl pni pclmulqdq monitor ssse3 fma cx16 sse4_1 sse4_2 x2apic movbe popcnt aes xsave avx f16c rdrand lahf_lm cmp_legacy svm extapic cr8_legacy abm sse4a misalignsse 3dnowprefetch osvw ibs skinit wdt tce topoext perfctr_core perfctr_nb bpext perfctr_llc mwaitx cpb cat_l3 cdp_l3 hw_pstate ssbd mba ibrs ibpb stibp vmmcall fsgsbase bmi1 avx2 smep bmi2 erms invpcid cqm rdt_a rdseed adx smap clflushopt clwb sha_ni xsaveopt xsavec xgetbv1 xsaves cqm_llc cqm_occup_llc cqm_mbm_total cqm_mbm_local user_shstk clzero irperf xsaveerptr rdpru wbnoinvd arat npt lbrv svm_lock nrip_save tsc_scale vmcb_clean flushbyasid decodeassists pausefilter pfthreshold avic v_vmsave_vmload vgif v_spec_ctrl umip pku ospke vaes vpclmulqdq rdpid overflow_recov succor smca fsrm debug_swap

Online cpus: 0-15
Offline cpus: 
BIOS frequency limitation: <Not Available>
Frequency switch latency (ns): 0
Available cpu frequencies: <Not Available>
Current governor: powersave
Core performance/turbo boost: 1

Memory: 4k page, physical 127356652k(42204964k free), swap 8388604k(8388604k free)
Page Sizes: 4k

vm_info: OpenJDK 64-Bit Server VM (17.0.19+10) for linux-amd64 JRE (17.0.19+10), built on Apr 21 2026 00:00:00 by "admin" with gcc 10.3.0

END.
