#
# A fatal error has been detected by the Java Runtime Environment:
#
#  SIGSEGV (0xb) at pc=0x0000790102c9fff4, pid=71942, tid=71965
#
# JRE version: OpenJDK Runtime Environment Temurin-17.0.19+10 (17.0.19+10) (build 17.0.19+10)
# Java VM: OpenJDK 64-Bit Server VM Temurin-17.0.19+10 (17.0.19+10, mixed mode, sharing, tiered, compressed oops, compressed class ptrs, g1 gc, linux-amd64)
# Problematic frame:
# C  [libc.so.6+0x9fff4]  pthread_mutex_lock+0x4
#
# Core dump will be written. Default location: Core dumps may be processed with "/usr/share/apport/apport -p%p -s%s -c%c -d%d -P%P -u%u -g%g -F%F -- %E" (or dumping to /home/grishberg/projects/java/opengl_kbd_render/cad3d/core.71942)
#
# If you would like to submit a bug report, please visit:
#   https://github.com/adoptium/adoptium-support/issues
# The crash happened outside the Java Virtual Machine in native code.
# See problematic frame for where to report the bug.
#

---------------  S U M M A R Y ------------

Command Line: -Djava.library.path=/home/grishberg/projects/java/opengl_kbd_render/cad3d/build/manifold-natives/manifold3d/natives/linux-x86_64 -Dfile.encoding=UTF-8 -Duser.country=US -Duser.language=en -Duser.variant com.github.grishberg.cad3d.cli.CliRunnerKt --model matrix_right

Host: AMD Ryzen 7 5800X3D 8-Core Processor, 16 cores, 121G, Ubuntu 24.04.4 LTS
Time: Wed Jul 15 13:54:26 2026 MSK elapsed time: 0.244269 seconds (0d 0h 0m 0s)

---------------  T H R E A D  ---------------

Current thread (0x000078fffc064dd0):  JavaThread "DefaultDispatcher-worker-3" daemon [_thread_in_native, id=71965, stack(0x000079008d700000,0x000079008d800000)]

Stack: [0x000079008d700000,0x000079008d800000],  sp=0x000079008d7fd978,  free space=1014k
Native frames: (J=compiled Java code, j=interpreted, Vv=VM code, C=native code)
C  [libc.so.6+0x9fff4]  pthread_mutex_lock+0x4
C  0x000078fffc065080
C  0x000079008d7fdb10

Java frames: (J=compiled Java code, j=interpreted, Vv=VM code)
J 773  com.cadoodlecad.manifold.ManifoldBindings.jniUnion(JJJ)J (0 bytes) @ 0x00007900ecdd526f [0x00007900ecdd5220+0x000000000000004f]
J 842 c1 com.cadoodlecad.manifold.ManifoldBindings.union(JJ)J (13 bytes) @ 0x00007900e5378764 [0x00007900e53786c0+0x00000000000000a4]
J 789 c1 eu.printingin3d.javascad.manifold.Manifold3dEngine.operateNative(JJI)J (82 bytes) @ 0x00007900e536159c [0x00007900e53613a0+0x00000000000001fc]
J 791 c1 eu.printingin3d.javascad.manifold.Manifold3dEngine.unionNative(JJ)J (8 bytes) @ 0x00007900e5361c3c [0x00007900e5361bc0+0x000000000000007c]
j  eu.printingin3d.javascad.tranzitions.Union.toInnerNativeMesh(Leu/printingin3d/javascad/vrl/FacetGenerationContext;)J+61
J 762 c1 eu.printingin3d.javascad.models.Abstract3dModel.toNativeMesh(Leu/printingin3d/javascad/vrl/FacetGenerationContext;)J (128 bytes) @ 0x00007900e5353c44 [0x00007900e53535c0+0x0000000000000684]
j  eu.printingin3d.javascad.tranzitions.Difference.toInnerNativeMesh(Leu/printingin3d/javascad/vrl/FacetGenerationContext;)J+5
J 762 c1 eu.printingin3d.javascad.models.Abstract3dModel.toNativeMesh(Leu/printingin3d/javascad/vrl/FacetGenerationContext;)J (128 bytes) @ 0x00007900e5353c44 [0x00007900e53535c0+0x0000000000000684]
j  com.github.grishberg.cad3d.util.VertexHolderUtilsKt.fromModelNative(Leu/printingin3d/javascad/models/Abstract3dModel;I)Lcom/github/grishberg/cad3d/plugin/VertexHolder;+28
j  com.github.grishberg.cad3d.util.VertexHolderUtilsKt.fromModel(Leu/printingin3d/javascad/models/Abstract3dModel;I)Lcom/github/grishberg/cad3d/plugin/VertexHolder;+8
j  com.github.grishberg.cad3d.keyboard.ModelHolder$Companion.createVertexHolders(Lcom/github/grishberg/cad3d/keyboard/cfg/KeyboardConfig;Leu/printingin3d/javascad/models/Abstract3dModel;Ljava/util/List;)Ljava/util/List;+101
j  com.github.grishberg.cad3d.keyboard.ModelHolder.<init>(Lcom/github/grishberg/cad3d/keyboard/cfg/KeyboardConfig;Leu/printingin3d/javascad/models/Abstract3dModel;[Leu/printingin3d/javascad/models/Abstract3dModel;)V+29
j  com.github.grishberg.cad3d.KeyboardBuilder.createCaseModel(Lcom/github/grishberg/cad3d/keyboard/cfg/KeyboardConfig;Lcom/github/grishberg/cad3d/keyboard/KeyPlace;Lcom/github/grishberg/cad3d/keyboard/ThumbKeyPlace;Lcom/github/grishberg/cad3d/keyboard/screws/ScrewWallPlaces;Lcom/github/grishberg/cad3d/keyboard/casebody/Walls;Lcom/github/grishberg/cad3d/keyboard/casebody/controllers/ControllerPlace;Lcom/github/grishberg/cad3d/keyboard/casebody/controllers/SwitcherPlace;Lcom/github/grishberg/cad3d/keyboard/casebody/controllers/ControllerFactory;Lcom/github/grishberg/cad3d/keyboard/casebody/controllers/switcher/SwitcherFactory;Lcom/github/grishberg/cad3d/keyboard/casebody/controllers/Controller;Lcom/github/grishberg/cad3d/trackball/Trackball;Lcom/github/grishberg/cad3d/keyboard/casebody/thumb/ThumbBorders;Lcom/github/grishberg/cad3d/keyboard/casebody/thumb/ThumbWalls;)Lcom/github/grishberg/cad3d/keyboard/ModelHolder;+665
j  com.github.grishberg.cad3d.KeyboardBuilder.createCase(Lcom/github/grishberg/cad3d/keyboard/cfg/KeyboardConfig;Lcom/github/grishberg/cad3d/keyboard/KeyPlace;Lcom/github/grishberg/cad3d/keyboard/ThumbKeyPlace;Lcom/github/grishberg/cad3d/keyboard/screws/ScrewWallPlaces;Lcom/github/grishberg/cad3d/keyboard/casebody/Walls;Lcom/github/grishberg/cad3d/keyboard/casebody/controllers/ControllerPlace;Lcom/github/grishberg/cad3d/keyboard/casebody/controllers/SwitcherPlace;Lcom/github/grishberg/cad3d/keyboard/casebody/controllers/ControllerFactory;Lcom/github/grishberg/cad3d/keyboard/casebody/controllers/switcher/SwitcherFactory;Lcom/github/grishberg/cad3d/keyboard/casebody/controllers/Controller;Lcom/github/grishberg/cad3d/trackball/Trackball;Lcom/github/grishberg/cad3d/keyboard/casebody/thumb/ThumbBorders;Lcom/github/grishberg/cad3d/keyboard/casebody/thumb/ThumbWalls;)Ljava/util/List;+44
j  com.github.grishberg.cad3d.KeyboardBuilder.access$createCase(Lcom/github/grishberg/cad3d/KeyboardBuilder;Lcom/github/grishberg/cad3d/keyboard/cfg/KeyboardConfig;Lcom/github/grishberg/cad3d/keyboard/KeyPlace;Lcom/github/grishberg/cad3d/keyboard/ThumbKeyPlace;Lcom/github/grishberg/cad3d/keyboard/screws/ScrewWallPlaces;Lcom/github/grishberg/cad3d/keyboard/casebody/Walls;Lcom/github/grishberg/cad3d/keyboard/casebody/controllers/ControllerPlace;Lcom/github/grishberg/cad3d/keyboard/casebody/controllers/SwitcherPlace;Lcom/github/grishberg/cad3d/keyboard/casebody/controllers/ControllerFactory;Lcom/github/grishberg/cad3d/keyboard/casebody/controllers/switcher/SwitcherFactory;Lcom/github/grishberg/cad3d/keyboard/casebody/controllers/Controller;Lcom/github/grishberg/cad3d/trackball/Trackball;Lcom/github/grishberg/cad3d/keyboard/casebody/thumb/ThumbBorders;Lcom/github/grishberg/cad3d/keyboard/casebody/thumb/ThumbWalls;)Ljava/util/List;+24
j  com.github.grishberg.cad3d.KeyboardBuilder$exportStl$1$2.invokeSuspend(Ljava/lang/Object;)Ljava/lang/Object;+104
j  kotlin.coroutines.jvm.internal.BaseContinuationImpl.resumeWith(Ljava/lang/Object;)V+44
j  kotlinx.coroutines.DispatchedTask.run()V+317
j  kotlinx.coroutines.scheduling.CoroutineScheduler.runSafely(Lkotlinx/coroutines/scheduling/Task;)V+2
j  kotlinx.coroutines.scheduling.CoroutineScheduler$Worker.executeTask(Lkotlinx/coroutines/scheduling/Task;)V+30
j  kotlinx.coroutines.scheduling.CoroutineScheduler$Worker.runWorker()V+44
j  kotlinx.coroutines.scheduling.CoroutineScheduler$Worker.run()V+1
v  ~StubRoutines::call_stub

siginfo: si_signo: 11 (SIGSEGV), si_code: 1 (SEGV_MAPERR), si_addr: 0x000078f87bfd2025

Registers:
RAX=0x000079008defd398, RBX=0x000078fff4015b50, RCX=0x0000000000000000, RDX=0x0000000000000000
RSP=0x000079008d7fd978, RBP=0x000079008d7fd9b0, RSI=0x000078fff4015b50, RDI=0x000078f87bfd2015
R8 =0x000078fff4015b50, R9 =0x0000000000000000, R10=0x00007900ecdd526f, R11=0x00007900e5361be0
R12=0x000078f87bfd2015, R13=0x000078fff4048a50, R14=0x000079008d7fd9b0, R15=0x000079008de11b30
RIP=0x0000790102c9fff4, EFLAGS=0x0000000000010246, CSGSFS=0x002b000000000033, ERR=0x0000000000000004
  TRAPNO=0x000000000000000e

XMM[0]=0x000078fff4048a40 0x000078fff4048a50
XMM[1]=0x0000000000000000 0x0000000000000000
XMM[2]=0x0000000000000000 0x3f1a36e2eb1c432d
XMM[3]=0x0000000000000000 0x3ff0000000000000
XMM[4]=0x0000000000000000 0x0000000000000000
XMM[5]=0xc021334a2aee9cea 0x3ff0000000000000
XMM[6]=0x3ff0000000000000 0x40477c23087a6128
XMM[7]=0x3ff0000000000000 0x40477c23087a6128
XMM[8]=0x0000000000000000 0x0000000000000000
XMM[9]=0x0000000000000000 0x0000000000000000
XMM[10]=0x40477c23087a6128 0xc021334a2aee9cea
XMM[11]=0x3ff0000000000000 0x0000000000000000
XMM[12]=0x3ff0000000000000 0x0000000000000000
XMM[13]=0x0000000000000000 0x0000000000000000
XMM[14]=0x0000000000000000 0x0000000000000000
XMM[15]=0x0000000000000000 0x3ff0000000000000
  MXCSR=0x00001fa4


Register to memory mapping:

RAX=0x000079008defd398: _ZTVN8manifold9CsgOpNodeE+0x0000000000000010 in /tmp/manifold3d13500848811199689589/libmanifold.so.3 at 0x000079008dd9b000
RBX=0x000078fff4015b50 points into unknown readable memory: 0x000078f87bfd2015 | 15 20 fd 7b f8 78 00 00
RCX=0x0 is NULL
RDX=0x0 is NULL
RSP=0x000079008d7fd978 is pointing into the stack for thread: 0x000078fffc064dd0
RBP=0x000079008d7fd9b0 is pointing into the stack for thread: 0x000078fffc064dd0
RSI=0x000078fff4015b50 points into unknown readable memory: 0x000078f87bfd2015 | 15 20 fd 7b f8 78 00 00
RDI=0x000078f87bfd2015 is an unknown value
R8 =0x000078fff4015b50 points into unknown readable memory: 0x000078f87bfd2015 | 15 20 fd 7b f8 78 00 00
R9 =0x0 is NULL
R10=0x00007900ecdd526f is at entry_point+79 in (nmethod*)0x00007900ecdd5090
Compiled method (n/a) 244  773     n 0       com.cadoodlecad.manifold.ManifoldBindings::jniUnion (native)
 total in heap  [0x00007900ecdd5090,0x00007900ecdd5410] = 896
 relocation     [0x00007900ecdd51f0,0x00007900ecdd5220] = 48
 main code      [0x00007900ecdd5220,0x00007900ecdd5408] = 488
 oops           [0x00007900ecdd5408,0x00007900ecdd5410] = 8
0x00007900ecdd524f:   4c 8b c1 48 8b ca 48 8b d6 49 be 70 81 05 f5 00
0x00007900ecdd525f:   00 00 00 4c 89 74 24 30 4c 8d 74 24 30 49 8b f6
0x00007900ecdd526f:   c5 f8 77 
R11=0x00007900e5361be0 is at entry_point+32 in (nmethod*)0x00007900e5361a10
Compiled method (c1) 245  791       3       eu.printingin3d.javascad.manifold.Manifold3dEngine::unionNative (8 bytes)
 total in heap  [0x00007900e5361a10,0x00007900e5361d80] = 880
 relocation     [0x00007900e5361b70,0x00007900e5361ba8] = 56
 main code      [0x00007900e5361bc0,0x00007900e5361cc0] = 256
 stub code      [0x00007900e5361cc0,0x00007900e5361d00] = 64
 oops           [0x00007900e5361d00,0x00007900e5361d08] = 8
 metadata       [0x00007900e5361d08,0x00007900e5361d10] = 8
 scopes data    [0x00007900e5361d10,0x00007900e5361d38] = 40
 scopes pcs     [0x00007900e5361d38,0x00007900e5361d78] = 64
 dependencies   [0x00007900e5361d78,0x00007900e5361d80] = 8
0x00007900e5361be0:   89 84 24 00 c0 fe ff 55 48 83 ec 40 
R12=0x000078f87bfd2015 is an unknown value
R13=0x000078fff4048a50 points into unknown readable memory: 0x000079008defd398 | 98 d3 ef 8d 00 79 00 00
R14=0x000079008d7fd9b0 is pointing into the stack for thread: 0x000078fffc064dd0
R15=0x000079008de11b30: _ZN8manifold9CsgOpNode7BooleanERKSt10shared_ptrINS_7CsgNodeEENS_6OpTypeE+0x0000000000000000 in /tmp/manifold3d13500848811199689589/libmanifold.so.3 at 0x000079008dd9b000


Top of Stack: (sp=0x000079008d7fd978)
0x000079008d7fd978:   000079008de54899 000079008d7fda40
0x000079008d7fd988:   0000000000000000 000078fff4015b50
0x000079008d7fd998:   000079008de57c5e 000078fff4048a50
0x000079008d7fd9a8:   000078fff4048a40 000079008d7fda00
0x000079008d7fd9b8:   000078fffc065080 000079008d7fda10
0x000079008d7fd9c8:   00007900ecdd2cdc 0000000000000000
0x000079008d7fd9d8:   0dd9496230557e00 0000000000000002
0x000079008d7fd9e8:   000079008d7fda40 000079008d7fda40
0x000079008d7fd9f8:   000078fff4015b50 000079008d7fdc58
0x000079008d7fda08:   000079008d7fdb10 000078fffc064dd0
0x000079008d7fda18:   000079008de57eb3 00007900ec668260
0x000079008d7fda28:   0dd9496230557e00 000078fff4015b50
0x000079008d7fda38:   000079009d00d2f6 000079003b409dab
0x000079008d7fda48:   000079008d7fdaa0 000079003b40c860
0x000079008d7fda58:   000078fff4015b50 00000000f50281a8
0x000079008d7fda68:   0000000000000030 0000000000000000
0x000079008d7fda78:   0dd9496230557e00 0000000000000154
0x000079008d7fda88:   000079008d7fdad0 0000000000000000
0x000079008d7fda98:   0000790102e21fbf 000079008d7fdad0
0x000079008d7fdaa8:   000078fff4015b50 000078fff407fdd0
0x000079008d7fdab8:   000078fff4015b50 000079008d7fdb10
0x000079008d7fdac8:   000078fffc065080 000079008d7fdb20
0x000079008d7fdad8:   00007900ecdd52e8 0000000000000000
0x000079008d7fdae8:   000079008d7fdb40 000079008d7fdcc8
0x000079008d7fdaf8:   00007900e5353c44 0000000000000001
0x000079008d7fdb08:   000078fff4015b50 00000000f5058170
0x000079008d7fdb18:   0000000000000001 000079008d7fdcc8
0x000079008d7fdb28:   00007900e5378764 00000000f50d6870
0x000079008d7fdb38:   00007900e5353c44 0000000000000000
0x000079008d7fdb48:   000078fff4040760 0000000000000000
0x000079008d7fdb58:   0000000000000138 0000000000000000
0x000079008d7fdb68:   000078fff407fdd0 000078fff4015b50 

Instructions: (pc=0x0000790102c9fff4)
0x0000790102c9fef4:   ff ff ff 83 f8 92 0f 84 68 ff ff ff 8d 50 26 83
0x0000790102c9ff04:   f8 da 72 14 48 b8 09 00 00 08 2c 00 00 00 48 0f
0x0000790102c9ff14:   a3 d0 0f 82 4c ff ff ff 48 8d 3d d5 10 13 00 e8
0x0000790102c9ff24:   18 0b ff ff 83 f8 f5 0f 84 a9 fd ff ff 83 f8 fc
0x0000790102c9ff34:   0f 84 a0 fd ff ff eb e0 0f 1f 40 00 be 80 00 00
0x0000790102c9ff44:   00 48 89 df e8 73 90 ff ff e9 16 ff ff ff 64 48
0x0000790102c9ff54:   c7 04 25 f0 02 00 00 00 00 00 00 b8 23 00 00 00
0x0000790102c9ff64:   e9 97 fa ff ff b8 0b 00 00 00 e9 8d fa ff ff 41
0x0000790102c9ff74:   8b 04 24 83 e0 7f 83 f8 12 74 d3 83 f8 11 0f 85
0x0000790102c9ff84:   2f fd ff ff e9 06 ff ff ff e8 2e 7f 09 00 48 8d
0x0000790102c9ff94:   0d e7 4d 13 00 ba bd 01 00 00 48 8d 35 c0 c4 12
0x0000790102c9ffa4:   00 48 8d 3d 74 11 13 00 e8 3f b3 f9 ff 48 8d 0d
0x0000790102c9ffb4:   c8 4d 13 00 ba c2 01 00 00 48 8d 35 a1 c4 12 00
0x0000790102c9ffc4:   48 8d 3d af c4 12 00 e8 20 b3 f9 ff 48 8d 0d a9
0x0000790102c9ffd4:   4d 13 00 ba 5f 02 00 00 48 8d 35 82 c4 12 00 48
0x0000790102c9ffe4:   8d 3d a6 c4 12 00 e8 01 b3 f9 ff 90 f3 0f 1e fa
0x0000790102c9fff4:   8b 47 10 89 c2 81 e2 7f 01 00 00 90 83 e0 7c 0f
0x0000790102ca0004:   85 a7 00 00 00 55 48 89 e5 53 48 83 ec 18 85 d2
0x0000790102ca0014:   0f 85 9e 00 00 00 44 8b 0d 0f 57 16 00 45 85 c9
0x0000790102ca0024:   75 5a 8b 77 10 81 e6 80 00 00 00 75 09 80 3d 08
0x0000790102ca0034:   b0 16 00 00 75 36 31 c0 ba 01 00 00 00 f0 0f b1
0x0000790102ca0044:   17 0f 85 ad 00 00 00 8b 4f 08 85 c9 0f 85 54 01
0x0000790102ca0054:   00 00 64 8b 04 25 d0 02 00 00 89 47 08 83 47 0c
0x0000790102ca0064:   01 90 31 c0 48 8b 5d f8 c9 c3 66 90 44 8b 07 45
0x0000790102ca0074:   85 c0 75 c2 c7 07 01 00 00 00 eb cb 8b 47 10 f6
0x0000790102ca0084:   c4 03 74 08 f6 c4 01 74 99 eb 07 90 80 cc 01 89
0x0000790102ca0094:   47 10 8b 57 10 48 8b 5d f8 48 8d 77 16 c9 81 e2
0x0000790102ca00a4:   80 00 00 00 e9 a3 88 ff ff 0f 1f 00 e9 5b f8 ff
0x0000790102ca00b4:   ff 0f 1f 00 81 fa 00 01 00 00 74 d6 8b 57 10 83
0x0000790102ca00c4:   e2 7f 83 fa 01 0f 85 8e 00 00 00 64 8b 04 25 d0
0x0000790102ca00d4:   02 00 00 39 47 08 75 2e 8b 47 04 83 f8 ff 0f 84
0x0000790102ca00e4:   b8 00 00 00 83 c0 01 89 47 04 e9 73 ff ff ff 0f 


Stack slot to memory mapping:
stack at sp + 0 slots: 0x000079008de54899: _ZNK8manifold8Manifold9LoadPNodeEv+0x0000000000000019 in /tmp/manifold3d13500848811199689589/libmanifold.so.3 at 0x000079008dd9b000
stack at sp + 1 slots: 0x000079008d7fda40 is pointing into the stack for thread: 0x000078fffc064dd0
stack at sp + 2 slots: 0x0 is NULL
stack at sp + 3 slots: 0x000078fff4015b50 points into unknown readable memory: 0x000078f87bfd2015 | 15 20 fd 7b f8 78 00 00
stack at sp + 4 slots: 0x000079008de57c5e: _ZNK8manifold8Manifold7BooleanERKS0_NS_6OpTypeE+0x000000000000004e in /tmp/manifold3d13500848811199689589/libmanifold.so.3 at 0x000079008dd9b000
stack at sp + 5 slots: 0x000078fff4048a50 points into unknown readable memory: 0x000079008defd398 | 98 d3 ef 8d 00 79 00 00
stack at sp + 6 slots: 0x000078fff4048a40 points into unknown readable memory: 0x000079008defd3d0 | d0 d3 ef 8d 00 79 00 00
stack at sp + 7 slots: 0x000079008d7fda00 is pointing into the stack for thread: 0x000078fffc064dd0


Compiled method (n/a) 247  773     n 0       com.cadoodlecad.manifold.ManifoldBindings::jniUnion (native)
 total in heap  [0x00007900ecdd5090,0x00007900ecdd5410] = 896
 relocation     [0x00007900ecdd51f0,0x00007900ecdd5220] = 48
 main code      [0x00007900ecdd5220,0x00007900ecdd5408] = 488
 oops           [0x00007900ecdd5408,0x00007900ecdd5410] = 8

[Constant Pool (empty)]

[MachCode]
[Entry Point]
  # {method} {0x000079003b413880} 'jniUnion' '(JJJ)J' in 'com/cadoodlecad/manifold/ManifoldBindings'
  # parm0:    rsi:rsi   = long
  # parm1:    rdx:rdx   = long
  # parm2:    rcx:rcx   = long
  #           [sp+0x50]  (sp of caller)
  0x00007900ecdd5220: 448b 5608 | 49bb 0000 | 003f 0079 | 0000 4d03 | d349 3bc2 | 0f84 0600 

  0x00007900ecdd5238: ;   {runtime_call ic_miss_stub}
  0x00007900ecdd5238: 0000 e941 | ab8d ff90 
[Verified Entry Point]
  0x00007900ecdd5240: 8984 2400 | c0fe ff55 | 488b ec48 | 83ec 404c | 8bc1 488b | ca48 8bd6 

  0x00007900ecdd5258: ;   {oop(a 'java/lang/Class'{0x00000000f5058170} = 'com/cadoodlecad/manifold/ManifoldBindings')}
  0x00007900ecdd5258: 49be 7081 | 05f5 0000 | 0000 4c89 | 7424 304c | 8d74 2430 | 498b f6c5 

  0x00007900ecdd5270: ;   {internal_word}
  0x00007900ecdd5270: f877 49ba | 6f52 ddec | 0079 0000 | 4d89 9798 | 0200 0049 | 89a7 9002 

  0x00007900ecdd5288: ;   {external_word}
  0x00007900ecdd5288: 0000 803d | f47e d315 | 000f 843a | 0000 0056 | 5251 4150 

  0x00007900ecdd529c: ;   {metadata({method} {0x000079003b413880} 'jniUnion' '(JJJ)J' in 'com/cadoodlecad/manifold/ManifoldBindings')}
  0x00007900ecdd529c: 48be 8038 | 413b 0079 | 0000 498b | fff7 c40f | 0000 000f | 8412 0000 | 0048 83ec 

  0x00007900ecdd52b8: ;   {runtime_call SharedRuntime::dtrace_method_entry(JavaThread*, Method*)}
  0x00007900ecdd52b8: 08e8 e2d7 | 7015 4883 | c408 e905 

  0x00007900ecdd52c4: ;   {runtime_call SharedRuntime::dtrace_method_entry(JavaThread*, Method*)}
  0x00007900ecdd52c4: 0000 00e8 | d4d7 7015 | 4158 595a | 5e49 8dbf | b002 0000 | 41c7 8738 | 0300 0004 

  0x00007900ecdd52e0: ;   {runtime_call Java_com_cadoodlecad_manifold_ManifoldBindings_jniUnion}
  0x00007900ecdd52e0: 0000 00e8 | a0cc 0416 | c5f8 7741 | c787 3803 | 0000 0500 | 0000 f083 | 4424 c000 | 493b af40 
  0x00007900ecdd5300: 0300 000f | 8711 0000 | 0041 81bf | 2803 0000 | 0000 0000 | 0f84 2400 | 0000 c5f8 | 7748 8945 
  0x00007900ecdd5320: f849 8bff | 4c8b e448 | 83ec 0048 

  0x00007900ecdd532c: ;   {runtime_call JavaThread::check_special_condition_for_native_trans(JavaThread*)}
  0x00007900ecdd532c: 83e4 f0e8 | 9c9c 8915 | 498b e44d | 33e4 488b | 45f8 41c7 | 8738 0300 | 0008 0000 | 0041 81bf 
  0x00007900ecdd534c: a803 0000 | 0200 0000 | 0f84 8400 

  0x00007900ecdd5358: ;   {external_word}
  0x00007900ecdd5358: 0000 803d | 247e d315 | 000f 8438 | 0000 0048 

  0x00007900ecdd5368: ;   {metadata({method} {0x000079003b413880} 'jniUnion' '(JJJ)J' in 'com/cadoodlecad/manifold/ManifoldBindings')}
  0x00007900ecdd5368: 8945 f848 | be80 3841 | 3b00 7900 | 0049 8bff | f7c4 0f00 | 0000 0f84 | 1200 0000 | 4883 ec08 
  0x00007900ecdd5388: ;   {runtime_call SharedRuntime::dtrace_method_exit(JavaThread*, Method*)}
  0x00007900ecdd5388: e8c3 d770 | 1548 83c4 | 08e9 0500 

  0x00007900ecdd5394: ;   {runtime_call SharedRuntime::dtrace_method_exit(JavaThread*, Method*)}
  0x00007900ecdd5394: 0000 e8b5 | d770 1548 | 8b45 f849 | c787 9002 | 0000 0000 | 0000 49c7 | 8798 0200 | 0000 0000 
  0x00007900ecdd53b4: 00c5 f877 | 498b 8fd8 | 0000 00c7 | 8100 0100 | 0000 0000 | 00c9 4981 | 7f08 0000 | 0000 0f85 
  0x00007900ecdd53d4: 0100 0000 

  0x00007900ecdd53d8: ;   {runtime_call StubRoutines (1)}
  0x00007900ecdd53d8: c3e9 22a8 | 88ff c5f8 | 7748 8945 | f84c 8be4 | 4883 ec00 | 4883 e4f0 

  0x00007900ecdd53f0: ;   {runtime_call SharedRuntime::reguard_yellow_pages()}
  0x00007900ecdd53f0: e8cb e570 | 1549 8be4 | 4d33 e448 | 8b45 f8e9 | 56ff ffff | f4f4 f4f4 
[/MachCode]


Compiled method (c1) 251  842       3       com.cadoodlecad.manifold.ManifoldBindings::union (13 bytes)
 total in heap  [0x00007900e5378510,0x00007900e53788e0] = 976
 relocation     [0x00007900e5378670,0x00007900e53786b8] = 72
 main code      [0x00007900e53786c0,0x00007900e53787e0] = 288
 stub code      [0x00007900e53787e0,0x00007900e5378830] = 80
 oops           [0x00007900e5378830,0x00007900e5378838] = 8
 metadata       [0x00007900e5378838,0x00007900e5378840] = 8
 scopes data    [0x00007900e5378840,0x00007900e5378888] = 72
 scopes pcs     [0x00007900e5378888,0x00007900e53788d8] = 80
 dependencies   [0x00007900e53788d8,0x00007900e53788e0] = 8

[Constant Pool (empty)]

[MachCode]
[Entry Point]
  # {method} {0x000079003b417908} 'union' '(JJ)J' in 'com/cadoodlecad/manifold/ManifoldBindings'
  # this:     rsi:rsi   = 'com/cadoodlecad/manifold/ManifoldBindings'
  # parm0:    rdx:rdx   = long
  # parm1:    rcx:rcx   = long
  #           [sp+0x60]  (sp of caller)
  0x00007900e53786c0: 448b 5608 | 49bb 0000 | 003f 0079 | 0000 4d03 | d34c 3bd0 

  0x00007900e53786d4: ;   {runtime_call ic_miss_stub}
  0x00007900e53786d4: 0f85 a676 | 3307 660f | 1f44 0000 
[Verified Entry Point]
  0x00007900e53786e0: 8984 2400 | c0fe ff55 | 4883 ec50 

  0x00007900e53786ec: ;   {metadata(method data for {method} {0x000079003b417908} 'union' '(JJ)J' in 'com/cadoodlecad/manifold/ManifoldBindings')}
  0x00007900e53786ec: 48bf 287e | 6b3b 0079 | 0000 8b9f | f400 0000 | 83c3 0289 | 9ff4 0000 | 0081 e3fe | 0700 0083 
  0x00007900e537870c: fb00 0f84 | 6300 0000 | 4889 4c24 | 4048 8954 

  0x00007900e537871c: ;   {metadata(method data for {method} {0x000079003b417908} 'union' '(JJ)J' in 'com/cadoodlecad/manifold/ManifoldBindings')}
  0x00007900e537871c: 2438 48be | 287e 6b3b | 0079 0000 | 4883 8638 | 0100 0001 | 0f1f 8000 

  0x00007900e5378734: ;   {static_call}
  0x00007900e5378734: 0000 00e8 

  0x00007900e5378738: ; ImmutableOopMap {}
                      ;*invokestatic jniAllocManifold {reexecute=0 rethrow=0 return_oop=0}
                      ; - com.cadoodlecad.manifold.ManifoldBindings::union@0 (line 433)
  0x00007900e5378738: 84a1 a507 

  0x00007900e537873c: ;   {metadata(method data for {method} {0x000079003b417908} 'union' '(JJ)J' in 'com/cadoodlecad/manifold/ManifoldBindings')}
  0x00007900e537873c: 48be 287e | 6b3b 0079 | 0000 4883 | 8648 0100 | 0001 488b | f048 8b54 | 2438 488b | 4c24 400f 
  0x00007900e537875c: ;   {static_call}
  0x00007900e537875c: 1f40 00e8 

  0x00007900e5378760: ; ImmutableOopMap {}
                      ;*invokestatic jniUnion {reexecute=0 rethrow=0 return_oop=0}
                      ; - com.cadoodlecad.manifold.ManifoldBindings::union@9 (line 434)
  0x00007900e5378760: dcca a507 | 4883 c450 

  0x00007900e5378768: ;   {poll_return}
  0x00007900e5378768: 5d49 3ba7 | 4003 0000 | 0f87 2200 

  0x00007900e5378774: ;   {metadata({method} {0x000079003b417908} 'union' '(JJ)J' in 'com/cadoodlecad/manifold/ManifoldBindings')}
  0x00007900e5378774: 0000 c349 | ba08 7941 | 3b00 7900 | 004c 8954 | 2408 48c7 | 0424 ffff 

  0x00007900e537878c: ;   {runtime_call counter_overflow Runtime1 stub}
  0x00007900e537878c: ffff e8ed 

  0x00007900e5378790: ; ImmutableOopMap {rsi=Oop }
                      ;*synchronization entry
                      ; - com.cadoodlecad.manifold.ManifoldBindings::union@-1 (line 433)
  0x00007900e5378790: f33d 07e9 | 7cff ffff 

  0x00007900e5378798: ;   {internal_word}
  0x00007900e5378798: 49ba 6987 | 37e5 0079 | 0000 4d89 | 9758 0300 

  0x00007900e53787a8: ;   {runtime_call SafepointBlob}
  0x00007900e53787a8: 00e9 52df | 3307 9090 | 498b 87d0 | 0300 0049 | c787 d003 | 0000 0000 | 0000 49c7 | 87d8 0300 
  0x00007900e53787c8: 0000 0000 | 0048 83c4 

  0x00007900e53787d0: ;   {runtime_call unwind_exception Runtime1 stub}
  0x00007900e53787d0: 505d e9a9 | 843d 07f4 | f4f4 f4f4 | f4f4 f4f4 
[Stub Code]
  0x00007900e53787e0: ;   {no_reloc}
  0x00007900e53787e0: 0f1f 4400 

  0x00007900e53787e4: ;   {static_stub}
  0x00007900e53787e4: 0048 bb00 | 0000 0000 

  0x00007900e53787ec: ;   {runtime_call}
  0x00007900e53787ec: 0000 00e9 | fbff ffff 

  0x00007900e53787f4: ;   {static_stub}
  0x00007900e53787f4: 9048 bb00 | 0000 0000 

  0x00007900e53787fc: ;   {runtime_call}
  0x00007900e53787fc: 0000 00e9 | fbff ffff 
[Exception Handler]
  0x00007900e5378804: ;   {runtime_call handle_exception_from_callee Runtime1 stub}
  0x00007900e5378804: e877 ba3d 

  0x00007900e5378808: ;   {external_word}
  0x00007900e5378808: 0748 bf52 | 5779 0201 | 7900 0048 

  0x00007900e5378814: ;   {runtime_call MacroAssembler::debug64(char*, long, long*)}
  0x00007900e5378814: 83e4 f0e8 | 5423 f91c 

  0x00007900e537881c: ;   {section_word}
  0x00007900e537881c: f449 ba1d | 8837 e500 | 7900 0041 

  0x00007900e5378828: ;   {runtime_call DeoptimizationBlob}
  0x00007900e5378828: 52e9 72d1 | 3307 f4f4 
[/MachCode]


Compiled method (c1) 253  789       3       eu.printingin3d.javascad.manifold.Manifold3dEngine::operateNative (82 bytes)
 total in heap  [0x00007900e5361190,0x00007900e53619b0] = 2080
 relocation     [0x00007900e53612f0,0x00007900e53613a0] = 176
 main code      [0x00007900e53613a0,0x00007900e5361760] = 960
 stub code      [0x00007900e5361760,0x00007900e53617f0] = 144
 oops           [0x00007900e53617f0,0x00007900e53617f8] = 8
 metadata       [0x00007900e53617f8,0x00007900e5361808] = 16
 scopes data    [0x00007900e5361808,0x00007900e5361898] = 144
 scopes pcs     [0x00007900e5361898,0x00007900e5361988] = 240
 dependencies   [0x00007900e5361988,0x00007900e5361990] = 8
 nul chk table  [0x00007900e5361990,0x00007900e53619b0] = 32

[Constant Pool (empty)]

[MachCode]
[Entry Point]
  # {method} {0x000079003b40ae18} 'operateNative' '(JJI)J' in 'eu/printingin3d/javascad/manifold/Manifold3dEngine'
  # this:     rsi:rsi   = 'eu/printingin3d/javascad/manifold/Manifold3dEngine'
  # parm0:    rdx:rdx   = long
  # parm1:    rcx:rcx   = long
  # parm2:    r8        = int
  #           [sp+0x70]  (sp of caller)
  0x00007900e53613a0: 448b 5608 | 49bb 0000 | 003f 0079 | 0000 4d03 | d34c 3bd0 

  0x00007900e53613b4: ;   {runtime_call ic_miss_stub}
  0x00007900e53613b4: 0f85 c6e9 | 3407 660f | 1f44 0000 
[Verified Entry Point]
  0x00007900e53613c0: 8984 2400 | c0fe ff55 | 4883 ec60 

  0x00007900e53613cc: ;   {metadata(method data for {method} {0x000079003b40ae18} 'operateNative' '(JJI)J' in 'eu/printingin3d/javascad/manifold/Manifold3dEngine')}
  0x00007900e53613cc: 48bf 0089 | 6b3b 0079 | 0000 8b9f | f400 0000 | 83c3 0289 | 9ff4 0000 | 0081 e3fe | 0700 0083 
  0x00007900e53613ec: fb00 0f84 | 9202 0000 | 4489 4424 | 3048 894c | 2440 4889 | 5424 3848 

  0x00007900e5361404: ;   {metadata(method data for {method} {0x000079003b40ae18} 'operateNative' '(JJI)J' in 'eu/printingin3d/javascad/manifold/Manifold3dEngine')}
  0x00007900e5361404: 8bfe 48bb | 0089 6b3b | 0079 0000 | 4883 8338 | 0100 0001 | 0f1f 8000 

  0x00007900e536141c: ;   {optimized virtual_call}
  0x00007900e536141c: 0000 00e8 

  0x00007900e5361420: ; ImmutableOopMap {}
                      ;*invokespecial getBindings {reexecute=0 rethrow=0 return_oop=0}
                      ; - eu.printingin3d.javascad.manifold.Manifold3dEngine::operateNative@1 (line 221)
  0x00007900e5361420: 1c56 feff 

  0x00007900e5361424: ;   {metadata(method data for {method} {0x000079003b40ae18} 'operateNative' '(JJI)J' in 'eu/printingin3d/javascad/manifold/Manifold3dEngine')}
  0x00007900e5361424: 48ba 0089 | 6b3b 0079 | 0000 48c7 | c150 0100 | 0044 8b44 | 2430 4183 | f800 488b | f148 c7c1 
  0x00007900e5361444: 6001 0000 | 480f 45ce | 4183 f801 | 488b f148 | c7c1 7001 | 0000 480f | 45ce 4183 | f802 488b 
  0x00007900e5361464: f148 c7c1 | 8001 0000 | 480f 45ce | 488b 340a | 49c7 c201 | 0000 0049 | 03f2 4889 | 340a 4183 
  0x00007900e5361484: f800 0f84 | d300 0000 | 4183 f801 | 0f84 6900 | 0000 4183 | f802 0f85 | 1f01 0000 

  0x00007900e53614a0: ; implicit exception: dispatches to 0x00007900e53616a7
  0x00007900e53614a0: 483b 0048 

  0x00007900e53614a4: ;   {metadata(method data for {method} {0x000079003b40ae18} 'operateNative' '(JJI)J' in 'eu/printingin3d/javascad/manifold/Manifold3dEngine')}
  0x00007900e53614a4: 8bd0 48b9 | 0089 6b3b | 0079 0000 

  0x00007900e53614b0: ;   {metadata('com/cadoodlecad/manifold/ManifoldBindings')}
  0x00007900e53614b0: 49ba 0020 | 0040 0079 | 0000 4c89 | 9148 0200 | 0048 8381 | 5002 0000 | 0148 8b54 | 2438 488b 
  0x00007900e53614d0: 4c24 4048 

  0x00007900e53614d4: ;   {optimized virtual_call}
  0x00007900e53614d4: 8bf0 90e8 

  0x00007900e53614d8: ; ImmutableOopMap {}
                      ;*invokevirtual intersection {reexecute=0 rethrow=0 return_oop=0}
                      ; - eu.printingin3d.javascad.manifold.Manifold3dEngine::operateNative@60 (line 225)
  0x00007900e53614d8: a4eb 3407 

  0x00007900e53614dc: ;   {metadata(method data for {method} {0x000079003b40ae18} 'operateNative' '(JJI)J' in 'eu/printingin3d/javascad/manifold/Manifold3dEngine')}
  0x00007900e53614dc: 48ba 0089 | 6b3b 0079 | 0000 ff82 | 7002 0000 | 4883 c460 

  0x00007900e53614f0: ;   {poll_return}
  0x00007900e53614f0: 5d49 3ba7 | 4003 0000 | 0f87 ae01 | 0000 c348 | 3b00 488b 

  0x00007900e5361504: ;   {metadata(method data for {method} {0x000079003b40ae18} 'operateNative' '(JJI)J' in 'eu/printingin3d/javascad/manifold/Manifold3dEngine')}
  0x00007900e5361504: d048 b900 | 896b 3b00 

  0x00007900e536150c: ;   {metadata('com/cadoodlecad/manifold/ManifoldBindings')}
  0x00007900e536150c: 7900 0049 | ba00 2000 | 4000 7900 | 004c 8991 | f801 0000 | 4883 8100 | 0200 0001 | 488b 5424 
  0x00007900e536152c: 3848 8b4c | 2440 488b 

  0x00007900e5361534: ;   {optimized virtual_call}
  0x00007900e5361534: f066 90e8 

  0x00007900e5361538: ; ImmutableOopMap {}
                      ;*invokevirtual difference {reexecute=0 rethrow=0 return_oop=0}
                      ; - eu.printingin3d.javascad.manifold.Manifold3dEngine::operateNative@50 (line 224)
  0x00007900e5361538: 4902 0000 

  0x00007900e536153c: ;   {metadata(method data for {method} {0x000079003b40ae18} 'operateNative' '(JJI)J' in 'eu/printingin3d/javascad/manifold/Manifold3dEngine')}
  0x00007900e536153c: 48ba 0089 | 6b3b 0079 | 0000 ff82 | 2002 0000 | 4883 c460 

  0x00007900e5361550: ;   {poll_return}
  0x00007900e5361550: 5d49 3ba7 | 4003 0000 | 0f87 6901 | 0000 c348 | 8b4c 2440 | 488b 5424 | 3848 3b00 

  0x00007900e536156c: ;   {metadata(method data for {method} {0x000079003b40ae18} 'operateNative' '(JJI)J' in 'eu/printingin3d/javascad/manifold/Manifold3dEngine')}
  0x00007900e536156c: 488b f048 | bf00 896b | 3b00 7900 

  0x00007900e5361578: ;   {metadata('com/cadoodlecad/manifold/ManifoldBindings')}
  0x00007900e5361578: 0049 ba00 | 2000 4000 | 7900 004c | 8997 a801 | 0000 4883 | 87b0 0100 | 0001 488b 

  0x00007900e5361594: ;   {optimized virtual_call}
  0x00007900e5361594: f066 90e8 

  0x00007900e5361598: ; ImmutableOopMap {}
                      ;*invokevirtual union {reexecute=0 rethrow=0 return_oop=0}
                      ; - eu.printingin3d.javascad.manifold.Manifold3dEngine::operateNative@40 (line 223)
  0x00007900e5361598: 4471 0100 

  0x00007900e536159c: ;   {metadata(method data for {method} {0x000079003b40ae18} 'operateNative' '(JJI)J' in 'eu/printingin3d/javascad/manifold/Manifold3dEngine')}
  0x00007900e536159c: 48ba 0089 | 6b3b 0079 | 0000 ff82 | d001 0000 | 4883 c460 

  0x00007900e53615b0: ;   {poll_return}
  0x00007900e53615b0: 5d49 3ba7 | 4003 0000 | 0f87 2401 | 0000 c390 

  0x00007900e53615c0: ;   {no_reloc}
  0x00007900e53615c0: e942 0100 | 0000 0000 | 0000 498b | 8708 0100 | 0048 8d78 | 2849 3bbf | 1801 0000 | 0f87 2f01 
  0x00007900e53615e0: 0000 4989 | bf08 0100 | 0048 c700 | 0100 0000 | 488b ca49 | ba00 0000 | 3f00 7900 | 0049 2bca 
  0x00007900e5361600: 8948 0848 | 33c9 8948 | 0c48 33c9 | 4889 4810 | 4889 4818 | 4889 4820 

  0x00007900e5361618: ;   {no_reloc}
  0x00007900e5361618: e910 0100 | 0090 9090 | 9090 498b | f048 8944 | 2448 0f1f 

  0x00007900e536162c: ;   {static_call}
  0x00007900e536162c: 4400 00e8 

  0x00007900e5361630: ; ImmutableOopMap {[72]=Oop }
                      ;*invokedynamic {reexecute=0 rethrow=0 return_oop=0}
                      ; - eu.printingin3d.javascad.manifold.Manifold3dEngine::operateNative@72 (line 226)
  0x00007900e5361630: 4cf0 3407 

  0x00007900e5361634: ;   {metadata(method data for {method} {0x000079003b40ae18} 'operateNative' '(JJI)J' in 'eu/printingin3d/javascad/manifold/Manifold3dEngine')}
  0x00007900e5361634: 48ba 0089 | 6b3b 0079 | 0000 488d | 9298 0200 | 0048 85c0 | 750e 48f7 | 0201 0000 | 0075 05f0 
  0x00007900e5361654: 4883 0a01 | 488b 5424 

  0x00007900e536165c: ;   {metadata(method data for {method} {0x000079003b40ae18} 'operateNative' '(JJI)J' in 'eu/printingin3d/javascad/manifold/Manifold3dEngine')}
  0x00007900e536165c: 4848 be00 | 896b 3b00 | 7900 0048 | 8386 a802 | 0000 0148 | 8bd0 488b 

  0x00007900e5361674: ;   {optimized virtual_call}
  0x00007900e5361674: 7424 48e8 

  0x00007900e5361678: ; ImmutableOopMap {[72]=Oop }
                      ;*invokespecial <init> {reexecute=0 rethrow=0 return_oop=0}
                      ; - eu.printingin3d.javascad.manifold.Manifold3dEngine::operateNative@77 (line 226)
  0x00007900e5361678: 04ea 3407 | 488b 4424 | 48e9 d000 

  0x00007900e5361684: ;   {metadata({method} {0x000079003b40ae18} 'operateNative' '(JJI)J' in 'eu/printingin3d/javascad/manifold/Manifold3dEngine')}
  0x00007900e5361684: 0000 49ba | 18ae 403b | 0079 0000 | 4c89 5424 | 0848 c704 | 24ff ffff 

  0x00007900e536169c: ;   {runtime_call counter_overflow Runtime1 stub}
  0x00007900e536169c: ffe8 de64 

  0x00007900e53616a0: ; ImmutableOopMap {rsi=Oop }
                      ;*synchronization entry
                      ; - eu.printingin3d.javascad.manifold.Manifold3dEngine::operateNative@-1 (line 221)
  0x00007900e53616a0: 3f07 e94d 

  0x00007900e53616a4: ;   {runtime_call throw_null_pointer_exception Runtime1 stub}
  0x00007900e53616a4: fdff ffe8 

  0x00007900e53616a8: ; ImmutableOopMap {rax=Oop }
                      ;*invokevirtual intersection {reexecute=0 rethrow=0 return_oop=0}
                      ; - eu.printingin3d.javascad.manifold.Manifold3dEngine::operateNative@60 (line 225)
  0x00007900e53616a8: f40a 3f07 

  0x00007900e53616ac: ;   {internal_word}
  0x00007900e53616ac: 49ba f114 | 36e5 0079 | 0000 4d89 | 9758 0300 

  0x00007900e53616bc: ;   {runtime_call SafepointBlob}
  0x00007900e53616bc: 00e9 3e50 

  0x00007900e53616c0: ;   {runtime_call throw_null_pointer_exception Runtime1 stub}
  0x00007900e53616c0: 3507 e8d9 

  0x00007900e53616c4: ; ImmutableOopMap {rax=Oop }
                      ;*invokevirtual difference {reexecute=0 rethrow=0 return_oop=0}
                      ; - eu.printingin3d.javascad.manifold.Manifold3dEngine::operateNative@50 (line 224)
                      ;   {internal_word}
  0x00007900e53616c4: 0a3f 0749 | ba51 1536 | e500 7900 | 004d 8997 | 5803 0000 

  0x00007900e53616d8: ;   {runtime_call SafepointBlob}
  0x00007900e53616d8: e923 5035 

  0x00007900e53616dc: ;   {runtime_call throw_null_pointer_exception Runtime1 stub}
  0x00007900e53616dc: 07e8 be0a 

  0x00007900e53616e0: ; ImmutableOopMap {rax=Oop }
                      ;*invokevirtual union {reexecute=0 rethrow=0 return_oop=0}
                      ; - eu.printingin3d.javascad.manifold.Manifold3dEngine::operateNative@40 (line 223)
                      ;   {internal_word}
  0x00007900e53616e0: 3f07 49ba | b115 36e5 | 0079 0000 | 4d89 9758 

  0x00007900e53616f0: ;   {runtime_call SafepointBlob}
  0x00007900e53616f0: 0300 00e9 | 0850 3507 

  0x00007900e53616f8: ;   {metadata(NULL)}
  0x00007900e53616f8: 48ba 0000 | 0000 0000 | 0000 b800 

  0x00007900e5361704: ;   {runtime_call load_klass_patching Runtime1 stub}
  0x00007900e5361704: 0f05 0ae8 

  0x00007900e5361708: ; ImmutableOopMap {}
                      ;*new {reexecute=1 rethrow=0 return_oop=0}
                      ; - (reexecute) eu.printingin3d.javascad.manifold.Manifold3dEngine::operateNative@66 (line 226)
  0x00007900e5361708: f453 3f07 | e9af feff | ff48 8bd2 

  0x00007900e5361714: ;   {runtime_call fast_new_instance Runtime1 stub}
  0x00007900e5361714: e867 133f 

  0x00007900e5361718: ; ImmutableOopMap {}
                      ;*new {reexecute=0 rethrow=0 return_oop=0}
                      ; - eu.printingin3d.javascad.manifold.Manifold3dEngine::operateNative@66 (line 226)
  0x00007900e5361718: 07e9 fafe | ffff 48ba | 0000 0000 | 0000 0000 | b800 0f05 

  0x00007900e536172c: ;   {runtime_call load_appendix_patching Runtime1 stub}
  0x00007900e536172c: 0ae8 ce5c 

  0x00007900e5361730: ; ImmutableOopMap {rax=Oop }
                      ;*invokedynamic {reexecute=1 rethrow=0 return_oop=0}
                      ; - (reexecute) eu.printingin3d.javascad.manifold.Manifold3dEngine::operateNative@72 (line 226)
  0x00007900e5361730: 3f07 e9e1 | feff ff90 | 9049 8b87 | d003 0000 | 49c7 87d0 | 0300 0000 | 0000 0049 | c787 d803 
  0x00007900e5361750: 0000 0000 | 0000 4883 

  0x00007900e5361758: ;   {runtime_call unwind_exception Runtime1 stub}
  0x00007900e5361758: c460 5de9 | 20f5 3e07 
[Stub Code]
  0x00007900e5361760: ;   {no_reloc}
  0x00007900e5361760: 0f1f 4400 

  0x00007900e5361764: ;   {static_stub}
  0x00007900e5361764: 0048 bb00 | 0000 0000 

  0x00007900e536176c: ;   {runtime_call}
  0x00007900e536176c: 0000 00e9 | fbff ffff 

  0x00007900e5361774: ;   {static_stub}
  0x00007900e5361774: 9048 bb00 | 0000 0000 

  0x00007900e536177c: ;   {runtime_call}
  0x00007900e536177c: 0000 00e9 | fbff ffff 

  0x00007900e5361784: ;   {static_stub}
  0x00007900e5361784: 9048 bbd8 | 7941 3b00 

  0x00007900e536178c: ;   {runtime_call I2C/C2I adapters}
  0x00007900e536178c: 7900 00e9 | 4d88 3407 

  0x00007900e5361794: ;   {static_stub}
  0x00007900e5361794: 9048 bb08 | 7941 3b00 

  0x00007900e536179c: ;   {runtime_call I2C/C2I adapters}
  0x00007900e536179c: 7900 00e9 | 3d88 3407 

  0x00007900e53617a4: ;   {static_stub}
  0x00007900e53617a4: 9048 bb00 | 0000 0000 

  0x00007900e53617ac: ;   {runtime_call}
  0x00007900e53617ac: 0000 00e9 | fbff ffff 

  0x00007900e53617b4: ;   {static_stub}
  0x00007900e53617b4: 9048 bb00 | 0000 0000 

  0x00007900e53617bc: ;   {runtime_call}
  0x00007900e53617bc: 0000 00e9 | fbff ffff 
[Exception Handler]
  0x00007900e53617c4: ;   {runtime_call handle_exception_from_callee Runtime1 stub}
  0x00007900e53617c4: e8b7 2a3f 

  0x00007900e53617c8: ;   {external_word}
  0x00007900e53617c8: 0748 bf52 | 5779 0201 | 7900 0048 

  0x00007900e53617d4: ;   {runtime_call MacroAssembler::debug64(char*, long, long*)}
  0x00007900e53617d4: 83e4 f0e8 | 9493 fa1c 

  0x00007900e53617dc: ;   {section_word}
  0x00007900e53617dc: f449 badd | 1736 e500 | 7900 0041 

  0x00007900e53617e8: ;   {runtime_call DeoptimizationBlob}
  0x00007900e53617e8: 52e9 b241 | 3507 f4f4 
[/MachCode]


---------------  P R O C E S S  ---------------

Threads class SMR info:
_java_thread_list=0x000078fff00094f0, length=21, elements={
0x00007900fc02aac0, 0x00007900fc1e9530, 0x00007900fc1ea910, 0x00007900fc1efea0,
0x00007900fc1f1250, 0x00007900fc1f2660, 0x00007900fc1f4090, 0x00007900fc1f55c0,
0x00007900fc1f6a30, 0x00007900fc1fe770, 0x00007900fc201f00, 0x0000790020097450,
0x000079001c14e8c0, 0x00007900fc47ec20, 0x00007900fc47f850, 0x000078fffc064dd0,
0x000078fffc0572e0, 0x000078fffc02fe50, 0x000078fffc053900, 0x000079002017b090,
0x000078fff001d690
}

Java Threads: ( => current thread )
  0x00007900fc02aac0 JavaThread "main" [_thread_blocked, id=71943, stack(0x0000790101700000,0x0000790101800000)]
  0x00007900fc1e9530 JavaThread "Reference Handler" daemon [_thread_blocked, id=71950, stack(0x000079009d153000,0x000079009d253000)]
  0x00007900fc1ea910 JavaThread "Finalizer" daemon [_thread_blocked, id=71951, stack(0x000079009d053000,0x000079009d153000)]
  0x00007900fc1efea0 JavaThread "Signal Dispatcher" daemon [_thread_blocked, id=71952, stack(0x000079009c900000,0x000079009ca00000)]
  0x00007900fc1f1250 JavaThread "Service Thread" daemon [_thread_blocked, id=71953, stack(0x000079009c800000,0x000079009c900000)]
  0x00007900fc1f2660 JavaThread "Monitor Deflation Thread" daemon [_thread_blocked, id=71954, stack(0x000079009c700000,0x000079009c800000)]
  0x00007900fc1f4090 JavaThread "C2 CompilerThread0" daemon [_thread_in_native, id=71955, stack(0x000079009c600000,0x000079009c700000)]
  0x00007900fc1f55c0 JavaThread "C1 CompilerThread0" daemon [_thread_blocked, id=71956, stack(0x000079009c500000,0x000079009c600000)]
  0x00007900fc1f6a30 JavaThread "Sweeper thread" daemon [_thread_blocked, id=71957, stack(0x000079009c400000,0x000079009c500000)]
  0x00007900fc1fe770 JavaThread "Notification Thread" daemon [_thread_blocked, id=71958, stack(0x000079009c300000,0x000079009c400000)]
  0x00007900fc201f00 JavaThread "Common-Cleaner" daemon [_thread_blocked, id=71960, stack(0x000079009c0ff000,0x000079009c1ff000)]
  0x0000790020097450 JavaThread "C1 CompilerThread1" daemon [_thread_blocked, id=71961, stack(0x000079008df00000,0x000079008e000000)]
  0x000079001c14e8c0 JavaThread "C2 CompilerThread1" daemon [_thread_blocked, id=71962, stack(0x000079008dc9b000,0x000079008dd9b000)]
  0x00007900fc47ec20 JavaThread "DefaultDispatcher-worker-1" daemon [_thread_blocked, id=71963, stack(0x000079008d900000,0x000079008da00000)]
  0x00007900fc47f850 JavaThread "DefaultDispatcher-worker-2" daemon [_thread_in_native, id=71964, stack(0x000079008d800000,0x000079008d900000)]
=>0x000078fffc064dd0 JavaThread "DefaultDispatcher-worker-3" daemon [_thread_in_native, id=71965, stack(0x000079008d700000,0x000079008d800000)]
  0x000078fffc0572e0 JavaThread "DefaultDispatcher-worker-4" daemon [_thread_blocked, id=71966, stack(0x000079008d600000,0x000079008d700000)]
  0x000078fffc02fe50 JavaThread "DefaultDispatcher-worker-5" daemon [_thread_blocked, id=71967, stack(0x000079008d500000,0x000079008d600000)]
  0x000078fffc053900 JavaThread "DefaultDispatcher-worker-6" daemon [_thread_blocked, id=71968, stack(0x000079008d400000,0x000079008d500000)]
  0x000079002017b090 JavaThread "C1 CompilerThread2" daemon [_thread_blocked, id=71969, stack(0x000079008d300000,0x000079008d400000)]
  0x000078fff001d690 JavaThread "Thread-6" daemon [_thread_in_native, id=71970, stack(0x000079008d200000,0x000079008d300000)]

Other Threads:
  0x00007900fc1e5560 VMThread "VM Thread" [stack: 0x000079009d254000,0x000079009d354000] [id=71949]
  0x00007900fc2000b0 WatcherThread [stack: 0x000079009c200000,0x000079009c300000] [id=71959]
  0x00007900fc0605c0 GCTaskThread "GC Thread#0" [stack: 0x0000790100579000,0x0000790100679000] [id=71944]
  0x00007900840068e0 GCTaskThread "GC Thread#1" [stack: 0x000079008d100000,0x000079008d200000] [id=71971]
  0x0000790084007350 GCTaskThread "GC Thread#2" [stack: 0x000079008cfff000,0x000079008d0ff000] [id=71972]
  0x0000790084007dc0 GCTaskThread "GC Thread#3" [stack: 0x000079008cefe000,0x000079008cffe000] [id=71973]
  0x0000790084008830 GCTaskThread "GC Thread#4" [stack: 0x000079008cdfd000,0x000079008cefd000] [id=71974]
  0x00007900840092a0 GCTaskThread "GC Thread#5" [stack: 0x000079008ccfc000,0x000079008cdfc000] [id=71975]
  0x0000790084009d40 GCTaskThread "GC Thread#6" [stack: 0x000079008cbfb000,0x000079008ccfb000] [id=71976]
  0x000079008400a7e0 GCTaskThread "GC Thread#7" [stack: 0x000079008cafa000,0x000079008cbfa000] [id=71977]
  0x000079008400b280 GCTaskThread "GC Thread#8" [stack: 0x000079008c9f9000,0x000079008caf9000] [id=71978]
  0x000079008400bd20 GCTaskThread "GC Thread#9" [stack: 0x000079008c8f8000,0x000079008c9f8000] [id=71979]
  0x000079008400c7c0 GCTaskThread "GC Thread#10" [stack: 0x000079008c7f7000,0x000079008c8f7000] [id=71980]
  0x000079008400d650 GCTaskThread "GC Thread#11" [stack: 0x000079008c6f6000,0x000079008c7f6000] [id=71981]
  0x000079008400e4e0 GCTaskThread "GC Thread#12" [stack: 0x000079008c5f5000,0x000079008c6f5000] [id=71982]
  0x00007900fc070bb0 ConcurrentGCThread "G1 Main Marker" [stack: 0x0000790100478000,0x0000790100578000] [id=71945]
  0x00007900fc071b20 ConcurrentGCThread "G1 Conc#0" [stack: 0x0000790100377000,0x0000790100477000] [id=71946]
  0x00007900fc1b26b0 ConcurrentGCThread "G1 Refine#0" [stack: 0x000079009d527000,0x000079009d627000] [id=71947]
  0x00007900fc1b35b0 ConcurrentGCThread "G1 Service" [stack: 0x000079009d426000,0x000079009d526000] [id=71948]

Threads with active compile tasks:
C2 CompilerThread0  259  745       4       eu.printingin3d.javascad.coords.Angles3d::rotate (392 bytes)

VM state: not at safepoint (normal execution)

VM Mutex/Monitor currently owned by a thread: None

Heap address: 0x0000000082000000, size: 30688 MB, Compressed Oops mode: Zero based, Oop shift amount: 3

CDS archive(s) mapped at: [0x000079003f000000-0x000079003fbca000-0x000079003fbca000), size 12361728, SharedBaseAddress: 0x000079003f000000, ArchiveRelocationMode: 1.
Compressed class space mapped at: 0x0000790040000000-0x0000790080000000, reserved size: 1073741824
Narrow klass base: 0x000079003f000000, Narrow klass shift: 0, Narrow klass range: 0x100000000

GC Precious Log:
 CPUs: 16 total, 16 available
 Memory: 121G
 Large Page Support: Disabled
 NUMA Support: Disabled
 Compressed Oops: Enabled (Zero based)
 Heap Region Size: 16M
 Heap Min Capacity: 16M
 Heap Initial Capacity: 1952M
 Heap Max Capacity: 30688M
 Pre-touch: Disabled
 Parallel Workers: 13
 Concurrent Workers: 3
 Concurrent Refinement Workers: 13
 Periodic GC: Disabled

Heap:
 garbage-first heap   total 2031616K, used 51451K [0x0000000082000000, 0x0000000800000000)
  region size 16384K, 4 young (65536K), 1 survivors (16384K)
 Metaspace       used 4836K, committed 5056K, reserved 1114112K
  class space    used 404K, committed 512K, reserved 1048576K

Heap Regions: E=young(eden), S=young(survivor), O=old, HS=humongous(starts), HC=humongous(continues), CS=collection set, F=free, OA=open archive, CA=closed archive, TAMS=top-at-mark-start (previous, next)
|   0|0x0000000082000000, 0x0000000082000000, 0x0000000083000000|  0%| F|  |TAMS 0x0000000082000000, 0x0000000082000000| Untracked 
|   1|0x0000000083000000, 0x0000000083000000, 0x0000000084000000|  0%| F|  |TAMS 0x0000000083000000, 0x0000000083000000| Untracked 
|   2|0x0000000084000000, 0x0000000084000000, 0x0000000085000000|  0%| F|  |TAMS 0x0000000084000000, 0x0000000084000000| Untracked 
|   3|0x0000000085000000, 0x0000000085000000, 0x0000000086000000|  0%| F|  |TAMS 0x0000000085000000, 0x0000000085000000| Untracked 
|   4|0x0000000086000000, 0x0000000086000000, 0x0000000087000000|  0%| F|  |TAMS 0x0000000086000000, 0x0000000086000000| Untracked 
|   5|0x0000000087000000, 0x0000000087000000, 0x0000000088000000|  0%| F|  |TAMS 0x0000000087000000, 0x0000000087000000| Untracked 
|   6|0x0000000088000000, 0x0000000088000000, 0x0000000089000000|  0%| F|  |TAMS 0x0000000088000000, 0x0000000088000000| Untracked 
|   7|0x0000000089000000, 0x0000000089000000, 0x000000008a000000|  0%| F|  |TAMS 0x0000000089000000, 0x0000000089000000| Untracked 
|   8|0x000000008a000000, 0x000000008a000000, 0x000000008b000000|  0%| F|  |TAMS 0x000000008a000000, 0x000000008a000000| Untracked 
|   9|0x000000008b000000, 0x000000008b000000, 0x000000008c000000|  0%| F|  |TAMS 0x000000008b000000, 0x000000008b000000| Untracked 
|  10|0x000000008c000000, 0x000000008c000000, 0x000000008d000000|  0%| F|  |TAMS 0x000000008c000000, 0x000000008c000000| Untracked 
|  11|0x000000008d000000, 0x000000008d000000, 0x000000008e000000|  0%| F|  |TAMS 0x000000008d000000, 0x000000008d000000| Untracked 
|  12|0x000000008e000000, 0x000000008e000000, 0x000000008f000000|  0%| F|  |TAMS 0x000000008e000000, 0x000000008e000000| Untracked 
|  13|0x000000008f000000, 0x000000008f000000, 0x0000000090000000|  0%| F|  |TAMS 0x000000008f000000, 0x000000008f000000| Untracked 
|  14|0x0000000090000000, 0x0000000090000000, 0x0000000091000000|  0%| F|  |TAMS 0x0000000090000000, 0x0000000090000000| Untracked 
|  15|0x0000000091000000, 0x0000000091000000, 0x0000000092000000|  0%| F|  |TAMS 0x0000000091000000, 0x0000000091000000| Untracked 
|  16|0x0000000092000000, 0x0000000092000000, 0x0000000093000000|  0%| F|  |TAMS 0x0000000092000000, 0x0000000092000000| Untracked 
|  17|0x0000000093000000, 0x0000000093000000, 0x0000000094000000|  0%| F|  |TAMS 0x0000000093000000, 0x0000000093000000| Untracked 
|  18|0x0000000094000000, 0x0000000094000000, 0x0000000095000000|  0%| F|  |TAMS 0x0000000094000000, 0x0000000094000000| Untracked 
|  19|0x0000000095000000, 0x0000000095000000, 0x0000000096000000|  0%| F|  |TAMS 0x0000000095000000, 0x0000000095000000| Untracked 
|  20|0x0000000096000000, 0x0000000096000000, 0x0000000097000000|  0%| F|  |TAMS 0x0000000096000000, 0x0000000096000000| Untracked 
|  21|0x0000000097000000, 0x0000000097000000, 0x0000000098000000|  0%| F|  |TAMS 0x0000000097000000, 0x0000000097000000| Untracked 
|  22|0x0000000098000000, 0x0000000098000000, 0x0000000099000000|  0%| F|  |TAMS 0x0000000098000000, 0x0000000098000000| Untracked 
|  23|0x0000000099000000, 0x0000000099000000, 0x000000009a000000|  0%| F|  |TAMS 0x0000000099000000, 0x0000000099000000| Untracked 
|  24|0x000000009a000000, 0x000000009a000000, 0x000000009b000000|  0%| F|  |TAMS 0x000000009a000000, 0x000000009a000000| Untracked 
|  25|0x000000009b000000, 0x000000009b000000, 0x000000009c000000|  0%| F|  |TAMS 0x000000009b000000, 0x000000009b000000| Untracked 
|  26|0x000000009c000000, 0x000000009c000000, 0x000000009d000000|  0%| F|  |TAMS 0x000000009c000000, 0x000000009c000000| Untracked 
|  27|0x000000009d000000, 0x000000009d000000, 0x000000009e000000|  0%| F|  |TAMS 0x000000009d000000, 0x000000009d000000| Untracked 
|  28|0x000000009e000000, 0x000000009e000000, 0x000000009f000000|  0%| F|  |TAMS 0x000000009e000000, 0x000000009e000000| Untracked 
|  29|0x000000009f000000, 0x000000009f000000, 0x00000000a0000000|  0%| F|  |TAMS 0x000000009f000000, 0x000000009f000000| Untracked 
|  30|0x00000000a0000000, 0x00000000a0000000, 0x00000000a1000000|  0%| F|  |TAMS 0x00000000a0000000, 0x00000000a0000000| Untracked 
|  31|0x00000000a1000000, 0x00000000a1000000, 0x00000000a2000000|  0%| F|  |TAMS 0x00000000a1000000, 0x00000000a1000000| Untracked 
|  32|0x00000000a2000000, 0x00000000a2000000, 0x00000000a3000000|  0%| F|  |TAMS 0x00000000a2000000, 0x00000000a2000000| Untracked 
|  33|0x00000000a3000000, 0x00000000a3000000, 0x00000000a4000000|  0%| F|  |TAMS 0x00000000a3000000, 0x00000000a3000000| Untracked 
|  34|0x00000000a4000000, 0x00000000a4000000, 0x00000000a5000000|  0%| F|  |TAMS 0x00000000a4000000, 0x00000000a4000000| Untracked 
|  35|0x00000000a5000000, 0x00000000a5000000, 0x00000000a6000000|  0%| F|  |TAMS 0x00000000a5000000, 0x00000000a5000000| Untracked 
|  36|0x00000000a6000000, 0x00000000a6000000, 0x00000000a7000000|  0%| F|  |TAMS 0x00000000a6000000, 0x00000000a6000000| Untracked 
|  37|0x00000000a7000000, 0x00000000a7000000, 0x00000000a8000000|  0%| F|  |TAMS 0x00000000a7000000, 0x00000000a7000000| Untracked 
|  38|0x00000000a8000000, 0x00000000a8000000, 0x00000000a9000000|  0%| F|  |TAMS 0x00000000a8000000, 0x00000000a8000000| Untracked 
|  39|0x00000000a9000000, 0x00000000a9000000, 0x00000000aa000000|  0%| F|  |TAMS 0x00000000a9000000, 0x00000000a9000000| Untracked 
|  40|0x00000000aa000000, 0x00000000aa000000, 0x00000000ab000000|  0%| F|  |TAMS 0x00000000aa000000, 0x00000000aa000000| Untracked 
|  41|0x00000000ab000000, 0x00000000ab000000, 0x00000000ac000000|  0%| F|  |TAMS 0x00000000ab000000, 0x00000000ab000000| Untracked 
|  42|0x00000000ac000000, 0x00000000ac000000, 0x00000000ad000000|  0%| F|  |TAMS 0x00000000ac000000, 0x00000000ac000000| Untracked 
|  43|0x00000000ad000000, 0x00000000ad000000, 0x00000000ae000000|  0%| F|  |TAMS 0x00000000ad000000, 0x00000000ad000000| Untracked 
|  44|0x00000000ae000000, 0x00000000ae000000, 0x00000000af000000|  0%| F|  |TAMS 0x00000000ae000000, 0x00000000ae000000| Untracked 
|  45|0x00000000af000000, 0x00000000af000000, 0x00000000b0000000|  0%| F|  |TAMS 0x00000000af000000, 0x00000000af000000| Untracked 
|  46|0x00000000b0000000, 0x00000000b0000000, 0x00000000b1000000|  0%| F|  |TAMS 0x00000000b0000000, 0x00000000b0000000| Untracked 
|  47|0x00000000b1000000, 0x00000000b1000000, 0x00000000b2000000|  0%| F|  |TAMS 0x00000000b1000000, 0x00000000b1000000| Untracked 
|  48|0x00000000b2000000, 0x00000000b2000000, 0x00000000b3000000|  0%| F|  |TAMS 0x00000000b2000000, 0x00000000b2000000| Untracked 
|  49|0x00000000b3000000, 0x00000000b3000000, 0x00000000b4000000|  0%| F|  |TAMS 0x00000000b3000000, 0x00000000b3000000| Untracked 
|  50|0x00000000b4000000, 0x00000000b4000000, 0x00000000b5000000|  0%| F|  |TAMS 0x00000000b4000000, 0x00000000b4000000| Untracked 
|  51|0x00000000b5000000, 0x00000000b5000000, 0x00000000b6000000|  0%| F|  |TAMS 0x00000000b5000000, 0x00000000b5000000| Untracked 
|  52|0x00000000b6000000, 0x00000000b6000000, 0x00000000b7000000|  0%| F|  |TAMS 0x00000000b6000000, 0x00000000b6000000| Untracked 
|  53|0x00000000b7000000, 0x00000000b7000000, 0x00000000b8000000|  0%| F|  |TAMS 0x00000000b7000000, 0x00000000b7000000| Untracked 
|  54|0x00000000b8000000, 0x00000000b8000000, 0x00000000b9000000|  0%| F|  |TAMS 0x00000000b8000000, 0x00000000b8000000| Untracked 
|  55|0x00000000b9000000, 0x00000000b9000000, 0x00000000ba000000|  0%| F|  |TAMS 0x00000000b9000000, 0x00000000b9000000| Untracked 
|  56|0x00000000ba000000, 0x00000000ba000000, 0x00000000bb000000|  0%| F|  |TAMS 0x00000000ba000000, 0x00000000ba000000| Untracked 
|  57|0x00000000bb000000, 0x00000000bb000000, 0x00000000bc000000|  0%| F|  |TAMS 0x00000000bb000000, 0x00000000bb000000| Untracked 
|  58|0x00000000bc000000, 0x00000000bc000000, 0x00000000bd000000|  0%| F|  |TAMS 0x00000000bc000000, 0x00000000bc000000| Untracked 
|  59|0x00000000bd000000, 0x00000000bd000000, 0x00000000be000000|  0%| F|  |TAMS 0x00000000bd000000, 0x00000000bd000000| Untracked 
|  60|0x00000000be000000, 0x00000000be000000, 0x00000000bf000000|  0%| F|  |TAMS 0x00000000be000000, 0x00000000be000000| Untracked 
|  61|0x00000000bf000000, 0x00000000bf000000, 0x00000000c0000000|  0%| F|  |TAMS 0x00000000bf000000, 0x00000000bf000000| Untracked 
|  62|0x00000000c0000000, 0x00000000c0000000, 0x00000000c1000000|  0%| F|  |TAMS 0x00000000c0000000, 0x00000000c0000000| Untracked 
|  63|0x00000000c1000000, 0x00000000c1000000, 0x00000000c2000000|  0%| F|  |TAMS 0x00000000c1000000, 0x00000000c1000000| Untracked 
|  64|0x00000000c2000000, 0x00000000c2000000, 0x00000000c3000000|  0%| F|  |TAMS 0x00000000c2000000, 0x00000000c2000000| Untracked 
|  65|0x00000000c3000000, 0x00000000c3000000, 0x00000000c4000000|  0%| F|  |TAMS 0x00000000c3000000, 0x00000000c3000000| Untracked 
|  66|0x00000000c4000000, 0x00000000c4000000, 0x00000000c5000000|  0%| F|  |TAMS 0x00000000c4000000, 0x00000000c4000000| Untracked 
|  67|0x00000000c5000000, 0x00000000c5000000, 0x00000000c6000000|  0%| F|  |TAMS 0x00000000c5000000, 0x00000000c5000000| Untracked 
|  68|0x00000000c6000000, 0x00000000c6000000, 0x00000000c7000000|  0%| F|  |TAMS 0x00000000c6000000, 0x00000000c6000000| Untracked 
|  69|0x00000000c7000000, 0x00000000c7000000, 0x00000000c8000000|  0%| F|  |TAMS 0x00000000c7000000, 0x00000000c7000000| Untracked 
|  70|0x00000000c8000000, 0x00000000c8000000, 0x00000000c9000000|  0%| F|  |TAMS 0x00000000c8000000, 0x00000000c8000000| Untracked 
|  71|0x00000000c9000000, 0x00000000c9000000, 0x00000000ca000000|  0%| F|  |TAMS 0x00000000c9000000, 0x00000000c9000000| Untracked 
|  72|0x00000000ca000000, 0x00000000ca000000, 0x00000000cb000000|  0%| F|  |TAMS 0x00000000ca000000, 0x00000000ca000000| Untracked 
|  73|0x00000000cb000000, 0x00000000cb000000, 0x00000000cc000000|  0%| F|  |TAMS 0x00000000cb000000, 0x00000000cb000000| Untracked 
|  74|0x00000000cc000000, 0x00000000cc000000, 0x00000000cd000000|  0%| F|  |TAMS 0x00000000cc000000, 0x00000000cc000000| Untracked 
|  75|0x00000000cd000000, 0x00000000cd000000, 0x00000000ce000000|  0%| F|  |TAMS 0x00000000cd000000, 0x00000000cd000000| Untracked 
|  76|0x00000000ce000000, 0x00000000ce000000, 0x00000000cf000000|  0%| F|  |TAMS 0x00000000ce000000, 0x00000000ce000000| Untracked 
|  77|0x00000000cf000000, 0x00000000cf000000, 0x00000000d0000000|  0%| F|  |TAMS 0x00000000cf000000, 0x00000000cf000000| Untracked 
|  78|0x00000000d0000000, 0x00000000d0000000, 0x00000000d1000000|  0%| F|  |TAMS 0x00000000d0000000, 0x00000000d0000000| Untracked 
|  79|0x00000000d1000000, 0x00000000d1000000, 0x00000000d2000000|  0%| F|  |TAMS 0x00000000d1000000, 0x00000000d1000000| Untracked 
|  80|0x00000000d2000000, 0x00000000d2000000, 0x00000000d3000000|  0%| F|  |TAMS 0x00000000d2000000, 0x00000000d2000000| Untracked 
|  81|0x00000000d3000000, 0x00000000d3000000, 0x00000000d4000000|  0%| F|  |TAMS 0x00000000d3000000, 0x00000000d3000000| Untracked 
|  82|0x00000000d4000000, 0x00000000d4000000, 0x00000000d5000000|  0%| F|  |TAMS 0x00000000d4000000, 0x00000000d4000000| Untracked 
|  83|0x00000000d5000000, 0x00000000d5000000, 0x00000000d6000000|  0%| F|  |TAMS 0x00000000d5000000, 0x00000000d5000000| Untracked 
|  84|0x00000000d6000000, 0x00000000d6000000, 0x00000000d7000000|  0%| F|  |TAMS 0x00000000d6000000, 0x00000000d6000000| Untracked 
|  85|0x00000000d7000000, 0x00000000d7000000, 0x00000000d8000000|  0%| F|  |TAMS 0x00000000d7000000, 0x00000000d7000000| Untracked 
|  86|0x00000000d8000000, 0x00000000d8000000, 0x00000000d9000000|  0%| F|  |TAMS 0x00000000d8000000, 0x00000000d8000000| Untracked 
|  87|0x00000000d9000000, 0x00000000d9000000, 0x00000000da000000|  0%| F|  |TAMS 0x00000000d9000000, 0x00000000d9000000| Untracked 
|  88|0x00000000da000000, 0x00000000da000000, 0x00000000db000000|  0%| F|  |TAMS 0x00000000da000000, 0x00000000da000000| Untracked 
|  89|0x00000000db000000, 0x00000000db000000, 0x00000000dc000000|  0%| F|  |TAMS 0x00000000db000000, 0x00000000db000000| Untracked 
|  90|0x00000000dc000000, 0x00000000dc000000, 0x00000000dd000000|  0%| F|  |TAMS 0x00000000dc000000, 0x00000000dc000000| Untracked 
|  91|0x00000000dd000000, 0x00000000dd000000, 0x00000000de000000|  0%| F|  |TAMS 0x00000000dd000000, 0x00000000dd000000| Untracked 
|  92|0x00000000de000000, 0x00000000de000000, 0x00000000df000000|  0%| F|  |TAMS 0x00000000de000000, 0x00000000de000000| Untracked 
|  93|0x00000000df000000, 0x00000000df000000, 0x00000000e0000000|  0%| F|  |TAMS 0x00000000df000000, 0x00000000df000000| Untracked 
|  94|0x00000000e0000000, 0x00000000e0000000, 0x00000000e1000000|  0%| F|  |TAMS 0x00000000e0000000, 0x00000000e0000000| Untracked 
|  95|0x00000000e1000000, 0x00000000e1000000, 0x00000000e2000000|  0%| F|  |TAMS 0x00000000e1000000, 0x00000000e1000000| Untracked 
|  96|0x00000000e2000000, 0x00000000e2000000, 0x00000000e3000000|  0%| F|  |TAMS 0x00000000e2000000, 0x00000000e2000000| Untracked 
|  97|0x00000000e3000000, 0x00000000e3000000, 0x00000000e4000000|  0%| F|  |TAMS 0x00000000e3000000, 0x00000000e3000000| Untracked 
|  98|0x00000000e4000000, 0x00000000e4000000, 0x00000000e5000000|  0%| F|  |TAMS 0x00000000e4000000, 0x00000000e4000000| Untracked 
|  99|0x00000000e5000000, 0x00000000e5000000, 0x00000000e6000000|  0%| F|  |TAMS 0x00000000e5000000, 0x00000000e5000000| Untracked 
| 100|0x00000000e6000000, 0x00000000e6000000, 0x00000000e7000000|  0%| F|  |TAMS 0x00000000e6000000, 0x00000000e6000000| Untracked 
| 101|0x00000000e7000000, 0x00000000e7000000, 0x00000000e8000000|  0%| F|  |TAMS 0x00000000e7000000, 0x00000000e7000000| Untracked 
| 102|0x00000000e8000000, 0x00000000e8000000, 0x00000000e9000000|  0%| F|  |TAMS 0x00000000e8000000, 0x00000000e8000000| Untracked 
| 103|0x00000000e9000000, 0x00000000e9000000, 0x00000000ea000000|  0%| F|  |TAMS 0x00000000e9000000, 0x00000000e9000000| Untracked 
| 104|0x00000000ea000000, 0x00000000ea000000, 0x00000000eb000000|  0%| F|  |TAMS 0x00000000ea000000, 0x00000000ea000000| Untracked 
| 105|0x00000000eb000000, 0x00000000eb000000, 0x00000000ec000000|  0%| F|  |TAMS 0x00000000eb000000, 0x00000000eb000000| Untracked 
| 106|0x00000000ec000000, 0x00000000ec000000, 0x00000000ed000000|  0%| F|  |TAMS 0x00000000ec000000, 0x00000000ec000000| Untracked 
| 107|0x00000000ed000000, 0x00000000ed000000, 0x00000000ee000000|  0%| F|  |TAMS 0x00000000ed000000, 0x00000000ed000000| Untracked 
| 108|0x00000000ee000000, 0x00000000ee000000, 0x00000000ef000000|  0%| F|  |TAMS 0x00000000ee000000, 0x00000000ee000000| Untracked 
| 109|0x00000000ef000000, 0x00000000ef000000, 0x00000000f0000000|  0%| F|  |TAMS 0x00000000ef000000, 0x00000000ef000000| Untracked 
| 110|0x00000000f0000000, 0x00000000f0000000, 0x00000000f1000000|  0%| F|  |TAMS 0x00000000f0000000, 0x00000000f0000000| Untracked 
| 111|0x00000000f1000000, 0x00000000f1000000, 0x00000000f2000000|  0%| F|  |TAMS 0x00000000f1000000, 0x00000000f1000000| Untracked 
| 112|0x00000000f2000000, 0x00000000f2000000, 0x00000000f3000000|  0%| F|  |TAMS 0x00000000f2000000, 0x00000000f2000000| Untracked 
| 113|0x00000000f3000000, 0x00000000f3000000, 0x00000000f4000000|  0%| F|  |TAMS 0x00000000f3000000, 0x00000000f3000000| Untracked 
| 114|0x00000000f4000000, 0x00000000f4000000, 0x00000000f5000000|  0%| F|  |TAMS 0x00000000f4000000, 0x00000000f4000000| Untracked 
| 115|0x00000000f5000000, 0x00000000f5251e98, 0x00000000f6000000| 14%| S|CS|TAMS 0x00000000f5000000, 0x00000000f5000000| Complete 
| 116|0x00000000f6000000, 0x00000000f6000000, 0x00000000f7000000|  0%| F|  |TAMS 0x00000000f6000000, 0x00000000f6000000| Untracked 
| 117|0x00000000f7000000, 0x00000000f7000000, 0x00000000f8000000|  0%| F|  |TAMS 0x00000000f7000000, 0x00000000f7000000| Untracked 
| 118|0x00000000f8000000, 0x00000000f8000000, 0x00000000f9000000|  0%| F|  |TAMS 0x00000000f8000000, 0x00000000f8000000| Untracked 
| 119|0x00000000f9000000, 0x00000000f9919c10, 0x00000000fa000000| 56%| E|  |TAMS 0x00000000f9000000, 0x00000000f9000000| Complete 
| 120|0x00000000fa000000, 0x00000000fb000000, 0x00000000fb000000|100%| E|CS|TAMS 0x00000000fa000000, 0x00000000fa000000| Complete 
| 121|0x00000000fb000000, 0x00000000fc000000, 0x00000000fc000000|100%| E|CS|TAMS 0x00000000fb000000, 0x00000000fb000000| Complete 
|1916|0x00000007fe000000, 0x00000007fef75000, 0x00000007ff000000| 96%|OA|  |TAMS 0x00000007fe000000, 0x00000007fe000000| Untracked 
|1917|0x00000007ff000000, 0x00000007ff078000, 0x0000000800000000|  2%|CA|  |TAMS 0x00000007ff000000, 0x00000007ff000000| Untracked 

Card table byte_map: [0x00007900dda20000,0x00007900e1610000] _byte_map_base: 0x00007900dd610000

Marking Bits (Prev, Next): (CMBitMap*) 0x00007900fc061050, (CMBitMap*) 0x00007900fc061090
 Prev Bits: [0x00007900bbeb0000, 0x00007900d9e30000)
 Next Bits: [0x000079009df30000, 0x00007900bbeb0000)

Polling page: 0x0000790103002000

Metaspace:

Usage:
  Non-class:      4.33 MB used.
      Class:    404.80 KB used.
       Both:      4.72 MB used.

Virtual space:
  Non-class space:       64.00 MB reserved,       4.44 MB (  7%) committed,  1 nodes.
      Class space:        1.00 GB reserved,     512.00 KB ( <1%) committed,  1 nodes.
             Both:        1.06 GB reserved,       4.94 MB ( <1%) committed. 

Chunk freelists:
   Non-Class:  9.17 MB
       Class:  15.47 MB
        Both:  24.64 MB

MaxMetaspaceSize: unlimited
CompressedClassSpaceSize: 1.00 GB
Initial GC threshold: 21.00 MB
Current GC threshold: 21.00 MB
CDS: on
MetaspaceReclaimPolicy: balanced
 - commit_granule_bytes: 65536.
 - commit_granule_words: 8192.
 - virtual_space_node_default_size: 8388608.
 - enlarge_chunks_in_place: 1.
 - new_chunks_are_fully_committed: 0.
 - uncommit_free_chunks: 1.
 - use_allocation_guard: 0.
 - handle_deallocations: 1.


Internal statistics:

num_allocs_failed_limit: 0.
num_arena_births: 52.
num_arena_deaths: 0.
num_vsnodes_births: 2.
num_vsnodes_deaths: 0.
num_space_committed: 79.
num_space_uncommitted: 0.
num_chunks_returned_to_freelist: 0.
num_chunks_taken_from_freelist: 175.
num_chunk_merges: 0.
num_chunk_splits: 137.
num_chunks_enlarged: 116.
num_inconsistent_stats: 0.

CodeHeap 'non-profiled nmethods': size=119168Kb used=261Kb max_used=261Kb free=118906Kb
 bounds [0x00007900ecda0000, 0x00007900ed010000, 0x00007900f4200000]
CodeHeap 'profiled nmethods': size=119164Kb used=1510Kb max_used=1510Kb free=117654Kb
 bounds [0x00007900e5200000, 0x00007900e5470000, 0x00007900ec65f000]
CodeHeap 'non-nmethods': size=7428Kb used=2352Kb max_used=2352Kb free=5075Kb
 bounds [0x00007900ec65f000, 0x00007900ec8cf000, 0x00007900ecda0000]
 total_blobs=1364 nmethods=852 adapters=422
 compilation: enabled
              stopped_count=0, restarted_count=0
 full_count=0

Compilation events (20 events):
Event: 0.232 Thread 0x00007900fc1f55c0 nmethod 839 0x00007900e5377290 code [0x00007900e5377520, 0x00007900e53780c0]
Event: 0.232 Thread 0x000079001c14e8c0 nmethod 825 0x00007900ecdddd10 code [0x00007900ecdddea0, 0x00007900ecdde1b8]
Event: 0.232 Thread 0x000079001c14e8c0  838       4       eu.printingin3d.javascad.coords.V3d::create (9 bytes)
Event: 0.233 Thread 0x000079001c14e8c0 nmethod 838 0x00007900ecdde790 code [0x00007900ecdde920, 0x00007900ecddea18]
Event: 0.234 Thread 0x000079002017b090  842       3       com.cadoodlecad.manifold.ManifoldBindings::union (13 bytes)
Event: 0.234 Thread 0x000079002017b090 nmethod 842 0x00007900e5378510 code [0x00007900e53786c0, 0x00007900e5378830]
Event: 0.235 Thread 0x00007900fc1f55c0  843       1       jdk.internal.loader.Resource::getManifest (2 bytes)
Event: 0.235 Thread 0x00007900fc1f55c0 nmethod 843 0x00007900ecddf290 code [0x00007900ecddf420, 0x00007900ecddf4f0]
Event: 0.235 Thread 0x00007900fc1f55c0  845       1       jdk.internal.loader.Resource::getCodeSigners (2 bytes)
Event: 0.235 Thread 0x00007900fc1f55c0 nmethod 845 0x00007900ecddf590 code [0x00007900ecddf720, 0x00007900ecddf7f0]
Event: 0.237 Thread 0x00007900fc1f55c0  846       3       java.util.Arrays::asList (9 bytes)
Event: 0.237 Thread 0x0000790020097450  847       3       java.util.Arrays$ArrayList::<init> (16 bytes)
Event: 0.238 Thread 0x00007900fc1f55c0 nmethod 846 0x00007900e5378910 code [0x00007900e5378ae0, 0x00007900e5378f60]
Event: 0.238 Thread 0x0000790020097450 nmethod 847 0x00007900e5379110 code [0x00007900e53792e0, 0x00007900e53796c0]
Event: 0.239 Thread 0x000079001c14e8c0  848       4       jdk.internal.misc.Unsafe::allocateUninitializedArray (55 bytes)
Event: 0.240 Thread 0x000079001c14e8c0 nmethod 848 0x00007900ecddf890 code [0x00007900ecddfa20, 0x00007900ecddfbd8]
Event: 0.242 Thread 0x000079001c14e8c0  849       4       java.lang.StringConcatHelper::mix (27 bytes)
Event: 0.242 Thread 0x000079001c14e8c0 nmethod 849 0x00007900ecddfd10 code [0x00007900ecddfea0, 0x00007900ecddff58]
Event: 0.243 Thread 0x000079001c14e8c0  850       4       jdk.internal.misc.Unsafe::allocateUninitializedArray0 (90 bytes)
Event: 0.244 Thread 0x000079001c14e8c0 nmethod 850 0x00007900ecde0090 code [0x00007900ecde0220, 0x00007900ecde03d8]

GC Heap History (2 events):
Event: 0.216 GC heap before
{Heap before GC invocations=0 (full 0):
 garbage-first heap   total 2031616K, used 98228K [0x0000000082000000, 0x0000000800000000)
  region size 16384K, 6 young (98304K), 0 survivors (0K)
 Metaspace       used 4769K, committed 4992K, reserved 1114112K
  class space    used 392K, committed 512K, reserved 1048576K
}
Event: 0.217 GC heap after
{Heap after GC invocations=1 (full 0):
 garbage-first heap   total 2031616K, used 18683K [0x0000000082000000, 0x0000000800000000)
  region size 16384K, 1 young (16384K), 1 survivors (16384K)
 Metaspace       used 4769K, committed 4992K, reserved 1114112K
  class space    used 392K, committed 512K, reserved 1048576K
}

Dll operation events (9 events):
Event: 0.001 Loaded shared library /home/grishberg/.gradle/jdks/eclipse_adoptium-17-amd64-linux/jdk-17.0.19+10/lib/libjava.so
Event: 0.016 Loaded shared library /home/grishberg/.gradle/jdks/eclipse_adoptium-17-amd64-linux/jdk-17.0.19+10/lib/libjsvml.so
Event: 0.023 Loaded shared library /home/grishberg/.gradle/jdks/eclipse_adoptium-17-amd64-linux/jdk-17.0.19+10/lib/libnio.so
Event: 0.024 Loaded shared library /home/grishberg/.gradle/jdks/eclipse_adoptium-17-amd64-linux/jdk-17.0.19+10/lib/libzip.so
Event: 0.057 Loaded shared library /home/grishberg/.gradle/jdks/eclipse_adoptium-17-amd64-linux/jdk-17.0.19+10/lib/libjimage.so
Event: 0.060 Loaded shared library /home/grishberg/.gradle/jdks/eclipse_adoptium-17-amd64-linux/jdk-17.0.19+10/lib/libnet.so
Event: 0.070 Loaded shared library /tmp/manifold3d13500848811199689589/libmanifold.so.3
Event: 0.072 Loaded shared library /tmp/manifold3d13500848811199689589/libmanifoldc.so.3
Event: 0.073 Loaded shared library /tmp/manifold3d13500848811199689589/libmanifold_jni.so

Deoptimization events (20 events):
Event: 0.206 Thread 0x000078fffc053900 Uncommon trap: trap_request=0xffffff6e fr.pc=0x00007900ecdbc140 relative=0x0000000000000420
Event: 0.206 Thread 0x000078fffc053900 Uncommon trap: reason=loop_limit_check action=maybe_recompile pc=0x00007900ecdbc140 method=java.lang.StringLatin1.indexOf([BI[BII)I @ 37 c2
Event: 0.206 Thread 0x000078fffc053900 DEOPT PACKING pc=0x00007900ecdbc140 sp=0x000079008d4fe1c0
Event: 0.206 Thread 0x000078fffc053900 DEOPT UNPACKING pc=0x00007900ec6b5699 sp=0x000079008d4fe140 mode 2
Event: 0.240 Thread 0x00007900fc47f850 Uncommon trap: trap_request=0xffffffde fr.pc=0x00007900ecddfb28 relative=0x0000000000000108
Event: 0.240 Thread 0x00007900fc47f850 Uncommon trap: reason=class_check action=maybe_recompile pc=0x00007900ecddfb28 method=jdk.internal.misc.Unsafe.allocateUninitializedArray(Ljava/lang/Class;I)Ljava/lang/Object; @ 51 c2
Event: 0.240 Thread 0x00007900fc47f850 DEOPT PACKING pc=0x00007900ecddfb28 sp=0x000079008d8fdce0
Event: 0.240 Thread 0x00007900fc47f850 DEOPT UNPACKING pc=0x00007900ec6b5699 sp=0x000079008d8fdc88 mode 2
Event: 0.240 Thread 0x00007900fc47f850 Uncommon trap: trap_request=0xffffffde fr.pc=0x00007900ecddfb28 relative=0x0000000000000108
Event: 0.240 Thread 0x00007900fc47f850 Uncommon trap: reason=class_check action=maybe_recompile pc=0x00007900ecddfb28 method=jdk.internal.misc.Unsafe.allocateUninitializedArray(Ljava/lang/Class;I)Ljava/lang/Object; @ 51 c2
Event: 0.240 Thread 0x00007900fc47f850 DEOPT PACKING pc=0x00007900ecddfb28 sp=0x000079008d8fdce0
Event: 0.240 Thread 0x00007900fc47f850 DEOPT UNPACKING pc=0x00007900ec6b5699 sp=0x000079008d8fdc88 mode 2
Event: 0.240 Thread 0x00007900fc47f850 Uncommon trap: trap_request=0xffffffde fr.pc=0x00007900ecddfb28 relative=0x0000000000000108
Event: 0.240 Thread 0x00007900fc47f850 Uncommon trap: reason=class_check action=maybe_recompile pc=0x00007900ecddfb28 method=jdk.internal.misc.Unsafe.allocateUninitializedArray(Ljava/lang/Class;I)Ljava/lang/Object; @ 51 c2
Event: 0.240 Thread 0x00007900fc47f850 DEOPT PACKING pc=0x00007900ecddfb28 sp=0x000079008d8fdce0
Event: 0.240 Thread 0x00007900fc47f850 DEOPT UNPACKING pc=0x00007900ec6b5699 sp=0x000079008d8fdc88 mode 2
Event: 0.240 Thread 0x00007900fc47f850 Uncommon trap: trap_request=0xffffffde fr.pc=0x00007900ecddfb28 relative=0x0000000000000108
Event: 0.240 Thread 0x00007900fc47f850 Uncommon trap: reason=class_check action=maybe_recompile pc=0x00007900ecddfb28 method=jdk.internal.misc.Unsafe.allocateUninitializedArray(Ljava/lang/Class;I)Ljava/lang/Object; @ 51 c2
Event: 0.240 Thread 0x00007900fc47f850 DEOPT PACKING pc=0x00007900ecddfb28 sp=0x000079008d8fdde0
Event: 0.240 Thread 0x00007900fc47f850 DEOPT UNPACKING pc=0x00007900ec6b5699 sp=0x000079008d8fdd88 mode 2

Classes loaded (20 events):
Event: 0.098 Loading class java/util/concurrent/atomic/AtomicIntegerFieldUpdater$AtomicIntegerFieldUpdaterImpl
Event: 0.098 Loading class java/util/concurrent/atomic/AtomicIntegerFieldUpdater$AtomicIntegerFieldUpdaterImpl done
Event: 0.098 Loading class java/util/concurrent/atomic/AtomicIntegerFieldUpdater$AtomicIntegerFieldUpdaterImpl$1
Event: 0.098 Loading class java/util/concurrent/atomic/AtomicIntegerFieldUpdater$AtomicIntegerFieldUpdaterImpl$1 done
Event: 0.098 Loading class java/util/concurrent/atomic/AtomicReferenceFieldUpdater
Event: 0.098 Loading class java/util/concurrent/atomic/AtomicReferenceFieldUpdater done
Event: 0.098 Loading class java/util/concurrent/atomic/AtomicReferenceFieldUpdater$AtomicReferenceFieldUpdaterImpl
Event: 0.098 Loading class java/util/concurrent/atomic/AtomicReferenceFieldUpdater$AtomicReferenceFieldUpdaterImpl done
Event: 0.098 Loading class java/util/concurrent/atomic/AtomicReferenceFieldUpdater$AtomicReferenceFieldUpdaterImpl$1
Event: 0.098 Loading class java/util/concurrent/atomic/AtomicReferenceFieldUpdater$AtomicReferenceFieldUpdaterImpl$1 done
Event: 0.099 Loading class java/util/concurrent/atomic/AtomicReferenceArray
Event: 0.099 Loading class java/util/concurrent/atomic/AtomicReferenceArray done
Event: 0.111 Loading class java/lang/NoSuchFieldError
Event: 0.111 Loading class java/lang/NoSuchFieldError done
Event: 0.116 Loading class java/lang/StrictMath
Event: 0.116 Loading class java/lang/StrictMath done
Event: 0.130 Loading class java/util/concurrent/CancellationException
Event: 0.130 Loading class java/util/concurrent/CancellationException done
Event: 0.143 Loading class java/util/Collections$SingletonList
Event: 0.143 Loading class java/util/Collections$SingletonList done

Classes unloaded (0 events):
No events

Classes redefined (0 events):
No events

Internal exceptions (4 events):
Event: 0.059 Thread 0x00007900fc02aac0 Exception <a 'sun/nio/fs/UnixException'{0x00000000fb186d38}> (0x00000000fb186d38) 
thrown [src/hotspot/share/prims/jni.cpp, line 516]
Event: 0.071 Thread 0x00007900fc02aac0 Exception <a 'sun/nio/fs/UnixException'{0x00000000fb190a30}> (0x00000000fb190a30) 
thrown [src/hotspot/share/prims/jni.cpp, line 516]
Event: 0.072 Thread 0x00007900fc02aac0 Exception <a 'sun/nio/fs/UnixException'{0x00000000fb1a3130}> (0x00000000fb1a3130) 
thrown [src/hotspot/share/prims/jni.cpp, line 516]
Event: 0.207 Thread 0x000078fffc053900 Exception <a 'java/lang/NoSuchMethodError'{0x00000000f9ee9df8}: 'java.lang.Object java.lang.invoke.DirectMethodHandle$Holder.newInvokeSpecial(java.lang.Object, java.lang.Object, java.lang.Object, java.lang.Object, java.lang.Object, java.lang.Object)'> (0x00000000f9ee9df8) 
thrown [src/hotspot/share/interpreter/linkResolver.cpp, line 758]

VM Operations (2 events):
Event: 0.215 Executing VM operation: G1CollectForAllocation
Event: 0.217 Executing VM operation: G1CollectForAllocation done

Memory protections (20 events):
Event: 0.017 Protecting memory [0x000079009d153000,0x000079009d157000] with protection modes 0
Event: 0.017 Protecting memory [0x000079009d053000,0x000079009d057000] with protection modes 0
Event: 0.019 Protecting memory [0x000079009c900000,0x000079009c904000] with protection modes 0
Event: 0.019 Protecting memory [0x000079009c800000,0x000079009c804000] with protection modes 0
Event: 0.019 Protecting memory [0x000079009c700000,0x000079009c704000] with protection modes 0
Event: 0.019 Protecting memory [0x000079009c600000,0x000079009c604000] with protection modes 0
Event: 0.019 Protecting memory [0x000079009c500000,0x000079009c504000] with protection modes 0
Event: 0.019 Protecting memory [0x000079009c400000,0x000079009c404000] with protection modes 0
Event: 0.021 Protecting memory [0x000079009c300000,0x000079009c304000] with protection modes 0
Event: 0.022 Protecting memory [0x000079009c0ff000,0x000079009c103000] with protection modes 0
Event: 0.045 Protecting memory [0x000079008df00000,0x000079008df04000] with protection modes 0
Event: 0.104 Protecting memory [0x000079008dc9b000,0x000079008dc9f000] with protection modes 0
Event: 0.130 Protecting memory [0x000079008d900000,0x000079008d904000] with protection modes 0
Event: 0.130 Protecting memory [0x000079008d800000,0x000079008d804000] with protection modes 0
Event: 0.137 Protecting memory [0x000079008d700000,0x000079008d704000] with protection modes 0
Event: 0.137 Protecting memory [0x000079008d600000,0x000079008d604000] with protection modes 0
Event: 0.137 Protecting memory [0x000079008d500000,0x000079008d504000] with protection modes 0
Event: 0.138 Protecting memory [0x000079008d400000,0x000079008d404000] with protection modes 0
Event: 0.148 Protecting memory [0x000079008d300000,0x000079008d304000] with protection modes 0
Event: 0.207 Protecting memory [0x000079008d200000,0x000079008d204000] with protection modes 0

Nmethod flushes (0 events):
No events

Events (20 events):
Event: 0.017 Thread 0x00007900fc02aac0 Thread added: 0x00007900fc1e9530
Event: 0.017 Thread 0x00007900fc02aac0 Thread added: 0x00007900fc1ea910
Event: 0.019 Thread 0x00007900fc02aac0 Thread added: 0x00007900fc1efea0
Event: 0.019 Thread 0x00007900fc02aac0 Thread added: 0x00007900fc1f1250
Event: 0.019 Thread 0x00007900fc02aac0 Thread added: 0x00007900fc1f2660
Event: 0.019 Thread 0x00007900fc02aac0 Thread added: 0x00007900fc1f4090
Event: 0.019 Thread 0x00007900fc02aac0 Thread added: 0x00007900fc1f55c0
Event: 0.019 Thread 0x00007900fc02aac0 Thread added: 0x00007900fc1f6a30
Event: 0.021 Thread 0x00007900fc02aac0 Thread added: 0x00007900fc1fe770
Event: 0.022 Thread 0x00007900fc02aac0 Thread added: 0x00007900fc201f00
Event: 0.045 Thread 0x00007900fc1f55c0 Thread added: 0x0000790020097450
Event: 0.104 Thread 0x00007900fc1f4090 Thread added: 0x000079001c14e8c0
Event: 0.130 Thread 0x00007900fc02aac0 Thread added: 0x00007900fc47ec20
Event: 0.130 Thread 0x00007900fc02aac0 Thread added: 0x00007900fc47f850
Event: 0.137 Thread 0x00007900fc47ec20 Thread added: 0x000078fffc064dd0
Event: 0.137 Thread 0x00007900fc47ec20 Thread added: 0x000078fffc0572e0
Event: 0.137 Thread 0x00007900fc47ec20 Thread added: 0x000078fffc02fe50
Event: 0.138 Thread 0x00007900fc47ec20 Thread added: 0x000078fffc053900
Event: 0.148 Thread 0x00007900fc1f55c0 Thread added: 0x000079002017b090
Event: 0.207 Thread 0x000078fffc053900 Thread added: 0x000078fff001d690


Dynamic libraries:
82000000-fc000000 rw-p 00000000 00:00 0 
fc000000-7fe000000 ---p 00000000 00:00 0 
7fe000000-7fef00000 rw-p 00000000 00:00 0 
7fef00000-7fef75000 rw-p 00c7a000 103:01 75498865                        /home/grishberg/.gradle/jdks/eclipse_adoptium-17-amd64-linux/jdk-17.0.19+10/lib/server/classes.jsa
7fef75000-7ff000000 rw-p 00000000 00:00 0 
7ff000000-7ff078000 rw-p 00c02000 103:01 75498865                        /home/grishberg/.gradle/jdks/eclipse_adoptium-17-amd64-linux/jdk-17.0.19+10/lib/server/classes.jsa
7ff078000-800000000 rw-p 00000000 00:00 0 
55704d1c8000-55704d1c9000 r--p 00000000 103:01 75498845                  /home/grishberg/.gradle/jdks/eclipse_adoptium-17-amd64-linux/jdk-17.0.19+10/bin/java
55704d1c9000-55704d1ca000 r-xp 00001000 103:01 75498845                  /home/grishberg/.gradle/jdks/eclipse_adoptium-17-amd64-linux/jdk-17.0.19+10/bin/java
55704d1ca000-55704d1cb000 r--p 00002000 103:01 75498845                  /home/grishberg/.gradle/jdks/eclipse_adoptium-17-amd64-linux/jdk-17.0.19+10/bin/java
55704d1cb000-55704d1cc000 r--p 00002000 103:01 75498845                  /home/grishberg/.gradle/jdks/eclipse_adoptium-17-amd64-linux/jdk-17.0.19+10/bin/java
55704d1cc000-55704d1cd000 rw-p 00003000 103:01 75498845                  /home/grishberg/.gradle/jdks/eclipse_adoptium-17-amd64-linux/jdk-17.0.19+10/bin/java
5570623bf000-557062408000 rw-p 00000000 00:00 0                          [heap]
78ffb4000000-78ffb4021000 rw-p 00000000 00:00 0 
78ffb4021000-78ffb8000000 ---p 00000000 00:00 0 
78ffb8000000-78ffb8021000 rw-p 00000000 00:00 0 
78ffb8021000-78ffbc000000 ---p 00000000 00:00 0 
78ffbc000000-78ffbc021000 rw-p 00000000 00:00 0 
78ffbc021000-78ffc0000000 ---p 00000000 00:00 0 
78ffc0000000-78ffc0021000 rw-p 00000000 00:00 0 
78ffc0021000-78ffc4000000 ---p 00000000 00:00 0 
78ffc4000000-78ffc4021000 rw-p 00000000 00:00 0 
78ffc4021000-78ffc8000000 ---p 00000000 00:00 0 
78ffc8000000-78ffc8021000 rw-p 00000000 00:00 0 
78ffc8021000-78ffcc000000 ---p 00000000 00:00 0 
78ffcc000000-78ffcc021000 rw-p 00000000 00:00 0 
78ffcc021000-78ffd0000000 ---p 00000000 00:00 0 
78ffd0000000-78ffd0021000 rw-p 00000000 00:00 0 
78ffd0021000-78ffd4000000 ---p 00000000 00:00 0 
78ffd4000000-78ffd4021000 rw-p 00000000 00:00 0 
78ffd4021000-78ffd8000000 ---p 00000000 00:00 0 
78ffd8000000-78ffd8021000 rw-p 00000000 00:00 0 
78ffd8021000-78ffdc000000 ---p 00000000 00:00 0 
78ffdc000000-78ffdc021000 rw-p 00000000 00:00 0 
78ffdc021000-78ffe0000000 ---p 00000000 00:00 0 
78ffe0000000-78ffe0021000 rw-p 00000000 00:00 0 
78ffe0021000-78ffe4000000 ---p 00000000 00:00 0 
78ffe4000000-78ffe40ad000 rw-p 00000000 00:00 0 
78ffe40ad000-78ffe8000000 ---p 00000000 00:00 0 
78ffe8000000-78ffe8a11000 rw-p 00000000 00:00 0 
78ffe8a11000-78ffec000000 ---p 00000000 00:00 0 
78ffec000000-78ffec024000 rw-p 00000000 00:00 0 
78ffec024000-78fff0000000 ---p 00000000 00:00 0 
78fff0000000-78fff0180000 rw-p 00000000 00:00 0 
78fff0180000-78fff4000000 ---p 00000000 00:00 0 
78fff4000000-78fff412d000 rw-p 00000000 00:00 0 
78fff412d000-78fff8000000 ---p 00000000 00:00 0 
78fff8000000-78fff809c000 rw-p 00000000 00:00 0 
78fff809c000-78fffc000000 ---p 00000000 00:00 0 
78fffc000000-78fffc067000 rw-p 00000000 00:00 0 
78fffc067000-790000000000 ---p 00000000 00:00 0 
790000000000-790000563000 rw-p 00000000 00:00 0 
790000563000-790004000000 ---p 00000000 00:00 0 
790004000000-79000430f000 rw-p 00000000 00:00 0 
79000430f000-790008000000 ---p 00000000 00:00 0 
790008000000-790008317000 rw-p 00000000 00:00 0 
790008317000-79000c000000 ---p 00000000 00:00 0 
79000c000000-79000c021000 rw-p 00000000 00:00 0 
79000c021000-790010000000 ---p 00000000 00:00 0 
790010000000-790010021000 rw-p 00000000 00:00 0 
790010021000-790014000000 ---p 00000000 00:00 0 
790014000000-790014021000 rw-p 00000000 00:00 0 
790014021000-790018000000 ---p 00000000 00:00 0 
790018000000-790018021000 rw-p 00000000 00:00 0 
790018021000-79001c000000 ---p 00000000 00:00 0 
79001c000000-79001c84c000 rw-p 00000000 00:00 0 
79001c84c000-790020000000 ---p 00000000 00:00 0 
790020000000-79002023e000 rw-p 00000000 00:00 0 
79002023e000-790024000000 ---p 00000000 00:00 0 
790024000000-790024021000 rw-p 00000000 00:00 0 
790024021000-790028000000 ---p 00000000 00:00 0 
790028000000-790028021000 rw-p 00000000 00:00 0 
790028021000-79002c000000 ---p 00000000 00:00 0 
79002c000000-79002c021000 rw-p 00000000 00:00 0 
79002c021000-790030000000 ---p 00000000 00:00 0 
790030000000-790030021000 rw-p 00000000 00:00 0 
790030021000-790034000000 ---p 00000000 00:00 0 
790034000000-790034021000 rw-p 00000000 00:00 0 
790034021000-790038000000 ---p 00000000 00:00 0 
79003b000000-79003b190000 rw-p 00000000 00:00 0 
79003b190000-79003b400000 ---p 00000000 00:00 0 
79003b400000-79003b6e0000 rw-p 00000000 00:00 0 
79003b6e0000-79003f000000 ---p 00000000 00:00 0 
79003f000000-79003fbca000 rw-p 00001000 103:01 75498865                  /home/grishberg/.gradle/jdks/eclipse_adoptium-17-amd64-linux/jdk-17.0.19+10/lib/server/classes.jsa
79003fbca000-790040000000 ---p 00000000 00:00 0 
790040000000-790040040000 rw-p 00000000 00:00 0 
790040040000-790040070000 rw-p 00000000 00:00 0 
790040070000-790040080000 ---p 00000000 00:00 0 
790040080000-790040090000 rw-p 00000000 00:00 0 
790040090000-790080000000 ---p 00000000 00:00 0 
790080000000-790080021000 rw-p 00000000 00:00 0 
790080021000-790084000000 ---p 00000000 00:00 0 
790084000000-790084021000 rw-p 00000000 00:00 0 
790084021000-790088000000 ---p 00000000 00:00 0 
790088000000-790088021000 rw-p 00000000 00:00 0 
790088021000-79008c000000 ---p 00000000 00:00 0 
79008c20c000-79008c5f4000 rw-p 00000000 00:00 0 
79008c5f4000-79008c5f5000 ---p 00000000 00:00 0 
79008c5f5000-79008c6f5000 rw-p 00000000 00:00 0 
79008c6f5000-79008c6f6000 ---p 00000000 00:00 0 
79008c6f6000-79008c7f6000 rw-p 00000000 00:00 0 
79008c7f6000-79008c7f7000 ---p 00000000 00:00 0 
79008c7f7000-79008c8f7000 rw-p 00000000 00:00 0 
79008c8f7000-79008c8f8000 ---p 00000000 00:00 0 
79008c8f8000-79008c9f8000 rw-p 00000000 00:00 0 
79008c9f8000-79008c9f9000 ---p 00000000 00:00 0 
79008c9f9000-79008caf9000 rw-p 00000000 00:00 0 
79008caf9000-79008cafa000 ---p 00000000 00:00 0 
79008cafa000-79008cbfa000 rw-p 00000000 00:00 0 
79008cbfa000-79008cbfb000 ---p 00000000 00:00 0 
79008cbfb000-79008ccfb000 rw-p 00000000 00:00 0 
79008ccfb000-79008ccfc000 ---p 00000000 00:00 0 
79008ccfc000-79008cdfc000 rw-p 00000000 00:00 0 
79008cdfc000-79008cdfd000 ---p 00000000 00:00 0 
79008cdfd000-79008cefd000 rw-p 00000000 00:00 0 
79008cefd000-79008cefe000 ---p 00000000 00:00 0 
79008cefe000-79008cffe000 rw-p 00000000 00:00 0 
79008cffe000-79008cfff000 ---p 00000000 00:00 0 
79008cfff000-79008d0ff000 rw-p 00000000 00:00 0 
79008d0ff000-79008d100000 ---p 00000000 00:00 0 
79008d100000-79008d200000 rw-p 00000000 00:00 0 
79008d200000-79008d204000 ---p 00000000 00:00 0 
79008d204000-79008d300000 rw-p 00000000 00:00 0 
79008d300000-79008d304000 ---p 00000000 00:00 0 
79008d304000-79008d400000 rw-p 00000000 00:00 0 
79008d400000-79008d404000 ---p 00000000 00:00 0 
79008d404000-79008d500000 rw-p 00000000 00:00 0 
79008d500000-79008d504000 ---p 00000000 00:00 0 
79008d504000-79008d600000 rw-p 00000000 00:00 0 
79008d600000-79008d604000 ---p 00000000 00:00 0 
79008d604000-79008d700000 rw-p 00000000 00:00 0 
79008d700000-79008d704000 ---p 00000000 00:00 0 
79008d704000-79008d800000 rw-p 00000000 00:00 0 
79008d800000-79008d804000 ---p 00000000 00:00 0 
79008d804000-79008d900000 rw-p 00000000 00:00 0 
79008d900000-79008d904000 ---p 00000000 00:00 0 
79008d904000-79008da00000 rw-p 00000000 00:00 0 
79008da00000-79008da9d000 r--p 00000000 103:01 90443236                  /usr/lib/x86_64-linux-gnu/libstdc++.so.6.0.33
79008da9d000-79008dbe5000 r-xp 0009d000 103:01 90443236                  /usr/lib/x86_64-linux-gnu/libstdc++.so.6.0.33
79008dbe5000-79008dc6c000 r--p 001e5000 103:01 90443236                  /usr/lib/x86_64-linux-gnu/libstdc++.so.6.0.33
79008dc6c000-79008dc77000 r--p 0026b000 103:01 90443236                  /usr/lib/x86_64-linux-gnu/libstdc++.so.6.0.33
79008dc77000-79008dc7a000 rw-p 00276000 103:01 90443236                  /usr/lib/x86_64-linux-gnu/libstdc++.so.6.0.33
79008dc7a000-79008dc7e000 rw-p 00000000 00:00 0 
79008dc9b000-79008dc9f000 ---p 00000000 00:00 0 
79008dc9f000-79008dd9b000 rw-p 00000000 00:00 0 
79008dd9b000-79008ddc2000 r--p 00000000 103:01 51524695                  /tmp/manifold3d13500848811199689589/libmanifold.so.3
79008ddc2000-79008dede000 r-xp 00027000 103:01 51524695                  /tmp/manifold3d13500848811199689589/libmanifold.so.3
79008dede000-79008defd000 r--p 00143000 103:01 51524695                  /tmp/manifold3d13500848811199689589/libmanifold.so.3
79008defd000-79008defe000 r--p 00162000 103:01 51524695                  /tmp/manifold3d13500848811199689589/libmanifold.so.3
79008defe000-79008df00000 rw-p 00163000 103:01 51524695                  /tmp/manifold3d13500848811199689589/libmanifold.so.3
79008df00000-79008df04000 ---p 00000000 00:00 0 
79008df04000-79008e000000 rw-p 00000000 00:00 0 
79008e000000-790090021000 rw-p 00000000 00:00 0 
790090021000-790094000000 ---p 00000000 00:00 0 
790094000000-790094021000 rw-p 00000000 00:00 0 
790094021000-790098000000 ---p 00000000 00:00 0 
790098000000-790098021000 rw-p 00000000 00:00 0 
790098021000-79009c000000 ---p 00000000 00:00 0 
79009c0ff000-79009c103000 ---p 00000000 00:00 0 
79009c103000-79009c1ff000 rw-p 00000000 00:00 0 
79009c1ff000-79009c200000 ---p 00000000 00:00 0 
79009c200000-79009c300000 rw-p 00000000 00:00 0 
79009c300000-79009c304000 ---p 00000000 00:00 0 
79009c304000-79009c400000 rw-p 00000000 00:00 0 
79009c400000-79009c404000 ---p 00000000 00:00 0 
79009c404000-79009c500000 rw-p 00000000 00:00 0 
79009c500000-79009c504000 ---p 00000000 00:00 0 
79009c504000-79009c600000 rw-p 00000000 00:00 0 
79009c600000-79009c604000 ---p 00000000 00:00 0 
79009c604000-79009c700000 rw-p 00000000 00:00 0 
79009c700000-79009c704000 ---p 00000000 00:00 0 
79009c704000-79009c800000 rw-p 00000000 00:00 0 
79009c800000-79009c804000 ---p 00000000 00:00 0 
79009c804000-79009c900000 rw-p 00000000 00:00 0 
79009c900000-79009c904000 ---p 00000000 00:00 0 
79009c904000-79009ca00000 rw-p 00000000 00:00 0 
79009ca00000-79009cf75000 r--p 00000000 103:01 90475490                  /usr/lib/locale/locale-archive
79009cffd000-79009d009000 r--p 00000000 103:01 51524696                  /tmp/manifold3d13500848811199689589/libmanifoldc.so.3
79009d009000-79009d01c000 r-xp 0000c000 103:01 51524696                  /tmp/manifold3d13500848811199689589/libmanifoldc.so.3
79009d01c000-79009d023000 r--p 0001f000 103:01 51524696                  /tmp/manifold3d13500848811199689589/libmanifoldc.so.3
79009d023000-79009d024000 r--p 00025000 103:01 51524696                  /tmp/manifold3d13500848811199689589/libmanifoldc.so.3
79009d024000-79009d025000 rw-p 00026000 103:01 51524696                  /tmp/manifold3d13500848811199689589/libmanifoldc.so.3
79009d025000-79009d029000 r--p 00000000 103:01 90443244                  /usr/lib/x86_64-linux-gnu/libgcc_s.so.1
79009d029000-79009d04d000 r-xp 00004000 103:01 90443244                  /usr/lib/x86_64-linux-gnu/libgcc_s.so.1
79009d04d000-79009d051000 r--p 00028000 103:01 90443244                  /usr/lib/x86_64-linux-gnu/libgcc_s.so.1
79009d051000-79009d052000 r--p 0002b000 103:01 90443244                  /usr/lib/x86_64-linux-gnu/libgcc_s.so.1
79009d052000-79009d053000 rw-p 0002c000 103:01 90443244                  /usr/lib/x86_64-linux-gnu/libgcc_s.so.1
79009d053000-79009d057000 ---p 00000000 00:00 0 
79009d057000-79009d153000 rw-p 00000000 00:00 0 
79009d153000-79009d157000 ---p 00000000 00:00 0 
79009d157000-79009d253000 rw-p 00000000 00:00 0 
79009d253000-79009d254000 ---p 00000000 00:00 0 
79009d254000-79009d354000 rw-p 00000000 00:00 0 
79009d354000-79009d359000 r--p 00000000 103:01 75498881                  /home/grishberg/.gradle/jdks/eclipse_adoptium-17-amd64-linux/jdk-17.0.19+10/lib/libjsvml.so
79009d359000-79009d39a000 r-xp 00005000 103:01 75498881                  /home/grishberg/.gradle/jdks/eclipse_adoptium-17-amd64-linux/jdk-17.0.19+10/lib/libjsvml.so
79009d39a000-79009d423000 r--p 00046000 103:01 75498881                  /home/grishberg/.gradle/jdks/eclipse_adoptium-17-amd64-linux/jdk-17.0.19+10/lib/libjsvml.so
79009d423000-79009d424000 r--p 000ce000 103:01 75498881                  /home/grishberg/.gradle/jdks/eclipse_adoptium-17-amd64-linux/jdk-17.0.19+10/lib/libjsvml.so
79009d424000-79009d425000 rw-p 000cf000 103:01 75498881                  /home/grishberg/.gradle/jdks/eclipse_adoptium-17-amd64-linux/jdk-17.0.19+10/lib/libjsvml.so
79009d425000-79009d426000 ---p 00000000 00:00 0 
79009d426000-79009d526000 rw-p 00000000 00:00 0 
79009d526000-79009d527000 ---p 00000000 00:00 0 
79009d527000-79009d627000 rw-p 00000000 00:00 0 
79009d627000-79009fdb0000 rw-p 00000000 00:00 0 
79009fdb0000-7900bbe30000 ---p 00000000 00:00 0 
7900bbe30000-7900bdd30000 rw-p 00000000 00:00 0 
7900bdd30000-7900d9db0000 ---p 00000000 00:00 0 
7900d9db0000-7900da200000 rw-p 00000000 00:00 0 
7900da200000-7900dda10000 ---p 00000000 00:00 0 
7900dda10000-7900dddf0000 rw-p 00000000 00:00 0 
7900dddf0000-7900e1600000 ---p 00000000 00:00 0 
7900e1600000-7900e19e0000 rw-p 00000000 00:00 0 
7900e19e0000-7900e51f0000 ---p 00000000 00:00 0 
7900e51f0000-7900e5200000 rw-p 00000000 00:00 0 
7900e5200000-7900e5470000 rwxp 00000000 00:00 0 
7900e5470000-7900ec65f000 ---p 00000000 00:00 0 
7900ec65f000-7900ec8cf000 rwxp 00000000 00:00 0 
7900ec8cf000-7900ecda0000 ---p 00000000 00:00 0 
7900ecda0000-7900ed010000 rwxp 00000000 00:00 0 
7900ed010000-7900f4200000 ---p 00000000 00:00 0 
7900f4200000-7900fbe3b000 r--s 00000000 103:01 75498899                  /home/grishberg/.gradle/jdks/eclipse_adoptium-17-amd64-linux/jdk-17.0.19+10/lib/modules
7900fbe5f000-7900fbe61000 r--p 00000000 103:01 75498880                  /home/grishberg/.gradle/jdks/eclipse_adoptium-17-amd64-linux/jdk-17.0.19+10/lib/libzip.so
7900fbe61000-7900fbe74000 r-xp 00002000 103:01 75498880                  /home/grishberg/.gradle/jdks/eclipse_adoptium-17-amd64-linux/jdk-17.0.19+10/lib/libzip.so
7900fbe74000-7900fbe7b000 r--p 00015000 103:01 75498880                  /home/grishberg/.gradle/jdks/eclipse_adoptium-17-amd64-linux/jdk-17.0.19+10/lib/libzip.so
7900fbe7b000-7900fbe7c000 ---p 0001c000 103:01 75498880                  /home/grishberg/.gradle/jdks/eclipse_adoptium-17-amd64-linux/jdk-17.0.19+10/lib/libzip.so
7900fbe7c000-7900fbe7d000 r--p 0001c000 103:01 75498880                  /home/grishberg/.gradle/jdks/eclipse_adoptium-17-amd64-linux/jdk-17.0.19+10/lib/libzip.so
7900fbe7d000-7900fbe7e000 rw-p 0001d000 103:01 75498880                  /home/grishberg/.gradle/jdks/eclipse_adoptium-17-amd64-linux/jdk-17.0.19+10/lib/libzip.so
7900fbe7e000-7900fc492000 rw-p 00000000 00:00 0 
7900fc492000-790100000000 ---p 00000000 00:00 0 
790100018000-790100376000 rw-p 00000000 00:00 0 
790100376000-790100377000 ---p 00000000 00:00 0 
790100377000-790100477000 rw-p 00000000 00:00 0 
790100477000-790100478000 ---p 00000000 00:00 0 
790100478000-790100578000 rw-p 00000000 00:00 0 
790100578000-790100579000 ---p 00000000 00:00 0 
790100579000-790100679000 rw-p 00000000 00:00 0 
790100679000-790101533000 rw-p 00000000 00:00 0 
790101533000-790101617000 ---p 00000000 00:00 0 
790101617000-79010161c000 rw-p 00000000 00:00 0 
79010161c000-790101700000 ---p 00000000 00:00 0 
790101700000-790101704000 ---p 00000000 00:00 0 
790101704000-790101800000 rw-p 00000000 00:00 0 
790101800000-790101a53000 r--p 00000000 103:01 75498866                  /home/grishberg/.gradle/jdks/eclipse_adoptium-17-amd64-linux/jdk-17.0.19+10/lib/server/libjvm.so
790101a53000-79010277b000 r-xp 00253000 103:01 75498866                  /home/grishberg/.gradle/jdks/eclipse_adoptium-17-amd64-linux/jdk-17.0.19+10/lib/server/libjvm.so
79010277b000-790102a08000 r--p 00f7b000 103:01 75498866                  /home/grishberg/.gradle/jdks/eclipse_adoptium-17-amd64-linux/jdk-17.0.19+10/lib/server/libjvm.so
790102a08000-790102a09000 ---p 01208000 103:01 75498866                  /home/grishberg/.gradle/jdks/eclipse_adoptium-17-amd64-linux/jdk-17.0.19+10/lib/server/libjvm.so
790102a09000-790102ac2000 r--p 01208000 103:01 75498866                  /home/grishberg/.gradle/jdks/eclipse_adoptium-17-amd64-linux/jdk-17.0.19+10/lib/server/libjvm.so
790102ac2000-790102af7000 rw-p 012c1000 103:01 75498866                  /home/grishberg/.gradle/jdks/eclipse_adoptium-17-amd64-linux/jdk-17.0.19+10/lib/server/libjvm.so
790102af7000-790102b52000 rw-p 00000000 00:00 0 
790102b57000-790102bc9000 rw-p 00000000 00:00 0 
790102bd1000-790102bd5000 r--p 00000000 103:01 75498890                  /home/grishberg/.gradle/jdks/eclipse_adoptium-17-amd64-linux/jdk-17.0.19+10/lib/libnet.so
790102bd5000-790102be3000 r-xp 00004000 103:01 75498890                  /home/grishberg/.gradle/jdks/eclipse_adoptium-17-amd64-linux/jdk-17.0.19+10/lib/libnet.so
790102be3000-790102be7000 r--p 00012000 103:01 75498890                  /home/grishberg/.gradle/jdks/eclipse_adoptium-17-amd64-linux/jdk-17.0.19+10/lib/libnet.so
790102be7000-790102be8000 r--p 00015000 103:01 75498890                  /home/grishberg/.gradle/jdks/eclipse_adoptium-17-amd64-linux/jdk-17.0.19+10/lib/libnet.so
790102be8000-790102be9000 rw-p 00016000 103:01 75498890                  /home/grishberg/.gradle/jdks/eclipse_adoptium-17-amd64-linux/jdk-17.0.19+10/lib/libnet.so
790102be9000-790102bf0000 r--p 00000000 103:01 75498910                  /home/grishberg/.gradle/jdks/eclipse_adoptium-17-amd64-linux/jdk-17.0.19+10/lib/libnio.so
790102bf0000-790102bf9000 r-xp 00007000 103:01 75498910                  /home/grishberg/.gradle/jdks/eclipse_adoptium-17-amd64-linux/jdk-17.0.19+10/lib/libnio.so
790102bf9000-790102bfd000 r--p 00010000 103:01 75498910                  /home/grishberg/.gradle/jdks/eclipse_adoptium-17-amd64-linux/jdk-17.0.19+10/lib/libnio.so
790102bfd000-790102bfe000 ---p 00014000 103:01 75498910                  /home/grishberg/.gradle/jdks/eclipse_adoptium-17-amd64-linux/jdk-17.0.19+10/lib/libnio.so
790102bfe000-790102bff000 r--p 00014000 103:01 75498910                  /home/grishberg/.gradle/jdks/eclipse_adoptium-17-amd64-linux/jdk-17.0.19+10/lib/libnio.so
790102bff000-790102c00000 rw-p 00015000 103:01 75498910                  /home/grishberg/.gradle/jdks/eclipse_adoptium-17-amd64-linux/jdk-17.0.19+10/lib/libnio.so
790102c00000-790102c28000 r--p 00000000 103:01 90442148                  /usr/lib/x86_64-linux-gnu/libc.so.6
790102c28000-790102db0000 r-xp 00028000 103:01 90442148                  /usr/lib/x86_64-linux-gnu/libc.so.6
790102db0000-790102dff000 r--p 001b0000 103:01 90442148                  /usr/lib/x86_64-linux-gnu/libc.so.6
790102dff000-790102e03000 r--p 001fe000 103:01 90442148                  /usr/lib/x86_64-linux-gnu/libc.so.6
790102e03000-790102e05000 rw-p 00202000 103:01 90442148                  /usr/lib/x86_64-linux-gnu/libc.so.6
790102e05000-790102e12000 rw-p 00000000 00:00 0 
790102e1c000-790102e21000 r--p 00000000 103:01 51524707                  /tmp/manifold3d13500848811199689589/libmanifold_jni.so
790102e21000-790102e24000 r-xp 00005000 103:01 51524707                  /tmp/manifold3d13500848811199689589/libmanifold_jni.so
790102e24000-790102e25000 r--p 00008000 103:01 51524707                  /tmp/manifold3d13500848811199689589/libmanifold_jni.so
790102e25000-790102e26000 r--p 00009000 103:01 51524707                  /tmp/manifold3d13500848811199689589/libmanifold_jni.so
790102e26000-790102e27000 rw-p 0000a000 103:01 51524707                  /tmp/manifold3d13500848811199689589/libmanifold_jni.so
790102e27000-790102ea4000 rw-p 00000000 00:00 0 
790102ea4000-790102eae000 ---p 00000000 00:00 0 
790102eae000-790102ebc000 r--p 00000000 103:01 75498920                  /home/grishberg/.gradle/jdks/eclipse_adoptium-17-amd64-linux/jdk-17.0.19+10/lib/libjava.so
790102ebc000-790102ece000 r-xp 0000e000 103:01 75498920                  /home/grishberg/.gradle/jdks/eclipse_adoptium-17-amd64-linux/jdk-17.0.19+10/lib/libjava.so
790102ece000-790102ed4000 r--p 00020000 103:01 75498920                  /home/grishberg/.gradle/jdks/eclipse_adoptium-17-amd64-linux/jdk-17.0.19+10/lib/libjava.so
790102ed4000-790102ed5000 ---p 00026000 103:01 75498920                  /home/grishberg/.gradle/jdks/eclipse_adoptium-17-amd64-linux/jdk-17.0.19+10/lib/libjava.so
790102ed5000-790102ed6000 r--p 00026000 103:01 75498920                  /home/grishberg/.gradle/jdks/eclipse_adoptium-17-amd64-linux/jdk-17.0.19+10/lib/libjava.so
790102ed6000-790102ed7000 rw-p 00027000 103:01 75498920                  /home/grishberg/.gradle/jdks/eclipse_adoptium-17-amd64-linux/jdk-17.0.19+10/lib/libjava.so
790102ed7000-790102ed8000 rw-p 00000000 00:00 0 
790102ed8000-790102edc000 r--p 00000000 103:01 75498904                  /home/grishberg/.gradle/jdks/eclipse_adoptium-17-amd64-linux/jdk-17.0.19+10/lib/libjimage.so
790102edc000-790102eef000 r-xp 00004000 103:01 75498904                  /home/grishberg/.gradle/jdks/eclipse_adoptium-17-amd64-linux/jdk-17.0.19+10/lib/libjimage.so
790102eef000-790102ef5000 r--p 00017000 103:01 75498904                  /home/grishberg/.gradle/jdks/eclipse_adoptium-17-amd64-linux/jdk-17.0.19+10/lib/libjimage.so
790102ef5000-790102ef7000 r--p 0001c000 103:01 75498904                  /home/grishberg/.gradle/jdks/eclipse_adoptium-17-amd64-linux/jdk-17.0.19+10/lib/libjimage.so
790102ef7000-790102ef8000 rw-p 0001e000 103:01 75498904                  /home/grishberg/.gradle/jdks/eclipse_adoptium-17-amd64-linux/jdk-17.0.19+10/lib/libjimage.so
790102ef8000-790102f08000 r--p 00000000 103:01 90442151                  /usr/lib/x86_64-linux-gnu/libm.so.6
790102f08000-790102f87000 r-xp 00010000 103:01 90442151                  /usr/lib/x86_64-linux-gnu/libm.so.6
790102f87000-790102fdf000 r--p 0008f000 103:01 90442151                  /usr/lib/x86_64-linux-gnu/libm.so.6
790102fdf000-790102fe0000 r--p 000e7000 103:01 90442151                  /usr/lib/x86_64-linux-gnu/libm.so.6
790102fe0000-790102fe1000 rw-p 000e8000 103:01 90442151                  /usr/lib/x86_64-linux-gnu/libm.so.6
790102fe1000-790102fe2000 r--p 00000000 103:01 90442162                  /usr/lib/x86_64-linux-gnu/librt.so.1
790102fe2000-790102fe3000 r-xp 00001000 103:01 90442162                  /usr/lib/x86_64-linux-gnu/librt.so.1
790102fe3000-790102fe4000 r--p 00002000 103:01 90442162                  /usr/lib/x86_64-linux-gnu/librt.so.1
790102fe4000-790102fe5000 r--p 00002000 103:01 90442162                  /usr/lib/x86_64-linux-gnu/librt.so.1
790102fe5000-790102fe6000 rw-p 00003000 103:01 90442162                  /usr/lib/x86_64-linux-gnu/librt.so.1
790102fe6000-790102fe8000 rw-p 00000000 00:00 0 
790102fe8000-790102fe9000 r--p 00000000 103:01 90442150                  /usr/lib/x86_64-linux-gnu/libdl.so.2
790102fe9000-790102fea000 r-xp 00001000 103:01 90442150                  /usr/lib/x86_64-linux-gnu/libdl.so.2
790102fea000-790102feb000 r--p 00002000 103:01 90442150                  /usr/lib/x86_64-linux-gnu/libdl.so.2
790102feb000-790102fec000 r--p 00002000 103:01 90442150                  /usr/lib/x86_64-linux-gnu/libdl.so.2
790102fec000-790102fed000 rw-p 00003000 103:01 90442150                  /usr/lib/x86_64-linux-gnu/libdl.so.2
790102fed000-790102fee000 r--p 00000000 103:01 90442160                  /usr/lib/x86_64-linux-gnu/libpthread.so.0
790102fee000-790102fef000 r-xp 00001000 103:01 90442160                  /usr/lib/x86_64-linux-gnu/libpthread.so.0
790102fef000-790102ff0000 r--p 00002000 103:01 90442160                  /usr/lib/x86_64-linux-gnu/libpthread.so.0
790102ff0000-790102ff1000 r--p 00002000 103:01 90442160                  /usr/lib/x86_64-linux-gnu/libpthread.so.0
790102ff1000-790102ff2000 rw-p 00003000 103:01 90442160                  /usr/lib/x86_64-linux-gnu/libpthread.so.0
790102ff3000-790102ffa000 r--s 00000000 103:01 90442137                  /usr/lib/x86_64-linux-gnu/gconv/gconv-modules.cache
790102ffa000-790103002000 rw-s 00000000 103:01 51524693                  /tmp/hsperfdata_grishberg/71942
790103002000-790103003000 ---p 00000000 00:00 0 
790103003000-790103004000 r--p 00000000 00:00 0 
790103004000-790103005000 ---p 00000000 00:00 0 
790103005000-790103008000 r--p 00000000 103:01 75498874                  /home/grishberg/.gradle/jdks/eclipse_adoptium-17-amd64-linux/jdk-17.0.19+10/lib/libjli.so
790103008000-790103018000 r-xp 00003000 103:01 75498874                  /home/grishberg/.gradle/jdks/eclipse_adoptium-17-amd64-linux/jdk-17.0.19+10/lib/libjli.so
790103018000-79010301f000 r--p 00013000 103:01 75498874                  /home/grishberg/.gradle/jdks/eclipse_adoptium-17-amd64-linux/jdk-17.0.19+10/lib/libjli.so
79010301f000-790103020000 r--p 00019000 103:01 75498874                  /home/grishberg/.gradle/jdks/eclipse_adoptium-17-amd64-linux/jdk-17.0.19+10/lib/libjli.so
790103020000-790103021000 rw-p 0001a000 103:01 75498874                  /home/grishberg/.gradle/jdks/eclipse_adoptium-17-amd64-linux/jdk-17.0.19+10/lib/libjli.so
790103021000-790103023000 rw-p 00000000 00:00 0 
790103023000-790103027000 r--p 00000000 00:00 0                          [vvar]
790103027000-790103029000 r--p 00000000 00:00 0                          [vvar_vclock]
790103029000-79010302b000 r-xp 00000000 00:00 0                          [vdso]
79010302b000-79010302c000 r--p 00000000 103:01 90442145                  /usr/lib/x86_64-linux-gnu/ld-linux-x86-64.so.2
79010302c000-790103057000 r-xp 00001000 103:01 90442145                  /usr/lib/x86_64-linux-gnu/ld-linux-x86-64.so.2
790103057000-790103061000 r--p 0002c000 103:01 90442145                  /usr/lib/x86_64-linux-gnu/ld-linux-x86-64.so.2
790103061000-790103063000 r--p 00036000 103:01 90442145                  /usr/lib/x86_64-linux-gnu/ld-linux-x86-64.so.2
790103063000-790103065000 rw-p 00038000 103:01 90442145                  /usr/lib/x86_64-linux-gnu/ld-linux-x86-64.so.2
7fffb8607000-7fffb8629000 rw-p 00000000 00:00 0                          [stack]
ffffffffff600000-ffffffffff601000 --xp 00000000 00:00 0                  [vsyscall]


VM Arguments:
jvm_args: -Djava.library.path=/home/grishberg/projects/java/opengl_kbd_render/cad3d/build/manifold-natives/manifold3d/natives/linux-x86_64 -Dfile.encoding=UTF-8 -Duser.country=US -Duser.language=en -Duser.variant 
java_command: com.github.grishberg.cad3d.cli.CliRunnerKt --model matrix_right
java_class_path (initial): /home/grishberg/projects/java/opengl_kbd_render/cad3d/build/classes/java/main:/home/grishberg/projects/java/opengl_kbd_render/cad3d/build/classes/kotlin/main:/home/grishberg/projects/java/opengl_kbd_render/cad3d/build/resources/main:/home/grishberg/projects/java/opengl_kbd_render/common/build/libs/common-1.0.1.jar:/home/grishberg/projects/java/opengl_kbd_render/kbd_core/build/libs/kbd_core-1.0.1.jar:/home/grishberg/projects/java/opengl_kbd_render/plugin/build/libs/plugin-1.0.jar:/home/grishberg/projects/java/opengl_kbd_render/javascad/build/libs/javascad-1.0.jar:/home/grishberg/projects/java/opengl_kbd_render/libs/manifold3d-3.2.13.jar:/home/grishberg/.gradle/caches/modules-2/files-2.1/org.jetbrains.kotlin/kotlin-stdlib-jdk8/1.9.22/dea0c11e2fa503ab891c8a090e3b54754472975d/kotlin-stdlib-jdk8-1.9.22.jar:/home/grishberg/.gradle/caches/modules-2/files-2.1/org.jetbrains.kotlinx/kotlinx-coroutines-core-jvm/1.8.0/ac1dc37a30a93150b704022f8d895ee1bd3a36b3/kotlinx-coroutines-core-jvm-1.8.0.jar:/home/grishberg/.gradle/caches/modules-2/files-2.1/org.jetbrains.kotlin/kotlin-stdlib-jdk7/1.9.22/c4b17283ad7939e778989663f8301d871987fa5e/kotlin-stdlib-jdk7-1.9.22.jar:/home/grishberg/.gradle/caches/modules-2/files-2.1/org.jetbrains.kotlinx/kotlinx-serialization-core-jvm/1.6.2/384c2492c987f1d92bfa186580de058c284b2ad9/kotlinx-serialization-core-jvm-1.6.2.jar:/home/grishberg/.gradle/caches/modules-2/files-2.1/org.jetbrains.kotlinx/kotlinx-serialization-json-jvm/1.6.2/8f4df208edf91a3012e7a27ccd02f386d4bfc8c6/kotlinx-serialization-json-jvm-1.6.2.jar:/home/grishberg/.gradle/caches/modules-2/files-2.1/org.jetbrains.kotlin/kotlin-stdlib/1.9.22/d6c44cd08d8f3f9bece8101216dbe6553365c6e3/kotlin-stdlib-1.9.22.jar:/home/grishberg/.gradle/caches/modules-2/files-2.1/org.jetbrains/annotations/23.0.0/8cc20c07506ec18e0834947b84a864bfc094484e/annotations-23.0.0.jar
Launcher Type: SUN_STANDARD

[Global flags]
     intx CICompilerCount                          = 12                                        {product} {ergonomic}
     uint ConcGCThreads                            = 3                                         {product} {ergonomic}
     uint G1ConcRefinementThreads                  = 13                                        {product} {ergonomic}
   size_t G1HeapRegionSize                         = 16777216                                  {product} {ergonomic}
    uintx GCDrainStackTargetSize                   = 64                                        {product} {ergonomic}
   size_t InitialHeapSize                          = 2046820352                                {product} {ergonomic}
   size_t MarkStackSize                            = 4194304                                   {product} {ergonomic}
   size_t MaxHeapSize                              = 32178700288                               {product} {ergonomic}
   size_t MaxNewSize                               = 19293798400                               {product} {ergonomic}
   size_t MinHeapDeltaBytes                        = 16777216                                  {product} {ergonomic}
   size_t MinHeapSize                              = 16777216                                  {product} {ergonomic}
    uintx NonNMethodCodeHeapSize                   = 7602480                                {pd product} {ergonomic}
    uintx NonProfiledCodeHeapSize                  = 122027880                              {pd product} {ergonomic}
    uintx ProfiledCodeHeapSize                     = 122027880                              {pd product} {ergonomic}
    uintx ReservedCodeCacheSize                    = 251658240                              {pd product} {ergonomic}
     bool SegmentedCodeCache                       = true                                      {product} {ergonomic}
   size_t SoftMaxHeapSize                          = 32178700288                            {manageable} {ergonomic}
     bool UseCompressedClassPointers               = true                           {product lp64_product} {ergonomic}
     bool UseCompressedOops                        = true                           {product lp64_product} {ergonomic}
     bool UseG1GC                                  = true                                      {product} {ergonomic}

Logging:
Log output configuration:
 #0: stdout all=warning uptime,level,tags
 #1: stderr all=off uptime,level,tags

Environment Variables:
PATH=/home/grishberg/projects/ts/opencode/bot/venv/bin:/home/grishberg/android-sdk/platform-tools:/home/grishberg/.local/bin:/usr/local/sbin:/usr/local/bin:/usr/sbin:/usr/bin:/sbin:/bin:/usr/games:/usr/local/games:/snap/bin:/snap/bin
USERNAME=grishberg
SHELL=/bin/bash
DISPLAY=:0
LANG=en_US.UTF-8

Active Locale:
LC_ALL=en_US.UTF-8
LC_COLLATE=en_US.UTF-8
LC_CTYPE=en_US.UTF-8
LC_MESSAGES=en_US.UTF-8
LC_MONETARY=en_US.UTF-8
LC_NUMERIC=en_US.UTF-8
LC_TIME=en_US.UTF-8

Signal Handlers:
   SIGSEGV: crash_handler in libjvm.so, mask=11100100010111111101111111111110, flags=SA_RESTART|SA_SIGINFO, unblocked
    SIGBUS: crash_handler in libjvm.so, mask=11100100010111111101111111111110, flags=SA_RESTART|SA_SIGINFO, unblocked
    SIGFPE: crash_handler in libjvm.so, mask=11100100010111111101111111111110, flags=SA_RESTART|SA_SIGINFO, unblocked
   SIGPIPE: javaSignalHandler in libjvm.so, mask=11100100010111111101111111111110, flags=SA_RESTART|SA_SIGINFO, blocked
   SIGXFSZ: javaSignalHandler in libjvm.so, mask=11100100010111111101111111111110, flags=SA_RESTART|SA_SIGINFO, blocked
    SIGILL: crash_handler in libjvm.so, mask=11100100010111111101111111111110, flags=SA_RESTART|SA_SIGINFO, unblocked
   SIGUSR2: SR_handler in libjvm.so, mask=00000000000000000000000000000000, flags=SA_RESTART|SA_SIGINFO, blocked
    SIGHUP: UserHandler in libjvm.so, mask=11100100010111111101111111111110, flags=SA_RESTART|SA_SIGINFO, blocked
    SIGINT: UserHandler in libjvm.so, mask=11100100010111111101111111111110, flags=SA_RESTART|SA_SIGINFO, blocked
   SIGTERM: UserHandler in libjvm.so, mask=11100100010111111101111111111110, flags=SA_RESTART|SA_SIGINFO, blocked
   SIGQUIT: UserHandler in libjvm.so, mask=11100100010111111101111111111110, flags=SA_RESTART|SA_SIGINFO, blocked
   SIGTRAP: crash_handler in libjvm.so, mask=11100100010111111101111111111110, flags=SA_RESTART|SA_SIGINFO, unblocked


Periodic native trim disabled


---------------  S Y S T E M  ---------------

OS:
DISTRIB_ID=Ubuntu
DISTRIB_RELEASE=24.04
DISTRIB_CODENAME=noble
DISTRIB_DESCRIPTION="Ubuntu 24.04.4 LTS"
uname: Linux 6.17.0-35-generic #35~24.04.1-Ubuntu SMP PREEMPT_DYNAMIC Tue May 26 19:30:42 UTC 2 x86_64
OS uptime: 0 days 6:32 hours
libc: glibc 2.39 NPTL 2.39 
rlimit (soft/hard): STACK 8192k/infinity , CORE 0k/infinity , NPROC 496841/496841 , NOFILE 1048576/1048576 , AS infinity/infinity , CPU infinity/infinity , DATA infinity/infinity , FSIZE infinity/infinity , MEMLOCK 15919580k/15919580k
load average: 1.99 1.36 0.94

/proc/meminfo:
MemTotal:       127356652 kB
MemFree:        40680116 kB
MemAvailable:   80195212 kB
Buffers:          171416 kB
Cached:         43240140 kB
SwapCached:            0 kB
Active:         46072924 kB
Inactive:       38245044 kB
Active(anon):   43943328 kB
Inactive(anon):        0 kB
Active(file):    2129596 kB
Inactive(file): 38245044 kB
Unevictable:           0 kB
Mlocked:               0 kB
SwapTotal:       8388604 kB
SwapFree:        8388604 kB
Zswap:                 0 kB
Zswapped:              0 kB
Dirty:             48848 kB
Writeback:             0 kB
AnonPages:      40907064 kB
Mapped:          4230884 kB
Shmem:           3036928 kB
KReclaimable:     321320 kB
Slab:             590828 kB
SReclaimable:     321320 kB
SUnreclaim:       269508 kB
KernelStack:       23248 kB
PageTables:       118788 kB
SecPageTables:      2180 kB
NFS_Unstable:          0 kB
Bounce:                0 kB
WritebackTmp:          0 kB
CommitLimit:    72066928 kB
Committed_AS:   60052792 kB
VmallocTotal:   34359738367 kB
VmallocUsed:      165564 kB
VmallocChunk:          0 kB
Percpu:            15232 kB
HardwareCorrupted:     0 kB
AnonHugePages:         0 kB
ShmemHugePages:        0 kB
ShmemPmdMapped:        0 kB
FileHugePages:    329728 kB
FilePmdMapped:      2048 kB
CmaTotal:              0 kB
CmaFree:               0 kB
Unaccepted:            0 kB
Balloon:               0 kB
HugePages_Total:       0
HugePages_Free:        0
HugePages_Rsvd:        0
HugePages_Surp:        0
Hugepagesize:       2048 kB
Hugetlb:               0 kB
DirectMap4k:      508068 kB
DirectMap2M:    13033472 kB
DirectMap1G:    121634816 kB

/sys/kernel/mm/transparent_hugepage/enabled: always [madvise] never
/sys/kernel/mm/transparent_hugepage/hpage_pmd_size: 2097152
/sys/kernel/mm/transparent_hugepage/defrag (defrag/compaction efforts parameter): always defer defer+madvise [madvise] never

Process Memory:
Virtual Size: 36860740K (peak: 36860740K)
Resident Set Size: 192592K (peak: 193180K) (anon: 168652K, file: 23940K, shmem: 0K)
Swapped out: 0K
C-Heap outstanding allocations: 60949K, retained: 16890K
glibc malloc tunables: (default)

/proc/sys/kernel/threads-max (system-wide limit on the number of threads): 993683
/proc/sys/vm/max_map_count (maximum number of memory map areas a process may have): 1048576
/proc/sys/vm/swappiness (control to define how aggressively the kernel swaps out anonymous memory): 60
/proc/sys/kernel/pid_max (system-wide limit on number of process identifiers): 4194304

container (cgroup) information:
container_type: cgroupv2
cpu_cpuset_cpus: not supported
cpu_memory_nodes: not supported
active_processor_count: 16
cpu_quota: not supported
cpu_period: not supported
cpu_shares: not supported
memory_limit_in_bytes: unlimited
memory_and_swap_limit_in_bytes: unlimited
memory_soft_limit_in_bytes: 0
memory_usage_in_bytes: 79397988 k
memory_max_usage_in_bytes: not supported
rss_usage_in_bytes: 39617368 k
cache_usage_in_bytes: 39599336 k
memory_swap_current_in_bytes: 0
memory_swap_max_limit_in_bytes: unlimited
maximum number of tasks: 149052
current number of tasks: 595

Steal ticks since vm start: 0
Steal ticks percentage since vm start:  0.000

CPU: total 16 (initial active 16) (16 cores per cpu, 2 threads per core) family 25 model 33 stepping 2 microcode 0xa201213, cx8, cmov, fxsr, ht, mmx, 3dnowpref, sse, sse2, sse3, ssse3, sse4a, sse4.1, sse4.2, popcnt, lzcnt, tsc, tscinvbit, avx, avx2, aes, erms, clmul, bmi1, bmi2, adx, sha, fma, vzeroupper, clflush, clflushopt
CPU Model and flags from /proc/cpuinfo:
model name	: AMD Ryzen 7 5800X3D 8-Core Processor
flags		: fpu vme de pse tsc msr pae mce cx8 apic sep mtrr pge mca cmov pat pse36 clflush mmx fxsr sse sse2 ht syscall nx mmxext fxsr_opt pdpe1gb rdtscp lm constant_tsc rep_good nopl xtopology nonstop_tsc cpuid extd_apicid aperfmperf rapl pni pclmulqdq monitor ssse3 fma cx16 sse4_1 sse4_2 x2apic movbe popcnt aes xsave avx f16c rdrand lahf_lm cmp_legacy svm extapic cr8_legacy abm sse4a misalignsse 3dnowprefetch osvw ibs skinit wdt tce topoext perfctr_core perfctr_nb bpext perfctr_llc mwaitx cpb cat_l3 cdp_l3 hw_pstate ssbd mba ibrs ibpb stibp vmmcall fsgsbase bmi1 avx2 smep bmi2 erms invpcid cqm rdt_a rdseed adx smap clflushopt clwb sha_ni xsaveopt xsavec xgetbv1 xsaves cqm_llc cqm_occup_llc cqm_mbm_total cqm_mbm_local user_shstk clzero irperf xsaveerptr rdpru wbnoinvd arat npt lbrv svm_lock nrip_save tsc_scale vmcb_clean flushbyasid decodeassists pausefilter pfthreshold avic v_vmsave_vmload vgif v_spec_ctrl umip pku ospke vaes vpclmulqdq rdpid overflow_recov succor smca fsrm debug_swap

Online cpus: 0-15
Offline cpus: 
BIOS frequency limitation: <Not Available>
Frequency switch latency (ns): 0
Available cpu frequencies: <Not Available>
Current governor: powersave
Core performance/turbo boost: 1

Memory: 4k page, physical 127356652k(40680116k free), swap 8388604k(8388604k free)
Page Sizes: 4k

vm_info: OpenJDK 64-Bit Server VM (17.0.19+10) for linux-amd64 JRE (17.0.19+10), built on Apr 21 2026 00:00:00 by "admin" with gcc 10.3.0

END.
