#
# A fatal error has been detected by the Java Runtime Environment:
#
#  SIGSEGV (0xb) at pc=0x000073847089fff4, pid=63498, tid=63520
#
# JRE version: OpenJDK Runtime Environment Temurin-17.0.19+10 (17.0.19+10) (build 17.0.19+10)
# Java VM: OpenJDK 64-Bit Server VM Temurin-17.0.19+10 (17.0.19+10, mixed mode, sharing, tiered, compressed oops, compressed class ptrs, g1 gc, linux-amd64)
# Problematic frame:
# C  [libc.so.6+0x9fff4]  pthread_mutex_lock+0x4
#
# Core dump will be written. Default location: Core dumps may be processed with "/usr/share/apport/apport -p%p -s%s -c%c -d%d -P%P -u%u -g%g -F%F -- %E" (or dumping to /home/grishberg/projects/java/opengl_kbd_render/cad3d/core.63498)
#
# If you would like to submit a bug report, please visit:
#   https://github.com/adoptium/adoptium-support/issues
# The crash happened outside the Java Virtual Machine in native code.
# See problematic frame for where to report the bug.
#

---------------  S U M M A R Y ------------

Command Line: -Dfile.encoding=UTF-8 -Duser.country=US -Duser.language=en -Duser.variant com.github.grishberg.cad3d.cli.CliRunnerKt --model matrix_right

Host: AMD Ryzen 7 5800X3D 8-Core Processor, 16 cores, 121G, Ubuntu 24.04.4 LTS
Time: Wed Jul 15 13:10:20 2026 MSK elapsed time: 0.241529 seconds (0d 0h 0m 0s)

---------------  T H R E A D  ---------------

Current thread (0x000073837405b050):  JavaThread "DefaultDispatcher-worker-3" daemon [_thread_in_native, id=63520, stack(0x000073840972f000,0x000073840982f000)]

Stack: [0x000073840972f000,0x000073840982f000],  sp=0x000073840982c8b8,  free space=1014k
Native frames: (J=compiled Java code, j=interpreted, Vv=VM code, C=native code)
C  [libc.so.6+0x9fff4]  pthread_mutex_lock+0x4

Java frames: (J=compiled Java code, j=interpreted, Vv=VM code)
J 833  com.cadoodlecad.manifold.ManifoldBindings.jniUnion(JJJ)J (0 bytes) @ 0x0000738458dd77ef [0x0000738458dd77a0+0x000000000000004f]
j  com.cadoodlecad.manifold.ManifoldBindings.union(JJ)J+9
J 848 c1 eu.printingin3d.javascad.manifold.Manifold3dEngine.operateNative(JJI)J (82 bytes) @ 0x000073845137b81c [0x000073845137b620+0x00000000000001fc]
J 849 c1 eu.printingin3d.javascad.manifold.Manifold3dEngine.unionNative(JJ)J (8 bytes) @ 0x000073845137bebc [0x000073845137be40+0x000000000000007c]
j  eu.printingin3d.javascad.tranzitions.Union.toInnerNativeMesh(Leu/printingin3d/javascad/vrl/FacetGenerationContext;)J+61
J 828 c1 eu.printingin3d.javascad.models.Abstract3dModel.toNativeMesh(Leu/printingin3d/javascad/vrl/FacetGenerationContext;)J (128 bytes) @ 0x0000738451376a44 [0x00007384513763c0+0x0000000000000684]
j  eu.printingin3d.javascad.tranzitions.Difference.toInnerNativeMesh(Leu/printingin3d/javascad/vrl/FacetGenerationContext;)J+5
J 828 c1 eu.printingin3d.javascad.models.Abstract3dModel.toNativeMesh(Leu/printingin3d/javascad/vrl/FacetGenerationContext;)J (128 bytes) @ 0x0000738451376a44 [0x00007384513763c0+0x0000000000000684]
j  com.github.grishberg.cad3d.util.VertexHolderUtilsKt.fromModelNative(Leu/printingin3d/javascad/models/Abstract3dModel;I)Lcom/github/grishberg/cad3d/plugin/VertexHolder;+28
j  com.github.grishberg.cad3d.util.VertexHolderUtilsKt.fromModel(Leu/printingin3d/javascad/models/Abstract3dModel;I)Lcom/github/grishberg/cad3d/plugin/VertexHolder;+8
j  com.github.grishberg.cad3d.keyboard.ModelHolder$Companion.createVertexHolders(Lcom/github/grishberg/cad3d/keyboard/cfg/KeyboardConfig;Leu/printingin3d/javascad/models/Abstract3dModel;Ljava/util/List;)Ljava/util/List;+101
j  com.github.grishberg.cad3d.keyboard.ModelHolder.<init>(Lcom/github/grishberg/cad3d/keyboard/cfg/KeyboardConfig;Leu/printingin3d/javascad/models/Abstract3dModel;[Leu/printingin3d/javascad/models/Abstract3dModel;)V+29
j  com.github.grishberg.cad3d.KeyboardBuilder.createCaseModel(Lcom/github/grishberg/cad3d/keyboard/cfg/KeyboardConfig;Lcom/github/grishberg/cad3d/keyboard/KeyPlace;Lcom/github/grishberg/cad3d/keyboard/ThumbKeyPlace;Lcom/github/grishberg/cad3d/keyboard/screws/ScrewWallPlaces;Lcom/github/grishberg/cad3d/keyboard/casebody/Walls;Lcom/github/grishberg/cad3d/keyboard/casebody/controllers/ControllerPlace;Lcom/github/grishberg/cad3d/keyboard/casebody/controllers/SwitcherPlace;Lcom/github/grishberg/cad3d/keyboard/casebody/controllers/ControllerFactory;Lcom/github/grishberg/cad3d/keyboard/casebody/controllers/switcher/SwitcherFactory;Lcom/github/grishberg/cad3d/keyboard/casebody/controllers/Controller;Lcom/github/grishberg/cad3d/trackball/Trackball;Lcom/github/grishberg/cad3d/keyboard/casebody/thumb/ThumbBorders;Lcom/github/grishberg/cad3d/keyboard/casebody/thumb/ThumbWalls;)Lcom/github/grishberg/cad3d/keyboard/ModelHolder;+665
j  com.github.grishberg.cad3d.KeyboardBuilder.createCase(Lcom/github/grishberg/cad3d/keyboard/cfg/KeyboardConfig;Lcom/github/grishberg/cad3d/keyboard/KeyPlace;Lcom/github/grishberg/cad3d/keyboard/ThumbKeyPlace;Lcom/github/grishberg/cad3d/keyboard/screws/ScrewWallPlaces;Lcom/github/grishberg/cad3d/keyboard/casebody/Walls;Lcom/github/grishberg/cad3d/keyboard/casebody/controllers/ControllerPlace;Lcom/github/grishberg/cad3d/keyboard/casebody/controllers/SwitcherPlace;Lcom/github/grishberg/cad3d/keyboard/casebody/controllers/ControllerFactory;Lcom/github/grishberg/cad3d/keyboard/casebody/controllers/switcher/SwitcherFactory;Lcom/github/grishberg/cad3d/keyboard/casebody/controllers/Controller;Lcom/github/grishberg/cad3d/trackball/Trackball;Lcom/github/grishberg/cad3d/keyboard/casebody/thumb/ThumbBorders;Lcom/github/grishberg/cad3d/keyboard/casebody/thumb/ThumbWalls;)Ljava/util/List;+44
j  com.github.grishberg.cad3d.KeyboardBuilder.access$createCase(Lcom/github/grishberg/cad3d/KeyboardBuilder;Lcom/github/grishberg/cad3d/keyboard/cfg/KeyboardConfig;Lcom/github/grishberg/cad3d/keyboard/KeyPlace;Lcom/github/grishberg/cad3d/keyboard/ThumbKeyPlace;Lcom/github/grishberg/cad3d/keyboard/screws/ScrewWallPlaces;Lcom/github/grishberg/cad3d/keyboard/casebody/Walls;Lcom/github/grishberg/cad3d/keyboard/casebody/controllers/ControllerPlace;Lcom/github/grishberg/cad3d/keyboard/casebody/controllers/SwitcherPlace;Lcom/github/grishberg/cad3d/keyboard/casebody/controllers/ControllerFactory;Lcom/github/grishberg/cad3d/keyboard/casebody/controllers/switcher/SwitcherFactory;Lcom/github/grishberg/cad3d/keyboard/casebody/controllers/Controller;Lcom/github/grishberg/cad3d/trackball/Trackball;Lcom/github/grishberg/cad3d/keyboard/casebody/thumb/ThumbBorders;Lcom/github/grishberg/cad3d/keyboard/casebody/thumb/ThumbWalls;)Ljava/util/List;+24
j  com.github.grishberg.cad3d.KeyboardBuilder$exportStl$1$2.invokeSuspend(Ljava/lang/Object;)Ljava/lang/Object;+104
j  kotlin.coroutines.jvm.internal.BaseContinuationImpl.resumeWith(Ljava/lang/Object;)V+44
j  kotlinx.coroutines.DispatchedTask.run()V+317
j  kotlinx.coroutines.scheduling.CoroutineScheduler.runSafely(Lkotlinx/coroutines/scheduling/Task;)V+2
j  kotlinx.coroutines.scheduling.CoroutineScheduler$Worker.executeTask(Lkotlinx/coroutines/scheduling/Task;)V+30
j  kotlinx.coroutines.scheduling.CoroutineScheduler$Worker.runWorker()V+44
j  kotlinx.coroutines.scheduling.CoroutineScheduler$Worker.run()V+1
v  ~StubRoutines::call_stub

siginfo: si_signo: 11 (SIGSEGV), si_code: 2 (SEGV_ACCERR), si_addr: 0x0000738454398409

Registers:
RAX=0x0000738470f7f418, RBX=0x000073836c1399a0, RCX=0x0000000000000000, RDX=0x0000000000000000
RSP=0x000073840982c8b8, RBP=0x000073847089e820, RSI=0x000073836c1399a0, RDI=0x00007384543983f9
R8 =0x000073836c1399a0, R9 =0x0000000000000000, R10=0x0000738458dd77ef, R11=0x0000738458dd77c0
R12=0x000073840982c900, R13=0x00007384543983f9, R14=0x000073836c106f90, R15=0x000073840982c900
RIP=0x000073847089fff4, EFLAGS=0x0000000000010202, CSGSFS=0x002b000000000033, ERR=0x0000000000000004
  TRAPNO=0x000000000000000e

XMM[0]=0x0000000000000000 0x0000000000000000
XMM[1]=0x0000000000000000 0x0000000000000000
XMM[2]=0x0000000000000000 0x3f1a36e2eb1c432d
XMM[3]=0x0000000000000000 0x3ff0000000000000
XMM[4]=0x0000000000000000 0x0000000000000000
XMM[5]=0xc021334a2aee9cea 0x3ff0000000000000
XMM[6]=0x3ff0000000000000 0x40477c23087a6128
XMM[7]=0x0000000000000000 0x0000000000000000
XMM[8]=0x0000000000000000 0x0000000000000000
XMM[9]=0x0000000000000000 0x0000000000000000
XMM[10]=0x0000000000000000 0x3ff0000000000000
XMM[11]=0x0000000000000000 0x0000000000000000
XMM[12]=0x0000000000000000 0x0000000000000000
XMM[13]=0x0000000000000000 0x0000000000000000
XMM[14]=0x0000000000000000 0x8000000000000000
XMM[15]=0x0000000000000000 0x0000000000000000
  MXCSR=0x00001fa4


Register to memory mapping:

RAX=0x0000738470f7f418: _ZTVN8manifold9CsgOpNodeE+0x0000000000000010 in /home/grishberg/projects/java/opengl_kbd_render/cad3d/build/manifold-natives/manifold3d/natives/linux-x86_64/libmanifold.so.3 at 0x0000738470c00000
RBX=0x000073836c1399a0 points into unknown readable memory: 0x00007384543983f9 | f9 83 39 54 84 73 00 00
RCX=0x0 is NULL
RDX=0x0 is NULL
RSP=0x000073840982c8b8 is pointing into the stack for thread: 0x000073837405b050
RBP=0x000073847089e820: __pthread_key_create+0x0000000000000000 in /lib/x86_64-linux-gnu/libc.so.6 at 0x0000738470800000
RSI=0x000073836c1399a0 points into unknown readable memory: 0x00007384543983f9 | f9 83 39 54 84 73 00 00
RDI=0x00007384543983f9 is an unknown value
R8 =0x000073836c1399a0 points into unknown readable memory: 0x00007384543983f9 | f9 83 39 54 84 73 00 00
R9 =0x0 is NULL
R10=0x0000738458dd77ef is at entry_point+79 in (nmethod*)0x0000738458dd7610
Compiled method (n/a) 242  833     n 0       com.cadoodlecad.manifold.ManifoldBindings::jniUnion (native)
 total in heap  [0x0000738458dd7610,0x0000738458dd7990] = 896
 relocation     [0x0000738458dd7770,0x0000738458dd77a0] = 48
 main code      [0x0000738458dd77a0,0x0000738458dd7988] = 488
 oops           [0x0000738458dd7988,0x0000738458dd7990] = 8
0x0000738458dd77cf:   4c 8b c1 48 8b ca 48 8b d6 49 be 28 10 00 f5 00
0x0000738458dd77df:   00 00 00 4c 89 74 24 30 4c 8d 74 24 30 49 8b f6
0x0000738458dd77ef:   c5 f8 77 
R11=0x0000738458dd77c0 is at entry_point+32 in (nmethod*)0x0000738458dd7610
Compiled method (n/a) 242  833     n 0       com.cadoodlecad.manifold.ManifoldBindings::jniUnion (native)
 total in heap  [0x0000738458dd7610,0x0000738458dd7990] = 896
 relocation     [0x0000738458dd7770,0x0000738458dd77a0] = 48
 main code      [0x0000738458dd77a0,0x0000738458dd7988] = 488
 oops           [0x0000738458dd7988,0x0000738458dd7990] = 8
0x0000738458dd77c0:   89 84 24 00 c0 fe ff 55 48 8b ec 48 83 ec 40 4c
0x0000738458dd77d0:   8b c1 48 8b ca 48 8b d6 
R12=0x000073840982c900 is pointing into the stack for thread: 0x000073837405b050
R13=0x00007384543983f9 is an unknown value
R14=0x000073836c106f90 points into unknown readable memory: 0x0000738470f7f418 | 18 f4 f7 70 84 73 00 00
R15=0x000073840982c900 is pointing into the stack for thread: 0x000073837405b050


Top of Stack: (sp=0x000073840982c8b8)
0x000073840982c8b8:   0000738470deb40b 000073840982c900
0x000073840982c8c8:   0000738470d57300 0000000000000000
0x000073840982c8d8:   000073840982c990 000073836c1399a0
0x000073840982c8e8:   0000738470dee14d 000073836c106f90
0x000073840982c8f8:   000073836c106f80 0000000000000002
0x000073840982c908:   000073836c139990 000073840982c950
0x000073840982c918:   00007384708addce 000073836c17ea10
0x000073840982c928:   f49d815b06622800 0000000000000000
0x000073840982c938:   00007383a75d3818 000073836c1399a0
0x000073840982c948:   000073840982c990 000073836c1399a0
0x000073840982c958:   000073840982ca60 000073837405b050
0x000073840982c968:   0000738470dee384 000073840982c9c0
0x000073840982c978:   f49d815b06622800 000073840982c990
0x000073840982c988:   00007384710ae957 0000000000000000
0x000073840982c998:   000073836c139900 000073836c106f90
0x000073840982c9a8:   0000000000000001 000073837405b050
0x000073840982c9b8:   00007383ab001180 00000000f5001028
0x000073840982c9c8:   f49d815b06622800 000073840982ca20
0x000073840982c9d8:   0000000000000000 000073840982ca90
0x000073840982c9e8:   0000738470361fbf 0000000000000000
0x000073840982c9f8:   000073836c1399a0 000073836c13f480
0x000073840982ca08:   000073836c1399a0 000073840982ca60
0x000073840982ca18:   000073837405b300 000073840982ca70
0x000073840982ca28:   0000738458dd7868 000073840982cab0
0x000073840982ca38:   0000738470361d0a 000073840982ca90
0x000073840982ca48:   000073837405b300 000073840982caa0
0x000073840982ca58:   0000738458dd10d7 00000000f5001028
0x000073840982ca68:   000073840982ca68 000073840982cb08
0x000073840982ca78:   000073845866832f 00007383a75c3bb8
0x000073840982ca88:   000073845866832f 000073836c1399a0
0x000073840982ca98:   0000000000000000 000073836c13f480
0x000073840982caa8:   0000000000000000 000073836c1399a0 

Instructions: (pc=0x000073847089fff4)
0x000073847089fef4:   ff ff ff 83 f8 92 0f 84 68 ff ff ff 8d 50 26 83
0x000073847089ff04:   f8 da 72 14 48 b8 09 00 00 08 2c 00 00 00 48 0f
0x000073847089ff14:   a3 d0 0f 82 4c ff ff ff 48 8d 3d d5 10 13 00 e8
0x000073847089ff24:   18 0b ff ff 83 f8 f5 0f 84 a9 fd ff ff 83 f8 fc
0x000073847089ff34:   0f 84 a0 fd ff ff eb e0 0f 1f 40 00 be 80 00 00
0x000073847089ff44:   00 48 89 df e8 73 90 ff ff e9 16 ff ff ff 64 48
0x000073847089ff54:   c7 04 25 f0 02 00 00 00 00 00 00 b8 23 00 00 00
0x000073847089ff64:   e9 97 fa ff ff b8 0b 00 00 00 e9 8d fa ff ff 41
0x000073847089ff74:   8b 04 24 83 e0 7f 83 f8 12 74 d3 83 f8 11 0f 85
0x000073847089ff84:   2f fd ff ff e9 06 ff ff ff e8 2e 7f 09 00 48 8d
0x000073847089ff94:   0d e7 4d 13 00 ba bd 01 00 00 48 8d 35 c0 c4 12
0x000073847089ffa4:   00 48 8d 3d 74 11 13 00 e8 3f b3 f9 ff 48 8d 0d
0x000073847089ffb4:   c8 4d 13 00 ba c2 01 00 00 48 8d 35 a1 c4 12 00
0x000073847089ffc4:   48 8d 3d af c4 12 00 e8 20 b3 f9 ff 48 8d 0d a9
0x000073847089ffd4:   4d 13 00 ba 5f 02 00 00 48 8d 35 82 c4 12 00 48
0x000073847089ffe4:   8d 3d a6 c4 12 00 e8 01 b3 f9 ff 90 f3 0f 1e fa
0x000073847089fff4:   8b 47 10 89 c2 81 e2 7f 01 00 00 90 83 e0 7c 0f
0x00007384708a0004:   85 a7 00 00 00 55 48 89 e5 53 48 83 ec 18 85 d2
0x00007384708a0014:   0f 85 9e 00 00 00 44 8b 0d 0f 57 16 00 45 85 c9
0x00007384708a0024:   75 5a 8b 77 10 81 e6 80 00 00 00 75 09 80 3d 08
0x00007384708a0034:   b0 16 00 00 75 36 31 c0 ba 01 00 00 00 f0 0f b1
0x00007384708a0044:   17 0f 85 ad 00 00 00 8b 4f 08 85 c9 0f 85 54 01
0x00007384708a0054:   00 00 64 8b 04 25 d0 02 00 00 89 47 08 83 47 0c
0x00007384708a0064:   01 90 31 c0 48 8b 5d f8 c9 c3 66 90 44 8b 07 45
0x00007384708a0074:   85 c0 75 c2 c7 07 01 00 00 00 eb cb 8b 47 10 f6
0x00007384708a0084:   c4 03 74 08 f6 c4 01 74 99 eb 07 90 80 cc 01 89
0x00007384708a0094:   47 10 8b 57 10 48 8b 5d f8 48 8d 77 16 c9 81 e2
0x00007384708a00a4:   80 00 00 00 e9 a3 88 ff ff 0f 1f 00 e9 5b f8 ff
0x00007384708a00b4:   ff 0f 1f 00 81 fa 00 01 00 00 74 d6 8b 57 10 83
0x00007384708a00c4:   e2 7f 83 fa 01 0f 85 8e 00 00 00 64 8b 04 25 d0
0x00007384708a00d4:   02 00 00 39 47 08 75 2e 8b 47 04 83 f8 ff 0f 84
0x00007384708a00e4:   b8 00 00 00 83 c0 01 89 47 04 e9 73 ff ff ff 0f 


Stack slot to memory mapping:
stack at sp + 0 slots: 0x0000738470deb40b: _ZNK8manifold8Manifold9LoadPNodeEv+0x000000000000002b in /home/grishberg/projects/java/opengl_kbd_render/cad3d/build/manifold-natives/manifold3d/natives/linux-x86_64/libmanifold.so.3 at 0x0000738470c00000
stack at sp + 1 slots: 0x000073840982c900 is pointing into the stack for thread: 0x000073837405b050
stack at sp + 2 slots: 0x0000738470d57300: _ZN8manifold9CsgOpNode7BooleanERKSt10shared_ptrINS_7CsgNodeEENS_6OpTypeE+0x0000000000000000 in /home/grishberg/projects/java/opengl_kbd_render/cad3d/build/manifold-natives/manifold3d/natives/linux-x86_64/libmanifold.so.3 at 0x0000738470c00000
stack at sp + 3 slots: 0x0 is NULL
stack at sp + 4 slots: 0x000073840982c990 is pointing into the stack for thread: 0x000073837405b050
stack at sp + 5 slots: 0x000073836c1399a0 points into unknown readable memory: 0x00007384543983f9 | f9 83 39 54 84 73 00 00
stack at sp + 6 slots: 0x0000738470dee14d: _ZNK8manifold8Manifold7BooleanERKS0_NS_6OpTypeE+0x000000000000004d in /home/grishberg/projects/java/opengl_kbd_render/cad3d/build/manifold-natives/manifold3d/natives/linux-x86_64/libmanifold.so.3 at 0x0000738470c00000
stack at sp + 7 slots: 0x000073836c106f90 points into unknown readable memory: 0x0000738470f7f418 | 18 f4 f7 70 84 73 00 00


Compiled method (n/a) 244  833     n 0       com.cadoodlecad.manifold.ManifoldBindings::jniUnion (native)
 total in heap  [0x0000738458dd7610,0x0000738458dd7990] = 896
 relocation     [0x0000738458dd7770,0x0000738458dd77a0] = 48
 main code      [0x0000738458dd77a0,0x0000738458dd7988] = 488
 oops           [0x0000738458dd7988,0x0000738458dd7990] = 8

[Constant Pool (empty)]

[MachCode]
[Entry Point]
  # {method} {0x00007383a75d3818} 'jniUnion' '(JJJ)J' in 'com/cadoodlecad/manifold/ManifoldBindings'
  # parm0:    rsi:rsi   = long
  # parm1:    rdx:rdx   = long
  # parm2:    rcx:rcx   = long
  #           [sp+0x50]  (sp of caller)
  0x0000738458dd77a0: 448b 5608 | 49bb 0000 | 00ab 8373 | 0000 4d03 | d349 3bc2 | 0f84 0600 

  0x0000738458dd77b8: ;   {runtime_call ic_miss_stub}
  0x0000738458dd77b8: 0000 e9c1 | 858d ff90 
[Verified Entry Point]
  0x0000738458dd77c0: 8984 2400 | c0fe ff55 | 488b ec48 | 83ec 404c | 8bc1 488b | ca48 8bd6 

  0x0000738458dd77d8: ;   {oop(a 'java/lang/Class'{0x00000000f5001028} = 'com/cadoodlecad/manifold/ManifoldBindings')}
  0x0000738458dd77d8: 49be 2810 | 00f5 0000 | 0000 4c89 | 7424 304c | 8d74 2430 | 498b f6c5 

  0x0000738458dd77f0: ;   {internal_word}
  0x0000738458dd77f0: f877 49ba | ef77 dd58 | 8473 0000 | 4d89 9798 | 0200 0049 | 89a7 9002 

  0x0000738458dd7808: ;   {external_word}
  0x0000738458dd7808: 0000 803d | 7459 5317 | 000f 843a | 0000 0056 | 5251 4150 

  0x0000738458dd781c: ;   {metadata({method} {0x00007383a75d3818} 'jniUnion' '(JJJ)J' in 'com/cadoodlecad/manifold/ManifoldBindings')}
  0x0000738458dd781c: 48be 1838 | 5da7 8373 | 0000 498b | fff7 c40f | 0000 000f | 8412 0000 | 0048 83ec 

  0x0000738458dd7838: ;   {runtime_call SharedRuntime::dtrace_method_entry(JavaThread*, Method*)}
  0x0000738458dd7838: 08e8 62b2 | f016 4883 | c408 e905 

  0x0000738458dd7844: ;   {runtime_call SharedRuntime::dtrace_method_entry(JavaThread*, Method*)}
  0x0000738458dd7844: 0000 00e8 | 54b2 f016 | 4158 595a | 5e49 8dbf | b002 0000 | 41c7 8738 | 0300 0004 

  0x0000738458dd7860: ;   {runtime_call Java_com_cadoodlecad_manifold_ManifoldBindings_jniUnion}
  0x0000738458dd7860: 0000 00e8 | 20a7 5817 | c5f8 7741 | c787 3803 | 0000 0500 | 0000 f083 | 4424 c000 | 493b af40 
  0x0000738458dd7880: 0300 000f | 8711 0000 | 0041 81bf | 2803 0000 | 0000 0000 | 0f84 2400 | 0000 c5f8 | 7748 8945 
  0x0000738458dd78a0: f849 8bff | 4c8b e448 | 83ec 0048 

  0x0000738458dd78ac: ;   {runtime_call JavaThread::check_special_condition_for_native_trans(JavaThread*)}
  0x0000738458dd78ac: 83e4 f0e8 | 1c77 0917 | 498b e44d | 33e4 488b | 45f8 41c7 | 8738 0300 | 0008 0000 | 0041 81bf 
  0x0000738458dd78cc: a803 0000 | 0200 0000 | 0f84 8400 

  0x0000738458dd78d8: ;   {external_word}
  0x0000738458dd78d8: 0000 803d | a458 5317 | 000f 8438 | 0000 0048 

  0x0000738458dd78e8: ;   {metadata({method} {0x00007383a75d3818} 'jniUnion' '(JJJ)J' in 'com/cadoodlecad/manifold/ManifoldBindings')}
  0x0000738458dd78e8: 8945 f848 | be18 385d | a783 7300 | 0049 8bff | f7c4 0f00 | 0000 0f84 | 1200 0000 | 4883 ec08 
  0x0000738458dd7908: ;   {runtime_call SharedRuntime::dtrace_method_exit(JavaThread*, Method*)}
  0x0000738458dd7908: e843 b2f0 | 1648 83c4 | 08e9 0500 

  0x0000738458dd7914: ;   {runtime_call SharedRuntime::dtrace_method_exit(JavaThread*, Method*)}
  0x0000738458dd7914: 0000 e835 | b2f0 1648 | 8b45 f849 | c787 9002 | 0000 0000 | 0000 49c7 | 8798 0200 | 0000 0000 
  0x0000738458dd7934: 00c5 f877 | 498b 8fd8 | 0000 00c7 | 8100 0100 | 0000 0000 | 00c9 4981 | 7f08 0000 | 0000 0f85 
  0x0000738458dd7954: 0100 0000 

  0x0000738458dd7958: ;   {runtime_call StubRoutines (1)}
  0x0000738458dd7958: c3e9 a282 | 88ff c5f8 | 7748 8945 | f84c 8be4 | 4883 ec00 | 4883 e4f0 

  0x0000738458dd7970: ;   {runtime_call SharedRuntime::reguard_yellow_pages()}
  0x0000738458dd7970: e84b c0f0 | 1649 8be4 | 4d33 e448 | 8b45 f8e9 | 56ff ffff | f4f4 f4f4 
[/MachCode]


Compiled method (c1) 249  848       3       eu.printingin3d.javascad.manifold.Manifold3dEngine::operateNative (82 bytes)
 total in heap  [0x000073845137b410,0x000073845137bc30] = 2080
 relocation     [0x000073845137b570,0x000073845137b620] = 176
 main code      [0x000073845137b620,0x000073845137b9e0] = 960
 stub code      [0x000073845137b9e0,0x000073845137ba70] = 144
 oops           [0x000073845137ba70,0x000073845137ba78] = 8
 metadata       [0x000073845137ba78,0x000073845137ba88] = 16
 scopes data    [0x000073845137ba88,0x000073845137bb18] = 144
 scopes pcs     [0x000073845137bb18,0x000073845137bc08] = 240
 dependencies   [0x000073845137bc08,0x000073845137bc10] = 8
 nul chk table  [0x000073845137bc10,0x000073845137bc30] = 32

[Constant Pool (empty)]

[MachCode]
[Entry Point]
  # {method} {0x00007383a75cadc0} 'operateNative' '(JJI)J' in 'eu/printingin3d/javascad/manifold/Manifold3dEngine'
  # this:     rsi:rsi   = 'eu/printingin3d/javascad/manifold/Manifold3dEngine'
  # parm0:    rdx:rdx   = long
  # parm1:    rcx:rcx   = long
  # parm2:    r8        = int
  #           [sp+0x70]  (sp of caller)
  0x000073845137b620: 448b 5608 | 49bb 0000 | 00ab 8373 | 0000 4d03 | d34c 3bd0 

  0x000073845137b634: ;   {runtime_call ic_miss_stub}
  0x000073845137b634: 0f85 4647 | 3307 660f | 1f44 0000 
[Verified Entry Point]
  0x000073845137b640: 8984 2400 | c0fe ff55 | 4883 ec60 

  0x000073845137b64c: ;   {metadata(method data for {method} {0x00007383a75cadc0} 'operateNative' '(JJI)J' in 'eu/printingin3d/javascad/manifold/Manifold3dEngine')}
  0x000073845137b64c: 48bf 000e | 6ca7 8373 | 0000 8b9f | f400 0000 | 83c3 0289 | 9ff4 0000 | 0081 e3fe | 0700 0083 
  0x000073845137b66c: fb00 0f84 | 9202 0000 | 4489 4424 | 3048 894c | 2440 4889 | 5424 3848 

  0x000073845137b684: ;   {metadata(method data for {method} {0x00007383a75cadc0} 'operateNative' '(JJI)J' in 'eu/printingin3d/javascad/manifold/Manifold3dEngine')}
  0x000073845137b684: 8bfe 48bb | 000e 6ca7 | 8373 0000 | 4883 8338 | 0100 0001 | 0f1f 8000 

  0x000073845137b69c: ;   {optimized virtual_call}
  0x000073845137b69c: 0000 00e8 

  0x000073845137b6a0: ; ImmutableOopMap {}
                      ;*invokespecial getBindings {reexecute=0 rethrow=0 return_oop=0}
                      ; - eu.printingin3d.javascad.manifold.Manifold3dEngine::operateNative@1 (line 217)
  0x000073845137b6a0: 9c7e feff 

  0x000073845137b6a4: ;   {metadata(method data for {method} {0x00007383a75cadc0} 'operateNative' '(JJI)J' in 'eu/printingin3d/javascad/manifold/Manifold3dEngine')}
  0x000073845137b6a4: 48ba 000e | 6ca7 8373 | 0000 48c7 | c150 0100 | 0044 8b44 | 2430 4183 | f800 488b | f148 c7c1 
  0x000073845137b6c4: 6001 0000 | 480f 45ce | 4183 f801 | 488b f148 | c7c1 7001 | 0000 480f | 45ce 4183 | f802 488b 
  0x000073845137b6e4: f148 c7c1 | 8001 0000 | 480f 45ce | 488b 340a | 49c7 c201 | 0000 0049 | 03f2 4889 | 340a 4183 
  0x000073845137b704: f800 0f84 | d300 0000 | 4183 f801 | 0f84 6900 | 0000 4183 | f802 0f85 | 1f01 0000 

  0x000073845137b720: ; implicit exception: dispatches to 0x000073845137b927
  0x000073845137b720: 483b 0048 

  0x000073845137b724: ;   {metadata(method data for {method} {0x00007383a75cadc0} 'operateNative' '(JJI)J' in 'eu/printingin3d/javascad/manifold/Manifold3dEngine')}
  0x000073845137b724: 8bd0 48b9 | 000e 6ca7 | 8373 0000 

  0x000073845137b730: ;   {metadata('com/cadoodlecad/manifold/ManifoldBindings')}
  0x000073845137b730: 49ba b866 | 03ac 8373 | 0000 4c89 | 9148 0200 | 0048 8381 | 5002 0000 | 0148 8b54 | 2438 488b 
  0x000073845137b750: 4c24 4048 

  0x000073845137b754: ;   {optimized virtual_call}
  0x000073845137b754: 8bf0 90e8 

  0x000073845137b758: ; ImmutableOopMap {}
                      ;*invokevirtual intersection {reexecute=0 rethrow=0 return_oop=0}
                      ; - eu.printingin3d.javascad.manifold.Manifold3dEngine::operateNative@60 (line 221)
  0x000073845137b758: 2449 3307 

  0x000073845137b75c: ;   {metadata(method data for {method} {0x00007383a75cadc0} 'operateNative' '(JJI)J' in 'eu/printingin3d/javascad/manifold/Manifold3dEngine')}
  0x000073845137b75c: 48ba 000e | 6ca7 8373 | 0000 ff82 | 7002 0000 | 4883 c460 

  0x000073845137b770: ;   {poll_return}
  0x000073845137b770: 5d49 3ba7 | 4003 0000 | 0f87 ae01 | 0000 c348 | 3b00 488b 

  0x000073845137b784: ;   {metadata(method data for {method} {0x00007383a75cadc0} 'operateNative' '(JJI)J' in 'eu/printingin3d/javascad/manifold/Manifold3dEngine')}
  0x000073845137b784: d048 b900 | 0e6c a783 

  0x000073845137b78c: ;   {metadata('com/cadoodlecad/manifold/ManifoldBindings')}
  0x000073845137b78c: 7300 0049 | bab8 6603 | ac83 7300 | 004c 8991 | f801 0000 | 4883 8100 | 0200 0001 | 488b 5424 
  0x000073845137b7ac: 3848 8b4c | 2440 488b 

  0x000073845137b7b4: ;   {optimized virtual_call}
  0x000073845137b7b4: f066 90e8 

  0x000073845137b7b8: ; ImmutableOopMap {}
                      ;*invokevirtual difference {reexecute=0 rethrow=0 return_oop=0}
                      ; - eu.printingin3d.javascad.manifold.Manifold3dEngine::operateNative@50 (line 220)
  0x000073845137b7b8: 4902 0000 

  0x000073845137b7bc: ;   {metadata(method data for {method} {0x00007383a75cadc0} 'operateNative' '(JJI)J' in 'eu/printingin3d/javascad/manifold/Manifold3dEngine')}
  0x000073845137b7bc: 48ba 000e | 6ca7 8373 | 0000 ff82 | 2002 0000 | 4883 c460 

  0x000073845137b7d0: ;   {poll_return}
  0x000073845137b7d0: 5d49 3ba7 | 4003 0000 | 0f87 6901 | 0000 c348 | 8b4c 2440 | 488b 5424 | 3848 3b00 

  0x000073845137b7ec: ;   {metadata(method data for {method} {0x00007383a75cadc0} 'operateNative' '(JJI)J' in 'eu/printingin3d/javascad/manifold/Manifold3dEngine')}
  0x000073845137b7ec: 488b f048 | bf00 0e6c | a783 7300 

  0x000073845137b7f8: ;   {metadata('com/cadoodlecad/manifold/ManifoldBindings')}
  0x000073845137b7f8: 0049 bab8 | 6603 ac83 | 7300 004c | 8997 a801 | 0000 4883 | 87b0 0100 | 0001 488b 

  0x000073845137b814: ;   {optimized virtual_call}
  0x000073845137b814: f066 90e8 

  0x000073845137b818: ; ImmutableOopMap {}
                      ;*invokevirtual union {reexecute=0 rethrow=0 return_oop=0}
                      ; - eu.printingin3d.javascad.manifold.Manifold3dEngine::operateNative@40 (line 219)
  0x000073845137b818: c409 0100 

  0x000073845137b81c: ;   {metadata(method data for {method} {0x00007383a75cadc0} 'operateNative' '(JJI)J' in 'eu/printingin3d/javascad/manifold/Manifold3dEngine')}
  0x000073845137b81c: 48ba 000e | 6ca7 8373 | 0000 ff82 | d001 0000 | 4883 c460 

  0x000073845137b830: ;   {poll_return}
  0x000073845137b830: 5d49 3ba7 | 4003 0000 | 0f87 2401 | 0000 c390 

  0x000073845137b840: ;   {no_reloc}
  0x000073845137b840: e942 0100 | 0000 0000 | 0000 498b | 8708 0100 | 0048 8d78 | 2849 3bbf | 1801 0000 | 0f87 2f01 
  0x000073845137b860: 0000 4989 | bf08 0100 | 0048 c700 | 0100 0000 | 488b ca49 | ba00 0000 | ab83 7300 | 0049 2bca 
  0x000073845137b880: 8948 0848 | 33c9 8948 | 0c48 33c9 | 4889 4810 | 4889 4818 | 4889 4820 

  0x000073845137b898: ;   {no_reloc}
  0x000073845137b898: e910 0100 | 0090 9090 | 9090 498b | f048 8944 | 2448 0f1f 

  0x000073845137b8ac: ;   {static_call}
  0x000073845137b8ac: 4400 00e8 

  0x000073845137b8b0: ; ImmutableOopMap {[72]=Oop }
                      ;*invokedynamic {reexecute=0 rethrow=0 return_oop=0}
                      ; - eu.printingin3d.javascad.manifold.Manifold3dEngine::operateNative@72 (line 222)
  0x000073845137b8b0: cc4d 3307 

  0x000073845137b8b4: ;   {metadata(method data for {method} {0x00007383a75cadc0} 'operateNative' '(JJI)J' in 'eu/printingin3d/javascad/manifold/Manifold3dEngine')}
  0x000073845137b8b4: 48ba 000e | 6ca7 8373 | 0000 488d | 9298 0200 | 0048 85c0 | 750e 48f7 | 0201 0000 | 0075 05f0 
  0x000073845137b8d4: 4883 0a01 | 488b 5424 

  0x000073845137b8dc: ;   {metadata(method data for {method} {0x00007383a75cadc0} 'operateNative' '(JJI)J' in 'eu/printingin3d/javascad/manifold/Manifold3dEngine')}
  0x000073845137b8dc: 4848 be00 | 0e6c a783 | 7300 0048 | 8386 a802 | 0000 0148 | 8bd0 488b 

  0x000073845137b8f4: ;   {optimized virtual_call}
  0x000073845137b8f4: 7424 48e8 

  0x000073845137b8f8: ; ImmutableOopMap {[72]=Oop }
                      ;*invokespecial <init> {reexecute=0 rethrow=0 return_oop=0}
                      ; - eu.printingin3d.javascad.manifold.Manifold3dEngine::operateNative@77 (line 222)
  0x000073845137b8f8: 8447 3307 | 488b 4424 | 48e9 d000 

  0x000073845137b904: ;   {metadata({method} {0x00007383a75cadc0} 'operateNative' '(JJI)J' in 'eu/printingin3d/javascad/manifold/Manifold3dEngine')}
  0x000073845137b904: 0000 49ba | c0ad 5ca7 | 8373 0000 | 4c89 5424 | 0848 c704 | 24ff ffff 

  0x000073845137b91c: ;   {runtime_call counter_overflow Runtime1 stub}
  0x000073845137b91c: ffe8 5ec2 

  0x000073845137b920: ; ImmutableOopMap {rsi=Oop }
                      ;*synchronization entry
                      ; - eu.printingin3d.javascad.manifold.Manifold3dEngine::operateNative@-1 (line 217)
  0x000073845137b920: 3d07 e94d 

  0x000073845137b924: ;   {runtime_call throw_null_pointer_exception Runtime1 stub}
  0x000073845137b924: fdff ffe8 

  0x000073845137b928: ; ImmutableOopMap {rax=Oop }
                      ;*invokevirtual intersection {reexecute=0 rethrow=0 return_oop=0}
                      ; - eu.printingin3d.javascad.manifold.Manifold3dEngine::operateNative@60 (line 221)
  0x000073845137b928: 7468 3d07 

  0x000073845137b92c: ;   {internal_word}
  0x000073845137b92c: 49ba 71b7 | 3751 8473 | 0000 4d89 | 9758 0300 

  0x000073845137b93c: ;   {runtime_call SafepointBlob}
  0x000073845137b93c: 00e9 bead 

  0x000073845137b940: ;   {runtime_call throw_null_pointer_exception Runtime1 stub}
  0x000073845137b940: 3307 e859 

  0x000073845137b944: ; ImmutableOopMap {rax=Oop }
                      ;*invokevirtual difference {reexecute=0 rethrow=0 return_oop=0}
                      ; - eu.printingin3d.javascad.manifold.Manifold3dEngine::operateNative@50 (line 220)
                      ;   {internal_word}
  0x000073845137b944: 683d 0749 | bad1 b737 | 5184 7300 | 004d 8997 | 5803 0000 

  0x000073845137b958: ;   {runtime_call SafepointBlob}
  0x000073845137b958: e9a3 ad33 

  0x000073845137b95c: ;   {runtime_call throw_null_pointer_exception Runtime1 stub}
  0x000073845137b95c: 07e8 3e68 

  0x000073845137b960: ; ImmutableOopMap {rax=Oop }
                      ;*invokevirtual union {reexecute=0 rethrow=0 return_oop=0}
                      ; - eu.printingin3d.javascad.manifold.Manifold3dEngine::operateNative@40 (line 219)
                      ;   {internal_word}
  0x000073845137b960: 3d07 49ba | 31b8 3751 | 8473 0000 | 4d89 9758 

  0x000073845137b970: ;   {runtime_call SafepointBlob}
  0x000073845137b970: 0300 00e9 | 88ad 3307 

  0x000073845137b978: ;   {metadata(NULL)}
  0x000073845137b978: 48ba 0000 | 0000 0000 | 0000 b800 

  0x000073845137b984: ;   {runtime_call load_klass_patching Runtime1 stub}
  0x000073845137b984: 0f05 0ae8 

  0x000073845137b988: ; ImmutableOopMap {}
                      ;*new {reexecute=1 rethrow=0 return_oop=0}
                      ; - (reexecute) eu.printingin3d.javascad.manifold.Manifold3dEngine::operateNative@66 (line 222)
  0x000073845137b988: 74b1 3d07 | e9af feff | ff48 8bd2 

  0x000073845137b994: ;   {runtime_call fast_new_instance Runtime1 stub}
  0x000073845137b994: e8e7 733d 

  0x000073845137b998: ; ImmutableOopMap {}
                      ;*new {reexecute=0 rethrow=0 return_oop=0}
                      ; - eu.printingin3d.javascad.manifold.Manifold3dEngine::operateNative@66 (line 222)
  0x000073845137b998: 07e9 fafe | ffff 48ba | 0000 0000 | 0000 0000 | b800 0f05 

  0x000073845137b9ac: ;   {runtime_call load_appendix_patching Runtime1 stub}
  0x000073845137b9ac: 0ae8 4eba 

  0x000073845137b9b0: ; ImmutableOopMap {rax=Oop }
                      ;*invokedynamic {reexecute=1 rethrow=0 return_oop=0}
                      ; - (reexecute) eu.printingin3d.javascad.manifold.Manifold3dEngine::operateNative@72 (line 222)
  0x000073845137b9b0: 3d07 e9e1 | feff ff90 | 9049 8b87 | d003 0000 | 49c7 87d0 | 0300 0000 | 0000 0049 | c787 d803 
  0x000073845137b9d0: 0000 0000 | 0000 4883 

  0x000073845137b9d8: ;   {runtime_call unwind_exception Runtime1 stub}
  0x000073845137b9d8: c460 5de9 | 207f 3407 
[Stub Code]
  0x000073845137b9e0: ;   {no_reloc}
  0x000073845137b9e0: 0f1f 4400 

  0x000073845137b9e4: ;   {static_stub}
  0x000073845137b9e4: 0048 bb00 | 0000 0000 

  0x000073845137b9ec: ;   {runtime_call}
  0x000073845137b9ec: 0000 00e9 | fbff ffff 

  0x000073845137b9f4: ;   {static_stub}
  0x000073845137b9f4: 9048 bb00 | 0000 0000 

  0x000073845137b9fc: ;   {runtime_call}
  0x000073845137b9fc: 0000 00e9 | fbff ffff 

  0x000073845137ba04: ;   {static_stub}
  0x000073845137ba04: 9048 bb30 | 785d a783 

  0x000073845137ba0c: ;   {runtime_call I2C/C2I adapters}
  0x000073845137ba0c: 7300 00e9 | cde5 3207 

  0x000073845137ba14: ;   {static_stub}
  0x000073845137ba14: 9048 bb60 | 775d a783 

  0x000073845137ba1c: ;   {runtime_call I2C/C2I adapters}
  0x000073845137ba1c: 7300 00e9 | bde5 3207 

  0x000073845137ba24: ;   {static_stub}
  0x000073845137ba24: 9048 bb00 | 0000 0000 

  0x000073845137ba2c: ;   {runtime_call}
  0x000073845137ba2c: 0000 00e9 | fbff ffff 

  0x000073845137ba34: ;   {static_stub}
  0x000073845137ba34: 9048 bb00 | 0000 0000 

  0x000073845137ba3c: ;   {runtime_call}
  0x000073845137ba3c: 0000 00e9 | fbff ffff 
[Exception Handler]
  0x000073845137ba44: ;   {runtime_call handle_exception_from_callee Runtime1 stub}
  0x000073845137ba44: e837 883d 

  0x000073845137ba48: ;   {external_word}
  0x000073845137ba48: 0748 bf52 | 57f9 6f84 | 7300 0048 

  0x000073845137ba54: ;   {runtime_call MacroAssembler::debug64(char*, long, long*)}
  0x000073845137ba54: 83e4 f0e8 | 14f1 781e 

  0x000073845137ba5c: ;   {section_word}
  0x000073845137ba5c: f449 ba5d | ba37 5184 | 7300 0041 

  0x000073845137ba68: ;   {runtime_call DeoptimizationBlob}
  0x000073845137ba68: 52e9 329f | 3307 f4f4 
[/MachCode]


Compiled method (c1) 255  849       3       eu.printingin3d.javascad.manifold.Manifold3dEngine::unionNative (8 bytes)
 total in heap  [0x000073845137bc90,0x000073845137c000] = 880
 relocation     [0x000073845137bdf0,0x000073845137be28] = 56
 main code      [0x000073845137be40,0x000073845137bf40] = 256
 stub code      [0x000073845137bf40,0x000073845137bf80] = 64
 oops           [0x000073845137bf80,0x000073845137bf88] = 8
 metadata       [0x000073845137bf88,0x000073845137bf90] = 8
 scopes data    [0x000073845137bf90,0x000073845137bfb8] = 40
 scopes pcs     [0x000073845137bfb8,0x000073845137bff8] = 64
 dependencies   [0x000073845137bff8,0x000073845137c000] = 8

[Constant Pool (empty)]

[MachCode]
[Entry Point]
  # {method} {0x00007383a75c9af0} 'unionNative' '(JJ)J' in 'eu/printingin3d/javascad/manifold/Manifold3dEngine'
  # this:     rsi:rsi   = 'eu/printingin3d/javascad/manifold/Manifold3dEngine'
  # parm0:    rdx:rdx   = long
  # parm1:    rcx:rcx   = long
  #           [sp+0x50]  (sp of caller)
  0x000073845137be40: 448b 5608 | 49bb 0000 | 00ab 8373 | 0000 4d03 | d34c 3bd0 

  0x000073845137be54: ;   {runtime_call ic_miss_stub}
  0x000073845137be54: 0f85 263f | 3307 660f | 1f44 0000 
[Verified Entry Point]
  0x000073845137be60: 8984 2400 | c0fe ff55 | 4883 ec40 

  0x000073845137be6c: ;   {metadata(method data for {method} {0x00007383a75c9af0} 'unionNative' '(JJ)J' in 'eu/printingin3d/javascad/manifold/Manifold3dEngine')}
  0x000073845137be6c: 49b8 4816 | 6ca7 8373 | 0000 418b | b8f4 0000 | 0083 c702 | 4189 b8f4 | 0000 0081 | e7fe 0700 
  0x000073845137be8c: 0083 ff00 | 0f84 3900 | 0000 4c8b 

  0x000073845137be98: ;   {metadata(method data for {method} {0x00007383a75c9af0} 'unionNative' '(JJ)J' in 'eu/printingin3d/javascad/manifold/Manifold3dEngine')}
  0x000073845137be98: c648 bf48 | 166c a783 | 7300 0048 | 8387 3801 | 0000 0141 | b800 0000 | 0066 0f1f 

  0x000073845137beb4: ;   {optimized virtual_call}
  0x000073845137beb4: 4400 00e8 

  0x000073845137beb8: ; ImmutableOopMap {}
                      ;*invokevirtual operateNative {reexecute=0 rethrow=0 return_oop=0}
                      ; - eu.printingin3d.javascad.manifold.Manifold3dEngine::unionNative@4 (line 35)
  0x000073845137beb8: 84f7 ffff | 4883 c440 

  0x000073845137bec0: ;   {poll_return}
  0x000073845137bec0: 5d49 3ba7 | 4003 0000 | 0f87 1f00 

  0x000073845137becc: ;   {metadata({method} {0x00007383a75c9af0} 'unionNative' '(JJ)J' in 'eu/printingin3d/javascad/manifold/Manifold3dEngine')}
  0x000073845137becc: 0000 c349 | baf0 9a5c | a783 7300 | 004c 8954 | 2408 48c7 | 0424 ffff 

  0x000073845137bee4: ;   {runtime_call counter_overflow Runtime1 stub}
  0x000073845137bee4: ffff e895 

  0x000073845137bee8: ; ImmutableOopMap {rsi=Oop }
                      ;*synchronization entry
                      ; - eu.printingin3d.javascad.manifold.Manifold3dEngine::unionNative@-1 (line 35)
  0x000073845137bee8: bc3d 07eb 

  0x000073845137beec: ;   {internal_word}
  0x000073845137beec: a949 bac1 | be37 5184 | 7300 004d | 8997 5803 

  0x000073845137befc: ;   {runtime_call SafepointBlob}
  0x000073845137befc: 0000 e9fd | a733 0790 | 9049 8b87 | d003 0000 | 49c7 87d0 | 0300 0000 | 0000 0049 | c787 d803 
  0x000073845137bf1c: 0000 0000 | 0000 4883 

  0x000073845137bf24: ;   {runtime_call unwind_exception Runtime1 stub}
  0x000073845137bf24: c440 5de9 | d479 3407 | f4f4 f4f4 | f4f4 f4f4 | f4f4 f4f4 | f4f4 f4f4 | f4f4 f4f4 
[Stub Code]
  0x000073845137bf40: ;   {no_reloc}
  0x000073845137bf40: 0f1f 4400 

  0x000073845137bf44: ;   {static_stub}
  0x000073845137bf44: 0048 bb00 | 0000 0000 

  0x000073845137bf4c: ;   {runtime_call}
  0x000073845137bf4c: 0000 00e9 | fbff ffff 
[Exception Handler]
  0x000073845137bf54: ;   {runtime_call handle_exception_from_callee Runtime1 stub}
  0x000073845137bf54: e827 833d 

  0x000073845137bf58: ;   {external_word}
  0x000073845137bf58: 0748 bf52 | 57f9 6f84 | 7300 0048 

  0x000073845137bf64: ;   {runtime_call MacroAssembler::debug64(char*, long, long*)}
  0x000073845137bf64: 83e4 f0e8 | 04ec 781e 

  0x000073845137bf6c: ;   {section_word}
  0x000073845137bf6c: f449 ba6d | bf37 5184 | 7300 0041 

  0x000073845137bf78: ;   {runtime_call DeoptimizationBlob}
  0x000073845137bf78: 52e9 229a | 3307 f4f4 
[/MachCode]


---------------  P R O C E S S  ---------------

Threads class SMR info:
_java_thread_list=0x000073838c1ac880, length=23, elements={
0x000073846802a990, 0x00007384681e9520, 0x00007384681ea930, 0x00007384681efef0,
0x00007384681f12d0, 0x00007384681f2710, 0x00007384681f4170, 0x00007384681f56d0,
0x00007384681f6b70, 0x00007384681fe8a0, 0x0000738468202090, 0x000073838810e8e0,
0x000073846842c160, 0x000073846842d240, 0x000073837405b050, 0x0000738374026210,
0x000073837404aee0, 0x0000738374049cd0, 0x000073838c212d00, 0x000073838c215310,
0x000073838c216470, 0x0000738358066dd0, 0x000073838c1abd10
}

Java Threads: ( => current thread )
  0x000073846802a990 JavaThread "main" [_thread_blocked, id=63499, stack(0x0000738470a17000,0x0000738470b17000)]
  0x00007384681e9520 JavaThread "Reference Handler" daemon [_thread_blocked, id=63506, stack(0x000073846caa2000,0x000073846cba2000)]
  0x00007384681ea930 JavaThread "Finalizer" daemon [_thread_blocked, id=63507, stack(0x000073846c9a2000,0x000073846caa2000)]
  0x00007384681efef0 JavaThread "Signal Dispatcher" daemon [_thread_blocked, id=63508, stack(0x000073846c300000,0x000073846c400000)]
  0x00007384681f12d0 JavaThread "Service Thread" daemon [_thread_blocked, id=63509, stack(0x000073846c200000,0x000073846c300000)]
  0x00007384681f2710 JavaThread "Monitor Deflation Thread" daemon [_thread_blocked, id=63510, stack(0x000073846c100000,0x000073846c200000)]
  0x00007384681f4170 JavaThread "C2 CompilerThread0" daemon [_thread_blocked, id=63511, stack(0x000073846c000000,0x000073846c100000)]
  0x00007384681f56d0 JavaThread "C1 CompilerThread0" daemon [_thread_blocked, id=63512, stack(0x0000738467f00000,0x0000738468000000)]
  0x00007384681f6b70 JavaThread "Sweeper thread" daemon [_thread_blocked, id=63513, stack(0x0000738409e30000,0x0000738409f30000)]
  0x00007384681fe8a0 JavaThread "Notification Thread" daemon [_thread_blocked, id=63514, stack(0x0000738409d30000,0x0000738409e30000)]
  0x0000738468202090 JavaThread "Common-Cleaner" daemon [_thread_blocked, id=63516, stack(0x0000738409b2f000,0x0000738409c2f000)]
  0x000073838810e8e0 JavaThread "C1 CompilerThread1" daemon [_thread_blocked, id=63517, stack(0x0000738409a2f000,0x0000738409b2f000)]
  0x000073846842c160 JavaThread "DefaultDispatcher-worker-1" daemon [_thread_blocked, id=63518, stack(0x000073840992f000,0x0000738409a2f000)]
  0x000073846842d240 JavaThread "DefaultDispatcher-worker-2" daemon [_thread_in_Java, id=63519, stack(0x000073840982f000,0x000073840992f000)]
=>0x000073837405b050 JavaThread "DefaultDispatcher-worker-3" daemon [_thread_in_native, id=63520, stack(0x000073840972f000,0x000073840982f000)]
  0x0000738374026210 JavaThread "DefaultDispatcher-worker-4" daemon [_thread_blocked, id=63521, stack(0x000073840962f000,0x000073840972f000)]
  0x000073837404aee0 JavaThread "DefaultDispatcher-worker-5" daemon [_thread_blocked, id=63522, stack(0x000073840952f000,0x000073840962f000)]
  0x0000738374049cd0 JavaThread "DefaultDispatcher-worker-6" daemon [_thread_blocked, id=63523, stack(0x000073840942f000,0x000073840952f000)]
  0x000073838c212d00 JavaThread "C2 CompilerThread1" daemon [_thread_blocked, id=63524, stack(0x000073840932f000,0x000073840942f000)]
  0x000073838c215310 JavaThread "C1 CompilerThread2" daemon [_thread_blocked, id=63525, stack(0x000073840922f000,0x000073840932f000)]
  0x000073838c216470 JavaThread "C1 CompilerThread3" daemon [_thread_blocked, id=63526, stack(0x000073840912f000,0x000073840922f000)]
  0x0000738358066dd0 JavaThread "Thread-6" daemon [_thread_in_native, id=63554, stack(0x00007383a51f5000,0x00007383a52f5000)]
  0x000073838c1abd10 JavaThread "C2 CompilerThread2" daemon [_thread_blocked, id=63555, stack(0x00007383a50f5000,0x00007383a51f5000)]

Other Threads:
  0x00007384681e5520 VMThread "VM Thread" [stack: 0x000073846cba3000,0x000073846cca3000] [id=63505]
  0x0000738468200210 WatcherThread [stack: 0x0000738409c30000,0x0000738409d30000] [id=63515]
  0x0000738468060490 GCTaskThread "GC Thread#0" [stack: 0x000073846df62000,0x000073846e062000] [id=63500]
  0x00007383f0006d20 GCTaskThread "GC Thread#1" [stack: 0x000073840902f000,0x000073840912f000] [id=63542]
  0x00007383f0007730 GCTaskThread "GC Thread#2" [stack: 0x00007384082fe000,0x00007384083fe000] [id=63543]
  0x00007383f0008180 GCTaskThread "GC Thread#3" [stack: 0x00007384081fd000,0x00007384082fd000] [id=63544]
  0x00007383f0008bd0 GCTaskThread "GC Thread#4" [stack: 0x0000738408044000,0x0000738408144000] [id=63545]
  0x00007383f0009620 GCTaskThread "GC Thread#5" [stack: 0x00007383f82f9000,0x00007383f83f9000] [id=63546]
  0x00007383f000a0a0 GCTaskThread "GC Thread#6" [stack: 0x00007383f81f8000,0x00007383f82f8000] [id=63547]
  0x00007383f000ab20 GCTaskThread "GC Thread#7" [stack: 0x00007383f80f7000,0x00007383f81f7000] [id=63548]
  0x00007383f000b5a0 GCTaskThread "GC Thread#8" [stack: 0x00007383a56fa000,0x00007383a57fa000] [id=63549]
  0x00007383f000c020 GCTaskThread "GC Thread#9" [stack: 0x00007383a55f9000,0x00007383a56f9000] [id=63550]
  0x00007383f000cac0 GCTaskThread "GC Thread#10" [stack: 0x00007383a54f8000,0x00007383a55f8000] [id=63551]
  0x00007383f000d970 GCTaskThread "GC Thread#11" [stack: 0x00007383a53f7000,0x00007383a54f7000] [id=63552]
  0x00007383f000e820 GCTaskThread "GC Thread#12" [stack: 0x00007383a52f6000,0x00007383a53f6000] [id=63553]
  0x0000738468070ab0 ConcurrentGCThread "G1 Main Marker" [stack: 0x000073846de61000,0x000073846df61000] [id=63501]
  0x0000738468071a50 ConcurrentGCThread "G1 Conc#0" [stack: 0x000073846dd60000,0x000073846de60000] [id=63502]
  0x00007384681b2610 ConcurrentGCThread "G1 Refine#0" [stack: 0x000073846cf52000,0x000073846d052000] [id=63503]
  0x00007384681b3540 ConcurrentGCThread "G1 Service" [stack: 0x000073846ce51000,0x000073846cf51000] [id=63504]

Threads with active compile tasks:

VM state: not at safepoint (normal execution)

VM Mutex/Monitor currently owned by a thread: None

Heap address: 0x0000000082000000, size: 30688 MB, Compressed Oops mode: Zero based, Oop shift amount: 3

CDS archive(s) mapped at: [0x00007383ab000000-0x00007383abbca000-0x00007383abbca000), size 12361728, SharedBaseAddress: 0x00007383ab000000, ArchiveRelocationMode: 1.
Compressed class space mapped at: 0x00007383ac000000-0x00007383ec000000, reserved size: 1073741824
Narrow klass base: 0x00007383ab000000, Narrow klass shift: 0, Narrow klass range: 0x100000000

GC Precious Log:
 CPUs: 16 total, 16 available
 Memory: 121G
 Large Page Support: Disabled
 NUMA Support: Disabled
 Compressed Oops: Enabled (Zero based)
 Heap Region Size: 16M
 Heap Min Capacity: 16M
 Heap Initial Capacity: 1952M
 Heap Max Capacity: 30688M
 Pre-touch: Disabled
 Parallel Workers: 13
 Concurrent Workers: 3
 Concurrent Refinement Workers: 13
 Periodic GC: Disabled

Heap:
 garbage-first heap   total 2031616K, used 50693K [0x0000000082000000, 0x0000000800000000)
  region size 16384K, 4 young (65536K), 1 survivors (16384K)
 Metaspace       used 4868K, committed 5056K, reserved 1114112K
  class space    used 405K, committed 512K, reserved 1048576K

Heap Regions: E=young(eden), S=young(survivor), O=old, HS=humongous(starts), HC=humongous(continues), CS=collection set, F=free, OA=open archive, CA=closed archive, TAMS=top-at-mark-start (previous, next)
|   0|0x0000000082000000, 0x0000000082000000, 0x0000000083000000|  0%| F|  |TAMS 0x0000000082000000, 0x0000000082000000| Untracked 
|   1|0x0000000083000000, 0x0000000083000000, 0x0000000084000000|  0%| F|  |TAMS 0x0000000083000000, 0x0000000083000000| Untracked 
|   2|0x0000000084000000, 0x0000000084000000, 0x0000000085000000|  0%| F|  |TAMS 0x0000000084000000, 0x0000000084000000| Untracked 
|   3|0x0000000085000000, 0x0000000085000000, 0x0000000086000000|  0%| F|  |TAMS 0x0000000085000000, 0x0000000085000000| Untracked 
|   4|0x0000000086000000, 0x0000000086000000, 0x0000000087000000|  0%| F|  |TAMS 0x0000000086000000, 0x0000000086000000| Untracked 
|   5|0x0000000087000000, 0x0000000087000000, 0x0000000088000000|  0%| F|  |TAMS 0x0000000087000000, 0x0000000087000000| Untracked 
|   6|0x0000000088000000, 0x0000000088000000, 0x0000000089000000|  0%| F|  |TAMS 0x0000000088000000, 0x0000000088000000| Untracked 
|   7|0x0000000089000000, 0x0000000089000000, 0x000000008a000000|  0%| F|  |TAMS 0x0000000089000000, 0x0000000089000000| Untracked 
|   8|0x000000008a000000, 0x000000008a000000, 0x000000008b000000|  0%| F|  |TAMS 0x000000008a000000, 0x000000008a000000| Untracked 
|   9|0x000000008b000000, 0x000000008b000000, 0x000000008c000000|  0%| F|  |TAMS 0x000000008b000000, 0x000000008b000000| Untracked 
|  10|0x000000008c000000, 0x000000008c000000, 0x000000008d000000|  0%| F|  |TAMS 0x000000008c000000, 0x000000008c000000| Untracked 
|  11|0x000000008d000000, 0x000000008d000000, 0x000000008e000000|  0%| F|  |TAMS 0x000000008d000000, 0x000000008d000000| Untracked 
|  12|0x000000008e000000, 0x000000008e000000, 0x000000008f000000|  0%| F|  |TAMS 0x000000008e000000, 0x000000008e000000| Untracked 
|  13|0x000000008f000000, 0x000000008f000000, 0x0000000090000000|  0%| F|  |TAMS 0x000000008f000000, 0x000000008f000000| Untracked 
|  14|0x0000000090000000, 0x0000000090000000, 0x0000000091000000|  0%| F|  |TAMS 0x0000000090000000, 0x0000000090000000| Untracked 
|  15|0x0000000091000000, 0x0000000091000000, 0x0000000092000000|  0%| F|  |TAMS 0x0000000091000000, 0x0000000091000000| Untracked 
|  16|0x0000000092000000, 0x0000000092000000, 0x0000000093000000|  0%| F|  |TAMS 0x0000000092000000, 0x0000000092000000| Untracked 
|  17|0x0000000093000000, 0x0000000093000000, 0x0000000094000000|  0%| F|  |TAMS 0x0000000093000000, 0x0000000093000000| Untracked 
|  18|0x0000000094000000, 0x0000000094000000, 0x0000000095000000|  0%| F|  |TAMS 0x0000000094000000, 0x0000000094000000| Untracked 
|  19|0x0000000095000000, 0x0000000095000000, 0x0000000096000000|  0%| F|  |TAMS 0x0000000095000000, 0x0000000095000000| Untracked 
|  20|0x0000000096000000, 0x0000000096000000, 0x0000000097000000|  0%| F|  |TAMS 0x0000000096000000, 0x0000000096000000| Untracked 
|  21|0x0000000097000000, 0x0000000097000000, 0x0000000098000000|  0%| F|  |TAMS 0x0000000097000000, 0x0000000097000000| Untracked 
|  22|0x0000000098000000, 0x0000000098000000, 0x0000000099000000|  0%| F|  |TAMS 0x0000000098000000, 0x0000000098000000| Untracked 
|  23|0x0000000099000000, 0x0000000099000000, 0x000000009a000000|  0%| F|  |TAMS 0x0000000099000000, 0x0000000099000000| Untracked 
|  24|0x000000009a000000, 0x000000009a000000, 0x000000009b000000|  0%| F|  |TAMS 0x000000009a000000, 0x000000009a000000| Untracked 
|  25|0x000000009b000000, 0x000000009b000000, 0x000000009c000000|  0%| F|  |TAMS 0x000000009b000000, 0x000000009b000000| Untracked 
|  26|0x000000009c000000, 0x000000009c000000, 0x000000009d000000|  0%| F|  |TAMS 0x000000009c000000, 0x000000009c000000| Untracked 
|  27|0x000000009d000000, 0x000000009d000000, 0x000000009e000000|  0%| F|  |TAMS 0x000000009d000000, 0x000000009d000000| Untracked 
|  28|0x000000009e000000, 0x000000009e000000, 0x000000009f000000|  0%| F|  |TAMS 0x000000009e000000, 0x000000009e000000| Untracked 
|  29|0x000000009f000000, 0x000000009f000000, 0x00000000a0000000|  0%| F|  |TAMS 0x000000009f000000, 0x000000009f000000| Untracked 
|  30|0x00000000a0000000, 0x00000000a0000000, 0x00000000a1000000|  0%| F|  |TAMS 0x00000000a0000000, 0x00000000a0000000| Untracked 
|  31|0x00000000a1000000, 0x00000000a1000000, 0x00000000a2000000|  0%| F|  |TAMS 0x00000000a1000000, 0x00000000a1000000| Untracked 
|  32|0x00000000a2000000, 0x00000000a2000000, 0x00000000a3000000|  0%| F|  |TAMS 0x00000000a2000000, 0x00000000a2000000| Untracked 
|  33|0x00000000a3000000, 0x00000000a3000000, 0x00000000a4000000|  0%| F|  |TAMS 0x00000000a3000000, 0x00000000a3000000| Untracked 
|  34|0x00000000a4000000, 0x00000000a4000000, 0x00000000a5000000|  0%| F|  |TAMS 0x00000000a4000000, 0x00000000a4000000| Untracked 
|  35|0x00000000a5000000, 0x00000000a5000000, 0x00000000a6000000|  0%| F|  |TAMS 0x00000000a5000000, 0x00000000a5000000| Untracked 
|  36|0x00000000a6000000, 0x00000000a6000000, 0x00000000a7000000|  0%| F|  |TAMS 0x00000000a6000000, 0x00000000a6000000| Untracked 
|  37|0x00000000a7000000, 0x00000000a7000000, 0x00000000a8000000|  0%| F|  |TAMS 0x00000000a7000000, 0x00000000a7000000| Untracked 
|  38|0x00000000a8000000, 0x00000000a8000000, 0x00000000a9000000|  0%| F|  |TAMS 0x00000000a8000000, 0x00000000a8000000| Untracked 
|  39|0x00000000a9000000, 0x00000000a9000000, 0x00000000aa000000|  0%| F|  |TAMS 0x00000000a9000000, 0x00000000a9000000| Untracked 
|  40|0x00000000aa000000, 0x00000000aa000000, 0x00000000ab000000|  0%| F|  |TAMS 0x00000000aa000000, 0x00000000aa000000| Untracked 
|  41|0x00000000ab000000, 0x00000000ab000000, 0x00000000ac000000|  0%| F|  |TAMS 0x00000000ab000000, 0x00000000ab000000| Untracked 
|  42|0x00000000ac000000, 0x00000000ac000000, 0x00000000ad000000|  0%| F|  |TAMS 0x00000000ac000000, 0x00000000ac000000| Untracked 
|  43|0x00000000ad000000, 0x00000000ad000000, 0x00000000ae000000|  0%| F|  |TAMS 0x00000000ad000000, 0x00000000ad000000| Untracked 
|  44|0x00000000ae000000, 0x00000000ae000000, 0x00000000af000000|  0%| F|  |TAMS 0x00000000ae000000, 0x00000000ae000000| Untracked 
|  45|0x00000000af000000, 0x00000000af000000, 0x00000000b0000000|  0%| F|  |TAMS 0x00000000af000000, 0x00000000af000000| Untracked 
|  46|0x00000000b0000000, 0x00000000b0000000, 0x00000000b1000000|  0%| F|  |TAMS 0x00000000b0000000, 0x00000000b0000000| Untracked 
|  47|0x00000000b1000000, 0x00000000b1000000, 0x00000000b2000000|  0%| F|  |TAMS 0x00000000b1000000, 0x00000000b1000000| Untracked 
|  48|0x00000000b2000000, 0x00000000b2000000, 0x00000000b3000000|  0%| F|  |TAMS 0x00000000b2000000, 0x00000000b2000000| Untracked 
|  49|0x00000000b3000000, 0x00000000b3000000, 0x00000000b4000000|  0%| F|  |TAMS 0x00000000b3000000, 0x00000000b3000000| Untracked 
|  50|0x00000000b4000000, 0x00000000b4000000, 0x00000000b5000000|  0%| F|  |TAMS 0x00000000b4000000, 0x00000000b4000000| Untracked 
|  51|0x00000000b5000000, 0x00000000b5000000, 0x00000000b6000000|  0%| F|  |TAMS 0x00000000b5000000, 0x00000000b5000000| Untracked 
|  52|0x00000000b6000000, 0x00000000b6000000, 0x00000000b7000000|  0%| F|  |TAMS 0x00000000b6000000, 0x00000000b6000000| Untracked 
|  53|0x00000000b7000000, 0x00000000b7000000, 0x00000000b8000000|  0%| F|  |TAMS 0x00000000b7000000, 0x00000000b7000000| Untracked 
|  54|0x00000000b8000000, 0x00000000b8000000, 0x00000000b9000000|  0%| F|  |TAMS 0x00000000b8000000, 0x00000000b8000000| Untracked 
|  55|0x00000000b9000000, 0x00000000b9000000, 0x00000000ba000000|  0%| F|  |TAMS 0x00000000b9000000, 0x00000000b9000000| Untracked 
|  56|0x00000000ba000000, 0x00000000ba000000, 0x00000000bb000000|  0%| F|  |TAMS 0x00000000ba000000, 0x00000000ba000000| Untracked 
|  57|0x00000000bb000000, 0x00000000bb000000, 0x00000000bc000000|  0%| F|  |TAMS 0x00000000bb000000, 0x00000000bb000000| Untracked 
|  58|0x00000000bc000000, 0x00000000bc000000, 0x00000000bd000000|  0%| F|  |TAMS 0x00000000bc000000, 0x00000000bc000000| Untracked 
|  59|0x00000000bd000000, 0x00000000bd000000, 0x00000000be000000|  0%| F|  |TAMS 0x00000000bd000000, 0x00000000bd000000| Untracked 
|  60|0x00000000be000000, 0x00000000be000000, 0x00000000bf000000|  0%| F|  |TAMS 0x00000000be000000, 0x00000000be000000| Untracked 
|  61|0x00000000bf000000, 0x00000000bf000000, 0x00000000c0000000|  0%| F|  |TAMS 0x00000000bf000000, 0x00000000bf000000| Untracked 
|  62|0x00000000c0000000, 0x00000000c0000000, 0x00000000c1000000|  0%| F|  |TAMS 0x00000000c0000000, 0x00000000c0000000| Untracked 
|  63|0x00000000c1000000, 0x00000000c1000000, 0x00000000c2000000|  0%| F|  |TAMS 0x00000000c1000000, 0x00000000c1000000| Untracked 
|  64|0x00000000c2000000, 0x00000000c2000000, 0x00000000c3000000|  0%| F|  |TAMS 0x00000000c2000000, 0x00000000c2000000| Untracked 
|  65|0x00000000c3000000, 0x00000000c3000000, 0x00000000c4000000|  0%| F|  |TAMS 0x00000000c3000000, 0x00000000c3000000| Untracked 
|  66|0x00000000c4000000, 0x00000000c4000000, 0x00000000c5000000|  0%| F|  |TAMS 0x00000000c4000000, 0x00000000c4000000| Untracked 
|  67|0x00000000c5000000, 0x00000000c5000000, 0x00000000c6000000|  0%| F|  |TAMS 0x00000000c5000000, 0x00000000c5000000| Untracked 
|  68|0x00000000c6000000, 0x00000000c6000000, 0x00000000c7000000|  0%| F|  |TAMS 0x00000000c6000000, 0x00000000c6000000| Untracked 
|  69|0x00000000c7000000, 0x00000000c7000000, 0x00000000c8000000|  0%| F|  |TAMS 0x00000000c7000000, 0x00000000c7000000| Untracked 
|  70|0x00000000c8000000, 0x00000000c8000000, 0x00000000c9000000|  0%| F|  |TAMS 0x00000000c8000000, 0x00000000c8000000| Untracked 
|  71|0x00000000c9000000, 0x00000000c9000000, 0x00000000ca000000|  0%| F|  |TAMS 0x00000000c9000000, 0x00000000c9000000| Untracked 
|  72|0x00000000ca000000, 0x00000000ca000000, 0x00000000cb000000|  0%| F|  |TAMS 0x00000000ca000000, 0x00000000ca000000| Untracked 
|  73|0x00000000cb000000, 0x00000000cb000000, 0x00000000cc000000|  0%| F|  |TAMS 0x00000000cb000000, 0x00000000cb000000| Untracked 
|  74|0x00000000cc000000, 0x00000000cc000000, 0x00000000cd000000|  0%| F|  |TAMS 0x00000000cc000000, 0x00000000cc000000| Untracked 
|  75|0x00000000cd000000, 0x00000000cd000000, 0x00000000ce000000|  0%| F|  |TAMS 0x00000000cd000000, 0x00000000cd000000| Untracked 
|  76|0x00000000ce000000, 0x00000000ce000000, 0x00000000cf000000|  0%| F|  |TAMS 0x00000000ce000000, 0x00000000ce000000| Untracked 
|  77|0x00000000cf000000, 0x00000000cf000000, 0x00000000d0000000|  0%| F|  |TAMS 0x00000000cf000000, 0x00000000cf000000| Untracked 
|  78|0x00000000d0000000, 0x00000000d0000000, 0x00000000d1000000|  0%| F|  |TAMS 0x00000000d0000000, 0x00000000d0000000| Untracked 
|  79|0x00000000d1000000, 0x00000000d1000000, 0x00000000d2000000|  0%| F|  |TAMS 0x00000000d1000000, 0x00000000d1000000| Untracked 
|  80|0x00000000d2000000, 0x00000000d2000000, 0x00000000d3000000|  0%| F|  |TAMS 0x00000000d2000000, 0x00000000d2000000| Untracked 
|  81|0x00000000d3000000, 0x00000000d3000000, 0x00000000d4000000|  0%| F|  |TAMS 0x00000000d3000000, 0x00000000d3000000| Untracked 
|  82|0x00000000d4000000, 0x00000000d4000000, 0x00000000d5000000|  0%| F|  |TAMS 0x00000000d4000000, 0x00000000d4000000| Untracked 
|  83|0x00000000d5000000, 0x00000000d5000000, 0x00000000d6000000|  0%| F|  |TAMS 0x00000000d5000000, 0x00000000d5000000| Untracked 
|  84|0x00000000d6000000, 0x00000000d6000000, 0x00000000d7000000|  0%| F|  |TAMS 0x00000000d6000000, 0x00000000d6000000| Untracked 
|  85|0x00000000d7000000, 0x00000000d7000000, 0x00000000d8000000|  0%| F|  |TAMS 0x00000000d7000000, 0x00000000d7000000| Untracked 
|  86|0x00000000d8000000, 0x00000000d8000000, 0x00000000d9000000|  0%| F|  |TAMS 0x00000000d8000000, 0x00000000d8000000| Untracked 
|  87|0x00000000d9000000, 0x00000000d9000000, 0x00000000da000000|  0%| F|  |TAMS 0x00000000d9000000, 0x00000000d9000000| Untracked 
|  88|0x00000000da000000, 0x00000000da000000, 0x00000000db000000|  0%| F|  |TAMS 0x00000000da000000, 0x00000000da000000| Untracked 
|  89|0x00000000db000000, 0x00000000db000000, 0x00000000dc000000|  0%| F|  |TAMS 0x00000000db000000, 0x00000000db000000| Untracked 
|  90|0x00000000dc000000, 0x00000000dc000000, 0x00000000dd000000|  0%| F|  |TAMS 0x00000000dc000000, 0x00000000dc000000| Untracked 
|  91|0x00000000dd000000, 0x00000000dd000000, 0x00000000de000000|  0%| F|  |TAMS 0x00000000dd000000, 0x00000000dd000000| Untracked 
|  92|0x00000000de000000, 0x00000000de000000, 0x00000000df000000|  0%| F|  |TAMS 0x00000000de000000, 0x00000000de000000| Untracked 
|  93|0x00000000df000000, 0x00000000df000000, 0x00000000e0000000|  0%| F|  |TAMS 0x00000000df000000, 0x00000000df000000| Untracked 
|  94|0x00000000e0000000, 0x00000000e0000000, 0x00000000e1000000|  0%| F|  |TAMS 0x00000000e0000000, 0x00000000e0000000| Untracked 
|  95|0x00000000e1000000, 0x00000000e1000000, 0x00000000e2000000|  0%| F|  |TAMS 0x00000000e1000000, 0x00000000e1000000| Untracked 
|  96|0x00000000e2000000, 0x00000000e2000000, 0x00000000e3000000|  0%| F|  |TAMS 0x00000000e2000000, 0x00000000e2000000| Untracked 
|  97|0x00000000e3000000, 0x00000000e3000000, 0x00000000e4000000|  0%| F|  |TAMS 0x00000000e3000000, 0x00000000e3000000| Untracked 
|  98|0x00000000e4000000, 0x00000000e4000000, 0x00000000e5000000|  0%| F|  |TAMS 0x00000000e4000000, 0x00000000e4000000| Untracked 
|  99|0x00000000e5000000, 0x00000000e5000000, 0x00000000e6000000|  0%| F|  |TAMS 0x00000000e5000000, 0x00000000e5000000| Untracked 
| 100|0x00000000e6000000, 0x00000000e6000000, 0x00000000e7000000|  0%| F|  |TAMS 0x00000000e6000000, 0x00000000e6000000| Untracked 
| 101|0x00000000e7000000, 0x00000000e7000000, 0x00000000e8000000|  0%| F|  |TAMS 0x00000000e7000000, 0x00000000e7000000| Untracked 
| 102|0x00000000e8000000, 0x00000000e8000000, 0x00000000e9000000|  0%| F|  |TAMS 0x00000000e8000000, 0x00000000e8000000| Untracked 
| 103|0x00000000e9000000, 0x00000000e9000000, 0x00000000ea000000|  0%| F|  |TAMS 0x00000000e9000000, 0x00000000e9000000| Untracked 
| 104|0x00000000ea000000, 0x00000000ea000000, 0x00000000eb000000|  0%| F|  |TAMS 0x00000000ea000000, 0x00000000ea000000| Untracked 
| 105|0x00000000eb000000, 0x00000000eb000000, 0x00000000ec000000|  0%| F|  |TAMS 0x00000000eb000000, 0x00000000eb000000| Untracked 
| 106|0x00000000ec000000, 0x00000000ec000000, 0x00000000ed000000|  0%| F|  |TAMS 0x00000000ec000000, 0x00000000ec000000| Untracked 
| 107|0x00000000ed000000, 0x00000000ed000000, 0x00000000ee000000|  0%| F|  |TAMS 0x00000000ed000000, 0x00000000ed000000| Untracked 
| 108|0x00000000ee000000, 0x00000000ee000000, 0x00000000ef000000|  0%| F|  |TAMS 0x00000000ee000000, 0x00000000ee000000| Untracked 
| 109|0x00000000ef000000, 0x00000000ef000000, 0x00000000f0000000|  0%| F|  |TAMS 0x00000000ef000000, 0x00000000ef000000| Untracked 
| 110|0x00000000f0000000, 0x00000000f0000000, 0x00000000f1000000|  0%| F|  |TAMS 0x00000000f0000000, 0x00000000f0000000| Untracked 
| 111|0x00000000f1000000, 0x00000000f1000000, 0x00000000f2000000|  0%| F|  |TAMS 0x00000000f1000000, 0x00000000f1000000| Untracked 
| 112|0x00000000f2000000, 0x00000000f2000000, 0x00000000f3000000|  0%| F|  |TAMS 0x00000000f2000000, 0x00000000f2000000| Untracked 
| 113|0x00000000f3000000, 0x00000000f3000000, 0x00000000f4000000|  0%| F|  |TAMS 0x00000000f3000000, 0x00000000f3000000| Untracked 
| 114|0x00000000f4000000, 0x00000000f4000000, 0x00000000f5000000|  0%| F|  |TAMS 0x00000000f4000000, 0x00000000f4000000| Untracked 
| 115|0x00000000f5000000, 0x00000000f51947e8, 0x00000000f6000000|  9%| S|CS|TAMS 0x00000000f5000000, 0x00000000f5000000| Complete 
| 116|0x00000000f6000000, 0x00000000f6000000, 0x00000000f7000000|  0%| F|  |TAMS 0x00000000f6000000, 0x00000000f6000000| Untracked 
| 117|0x00000000f7000000, 0x00000000f7000000, 0x00000000f8000000|  0%| F|  |TAMS 0x00000000f7000000, 0x00000000f7000000| Untracked 
| 118|0x00000000f8000000, 0x00000000f8000000, 0x00000000f9000000|  0%| F|  |TAMS 0x00000000f8000000, 0x00000000f8000000| Untracked 
| 119|0x00000000f9000000, 0x00000000f93054f0, 0x00000000fa000000| 18%| E|  |TAMS 0x00000000f9000000, 0x00000000f9000000| Complete 
| 120|0x00000000fa000000, 0x00000000fb000000, 0x00000000fb000000|100%| E|CS|TAMS 0x00000000fa000000, 0x00000000fa000000| Complete 
| 121|0x00000000fb000000, 0x00000000fc000000, 0x00000000fc000000|100%| E|CS|TAMS 0x00000000fb000000, 0x00000000fb000000| Complete 
|1916|0x00000007fe000000, 0x00000007fef75000, 0x00000007ff000000| 96%|OA|  |TAMS 0x00000007fe000000, 0x00000007fe000000| Untracked 
|1917|0x00000007ff000000, 0x00000007ff078000, 0x0000000800000000|  2%|CA|  |TAMS 0x00000007ff000000, 0x00000007ff000000| Untracked 

Card table byte_map: [0x0000738449a20000,0x000073844d610000] _byte_map_base: 0x0000738449610000

Marking Bits (Prev, Next): (CMBitMap*) 0x0000738468060f50, (CMBitMap*) 0x0000738468060f90
 Prev Bits: [0x0000738427eb0000, 0x0000738445e30000)
 Next Bits: [0x0000738409f30000, 0x0000738427eb0000)

Polling page: 0x0000738471080000

Metaspace:

Usage:
  Non-class:      4.36 MB used.
      Class:    405.25 KB used.
       Both:      4.75 MB used.

Virtual space:
  Non-class space:       64.00 MB reserved,       4.44 MB (  7%) committed,  1 nodes.
      Class space:        1.00 GB reserved,     512.00 KB ( <1%) committed,  1 nodes.
             Both:        1.06 GB reserved,       4.94 MB ( <1%) committed. 

Chunk freelists:
   Non-Class:  9.17 MB
       Class:  15.47 MB
        Both:  24.64 MB

MaxMetaspaceSize: unlimited
CompressedClassSpaceSize: 1.00 GB
Initial GC threshold: 21.00 MB
Current GC threshold: 21.00 MB
CDS: on
MetaspaceReclaimPolicy: balanced
 - commit_granule_bytes: 65536.
 - commit_granule_words: 8192.
 - virtual_space_node_default_size: 8388608.
 - enlarge_chunks_in_place: 1.
 - new_chunks_are_fully_committed: 0.
 - uncommit_free_chunks: 1.
 - use_allocation_guard: 0.
 - handle_deallocations: 1.


Internal statistics:

num_allocs_failed_limit: 0.
num_arena_births: 52.
num_arena_deaths: 0.
num_vsnodes_births: 2.
num_vsnodes_deaths: 0.
num_space_committed: 79.
num_space_uncommitted: 0.
num_chunks_returned_to_freelist: 0.
num_chunks_taken_from_freelist: 177.
num_chunk_merges: 0.
num_chunk_splits: 138.
num_chunks_enlarged: 113.
num_inconsistent_stats: 0.

CodeHeap 'non-profiled nmethods': size=119168Kb used=307Kb max_used=307Kb free=118860Kb
 bounds [0x0000738458da0000, 0x0000738459010000, 0x0000738460200000]
CodeHeap 'profiled nmethods': size=119164Kb used=1585Kb max_used=1585Kb free=117579Kb
 bounds [0x0000738451200000, 0x0000738451470000, 0x000073845865f000]
CodeHeap 'non-nmethods': size=7428Kb used=2892Kb max_used=2930Kb free=4535Kb
 bounds [0x000073845865f000, 0x000073845893f000, 0x0000738458da0000]
 total_blobs=1412 nmethods=901 adapters=422
 compilation: enabled
              stopped_count=0, restarted_count=0
 full_count=0

Compilation events (20 events):
Event: 0.234 Thread 0x000073838810e8e0 nmethod 888 0x0000738458ddd390 code [0x0000738458ddd520, 0x0000738458ddd5f0]
Event: 0.234 Thread 0x000073838810e8e0  890       1       com.github.grishberg.cad3d.plugin.cfg.ThumbClusterSettings::getXOffset (5 bytes)
Event: 0.234 Thread 0x00007384681f56d0  891       1       com.github.grishberg.cad3d.plugin.cfg.ThumbClusterSettings::getYOffset (5 bytes)
Event: 0.234 Thread 0x000073838c216470 nmethod 892 0x0000738458ddd690 code [0x0000738458ddd820, 0x0000738458ddd8f0]
Event: 0.234 Thread 0x00007384681f56d0 nmethod 891 0x0000738458ddd990 code [0x0000738458dddb20, 0x0000738458dddbf0]
Event: 0.234 Thread 0x000073838c1abd10  879       4       java.lang.StringLatin1::replace (198 bytes)
Event: 0.234 Thread 0x000073838810e8e0 nmethod 890 0x0000738458dddc90 code [0x0000738458ddde20, 0x0000738458dddef0]
Event: 0.234 Thread 0x000073838c215310 nmethod 889 0x0000738451389610 code [0x0000738451389820, 0x0000738451389c50]
Event: 0.234 Thread 0x00007384681f56d0  893       3       com.github.grishberg.cad3d.keyboard.Utils::hull (26 bytes)
Event: 0.234 Thread 0x00007384681f56d0 nmethod 893 0x0000738451389e90 code [0x000073845138a120, 0x000073845138acc0]
Event: 0.234 Thread 0x00007384681f4170 nmethod 868 0x0000738458dddf90 code [0x0000738458dde1a0, 0x0000738458dde9c8]
Event: 0.234 Thread 0x00007384681f4170  869       4       java.util.HashSet::iterator (13 bytes)
Event: 0.235 Thread 0x00007384681f56d0  894       3       java.util.Arrays::asList (9 bytes)
Event: 0.235 Thread 0x000073838810e8e0  895       3       java.util.Arrays$ArrayList::<init> (16 bytes)
Event: 0.235 Thread 0x000073838810e8e0 nmethod 895 0x000073845138b110 code [0x000073845138b2e0, 0x000073845138b6c0]
Event: 0.235 Thread 0x00007384681f56d0 nmethod 894 0x000073845138b810 code [0x000073845138b9e0, 0x000073845138be60]
Event: 0.239 Thread 0x00007384681f4170 nmethod 869 0x0000738458ddef10 code [0x0000738458ddf0c0, 0x0000738458ddf6d8]
Event: 0.239 Thread 0x00007384681f4170  870       4       eu.printingin3d.javascad.models.Abstract3dModel::cloneModel (85 bytes)
Event: 0.240 Thread 0x000073838c1abd10 nmethod 879 0x0000738458ddfa10 code [0x0000738458ddfbc0, 0x0000738458de0118]
Event: 0.240 Thread 0x000073838c1abd10  871       4       java.util.HashMap::putAll (7 bytes)

GC Heap History (2 events):
Event: 0.214 GC heap before
{Heap before GC invocations=0 (full 0):
 garbage-first heap   total 2031616K, used 114612K [0x0000000082000000, 0x0000000800000000)
  region size 16384K, 6 young (98304K), 0 survivors (0K)
 Metaspace       used 4770K, committed 4992K, reserved 1114112K
  class space    used 390K, committed 512K, reserved 1048576K
}
Event: 0.218 GC heap after
{Heap after GC invocations=1 (full 0):
 garbage-first heap   total 2031616K, used 17925K [0x0000000082000000, 0x0000000800000000)
  region size 16384K, 1 young (16384K), 1 survivors (16384K)
 Metaspace       used 4770K, committed 4992K, reserved 1114112K
  class space    used 390K, committed 512K, reserved 1048576K
}

Dll operation events (9 events):
Event: 0.001 Loaded shared library /home/grishberg/.gradle/jdks/eclipse_adoptium-17-amd64-linux/jdk-17.0.19+10/lib/libjava.so
Event: 0.015 Loaded shared library /home/grishberg/.gradle/jdks/eclipse_adoptium-17-amd64-linux/jdk-17.0.19+10/lib/libjsvml.so
Event: 0.023 Loaded shared library /home/grishberg/.gradle/jdks/eclipse_adoptium-17-amd64-linux/jdk-17.0.19+10/lib/libnio.so
Event: 0.024 Loaded shared library /home/grishberg/.gradle/jdks/eclipse_adoptium-17-amd64-linux/jdk-17.0.19+10/lib/libzip.so
Event: 0.126 Loaded shared library /home/grishberg/.gradle/jdks/eclipse_adoptium-17-amd64-linux/jdk-17.0.19+10/lib/libjimage.so
Event: 0.130 Loaded shared library /home/grishberg/.gradle/jdks/eclipse_adoptium-17-amd64-linux/jdk-17.0.19+10/lib/libnet.so
Event: 0.151 Loaded shared library /tmp/manifold3d5015121150536734497/libmanifold.so
Event: 0.170 Loaded shared library /tmp/manifold3d5015121150536734497/libmanifoldc.so
Event: 0.172 Loaded shared library /tmp/manifold3d5015121150536734497/libmanifold_jni.so

Deoptimization events (16 events):
Event: 0.049 Thread 0x000073846802a990 DEOPT PACKING pc=0x000073845120ca3c sp=0x0000738470b0acb0
Event: 0.049 Thread 0x000073846802a990 DEOPT UNPACKING pc=0x00007384586b5e2f sp=0x0000738470b0a120 mode 0
Event: 0.054 Thread 0x000073846802a990 DEOPT PACKING pc=0x000073845120ca3c sp=0x0000738470b12b10
Event: 0.054 Thread 0x000073846802a990 DEOPT UNPACKING pc=0x00007384586b5e2f sp=0x0000738470b11f80 mode 0
Event: 0.058 Thread 0x000073846802a990 DEOPT PACKING pc=0x0000738451212db6 sp=0x0000738470b10640
Event: 0.058 Thread 0x000073846802a990 DEOPT UNPACKING pc=0x00007384586b5e2f sp=0x0000738470b0fa80 mode 0
Event: 0.061 Thread 0x000073846802a990 DEOPT PACKING pc=0x0000738451202342 sp=0x0000738470b13a50
Event: 0.061 Thread 0x000073846802a990 DEOPT UNPACKING pc=0x00007384586b5e2f sp=0x0000738470b12ee8 mode 0
Event: 0.110 Thread 0x0000738374026210 Uncommon trap: trap_request=0xffffff45 fr.pc=0x0000738458dae308 relative=0x0000000000000268
Event: 0.110 Thread 0x0000738374026210 Uncommon trap: reason=unstable_if action=reinterpret pc=0x0000738458dae308 method=java.lang.String.startsWith(Ljava/lang/String;I)Z @ 1 c2
Event: 0.110 Thread 0x0000738374026210 DEOPT PACKING pc=0x0000738458dae308 sp=0x000073840972bb10
Event: 0.110 Thread 0x0000738374026210 DEOPT UNPACKING pc=0x00007384586b5699 sp=0x000073840972ba98 mode 2
Event: 0.122 Thread 0x0000738374026210 Uncommon trap: trap_request=0xffffff6e fr.pc=0x0000738458dac1dc relative=0x000000000000033c
Event: 0.122 Thread 0x0000738374026210 Uncommon trap: reason=loop_limit_check action=maybe_recompile pc=0x0000738458dac1dc method=java.lang.StringLatin1.indexOf([BI[BII)I @ 37 c2
Event: 0.122 Thread 0x0000738374026210 DEOPT PACKING pc=0x0000738458dac1dc sp=0x000073840972cdb0
Event: 0.122 Thread 0x0000738374026210 DEOPT UNPACKING pc=0x00007384586b5699 sp=0x000073840972cd30 mode 2

Classes loaded (20 events):
Event: 0.130 Loading class sun/nio/ch/FileChannelImpl$Closer
Event: 0.130 Loading class sun/nio/ch/FileChannelImpl$Closer done
Event: 0.130 Loading class java/nio/channels/Channels
Event: 0.130 Loading class java/nio/channels/Channels done
Event: 0.130 Loading class java/nio/channels/Channels$1
Event: 0.130 Loading class java/nio/channels/Channels$1 done
Event: 0.130 Loading class java/nio/channels/SelectableChannel
Event: 0.130 Loading class java/nio/channels/SelectableChannel done
Event: 0.130 Loading class sun/nio/ch/NativeThread
Event: 0.130 Loading class sun/nio/ch/NativeThread done
Event: 0.130 Loading class sun/nio/ch/Util
Event: 0.130 Loading class sun/nio/ch/Util done
Event: 0.130 Loading class sun/nio/ch/Util$1
Event: 0.130 Loading class sun/nio/ch/Util$1 done
Event: 0.130 Loading class sun/nio/ch/Util$BufferCache
Event: 0.130 Loading class sun/nio/ch/Util$BufferCache done
Event: 0.130 Loading class java/nio/DirectByteBuffer$Deallocator
Event: 0.130 Loading class java/nio/DirectByteBuffer$Deallocator done
Event: 0.130 Loading class sun/nio/ch/IOStatus
Event: 0.130 Loading class sun/nio/ch/IOStatus done

Classes unloaded (0 events):
No events

Classes redefined (0 events):
No events

Internal exceptions (6 events):
Event: 0.129 Thread 0x0000738374026210 Exception <a 'sun/nio/fs/UnixException'{0x00000000fa0dad10}> (0x00000000fa0dad10) 
thrown [src/hotspot/share/prims/jni.cpp, line 516]
Event: 0.152 Thread 0x0000738374026210 Exception <a 'sun/nio/fs/UnixException'{0x00000000fa0e4a08}> (0x00000000fa0e4a08) 
thrown [src/hotspot/share/prims/jni.cpp, line 516]
Event: 0.169 Thread 0x0000738374026210 Exception <a 'sun/nio/fs/UnixException'{0x00000000fa0eb128}> (0x00000000fa0eb128) 
thrown [src/hotspot/share/prims/jni.cpp, line 516]
Event: 0.170 Thread 0x0000738374026210 Exception <a 'sun/nio/fs/UnixException'{0x00000000fa0f1948}> (0x00000000fa0f1948) 
thrown [src/hotspot/share/prims/jni.cpp, line 516]
Event: 0.171 Thread 0x0000738374026210 Exception <a 'sun/nio/fs/UnixException'{0x00000000fa103fc0}> (0x00000000fa103fc0) 
thrown [src/hotspot/share/prims/jni.cpp, line 516]
Event: 0.225 Thread 0x0000738374049cd0 Exception <a 'java/lang/NoSuchMethodError'{0x00000000fb21ef90}: 'java.lang.Object java.lang.invoke.DirectMethodHandle$Holder.newInvokeSpecial(java.lang.Object, java.lang.Object, java.lang.Object, java.lang.Object, java.lang.Object, java.lang.Object)'> (0x00000000fb21ef90) 
thrown [src/hotspot/share/interpreter/linkResolver.cpp, line 758]

VM Operations (4 events):
Event: 0.128 Executing VM operation: HandshakeAllThreads
Event: 0.128 Executing VM operation: HandshakeAllThreads done
Event: 0.213 Executing VM operation: G1CollectForAllocation
Event: 0.218 Executing VM operation: G1CollectForAllocation done

Memory protections (20 events):
Event: 0.018 Protecting memory [0x000073846c300000,0x000073846c304000] with protection modes 0
Event: 0.018 Protecting memory [0x000073846c200000,0x000073846c204000] with protection modes 0
Event: 0.018 Protecting memory [0x000073846c100000,0x000073846c104000] with protection modes 0
Event: 0.018 Protecting memory [0x000073846c000000,0x000073846c004000] with protection modes 0
Event: 0.018 Protecting memory [0x0000738467f00000,0x0000738467f04000] with protection modes 0
Event: 0.018 Protecting memory [0x0000738409e30000,0x0000738409e34000] with protection modes 0
Event: 0.020 Protecting memory [0x0000738409d30000,0x0000738409d34000] with protection modes 0
Event: 0.021 Protecting memory [0x0000738409b2f000,0x0000738409b33000] with protection modes 0
Event: 0.054 Protecting memory [0x0000738409a2f000,0x0000738409a33000] with protection modes 0
Event: 0.095 Protecting memory [0x000073840992f000,0x0000738409933000] with protection modes 0
Event: 0.095 Protecting memory [0x000073840982f000,0x0000738409833000] with protection modes 0
Event: 0.103 Protecting memory [0x000073840972f000,0x0000738409733000] with protection modes 0
Event: 0.103 Protecting memory [0x000073840962f000,0x0000738409633000] with protection modes 0
Event: 0.103 Protecting memory [0x000073840952f000,0x0000738409533000] with protection modes 0
Event: 0.103 Protecting memory [0x000073840942f000,0x0000738409433000] with protection modes 0
Event: 0.110 Protecting memory [0x000073840932f000,0x0000738409333000] with protection modes 0
Event: 0.115 Protecting memory [0x000073840922f000,0x0000738409233000] with protection modes 0
Event: 0.115 Protecting memory [0x000073840912f000,0x0000738409133000] with protection modes 0
Event: 0.226 Protecting memory [0x00007383a51f5000,0x00007383a51f9000] with protection modes 0
Event: 0.234 Protecting memory [0x00007383a50f5000,0x00007383a50f9000] with protection modes 0

Nmethod flushes (0 events):
No events

Events (20 events):
Event: 0.017 Thread 0x000073846802a990 Thread added: 0x00007384681efef0
Event: 0.018 Thread 0x000073846802a990 Thread added: 0x00007384681f12d0
Event: 0.018 Thread 0x000073846802a990 Thread added: 0x00007384681f2710
Event: 0.018 Thread 0x000073846802a990 Thread added: 0x00007384681f4170
Event: 0.018 Thread 0x000073846802a990 Thread added: 0x00007384681f56d0
Event: 0.018 Thread 0x000073846802a990 Thread added: 0x00007384681f6b70
Event: 0.020 Thread 0x000073846802a990 Thread added: 0x00007384681fe8a0
Event: 0.021 Thread 0x000073846802a990 Thread added: 0x0000738468202090
Event: 0.054 Thread 0x00007384681f4170 Thread added: 0x000073838810e8e0
Event: 0.095 Thread 0x000073846802a990 Thread added: 0x000073846842c160
Event: 0.095 Thread 0x000073846802a990 Thread added: 0x000073846842d240
Event: 0.103 Thread 0x000073846842c160 Thread added: 0x000073837405b050
Event: 0.103 Thread 0x000073846842c160 Thread added: 0x0000738374026210
Event: 0.103 Thread 0x000073846842c160 Thread added: 0x000073837404aee0
Event: 0.103 Thread 0x000073846842c160 Thread added: 0x0000738374049cd0
Event: 0.110 Thread 0x00007384681f56d0 Thread added: 0x000073838c212d00
Event: 0.115 Thread 0x00007384681f56d0 Thread added: 0x000073838c215310
Event: 0.115 Thread 0x00007384681f56d0 Thread added: 0x000073838c216470
Event: 0.226 Thread 0x0000738374049cd0 Thread added: 0x0000738358066dd0
Event: 0.234 Thread 0x00007384681f56d0 Thread added: 0x000073838c1abd10


Dynamic libraries:
82000000-fc000000 rw-p 00000000 00:00 0 
fc000000-7fe000000 ---p 00000000 00:00 0 
7fe000000-7fef00000 rw-p 00000000 00:00 0 
7fef00000-7fef75000 rw-p 00c7a000 103:01 75498865                        /home/grishberg/.gradle/jdks/eclipse_adoptium-17-amd64-linux/jdk-17.0.19+10/lib/server/classes.jsa
7fef75000-7ff000000 rw-p 00000000 00:00 0 
7ff000000-7ff078000 rw-p 00c02000 103:01 75498865                        /home/grishberg/.gradle/jdks/eclipse_adoptium-17-amd64-linux/jdk-17.0.19+10/lib/server/classes.jsa
7ff078000-800000000 rw-p 00000000 00:00 0 
5bbdb0f37000-5bbdb0f38000 r--p 00000000 103:01 75498845                  /home/grishberg/.gradle/jdks/eclipse_adoptium-17-amd64-linux/jdk-17.0.19+10/bin/java
5bbdb0f38000-5bbdb0f39000 r-xp 00001000 103:01 75498845                  /home/grishberg/.gradle/jdks/eclipse_adoptium-17-amd64-linux/jdk-17.0.19+10/bin/java
5bbdb0f39000-5bbdb0f3a000 r--p 00002000 103:01 75498845                  /home/grishberg/.gradle/jdks/eclipse_adoptium-17-amd64-linux/jdk-17.0.19+10/bin/java
5bbdb0f3a000-5bbdb0f3b000 r--p 00002000 103:01 75498845                  /home/grishberg/.gradle/jdks/eclipse_adoptium-17-amd64-linux/jdk-17.0.19+10/bin/java
5bbdb0f3b000-5bbdb0f3c000 rw-p 00003000 103:01 75498845                  /home/grishberg/.gradle/jdks/eclipse_adoptium-17-amd64-linux/jdk-17.0.19+10/bin/java
5bbdcca98000-5bbdccadd000 rw-p 00000000 00:00 0                          [heap]
7382dc000000-7382dc9c9000 rw-p 00000000 00:00 0 
7382dc9c9000-7382e0000000 ---p 00000000 00:00 0 
7382e0000000-7382e006e000 rw-p 00000000 00:00 0 
7382e006e000-7382e4000000 ---p 00000000 00:00 0 
7382e4000000-7382e4021000 rw-p 00000000 00:00 0 
7382e4021000-7382e8000000 ---p 00000000 00:00 0 
7382e8000000-7382e8021000 rw-p 00000000 00:00 0 
7382e8021000-7382ec000000 ---p 00000000 00:00 0 
7382ec000000-7382ec021000 rw-p 00000000 00:00 0 
7382ec021000-7382f0000000 ---p 00000000 00:00 0 
7382f0000000-7382f0021000 rw-p 00000000 00:00 0 
7382f0021000-7382f4000000 ---p 00000000 00:00 0 
7382f4000000-7382f4021000 rw-p 00000000 00:00 0 
7382f4021000-7382f8000000 ---p 00000000 00:00 0 
7382f8000000-7382f8021000 rw-p 00000000 00:00 0 
7382f8021000-7382fc000000 ---p 00000000 00:00 0 
7382fc000000-7382fc021000 rw-p 00000000 00:00 0 
7382fc021000-738300000000 ---p 00000000 00:00 0 
738300000000-738300021000 rw-p 00000000 00:00 0 
738300021000-738304000000 ---p 00000000 00:00 0 
738304000000-738304021000 rw-p 00000000 00:00 0 
738304021000-738308000000 ---p 00000000 00:00 0 
738308000000-738308021000 rw-p 00000000 00:00 0 
738308021000-73830c000000 ---p 00000000 00:00 0 
73830c000000-73830c021000 rw-p 00000000 00:00 0 
73830c021000-738310000000 ---p 00000000 00:00 0 
738310000000-738310021000 rw-p 00000000 00:00 0 
738310021000-738314000000 ---p 00000000 00:00 0 
738314000000-738314052000 rw-p 00000000 00:00 0 
738314052000-738318000000 ---p 00000000 00:00 0 
738318000000-738318021000 rw-p 00000000 00:00 0 
738318021000-73831c000000 ---p 00000000 00:00 0 
73831c000000-73831c021000 rw-p 00000000 00:00 0 
73831c021000-738320000000 ---p 00000000 00:00 0 
738320000000-738320021000 rw-p 00000000 00:00 0 
738320021000-738324000000 ---p 00000000 00:00 0 
738324000000-738324021000 rw-p 00000000 00:00 0 
738324021000-738328000000 ---p 00000000 00:00 0 
738328000000-738328021000 rw-p 00000000 00:00 0 
738328021000-73832c000000 ---p 00000000 00:00 0 
73832c000000-73832c021000 rw-p 00000000 00:00 0 
73832c021000-738330000000 ---p 00000000 00:00 0 
738330000000-738330021000 rw-p 00000000 00:00 0 
738330021000-738334000000 ---p 00000000 00:00 0 
738334000000-738334021000 rw-p 00000000 00:00 0 
738334021000-738338000000 ---p 00000000 00:00 0 
738338000000-738338021000 rw-p 00000000 00:00 0 
738338021000-73833c000000 ---p 00000000 00:00 0 
73833c000000-73833c021000 rw-p 00000000 00:00 0 
73833c021000-738340000000 ---p 00000000 00:00 0 
738340000000-738340021000 rw-p 00000000 00:00 0 
738340021000-738344000000 ---p 00000000 00:00 0 
738344000000-738344062000 rw-p 00000000 00:00 0 
738344062000-738348000000 ---p 00000000 00:00 0 
738348000000-738348021000 rw-p 00000000 00:00 0 
738348021000-73834c000000 ---p 00000000 00:00 0 
73834c000000-73834c021000 rw-p 00000000 00:00 0 
73834c021000-738350000000 ---p 00000000 00:00 0 
738350000000-7383500a5000 rw-p 00000000 00:00 0 
7383500a5000-738354000000 ---p 00000000 00:00 0 
738354000000-7383540ed000 rw-p 00000000 00:00 0 
7383540ed000-738358000000 ---p 00000000 00:00 0 
738358000000-7383581a4000 rw-p 00000000 00:00 0 
7383581a4000-73835c000000 ---p 00000000 00:00 0 
73835c000000-73835c611000 rw-p 00000000 00:00 0 
73835c611000-738360000000 ---p 00000000 00:00 0 
738360000000-7383600a5000 rw-p 00000000 00:00 0 
7383600a5000-738364000000 ---p 00000000 00:00 0 
738364000000-738364039000 rw-p 00000000 00:00 0 
738364039000-738368000000 ---p 00000000 00:00 0 
738368000000-73836855e000 rw-p 00000000 00:00 0 
73836855e000-73836c000000 ---p 00000000 00:00 0 
73836c000000-73836c20c000 rw-p 00000000 00:00 0 
73836c20c000-738370000000 ---p 00000000 00:00 0 
738370000000-738370253000 rw-p 00000000 00:00 0 
738370253000-738374000000 ---p 00000000 00:00 0 
738374000000-73837405d000 rw-p 00000000 00:00 0 
73837405d000-738378000000 ---p 00000000 00:00 0 
738378000000-738378021000 rw-p 00000000 00:00 0 
738378021000-73837c000000 ---p 00000000 00:00 0 
73837c000000-73837c021000 rw-p 00000000 00:00 0 
73837c021000-738380000000 ---p 00000000 00:00 0 
738380000000-738380021000 rw-p 00000000 00:00 0 
738380021000-738384000000 ---p 00000000 00:00 0 
738384000000-738384021000 rw-p 00000000 00:00 0 
738384021000-738388000000 ---p 00000000 00:00 0 
738388000000-7383885da000 rw-p 00000000 00:00 0 
7383885da000-73838c000000 ---p 00000000 00:00 0 
73838c000000-73838c2a2000 rw-p 00000000 00:00 0 
73838c2a2000-738390000000 ---p 00000000 00:00 0 
738390000000-738390021000 rw-p 00000000 00:00 0 
738390021000-738394000000 ---p 00000000 00:00 0 
738394000000-738394021000 rw-p 00000000 00:00 0 
738394021000-738398000000 ---p 00000000 00:00 0 
738398000000-738398021000 rw-p 00000000 00:00 0 
738398021000-73839c000000 ---p 00000000 00:00 0 
73839c000000-73839c021000 rw-p 00000000 00:00 0 
73839c021000-7383a0000000 ---p 00000000 00:00 0 
7383a0000000-7383a0021000 rw-p 00000000 00:00 0 
7383a0021000-7383a4000000 ---p 00000000 00:00 0 
7383a4d0d000-7383a50f5000 rw-p 00000000 00:00 0 
7383a50f5000-7383a50f9000 ---p 00000000 00:00 0 
7383a50f9000-7383a51f5000 rw-p 00000000 00:00 0 
7383a51f5000-7383a51f9000 ---p 00000000 00:00 0 
7383a51f9000-7383a52f5000 rw-p 00000000 00:00 0 
7383a52f5000-7383a52f6000 ---p 00000000 00:00 0 
7383a52f6000-7383a53f6000 rw-p 00000000 00:00 0 
7383a53f6000-7383a53f7000 ---p 00000000 00:00 0 
7383a53f7000-7383a54f7000 rw-p 00000000 00:00 0 
7383a54f7000-7383a54f8000 ---p 00000000 00:00 0 
7383a54f8000-7383a55f8000 rw-p 00000000 00:00 0 
7383a55f8000-7383a55f9000 ---p 00000000 00:00 0 
7383a55f9000-7383a56f9000 rw-p 00000000 00:00 0 
7383a56f9000-7383a56fa000 ---p 00000000 00:00 0 
7383a56fa000-7383a57fa000 rw-p 00000000 00:00 0 
7383a57fa000-7383a57fb000 ---p 00000000 00:00 0 
7383a57fb000-7383a5bfb000 rw-p 00000000 00:00 0 
7383a5bfb000-7383a5bfc000 ---p 00000000 00:00 0 
7383a5bfc000-7383a5ffc000 rw-p 00000000 00:00 0 
7383a5ffc000-7383a5ffd000 ---p 00000000 00:00 0 
7383a5ffd000-7383a63fd000 rw-p 00000000 00:00 0 
7383a63fd000-7383a63fe000 ---p 00000000 00:00 0 
7383a63fe000-7383a67fe000 rw-p 00000000 00:00 0 
7383a67fe000-7383a67ff000 ---p 00000000 00:00 0 
7383a67ff000-7383a6bff000 rw-p 00000000 00:00 0 
7383a6bff000-7383a6c00000 ---p 00000000 00:00 0 
7383a6c00000-7383a7000000 rw-p 00000000 00:00 0 
7383a7000000-7383a7190000 rw-p 00000000 00:00 0 
7383a7190000-7383a7400000 ---p 00000000 00:00 0 
7383a7400000-7383a76e0000 rw-p 00000000 00:00 0 
7383a76e0000-7383ab000000 ---p 00000000 00:00 0 
7383ab000000-7383abbca000 rw-p 00001000 103:01 75498865                  /home/grishberg/.gradle/jdks/eclipse_adoptium-17-amd64-linux/jdk-17.0.19+10/lib/server/classes.jsa
7383abbca000-7383ac000000 ---p 00000000 00:00 0 
7383ac000000-7383ac040000 rw-p 00000000 00:00 0 
7383ac040000-7383ac070000 rw-p 00000000 00:00 0 
7383ac070000-7383ac080000 ---p 00000000 00:00 0 
7383ac080000-7383ac090000 rw-p 00000000 00:00 0 
7383ac090000-7383ec000000 ---p 00000000 00:00 0 
7383ec000000-7383ec021000 rw-p 00000000 00:00 0 
7383ec021000-7383f0000000 ---p 00000000 00:00 0 
7383f0000000-7383f0021000 rw-p 00000000 00:00 0 
7383f0021000-7383f4000000 ---p 00000000 00:00 0 
7383f4000000-7383f4021000 rw-p 00000000 00:00 0 
7383f4021000-7383f8000000 ---p 00000000 00:00 0 
7383f80f6000-7383f80f7000 ---p 00000000 00:00 0 
7383f80f7000-7383f81f7000 rw-p 00000000 00:00 0 
7383f81f7000-7383f81f8000 ---p 00000000 00:00 0 
7383f81f8000-7383f82f8000 rw-p 00000000 00:00 0 
7383f82f8000-7383f82f9000 ---p 00000000 00:00 0 
7383f82f9000-7383f83f9000 rw-p 00000000 00:00 0 
7383f83f9000-7383f83fa000 ---p 00000000 00:00 0 
7383f83fa000-7383f87fa000 rw-p 00000000 00:00 0 
7383f87fa000-7383f87fb000 ---p 00000000 00:00 0 
7383f87fb000-7383f8bfb000 rw-p 00000000 00:00 0 
7383f8bfb000-7383f8bfc000 ---p 00000000 00:00 0 
7383f8bfc000-7383f8ffc000 rw-p 00000000 00:00 0 
7383f8ffc000-7383f8ffd000 ---p 00000000 00:00 0 
7383f8ffd000-7383f93fd000 rw-p 00000000 00:00 0 
7383f93fd000-7383f93fe000 ---p 00000000 00:00 0 
7383f93fe000-7383f97fe000 rw-p 00000000 00:00 0 
7383f97fe000-7383f97ff000 ---p 00000000 00:00 0 
7383f97ff000-7383f9bff000 rw-p 00000000 00:00 0 
7383f9bff000-7383f9c00000 ---p 00000000 00:00 0 
7383f9c00000-7383fa000000 rw-p 00000000 00:00 0 
7383fa000000-7383fc021000 rw-p 00000000 00:00 0 
7383fc021000-738400000000 ---p 00000000 00:00 0 
738400000000-738400021000 rw-p 00000000 00:00 0 
738400021000-738404000000 ---p 00000000 00:00 0 
738404000000-738404021000 rw-p 00000000 00:00 0 
738404021000-738408000000 ---p 00000000 00:00 0 
738408043000-738408044000 ---p 00000000 00:00 0 
738408044000-738408144000 rw-p 00000000 00:00 0 
7384081fc000-7384081fd000 ---p 00000000 00:00 0 
7384081fd000-7384082fd000 rw-p 00000000 00:00 0 
7384082fd000-7384082fe000 ---p 00000000 00:00 0 
7384082fe000-7384083fe000 rw-p 00000000 00:00 0 
7384083fe000-7384083ff000 ---p 00000000 00:00 0 
7384083ff000-7384087ff000 rw-p 00000000 00:00 0 
7384087ff000-738408800000 ---p 00000000 00:00 0 
738408800000-738408c00000 rw-p 00000000 00:00 0 
738408c00000-738408cb9000 r--p 00000000 103:01 51523275                  /tmp/manifold3d5015121150536734497/libmanifold.so
738408cb9000-738408f04000 r-xp 000b9000 103:01 51523275                  /tmp/manifold3d5015121150536734497/libmanifold.so
738408f04000-738408f77000 r--p 00304000 103:01 51523275                  /tmp/manifold3d5015121150536734497/libmanifold.so
738408f77000-738408f85000 r--p 00376000 103:01 51523275                  /tmp/manifold3d5015121150536734497/libmanifold.so
738408f85000-738408f8a000 rw-p 00384000 103:01 51523275                  /tmp/manifold3d5015121150536734497/libmanifold.so
738408f8a000-738408f9f000 rw-p 00000000 00:00 0 
73840902e000-73840902f000 ---p 00000000 00:00 0 
73840902f000-73840912f000 rw-p 00000000 00:00 0 
73840912f000-738409133000 ---p 00000000 00:00 0 
738409133000-73840922f000 rw-p 00000000 00:00 0 
73840922f000-738409233000 ---p 00000000 00:00 0 
738409233000-73840932f000 rw-p 00000000 00:00 0 
73840932f000-738409333000 ---p 00000000 00:00 0 
738409333000-73840942f000 rw-p 00000000 00:00 0 
73840942f000-738409433000 ---p 00000000 00:00 0 
738409433000-73840952f000 rw-p 00000000 00:00 0 
73840952f000-738409533000 ---p 00000000 00:00 0 
738409533000-73840962f000 rw-p 00000000 00:00 0 
73840962f000-738409633000 ---p 00000000 00:00 0 
738409633000-73840972f000 rw-p 00000000 00:00 0 
73840972f000-738409733000 ---p 00000000 00:00 0 
738409733000-73840982f000 rw-p 00000000 00:00 0 
73840982f000-738409833000 ---p 00000000 00:00 0 
738409833000-73840992f000 rw-p 00000000 00:00 0 
73840992f000-738409933000 ---p 00000000 00:00 0 
738409933000-738409a2f000 rw-p 00000000 00:00 0 
738409a2f000-738409a33000 ---p 00000000 00:00 0 
738409a33000-738409b2f000 rw-p 00000000 00:00 0 
738409b2f000-738409b33000 ---p 00000000 00:00 0 
738409b33000-738409c2f000 rw-p 00000000 00:00 0 
738409c2f000-738409c30000 ---p 00000000 00:00 0 
738409c30000-738409d30000 rw-p 00000000 00:00 0 
738409d30000-738409d34000 ---p 00000000 00:00 0 
738409d34000-738409e30000 rw-p 00000000 00:00 0 
738409e30000-738409e34000 ---p 00000000 00:00 0 
738409e34000-738409f30000 rw-p 00000000 00:00 0 
738409f30000-73840bdb0000 rw-p 00000000 00:00 0 
73840bdb0000-738427e30000 ---p 00000000 00:00 0 
738427e30000-738429d30000 rw-p 00000000 00:00 0 
738429d30000-738445db0000 ---p 00000000 00:00 0 
738445db0000-738446200000 rw-p 00000000 00:00 0 
738446200000-738449a10000 ---p 00000000 00:00 0 
738449a10000-738449df0000 rw-p 00000000 00:00 0 
738449df0000-73844d600000 ---p 00000000 00:00 0 
73844d600000-73844d9e0000 rw-p 00000000 00:00 0 
73844d9e0000-7384511f0000 ---p 00000000 00:00 0 
7384511f0000-738451200000 rw-p 00000000 00:00 0 
738451200000-738451470000 rwxp 00000000 00:00 0 
738451470000-73845865f000 ---p 00000000 00:00 0 
73845865f000-73845893f000 rwxp 00000000 00:00 0 
73845893f000-738458da0000 ---p 00000000 00:00 0 
738458da0000-738459010000 rwxp 00000000 00:00 0 
738459010000-738460200000 ---p 00000000 00:00 0 
738460200000-738467e3b000 r--s 00000000 103:01 75498899                  /home/grishberg/.gradle/jdks/eclipse_adoptium-17-amd64-linux/jdk-17.0.19+10/lib/modules
738467f00000-738467f04000 ---p 00000000 00:00 0 
738467f04000-738468000000 rw-p 00000000 00:00 0 
738468000000-73846843f000 rw-p 00000000 00:00 0 
73846843f000-73846c004000 ---p 00000000 00:00 0 
73846c004000-73846c100000 rw-p 00000000 00:00 0 
73846c100000-73846c104000 ---p 00000000 00:00 0 
73846c104000-73846c200000 rw-p 00000000 00:00 0 
73846c200000-73846c204000 ---p 00000000 00:00 0 
73846c204000-73846c300000 rw-p 00000000 00:00 0 
73846c300000-73846c304000 ---p 00000000 00:00 0 
73846c304000-73846c400000 rw-p 00000000 00:00 0 
73846c400000-73846c975000 r--p 00000000 103:01 90475490                  /usr/lib/locale/locale-archive
73846c97b000-73846c987000 r--p 00000000 103:01 51523277                  /tmp/manifold3d5015121150536734497/libmanifoldc.so
73846c987000-73846c998000 r-xp 0000c000 103:01 51523277                  /tmp/manifold3d5015121150536734497/libmanifoldc.so
73846c998000-73846c99f000 r--p 0001d000 103:01 51523277                  /tmp/manifold3d5015121150536734497/libmanifoldc.so
73846c99f000-73846c9a0000 ---p 00024000 103:01 51523277                  /tmp/manifold3d5015121150536734497/libmanifoldc.so
73846c9a0000-73846c9a1000 r--p 00024000 103:01 51523277                  /tmp/manifold3d5015121150536734497/libmanifoldc.so
73846c9a1000-73846c9a2000 rw-p 00025000 103:01 51523277                  /tmp/manifold3d5015121150536734497/libmanifoldc.so
73846c9a2000-73846c9a6000 ---p 00000000 00:00 0 
73846c9a6000-73846caa2000 rw-p 00000000 00:00 0 
73846caa2000-73846caa6000 ---p 00000000 00:00 0 
73846caa6000-73846cba2000 rw-p 00000000 00:00 0 
73846cba2000-73846cba3000 ---p 00000000 00:00 0 
73846cba3000-73846cca3000 rw-p 00000000 00:00 0 
73846cca3000-73846cca8000 r--p 00000000 103:01 75498881                  /home/grishberg/.gradle/jdks/eclipse_adoptium-17-amd64-linux/jdk-17.0.19+10/lib/libjsvml.so
73846cca8000-73846cce9000 r-xp 00005000 103:01 75498881                  /home/grishberg/.gradle/jdks/eclipse_adoptium-17-amd64-linux/jdk-17.0.19+10/lib/libjsvml.so
73846cce9000-73846cd72000 r--p 00046000 103:01 75498881                  /home/grishberg/.gradle/jdks/eclipse_adoptium-17-amd64-linux/jdk-17.0.19+10/lib/libjsvml.so
73846cd72000-73846cd73000 r--p 000ce000 103:01 75498881                  /home/grishberg/.gradle/jdks/eclipse_adoptium-17-amd64-linux/jdk-17.0.19+10/lib/libjsvml.so
73846cd73000-73846cd74000 rw-p 000cf000 103:01 75498881                  /home/grishberg/.gradle/jdks/eclipse_adoptium-17-amd64-linux/jdk-17.0.19+10/lib/libjsvml.so
73846cd74000-73846ce50000 rw-p 00000000 00:00 0 
73846ce50000-73846ce51000 ---p 00000000 00:00 0 
73846ce51000-73846cf51000 rw-p 00000000 00:00 0 
73846cf51000-73846cf52000 ---p 00000000 00:00 0 
73846cf52000-73846d052000 rw-p 00000000 00:00 0 
73846d052000-73846dd5f000 rw-p 00000000 00:00 0 
73846dd5f000-73846dd60000 ---p 00000000 00:00 0 
73846dd60000-73846de60000 rw-p 00000000 00:00 0 
73846de60000-73846de61000 ---p 00000000 00:00 0 
73846de61000-73846df61000 rw-p 00000000 00:00 0 
73846df61000-73846df62000 ---p 00000000 00:00 0 
73846df62000-73846e062000 rw-p 00000000 00:00 0 
73846e062000-73846ef1c000 rw-p 00000000 00:00 0 
73846ef1c000-73846f000000 ---p 00000000 00:00 0 
73846f000000-73846f253000 r--p 00000000 103:01 75498866                  /home/grishberg/.gradle/jdks/eclipse_adoptium-17-amd64-linux/jdk-17.0.19+10/lib/server/libjvm.so
73846f253000-73846ff7b000 r-xp 00253000 103:01 75498866                  /home/grishberg/.gradle/jdks/eclipse_adoptium-17-amd64-linux/jdk-17.0.19+10/lib/server/libjvm.so
73846ff7b000-738470208000 r--p 00f7b000 103:01 75498866                  /home/grishberg/.gradle/jdks/eclipse_adoptium-17-amd64-linux/jdk-17.0.19+10/lib/server/libjvm.so
738470208000-738470209000 ---p 01208000 103:01 75498866                  /home/grishberg/.gradle/jdks/eclipse_adoptium-17-amd64-linux/jdk-17.0.19+10/lib/server/libjvm.so
738470209000-7384702c2000 r--p 01208000 103:01 75498866                  /home/grishberg/.gradle/jdks/eclipse_adoptium-17-amd64-linux/jdk-17.0.19+10/lib/server/libjvm.so
7384702c2000-7384702f7000 rw-p 012c1000 103:01 75498866                  /home/grishberg/.gradle/jdks/eclipse_adoptium-17-amd64-linux/jdk-17.0.19+10/lib/server/libjvm.so
7384702f7000-738470352000 rw-p 00000000 00:00 0 
73847035c000-738470361000 r--p 00000000 103:01 51523279                  /tmp/manifold3d5015121150536734497/libmanifold_jni.so
738470361000-738470364000 r-xp 00005000 103:01 51523279                  /tmp/manifold3d5015121150536734497/libmanifold_jni.so
738470364000-738470365000 r--p 00008000 103:01 51523279                  /tmp/manifold3d5015121150536734497/libmanifold_jni.so
738470365000-738470366000 r--p 00009000 103:01 51523279                  /tmp/manifold3d5015121150536734497/libmanifold_jni.so
738470366000-738470367000 rw-p 0000a000 103:01 51523279                  /tmp/manifold3d5015121150536734497/libmanifold_jni.so
738470388000-7384703c9000 rw-p 00000000 00:00 0 
7384703cf000-738470400000 rw-p 00000000 00:00 0 
738470400000-73847049d000 r--p 00000000 103:01 90443236                  /usr/lib/x86_64-linux-gnu/libstdc++.so.6.0.33
73847049d000-7384705e5000 r-xp 0009d000 103:01 90443236                  /usr/lib/x86_64-linux-gnu/libstdc++.so.6.0.33
7384705e5000-73847066c000 r--p 001e5000 103:01 90443236                  /usr/lib/x86_64-linux-gnu/libstdc++.so.6.0.33
73847066c000-738470677000 r--p 0026b000 103:01 90443236                  /usr/lib/x86_64-linux-gnu/libstdc++.so.6.0.33
738470677000-73847067a000 rw-p 00276000 103:01 90443236                  /usr/lib/x86_64-linux-gnu/libstdc++.so.6.0.33
73847067a000-73847067e000 rw-p 00000000 00:00 0 
738470680000-738470682000 r--p 00000000 103:01 75498880                  /home/grishberg/.gradle/jdks/eclipse_adoptium-17-amd64-linux/jdk-17.0.19+10/lib/libzip.so
738470682000-738470695000 r-xp 00002000 103:01 75498880                  /home/grishberg/.gradle/jdks/eclipse_adoptium-17-amd64-linux/jdk-17.0.19+10/lib/libzip.so
738470695000-73847069c000 r--p 00015000 103:01 75498880                  /home/grishberg/.gradle/jdks/eclipse_adoptium-17-amd64-linux/jdk-17.0.19+10/lib/libzip.so
73847069c000-73847069d000 ---p 0001c000 103:01 75498880                  /home/grishberg/.gradle/jdks/eclipse_adoptium-17-amd64-linux/jdk-17.0.19+10/lib/libzip.so
73847069d000-73847069e000 r--p 0001c000 103:01 75498880                  /home/grishberg/.gradle/jdks/eclipse_adoptium-17-amd64-linux/jdk-17.0.19+10/lib/libzip.so
73847069e000-73847069f000 rw-p 0001d000 103:01 75498880                  /home/grishberg/.gradle/jdks/eclipse_adoptium-17-amd64-linux/jdk-17.0.19+10/lib/libzip.so
73847069f000-73847071c000 rw-p 00000000 00:00 0 
73847071c000-738470800000 ---p 00000000 00:00 0 
738470800000-738470828000 r--p 00000000 103:01 90442148                  /usr/lib/x86_64-linux-gnu/libc.so.6
738470828000-7384709b0000 r-xp 00028000 103:01 90442148                  /usr/lib/x86_64-linux-gnu/libc.so.6
7384709b0000-7384709ff000 r--p 001b0000 103:01 90442148                  /usr/lib/x86_64-linux-gnu/libc.so.6
7384709ff000-738470a03000 r--p 001fe000 103:01 90442148                  /usr/lib/x86_64-linux-gnu/libc.so.6
738470a03000-738470a05000 rw-p 00202000 103:01 90442148                  /usr/lib/x86_64-linux-gnu/libc.so.6
738470a05000-738470a12000 rw-p 00000000 00:00 0 
738470a17000-738470a1b000 ---p 00000000 00:00 0 
738470a1b000-738470b17000 rw-p 00000000 00:00 0 
738470b17000-738470b27000 r--p 00000000 103:01 90442151                  /usr/lib/x86_64-linux-gnu/libm.so.6
738470b27000-738470ba6000 r-xp 00010000 103:01 90442151                  /usr/lib/x86_64-linux-gnu/libm.so.6
738470ba6000-738470bfe000 r--p 0008f000 103:01 90442151                  /usr/lib/x86_64-linux-gnu/libm.so.6
738470bfe000-738470bff000 r--p 000e7000 103:01 90442151                  /usr/lib/x86_64-linux-gnu/libm.so.6
738470bff000-738470c00000 rw-p 000e8000 103:01 90442151                  /usr/lib/x86_64-linux-gnu/libm.so.6
738470c00000-738470cb9000 r--p 00000000 103:01 51521774                  /home/grishberg/projects/java/opengl_kbd_render/cad3d/build/manifold-natives/manifold3d/natives/linux-x86_64/libmanifold.so.3
738470cb9000-738470f04000 r-xp 000b9000 103:01 51521774                  /home/grishberg/projects/java/opengl_kbd_render/cad3d/build/manifold-natives/manifold3d/natives/linux-x86_64/libmanifold.so.3
738470f04000-738470f77000 r--p 00304000 103:01 51521774                  /home/grishberg/projects/java/opengl_kbd_render/cad3d/build/manifold-natives/manifold3d/natives/linux-x86_64/libmanifold.so.3
738470f77000-738470f85000 r--p 00376000 103:01 51521774                  /home/grishberg/projects/java/opengl_kbd_render/cad3d/build/manifold-natives/manifold3d/natives/linux-x86_64/libmanifold.so.3
738470f85000-738470f8a000 rw-p 00384000 103:01 51521774                  /home/grishberg/projects/java/opengl_kbd_render/cad3d/build/manifold-natives/manifold3d/natives/linux-x86_64/libmanifold.so.3
738470f8a000-738470f9f000 rw-p 00000000 00:00 0 
738470fa4000-738470fa8000 r--p 00000000 103:01 75498890                  /home/grishberg/.gradle/jdks/eclipse_adoptium-17-amd64-linux/jdk-17.0.19+10/lib/libnet.so
738470fa8000-738470fb6000 r-xp 00004000 103:01 75498890                  /home/grishberg/.gradle/jdks/eclipse_adoptium-17-amd64-linux/jdk-17.0.19+10/lib/libnet.so
738470fb6000-738470fba000 r--p 00012000 103:01 75498890                  /home/grishberg/.gradle/jdks/eclipse_adoptium-17-amd64-linux/jdk-17.0.19+10/lib/libnet.so
738470fba000-738470fbb000 r--p 00015000 103:01 75498890                  /home/grishberg/.gradle/jdks/eclipse_adoptium-17-amd64-linux/jdk-17.0.19+10/lib/libnet.so
738470fbb000-738470fbc000 rw-p 00016000 103:01 75498890                  /home/grishberg/.gradle/jdks/eclipse_adoptium-17-amd64-linux/jdk-17.0.19+10/lib/libnet.so
738470fbc000-738470fc3000 r--p 00000000 103:01 75498910                  /home/grishberg/.gradle/jdks/eclipse_adoptium-17-amd64-linux/jdk-17.0.19+10/lib/libnio.so
738470fc3000-738470fcc000 r-xp 00007000 103:01 75498910                  /home/grishberg/.gradle/jdks/eclipse_adoptium-17-amd64-linux/jdk-17.0.19+10/lib/libnio.so
738470fcc000-738470fd0000 r--p 00010000 103:01 75498910                  /home/grishberg/.gradle/jdks/eclipse_adoptium-17-amd64-linux/jdk-17.0.19+10/lib/libnio.so
738470fd0000-738470fd1000 ---p 00014000 103:01 75498910                  /home/grishberg/.gradle/jdks/eclipse_adoptium-17-amd64-linux/jdk-17.0.19+10/lib/libnio.so
738470fd1000-738470fd2000 r--p 00014000 103:01 75498910                  /home/grishberg/.gradle/jdks/eclipse_adoptium-17-amd64-linux/jdk-17.0.19+10/lib/libnio.so
738470fd2000-738470fd3000 rw-p 00015000 103:01 75498910                  /home/grishberg/.gradle/jdks/eclipse_adoptium-17-amd64-linux/jdk-17.0.19+10/lib/libnio.so
738470fd3000-738470fd9000 rw-p 00000000 00:00 0 
738470fd9000-738470fe2000 ---p 00000000 00:00 0 
738470fe2000-738470ff0000 r--p 00000000 103:01 75498920                  /home/grishberg/.gradle/jdks/eclipse_adoptium-17-amd64-linux/jdk-17.0.19+10/lib/libjava.so
738470ff0000-738471002000 r-xp 0000e000 103:01 75498920                  /home/grishberg/.gradle/jdks/eclipse_adoptium-17-amd64-linux/jdk-17.0.19+10/lib/libjava.so
738471002000-738471008000 r--p 00020000 103:01 75498920                  /home/grishberg/.gradle/jdks/eclipse_adoptium-17-amd64-linux/jdk-17.0.19+10/lib/libjava.so
738471008000-738471009000 ---p 00026000 103:01 75498920                  /home/grishberg/.gradle/jdks/eclipse_adoptium-17-amd64-linux/jdk-17.0.19+10/lib/libjava.so
738471009000-73847100a000 r--p 00026000 103:01 75498920                  /home/grishberg/.gradle/jdks/eclipse_adoptium-17-amd64-linux/jdk-17.0.19+10/lib/libjava.so
73847100a000-73847100b000 rw-p 00027000 103:01 75498920                  /home/grishberg/.gradle/jdks/eclipse_adoptium-17-amd64-linux/jdk-17.0.19+10/lib/libjava.so
73847100b000-73847100c000 rw-p 00000000 00:00 0 
73847100c000-738471010000 r--p 00000000 103:01 75498904                  /home/grishberg/.gradle/jdks/eclipse_adoptium-17-amd64-linux/jdk-17.0.19+10/lib/libjimage.so
738471010000-738471023000 r-xp 00004000 103:01 75498904                  /home/grishberg/.gradle/jdks/eclipse_adoptium-17-amd64-linux/jdk-17.0.19+10/lib/libjimage.so
738471023000-738471029000 r--p 00017000 103:01 75498904                  /home/grishberg/.gradle/jdks/eclipse_adoptium-17-amd64-linux/jdk-17.0.19+10/lib/libjimage.so
738471029000-73847102b000 r--p 0001c000 103:01 75498904                  /home/grishberg/.gradle/jdks/eclipse_adoptium-17-amd64-linux/jdk-17.0.19+10/lib/libjimage.so
73847102b000-73847102c000 rw-p 0001e000 103:01 75498904                  /home/grishberg/.gradle/jdks/eclipse_adoptium-17-amd64-linux/jdk-17.0.19+10/lib/libjimage.so
73847102c000-73847102d000 r--p 00000000 103:01 90442162                  /usr/lib/x86_64-linux-gnu/librt.so.1
73847102d000-73847102e000 r-xp 00001000 103:01 90442162                  /usr/lib/x86_64-linux-gnu/librt.so.1
73847102e000-73847102f000 r--p 00002000 103:01 90442162                  /usr/lib/x86_64-linux-gnu/librt.so.1
73847102f000-738471030000 r--p 00002000 103:01 90442162                  /usr/lib/x86_64-linux-gnu/librt.so.1
738471030000-738471031000 rw-p 00003000 103:01 90442162                  /usr/lib/x86_64-linux-gnu/librt.so.1
738471031000-738471036000 rw-p 00000000 00:00 0 
738471036000-73847103a000 r--p 00000000 103:01 90443244                  /usr/lib/x86_64-linux-gnu/libgcc_s.so.1
73847103a000-73847105e000 r-xp 00004000 103:01 90443244                  /usr/lib/x86_64-linux-gnu/libgcc_s.so.1
73847105e000-738471062000 r--p 00028000 103:01 90443244                  /usr/lib/x86_64-linux-gnu/libgcc_s.so.1
738471062000-738471063000 r--p 0002b000 103:01 90443244                  /usr/lib/x86_64-linux-gnu/libgcc_s.so.1
738471063000-738471064000 rw-p 0002c000 103:01 90443244                  /usr/lib/x86_64-linux-gnu/libgcc_s.so.1
738471064000-738471065000 r--p 00000000 103:01 90442150                  /usr/lib/x86_64-linux-gnu/libdl.so.2
738471065000-738471066000 r-xp 00001000 103:01 90442150                  /usr/lib/x86_64-linux-gnu/libdl.so.2
738471066000-738471067000 r--p 00002000 103:01 90442150                  /usr/lib/x86_64-linux-gnu/libdl.so.2
738471067000-738471068000 r--p 00002000 103:01 90442150                  /usr/lib/x86_64-linux-gnu/libdl.so.2
738471068000-738471069000 rw-p 00003000 103:01 90442150                  /usr/lib/x86_64-linux-gnu/libdl.so.2
738471069000-73847106b000 rw-p 00000000 00:00 0 
73847106b000-73847106c000 r--p 00000000 103:01 90442160                  /usr/lib/x86_64-linux-gnu/libpthread.so.0
73847106c000-73847106d000 r-xp 00001000 103:01 90442160                  /usr/lib/x86_64-linux-gnu/libpthread.so.0
73847106d000-73847106e000 r--p 00002000 103:01 90442160                  /usr/lib/x86_64-linux-gnu/libpthread.so.0
73847106e000-73847106f000 r--p 00002000 103:01 90442160                  /usr/lib/x86_64-linux-gnu/libpthread.so.0
73847106f000-738471070000 rw-p 00003000 103:01 90442160                  /usr/lib/x86_64-linux-gnu/libpthread.so.0
738471071000-738471078000 r--s 00000000 103:01 90442137                  /usr/lib/x86_64-linux-gnu/gconv/gconv-modules.cache
738471078000-738471080000 rw-s 00000000 103:01 51523261                  /tmp/hsperfdata_grishberg/63498
738471080000-738471081000 ---p 00000000 00:00 0 
738471081000-738471082000 r--p 00000000 00:00 0 
738471082000-738471083000 ---p 00000000 00:00 0 
738471083000-738471086000 r--p 00000000 103:01 75498874                  /home/grishberg/.gradle/jdks/eclipse_adoptium-17-amd64-linux/jdk-17.0.19+10/lib/libjli.so
738471086000-738471096000 r-xp 00003000 103:01 75498874                  /home/grishberg/.gradle/jdks/eclipse_adoptium-17-amd64-linux/jdk-17.0.19+10/lib/libjli.so
738471096000-73847109d000 r--p 00013000 103:01 75498874                  /home/grishberg/.gradle/jdks/eclipse_adoptium-17-amd64-linux/jdk-17.0.19+10/lib/libjli.so
73847109d000-73847109e000 r--p 00019000 103:01 75498874                  /home/grishberg/.gradle/jdks/eclipse_adoptium-17-amd64-linux/jdk-17.0.19+10/lib/libjli.so
73847109e000-73847109f000 rw-p 0001a000 103:01 75498874                  /home/grishberg/.gradle/jdks/eclipse_adoptium-17-amd64-linux/jdk-17.0.19+10/lib/libjli.so
73847109f000-7384710ab000 r--p 00000000 103:01 51521778                  /home/grishberg/projects/java/opengl_kbd_render/cad3d/build/manifold-natives/manifold3d/natives/linux-x86_64/libmanifoldc.so.3
7384710ab000-7384710bc000 r-xp 0000c000 103:01 51521778                  /home/grishberg/projects/java/opengl_kbd_render/cad3d/build/manifold-natives/manifold3d/natives/linux-x86_64/libmanifoldc.so.3
7384710bc000-7384710c3000 r--p 0001d000 103:01 51521778                  /home/grishberg/projects/java/opengl_kbd_render/cad3d/build/manifold-natives/manifold3d/natives/linux-x86_64/libmanifoldc.so.3
7384710c3000-7384710c4000 ---p 00024000 103:01 51521778                  /home/grishberg/projects/java/opengl_kbd_render/cad3d/build/manifold-natives/manifold3d/natives/linux-x86_64/libmanifoldc.so.3
7384710c4000-7384710c5000 r--p 00024000 103:01 51521778                  /home/grishberg/projects/java/opengl_kbd_render/cad3d/build/manifold-natives/manifold3d/natives/linux-x86_64/libmanifoldc.so.3
7384710c5000-7384710c6000 rw-p 00025000 103:01 51521778                  /home/grishberg/projects/java/opengl_kbd_render/cad3d/build/manifold-natives/manifold3d/natives/linux-x86_64/libmanifoldc.so.3
7384710c6000-7384710c8000 rw-p 00000000 00:00 0 
7384710c8000-7384710cc000 r--p 00000000 00:00 0                          [vvar]
7384710cc000-7384710ce000 r--p 00000000 00:00 0                          [vvar_vclock]
7384710ce000-7384710d0000 r-xp 00000000 00:00 0                          [vdso]
7384710d0000-7384710d1000 r--p 00000000 103:01 90442145                  /usr/lib/x86_64-linux-gnu/ld-linux-x86-64.so.2
7384710d1000-7384710fc000 r-xp 00001000 103:01 90442145                  /usr/lib/x86_64-linux-gnu/ld-linux-x86-64.so.2
7384710fc000-738471106000 r--p 0002c000 103:01 90442145                  /usr/lib/x86_64-linux-gnu/ld-linux-x86-64.so.2
738471106000-738471108000 r--p 00036000 103:01 90442145                  /usr/lib/x86_64-linux-gnu/ld-linux-x86-64.so.2
738471108000-73847110a000 rw-p 00038000 103:01 90442145                  /usr/lib/x86_64-linux-gnu/ld-linux-x86-64.so.2
7ffd3eea8000-7ffd3eeca000 rw-p 00000000 00:00 0                          [stack]
ffffffffff600000-ffffffffff601000 --xp 00000000 00:00 0                  [vsyscall]


VM Arguments:
jvm_args: -Dfile.encoding=UTF-8 -Duser.country=US -Duser.language=en -Duser.variant 
java_command: com.github.grishberg.cad3d.cli.CliRunnerKt --model matrix_right
java_class_path (initial): /home/grishberg/projects/java/opengl_kbd_render/cad3d/build/classes/java/main:/home/grishberg/projects/java/opengl_kbd_render/cad3d/build/classes/kotlin/main:/home/grishberg/projects/java/opengl_kbd_render/cad3d/build/resources/main:/home/grishberg/projects/java/opengl_kbd_render/common/build/libs/common-1.0.1.jar:/home/grishberg/projects/java/opengl_kbd_render/kbd_core/build/libs/kbd_core-1.0.1.jar:/home/grishberg/projects/java/opengl_kbd_render/plugin/build/libs/plugin-1.0.jar:/home/grishberg/projects/java/opengl_kbd_render/javascad/build/libs/javascad-1.0.jar:/home/grishberg/projects/java/opengl_kbd_render/libs/manifold3d-3.2.13.jar:/home/grishberg/.gradle/caches/modules-2/files-2.1/org.jetbrains.kotlin/kotlin-stdlib-jdk8/1.9.22/dea0c11e2fa503ab891c8a090e3b54754472975d/kotlin-stdlib-jdk8-1.9.22.jar:/home/grishberg/.gradle/caches/modules-2/files-2.1/org.jetbrains.kotlinx/kotlinx-coroutines-core-jvm/1.8.0/ac1dc37a30a93150b704022f8d895ee1bd3a36b3/kotlinx-coroutines-core-jvm-1.8.0.jar:/home/grishberg/.gradle/caches/modules-2/files-2.1/org.jetbrains.kotlin/kotlin-stdlib-jdk7/1.9.22/c4b17283ad7939e778989663f8301d871987fa5e/kotlin-stdlib-jdk7-1.9.22.jar:/home/grishberg/.gradle/caches/modules-2/files-2.1/org.jetbrains.kotlinx/kotlinx-serialization-core-jvm/1.6.2/384c2492c987f1d92bfa186580de058c284b2ad9/kotlinx-serialization-core-jvm-1.6.2.jar:/home/grishberg/.gradle/caches/modules-2/files-2.1/org.jetbrains.kotlinx/kotlinx-serialization-json-jvm/1.6.2/8f4df208edf91a3012e7a27ccd02f386d4bfc8c6/kotlinx-serialization-json-jvm-1.6.2.jar:/home/grishberg/.gradle/caches/modules-2/files-2.1/org.jetbrains.kotlin/kotlin-stdlib/1.9.22/d6c44cd08d8f3f9bece8101216dbe6553365c6e3/kotlin-stdlib-1.9.22.jar:/home/grishberg/.gradle/caches/modules-2/files-2.1/org.jetbrains/annotations/23.0.0/8cc20c07506ec18e0834947b84a864bfc094484e/annotations-23.0.0.jar
Launcher Type: SUN_STANDARD

[Global flags]
     intx CICompilerCount                          = 12                                        {product} {ergonomic}
     uint ConcGCThreads                            = 3                                         {product} {ergonomic}
     uint G1ConcRefinementThreads                  = 13                                        {product} {ergonomic}
   size_t G1HeapRegionSize                         = 16777216                                  {product} {ergonomic}
    uintx GCDrainStackTargetSize                   = 64                                        {product} {ergonomic}
   size_t InitialHeapSize                          = 2046820352                                {product} {ergonomic}
   size_t MarkStackSize                            = 4194304                                   {product} {ergonomic}
   size_t MaxHeapSize                              = 32178700288                               {product} {ergonomic}
   size_t MaxNewSize                               = 19293798400                               {product} {ergonomic}
   size_t MinHeapDeltaBytes                        = 16777216                                  {product} {ergonomic}
   size_t MinHeapSize                              = 16777216                                  {product} {ergonomic}
    uintx NonNMethodCodeHeapSize                   = 7602480                                {pd product} {ergonomic}
    uintx NonProfiledCodeHeapSize                  = 122027880                              {pd product} {ergonomic}
    uintx ProfiledCodeHeapSize                     = 122027880                              {pd product} {ergonomic}
    uintx ReservedCodeCacheSize                    = 251658240                              {pd product} {ergonomic}
     bool SegmentedCodeCache                       = true                                      {product} {ergonomic}
   size_t SoftMaxHeapSize                          = 32178700288                            {manageable} {ergonomic}
     bool UseCompressedClassPointers               = true                           {product lp64_product} {ergonomic}
     bool UseCompressedOops                        = true                           {product lp64_product} {ergonomic}
     bool UseG1GC                                  = true                                      {product} {ergonomic}

Logging:
Log output configuration:
 #0: stdout all=warning uptime,level,tags
 #1: stderr all=off uptime,level,tags

Environment Variables:
PATH=/home/grishberg/projects/ts/opencode/bot/venv/bin:/home/grishberg/android-sdk/platform-tools:/home/grishberg/.local/bin:/usr/local/sbin:/usr/local/bin:/usr/sbin:/usr/bin:/sbin:/bin:/usr/games:/usr/local/games:/snap/bin:/snap/bin
USERNAME=grishberg
LD_PRELOAD=/home/grishberg/projects/java/opengl_kbd_render/cad3d/build/manifold-natives/manifold3d/natives/linux-x86_64/libmanifold.so.3:/home/grishberg/projects/java/opengl_kbd_render/cad3d/build/manifold-natives/manifold3d/natives/linux-x86_64/libmanifoldc.so.3
SHELL=/bin/bash
DISPLAY=:0
LANG=en_US.UTF-8

Active Locale:
LC_ALL=en_US.UTF-8
LC_COLLATE=en_US.UTF-8
LC_CTYPE=en_US.UTF-8
LC_MESSAGES=en_US.UTF-8
LC_MONETARY=en_US.UTF-8
LC_NUMERIC=en_US.UTF-8
LC_TIME=en_US.UTF-8

Signal Handlers:
   SIGSEGV: crash_handler in libjvm.so, mask=11100100010111111101111111111110, flags=SA_RESTART|SA_SIGINFO, unblocked
    SIGBUS: crash_handler in libjvm.so, mask=11100100010111111101111111111110, flags=SA_RESTART|SA_SIGINFO, unblocked
    SIGFPE: crash_handler in libjvm.so, mask=11100100010111111101111111111110, flags=SA_RESTART|SA_SIGINFO, unblocked
   SIGPIPE: javaSignalHandler in libjvm.so, mask=11100100010111111101111111111110, flags=SA_RESTART|SA_SIGINFO, blocked
   SIGXFSZ: javaSignalHandler in libjvm.so, mask=11100100010111111101111111111110, flags=SA_RESTART|SA_SIGINFO, blocked
    SIGILL: crash_handler in libjvm.so, mask=11100100010111111101111111111110, flags=SA_RESTART|SA_SIGINFO, unblocked
   SIGUSR2: SR_handler in libjvm.so, mask=00000000000000000000000000000000, flags=SA_RESTART|SA_SIGINFO, blocked
    SIGHUP: UserHandler in libjvm.so, mask=11100100010111111101111111111110, flags=SA_RESTART|SA_SIGINFO, blocked
    SIGINT: UserHandler in libjvm.so, mask=11100100010111111101111111111110, flags=SA_RESTART|SA_SIGINFO, blocked
   SIGTERM: UserHandler in libjvm.so, mask=11100100010111111101111111111110, flags=SA_RESTART|SA_SIGINFO, blocked
   SIGQUIT: UserHandler in libjvm.so, mask=11100100010111111101111111111110, flags=SA_RESTART|SA_SIGINFO, blocked
   SIGTRAP: crash_handler in libjvm.so, mask=11100100010111111101111111111110, flags=SA_RESTART|SA_SIGINFO, unblocked


Periodic native trim disabled


---------------  S Y S T E M  ---------------

OS:
DISTRIB_ID=Ubuntu
DISTRIB_RELEASE=24.04
DISTRIB_CODENAME=noble
DISTRIB_DESCRIPTION="Ubuntu 24.04.4 LTS"
uname: Linux 6.17.0-35-generic #35~24.04.1-Ubuntu SMP PREEMPT_DYNAMIC Tue May 26 19:30:42 UTC 2 x86_64
OS uptime: 0 days 5:48 hours
libc: glibc 2.39 NPTL 2.39 
rlimit (soft/hard): STACK 8192k/infinity , CORE 0k/infinity , NPROC 496841/496841 , NOFILE 1048576/1048576 , AS infinity/infinity , CPU infinity/infinity , DATA infinity/infinity , FSIZE infinity/infinity , MEMLOCK 15919580k/15919580k
load average: 1.84 1.09 0.70

/proc/meminfo:
MemTotal:       127356652 kB
MemFree:        44739352 kB
MemAvailable:   84155204 kB
Buffers:          158008 kB
Cached:         43156576 kB
SwapCached:            0 kB
Active:         42130608 kB
Inactive:       38210584 kB
Active(anon):   40063524 kB
Inactive(anon):        0 kB
Active(file):    2067084 kB
Inactive(file): 38210584 kB
Unevictable:           0 kB
Mlocked:               0 kB
SwapTotal:       8388604 kB
SwapFree:        8388604 kB
Zswap:                 0 kB
Zswapped:              0 kB
Dirty:             16148 kB
Writeback:             0 kB
AnonPages:      37027176 kB
Mapped:          4233400 kB
Shmem:           3036928 kB
KReclaimable:     316772 kB
Slab:             584768 kB
SReclaimable:     316772 kB
SUnreclaim:       267996 kB
KernelStack:       23536 kB
PageTables:       111344 kB
SecPageTables:      2180 kB
NFS_Unstable:          0 kB
Bounce:                0 kB
WritebackTmp:          0 kB
CommitLimit:    72066928 kB
Committed_AS:   56257184 kB
VmallocTotal:   34359738367 kB
VmallocUsed:      165788 kB
VmallocChunk:          0 kB
Percpu:            15040 kB
HardwareCorrupted:     0 kB
AnonHugePages:         0 kB
ShmemHugePages:        0 kB
ShmemPmdMapped:        0 kB
FileHugePages:    321536 kB
FilePmdMapped:      2048 kB
CmaTotal:              0 kB
CmaFree:               0 kB
Unaccepted:            0 kB
Balloon:               0 kB
HugePages_Total:       0
HugePages_Free:        0
HugePages_Rsvd:        0
HugePages_Surp:        0
Hugepagesize:       2048 kB
Hugetlb:               0 kB
DirectMap4k:      508068 kB
DirectMap2M:    13033472 kB
DirectMap1G:    121634816 kB

/sys/kernel/mm/transparent_hugepage/enabled: always [madvise] never
/sys/kernel/mm/transparent_hugepage/hpage_pmd_size: 2097152
/sys/kernel/mm/transparent_hugepage/defrag (defrag/compaction efforts parameter): always defer defer+madvise [madvise] never

Process Memory:
Virtual Size: 38044544K (peak: 38044544K)
Resident Set Size: 199024K (peak: 199024K) (anon: 171992K, file: 27032K, shmem: 0K)
Swapped out: 0K
C-Heap outstanding allocations: 62646K, retained: 18193K
glibc malloc tunables: (default)

/proc/sys/kernel/threads-max (system-wide limit on the number of threads): 993683
/proc/sys/vm/max_map_count (maximum number of memory map areas a process may have): 1048576
/proc/sys/vm/swappiness (control to define how aggressively the kernel swaps out anonymous memory): 60
/proc/sys/kernel/pid_max (system-wide limit on number of process identifiers): 4194304

container (cgroup) information:
container_type: cgroupv2
cpu_cpuset_cpus: not supported
cpu_memory_nodes: not supported
active_processor_count: 16
cpu_quota: not supported
cpu_period: not supported
cpu_shares: not supported
memory_limit_in_bytes: unlimited
memory_and_swap_limit_in_bytes: unlimited
memory_soft_limit_in_bytes: 0
memory_usage_in_bytes: 75414444 k
memory_max_usage_in_bytes: not supported
rss_usage_in_bytes: 35737732 k
cache_usage_in_bytes: 39507644 k
memory_swap_current_in_bytes: 0
memory_swap_max_limit_in_bytes: unlimited
maximum number of tasks: 149052
current number of tasks: 608

Steal ticks since vm start: 0
Steal ticks percentage since vm start:  0.000

CPU: total 16 (initial active 16) (16 cores per cpu, 2 threads per core) family 25 model 33 stepping 2 microcode 0xa201213, cx8, cmov, fxsr, ht, mmx, 3dnowpref, sse, sse2, sse3, ssse3, sse4a, sse4.1, sse4.2, popcnt, lzcnt, tsc, tscinvbit, avx, avx2, aes, erms, clmul, bmi1, bmi2, adx, sha, fma, vzeroupper, clflush, clflushopt
CPU Model and flags from /proc/cpuinfo:
model name	: AMD Ryzen 7 5800X3D 8-Core Processor
flags		: fpu vme de pse tsc msr pae mce cx8 apic sep mtrr pge mca cmov pat pse36 clflush mmx fxsr sse sse2 ht syscall nx mmxext fxsr_opt pdpe1gb rdtscp lm constant_tsc rep_good nopl xtopology nonstop_tsc cpuid extd_apicid aperfmperf rapl pni pclmulqdq monitor ssse3 fma cx16 sse4_1 sse4_2 x2apic movbe popcnt aes xsave avx f16c rdrand lahf_lm cmp_legacy svm extapic cr8_legacy abm sse4a misalignsse 3dnowprefetch osvw ibs skinit wdt tce topoext perfctr_core perfctr_nb bpext perfctr_llc mwaitx cpb cat_l3 cdp_l3 hw_pstate ssbd mba ibrs ibpb stibp vmmcall fsgsbase bmi1 avx2 smep bmi2 erms invpcid cqm rdt_a rdseed adx smap clflushopt clwb sha_ni xsaveopt xsavec xgetbv1 xsaves cqm_llc cqm_occup_llc cqm_mbm_total cqm_mbm_local user_shstk clzero irperf xsaveerptr rdpru wbnoinvd arat npt lbrv svm_lock nrip_save tsc_scale vmcb_clean flushbyasid decodeassists pausefilter pfthreshold avic v_vmsave_vmload vgif v_spec_ctrl umip pku ospke vaes vpclmulqdq rdpid overflow_recov succor smca fsrm debug_swap

Online cpus: 0-15
Offline cpus: 
BIOS frequency limitation: <Not Available>
Frequency switch latency (ns): 0
Available cpu frequencies: <Not Available>
Current governor: powersave
Core performance/turbo boost: 1

Memory: 4k page, physical 127356652k(44739352k free), swap 8388604k(8388604k free)
Page Sizes: 4k

vm_info: OpenJDK 64-Bit Server VM (17.0.19+10) for linux-amd64 JRE (17.0.19+10), built on Apr 21 2026 00:00:00 by "admin" with gcc 10.3.0

END.
