#
# A fatal error has been detected by the Java Runtime Environment:
#
#  SIGSEGV (0xb) at pc=0x00007be0ebe9fff4, pid=77831, tid=77855
#
# JRE version: OpenJDK Runtime Environment Temurin-17.0.19+10 (17.0.19+10) (build 17.0.19+10)
# Java VM: OpenJDK 64-Bit Server VM Temurin-17.0.19+10 (17.0.19+10, mixed mode, sharing, tiered, compressed oops, compressed class ptrs, g1 gc, linux-amd64)
# Problematic frame:
# C  [libc.so.6+0x9fff4]  pthread_mutex_lock+0x4
#
# Core dump will be written. Default location: Core dumps may be processed with "/usr/share/apport/apport -p%p -s%s -c%c -d%d -P%P -u%u -g%g -F%F -- %E" (or dumping to /home/grishberg/projects/java/opengl_kbd_render/cad3d/core.77831)
#
# If you would like to submit a bug report, please visit:
#   https://github.com/adoptium/adoptium-support/issues
# The crash happened outside the Java Virtual Machine in native code.
# See problematic frame for where to report the bug.
#

---------------  S U M M A R Y ------------

Command Line: -Djava.library.path=/home/grishberg/projects/java/opengl_kbd_render/cad3d/build/manifold-natives/manifold3d/natives/linux-x86_64 -Dfile.encoding=UTF-8 -Duser.country=US -Duser.language=en -Duser.variant com.github.grishberg.cad3d.cli.CliRunnerKt --model matrix_right

Host: AMD Ryzen 7 5800X3D 8-Core Processor, 16 cores, 121G, Ubuntu 24.04.4 LTS
Time: Wed Jul 15 14:07:42 2026 MSK elapsed time: 0.261284 seconds (0d 0h 0m 0s)

---------------  T H R E A D  ---------------

Current thread (0x00007bdfe805b4e0):  JavaThread "DefaultDispatcher-worker-3" daemon [_thread_in_native, id=77855, stack(0x00007be084400000,0x00007be084500000)]

Stack: [0x00007be084400000,0x00007be084500000],  sp=0x00007be0844fd948,  free space=1014k
Native frames: (J=compiled Java code, j=interpreted, Vv=VM code, C=native code)
C  [libc.so.6+0x9fff4]  pthread_mutex_lock+0x4

Java frames: (J=compiled Java code, j=interpreted, Vv=VM code)
J 798  com.cadoodlecad.manifold.ManifoldBindings.jniUnion(JJJ)J (0 bytes) @ 0x00007be0d4dd516f [0x00007be0d4dd5120+0x000000000000004f]
J 870 c1 com.cadoodlecad.manifold.ManifoldBindings.union(JJ)J (13 bytes) @ 0x00007be0cd389de4 [0x00007be0cd389d40+0x00000000000000a4]
J 817 c1 eu.printingin3d.javascad.manifold.Manifold3dEngine.operateNative(JJI)J (113 bytes) @ 0x00007be0cd37195c [0x00007be0cd371740+0x000000000000021c]
J 818 c1 eu.printingin3d.javascad.manifold.Manifold3dEngine.unionNative(JJ)J (8 bytes) @ 0x00007be0cd3722bc [0x00007be0cd372240+0x000000000000007c]
j  eu.printingin3d.javascad.tranzitions.Union.toInnerNativeMesh(Leu/printingin3d/javascad/vrl/FacetGenerationContext;)J+61
J 793 c1 eu.printingin3d.javascad.models.Abstract3dModel.toNativeMesh(Leu/printingin3d/javascad/vrl/FacetGenerationContext;)J (160 bytes) @ 0x00007be0cd366ad4 [0x00007be0cd366400+0x00000000000006d4]
j  eu.printingin3d.javascad.tranzitions.Difference.toInnerNativeMesh(Leu/printingin3d/javascad/vrl/FacetGenerationContext;)J+5
J 793 c1 eu.printingin3d.javascad.models.Abstract3dModel.toNativeMesh(Leu/printingin3d/javascad/vrl/FacetGenerationContext;)J (160 bytes) @ 0x00007be0cd366ad4 [0x00007be0cd366400+0x00000000000006d4]
j  com.github.grishberg.cad3d.util.VertexHolderUtilsKt.fromModelNative(Leu/printingin3d/javascad/models/Abstract3dModel;I)Lcom/github/grishberg/cad3d/plugin/VertexHolder;+28
j  com.github.grishberg.cad3d.util.VertexHolderUtilsKt.fromModel(Leu/printingin3d/javascad/models/Abstract3dModel;I)Lcom/github/grishberg/cad3d/plugin/VertexHolder;+8
j  com.github.grishberg.cad3d.keyboard.ModelHolder$Companion.createVertexHolders(Lcom/github/grishberg/cad3d/keyboard/cfg/KeyboardConfig;Leu/printingin3d/javascad/models/Abstract3dModel;Ljava/util/List;)Ljava/util/List;+101
j  com.github.grishberg.cad3d.keyboard.ModelHolder.<init>(Lcom/github/grishberg/cad3d/keyboard/cfg/KeyboardConfig;Leu/printingin3d/javascad/models/Abstract3dModel;[Leu/printingin3d/javascad/models/Abstract3dModel;)V+29
j  com.github.grishberg.cad3d.KeyboardBuilder.createCaseModel(Lcom/github/grishberg/cad3d/keyboard/cfg/KeyboardConfig;Lcom/github/grishberg/cad3d/keyboard/KeyPlace;Lcom/github/grishberg/cad3d/keyboard/ThumbKeyPlace;Lcom/github/grishberg/cad3d/keyboard/screws/ScrewWallPlaces;Lcom/github/grishberg/cad3d/keyboard/casebody/Walls;Lcom/github/grishberg/cad3d/keyboard/casebody/controllers/ControllerPlace;Lcom/github/grishberg/cad3d/keyboard/casebody/controllers/SwitcherPlace;Lcom/github/grishberg/cad3d/keyboard/casebody/controllers/ControllerFactory;Lcom/github/grishberg/cad3d/keyboard/casebody/controllers/switcher/SwitcherFactory;Lcom/github/grishberg/cad3d/keyboard/casebody/controllers/Controller;Lcom/github/grishberg/cad3d/trackball/Trackball;Lcom/github/grishberg/cad3d/keyboard/casebody/thumb/ThumbBorders;Lcom/github/grishberg/cad3d/keyboard/casebody/thumb/ThumbWalls;)Lcom/github/grishberg/cad3d/keyboard/ModelHolder;+665
j  com.github.grishberg.cad3d.KeyboardBuilder.createCase(Lcom/github/grishberg/cad3d/keyboard/cfg/KeyboardConfig;Lcom/github/grishberg/cad3d/keyboard/KeyPlace;Lcom/github/grishberg/cad3d/keyboard/ThumbKeyPlace;Lcom/github/grishberg/cad3d/keyboard/screws/ScrewWallPlaces;Lcom/github/grishberg/cad3d/keyboard/casebody/Walls;Lcom/github/grishberg/cad3d/keyboard/casebody/controllers/ControllerPlace;Lcom/github/grishberg/cad3d/keyboard/casebody/controllers/SwitcherPlace;Lcom/github/grishberg/cad3d/keyboard/casebody/controllers/ControllerFactory;Lcom/github/grishberg/cad3d/keyboard/casebody/controllers/switcher/SwitcherFactory;Lcom/github/grishberg/cad3d/keyboard/casebody/controllers/Controller;Lcom/github/grishberg/cad3d/trackball/Trackball;Lcom/github/grishberg/cad3d/keyboard/casebody/thumb/ThumbBorders;Lcom/github/grishberg/cad3d/keyboard/casebody/thumb/ThumbWalls;)Ljava/util/List;+44
j  com.github.grishberg.cad3d.KeyboardBuilder.access$createCase(Lcom/github/grishberg/cad3d/KeyboardBuilder;Lcom/github/grishberg/cad3d/keyboard/cfg/KeyboardConfig;Lcom/github/grishberg/cad3d/keyboard/KeyPlace;Lcom/github/grishberg/cad3d/keyboard/ThumbKeyPlace;Lcom/github/grishberg/cad3d/keyboard/screws/ScrewWallPlaces;Lcom/github/grishberg/cad3d/keyboard/casebody/Walls;Lcom/github/grishberg/cad3d/keyboard/casebody/controllers/ControllerPlace;Lcom/github/grishberg/cad3d/keyboard/casebody/controllers/SwitcherPlace;Lcom/github/grishberg/cad3d/keyboard/casebody/controllers/ControllerFactory;Lcom/github/grishberg/cad3d/keyboard/casebody/controllers/switcher/SwitcherFactory;Lcom/github/grishberg/cad3d/keyboard/casebody/controllers/Controller;Lcom/github/grishberg/cad3d/trackball/Trackball;Lcom/github/grishberg/cad3d/keyboard/casebody/thumb/ThumbBorders;Lcom/github/grishberg/cad3d/keyboard/casebody/thumb/ThumbWalls;)Ljava/util/List;+24
j  com.github.grishberg.cad3d.KeyboardBuilder$exportStl$1$2.invokeSuspend(Ljava/lang/Object;)Ljava/lang/Object;+104
j  kotlin.coroutines.jvm.internal.BaseContinuationImpl.resumeWith(Ljava/lang/Object;)V+44
j  kotlinx.coroutines.DispatchedTask.run()V+317
j  kotlinx.coroutines.scheduling.CoroutineScheduler.runSafely(Lkotlinx/coroutines/scheduling/Task;)V+2
j  kotlinx.coroutines.scheduling.CoroutineScheduler$Worker.executeTask(Lkotlinx/coroutines/scheduling/Task;)V+30
j  kotlinx.coroutines.scheduling.CoroutineScheduler$Worker.runWorker()V+44
j  kotlinx.coroutines.scheduling.CoroutineScheduler$Worker.run()V+1
v  ~StubRoutines::call_stub

siginfo: si_signo: 11 (SIGSEGV), si_code: 2 (SEGV_ACCERR), si_addr: 0x00000007bdfe00b1

Registers:
RAX=0x00007be084d35d28, RBX=0x00007bdfe00a1e00, RCX=0x0000000000000000, RDX=0x0000000000000000
RSP=0x00007be0844fd948, RBP=0x00007be0844fd980, RSI=0x00007bdfe00a1e00, RDI=0x00000007bdfe00a1
R8 =0x00007bdfe00a1e00, R9 =0x0000000000000000, R10=0x00007be0d4dd516f, R11=0x00007be0cd372260
R12=0x00000007bdfe00a1, R13=0x00007bdfe00dce00, R14=0x00007be0844fd980, R15=0x00007be084b4edb0
RIP=0x00007be0ebe9fff4, EFLAGS=0x0000000000010246, CSGSFS=0x002b000000000033, ERR=0x0000000000000004
  TRAPNO=0x000000000000000e

XMM[0]=0x00007bdfe00dcdf0 0x00007bdfe00dce00
XMM[1]=0x0000000000000000 0x0000000000000000
XMM[2]=0x0000000000000000 0x3f1a36e2eb1c432d
XMM[3]=0x0000000000000000 0x3ff0000000000000
XMM[4]=0x0000000000000000 0x0000000000000000
XMM[5]=0x0000000000000000 0x3ff0000000000000
XMM[6]=0x0000000000000000 0x40477c23087a6128
XMM[7]=0x0000000000000000 0x40477c23087a6128
XMM[8]=0x0000000000000000 0x0000000000000000
XMM[9]=0x0000000000000000 0x0000000000000000
XMM[10]=0x0000000000000000 0xc021334a2aee9cea
XMM[11]=0x0000000000000000 0x0000000000000000
XMM[12]=0x0000000000000000 0x0000000000000000
XMM[13]=0x0000000000000000 0x0000000000000000
XMM[14]=0x0000000000000000 0x0000000000000000
XMM[15]=0x0000000000000000 0x3ff0000000000000
  MXCSR=0x00001fa4


Register to memory mapping:

RAX=0x00007be084d35d28: _ZTVN8manifold9CsgOpNodeE+0x0000000000000010 in /tmp/manifold3d8082437737974534066/libmanifold.so.3 at 0x00007be084a00000
RBX=0x00007bdfe00a1e00 points into unknown readable memory: 0x00007bdfe000e4e0 | e0 e4 00 e0 df 7b 00 00
RCX=0x0 is NULL
RDX=0x0 is NULL
RSP=0x00007be0844fd948 is pointing into the stack for thread: 0x00007bdfe805b4e0
RBP=0x00007be0844fd980 is pointing into the stack for thread: 0x00007bdfe805b4e0
RSI=0x00007bdfe00a1e00 points into unknown readable memory: 0x00007bdfe000e4e0 | e0 e4 00 e0 df 7b 00 00
RDI=0x00000007bdfe00a1 is an unallocated location in the heap
R8 =0x00007bdfe00a1e00 points into unknown readable memory: 0x00007bdfe000e4e0 | e0 e4 00 e0 df 7b 00 00
R9 =0x0 is NULL
R10=0x00007be0d4dd516f is at entry_point+79 in (nmethod*)0x00007be0d4dd4f90
Compiled method (n/a) 261  798     n 0       com.cadoodlecad.manifold.ManifoldBindings::jniUnion (native)
 total in heap  [0x00007be0d4dd4f90,0x00007be0d4dd5310] = 896
 relocation     [0x00007be0d4dd50f0,0x00007be0d4dd5120] = 48
 main code      [0x00007be0d4dd5120,0x00007be0d4dd5308] = 488
 oops           [0x00007be0d4dd5308,0x00007be0d4dd5310] = 8
0x00007be0d4dd514f:   4c 8b c1 48 8b ca 48 8b d6 49 be 70 81 05 f5 00
0x00007be0d4dd515f:   00 00 00 4c 89 74 24 30 4c 8d 74 24 30 49 8b f6
0x00007be0d4dd516f:   c5 f8 77 
R11=0x00007be0cd372260 is at entry_point+32 in (nmethod*)0x00007be0cd372090
Compiled method (c1) 262  818       3       eu.printingin3d.javascad.manifold.Manifold3dEngine::unionNative (8 bytes)
 total in heap  [0x00007be0cd372090,0x00007be0cd372400] = 880
 relocation     [0x00007be0cd3721f0,0x00007be0cd372228] = 56
 main code      [0x00007be0cd372240,0x00007be0cd372340] = 256
 stub code      [0x00007be0cd372340,0x00007be0cd372380] = 64
 oops           [0x00007be0cd372380,0x00007be0cd372388] = 8
 metadata       [0x00007be0cd372388,0x00007be0cd372390] = 8
 scopes data    [0x00007be0cd372390,0x00007be0cd3723b8] = 40
 scopes pcs     [0x00007be0cd3723b8,0x00007be0cd3723f8] = 64
 dependencies   [0x00007be0cd3723f8,0x00007be0cd372400] = 8
0x00007be0cd372260:   89 84 24 00 c0 fe ff 55 48 83 ec 40 
R12=0x00000007bdfe00a1 is an unallocated location in the heap
R13=0x00007bdfe00dce00 points into unknown readable memory: 0x00007be084d35d28 | 28 5d d3 84 e0 7b 00 00
R14=0x00007be0844fd980 is pointing into the stack for thread: 0x00007bdfe805b4e0
R15=0x00007be084b4edb0: _ZN8manifold9CsgOpNode7BooleanERKSt10shared_ptrINS_7CsgNodeEENS_6OpTypeE+0x0000000000000000 in /tmp/manifold3d8082437737974534066/libmanifold.so.3 at 0x00007be084a00000


Top of Stack: (sp=0x00007be0844fd948)
0x00007be0844fd948:   00007be084be45d9 00007be0844fda10
0x00007be0844fd958:   0000000000000000 00007bdfe00a1e00
0x00007be0844fd968:   00007be084be61ee 00007bdfe00dce00
0x00007be0844fd978:   00007bdfe00dcdf0 0000000000000007
0x00007be0844fd988:   00000007bdfe00a1 00000000f505d360
0x00007be0844fd998:   0000000000000003 00007be0844fd9d0
0x00007be0844fd9a8:   c82362e4bd415b00 0000000000000138
0x00007be0844fd9b8:   00007be0844fda10 00007be0844fda10
0x00007be0844fd9c8:   00007bdfe00a1e00 00007be0844fdc38
0x00007be0844fd9d8:   00007be0844fdae0 00007bdfe805b4e0
0x00007be0844fd9e8:   00007be084be6443 00007be0d4668260
0x00007be0844fd9f8:   c82362e4bd415b00 00007bdfe000f040
0x00007be0844fda08:   00007be085e182f6 00007be023409ea3
0x00007be0844fda18:   00007bdfe00a1e00 0000000000000003
0x00007be0844fda28:   00000000f505d360 00000000f5058238
0x00007be0844fda38:   0000000000000030 0000000000000000
0x00007be0844fda48:   c82362e4bd415b00 0000000000000156
0x00007be0844fda58:   00007be0844fdaa0 0000000000000000
0x00007be0844fda68:   00007be0e8011fbf 00007be0844fdaa0
0x00007be0844fda78:   00007bdfe00a1e00 00007bdfe000ea00
0x00007be0844fda88:   00007bdfe000f040 00007be0844fdae0
0x00007be0844fda98:   00007bdfe805b790 00007be0844fdaf0
0x00007be0844fdaa8:   00007be0d4dd51e8 0000000000000007
0x00007be0844fdab8:   00000007bdfe00a1 00000000f5058238
0x00007be0844fdac8:   00007bdfe00a1e00 00007bdfe805b4e0
0x00007be0844fdad8:   00007be0844fdd00 00000000f5058170
0x00007be0844fdae8:   0000000000000000 00007be0844fdca8
0x00007be0844fdaf8:   00007be0cd389de4 0000000000000007
0x00007be0844fdb08:   0000000000000000 00007be0844fdbb0
0x00007be0844fdb18:   00000000f505d360 00007be0844fdb50
0x00007be0844fdb28:   0000000000000138 00007be023409c98
0x00007be0844fdb38:   00007bdfe000ea00 00007bdfe00a1e00 

Instructions: (pc=0x00007be0ebe9fff4)
0x00007be0ebe9fef4:   ff ff ff 83 f8 92 0f 84 68 ff ff ff 8d 50 26 83
0x00007be0ebe9ff04:   f8 da 72 14 48 b8 09 00 00 08 2c 00 00 00 48 0f
0x00007be0ebe9ff14:   a3 d0 0f 82 4c ff ff ff 48 8d 3d d5 10 13 00 e8
0x00007be0ebe9ff24:   18 0b ff ff 83 f8 f5 0f 84 a9 fd ff ff 83 f8 fc
0x00007be0ebe9ff34:   0f 84 a0 fd ff ff eb e0 0f 1f 40 00 be 80 00 00
0x00007be0ebe9ff44:   00 48 89 df e8 73 90 ff ff e9 16 ff ff ff 64 48
0x00007be0ebe9ff54:   c7 04 25 f0 02 00 00 00 00 00 00 b8 23 00 00 00
0x00007be0ebe9ff64:   e9 97 fa ff ff b8 0b 00 00 00 e9 8d fa ff ff 41
0x00007be0ebe9ff74:   8b 04 24 83 e0 7f 83 f8 12 74 d3 83 f8 11 0f 85
0x00007be0ebe9ff84:   2f fd ff ff e9 06 ff ff ff e8 2e 7f 09 00 48 8d
0x00007be0ebe9ff94:   0d e7 4d 13 00 ba bd 01 00 00 48 8d 35 c0 c4 12
0x00007be0ebe9ffa4:   00 48 8d 3d 74 11 13 00 e8 3f b3 f9 ff 48 8d 0d
0x00007be0ebe9ffb4:   c8 4d 13 00 ba c2 01 00 00 48 8d 35 a1 c4 12 00
0x00007be0ebe9ffc4:   48 8d 3d af c4 12 00 e8 20 b3 f9 ff 48 8d 0d a9
0x00007be0ebe9ffd4:   4d 13 00 ba 5f 02 00 00 48 8d 35 82 c4 12 00 48
0x00007be0ebe9ffe4:   8d 3d a6 c4 12 00 e8 01 b3 f9 ff 90 f3 0f 1e fa
0x00007be0ebe9fff4:   8b 47 10 89 c2 81 e2 7f 01 00 00 90 83 e0 7c 0f
0x00007be0ebea0004:   85 a7 00 00 00 55 48 89 e5 53 48 83 ec 18 85 d2
0x00007be0ebea0014:   0f 85 9e 00 00 00 44 8b 0d 0f 57 16 00 45 85 c9
0x00007be0ebea0024:   75 5a 8b 77 10 81 e6 80 00 00 00 75 09 80 3d 08
0x00007be0ebea0034:   b0 16 00 00 75 36 31 c0 ba 01 00 00 00 f0 0f b1
0x00007be0ebea0044:   17 0f 85 ad 00 00 00 8b 4f 08 85 c9 0f 85 54 01
0x00007be0ebea0054:   00 00 64 8b 04 25 d0 02 00 00 89 47 08 83 47 0c
0x00007be0ebea0064:   01 90 31 c0 48 8b 5d f8 c9 c3 66 90 44 8b 07 45
0x00007be0ebea0074:   85 c0 75 c2 c7 07 01 00 00 00 eb cb 8b 47 10 f6
0x00007be0ebea0084:   c4 03 74 08 f6 c4 01 74 99 eb 07 90 80 cc 01 89
0x00007be0ebea0094:   47 10 8b 57 10 48 8b 5d f8 48 8d 77 16 c9 81 e2
0x00007be0ebea00a4:   80 00 00 00 e9 a3 88 ff ff 0f 1f 00 e9 5b f8 ff
0x00007be0ebea00b4:   ff 0f 1f 00 81 fa 00 01 00 00 74 d6 8b 57 10 83
0x00007be0ebea00c4:   e2 7f 83 fa 01 0f 85 8e 00 00 00 64 8b 04 25 d0
0x00007be0ebea00d4:   02 00 00 39 47 08 75 2e 8b 47 04 83 f8 ff 0f 84
0x00007be0ebea00e4:   b8 00 00 00 83 c0 01 89 47 04 e9 73 ff ff ff 0f 


Stack slot to memory mapping:
stack at sp + 0 slots: 0x00007be084be45d9: _ZNK8manifold8Manifold9LoadPNodeEv+0x0000000000000019 in /tmp/manifold3d8082437737974534066/libmanifold.so.3 at 0x00007be084a00000
stack at sp + 1 slots: 0x00007be0844fda10 is pointing into the stack for thread: 0x00007bdfe805b4e0
stack at sp + 2 slots: 0x0 is NULL
stack at sp + 3 slots: 0x00007bdfe00a1e00 points into unknown readable memory: 0x00007bdfe000e4e0 | e0 e4 00 e0 df 7b 00 00
stack at sp + 4 slots: 0x00007be084be61ee: _ZNK8manifold8Manifold7BooleanERKS0_NS_6OpTypeE+0x000000000000004e in /tmp/manifold3d8082437737974534066/libmanifold.so.3 at 0x00007be084a00000
stack at sp + 5 slots: 0x00007bdfe00dce00 points into unknown readable memory: 0x00007be084d35d28 | 28 5d d3 84 e0 7b 00 00
stack at sp + 6 slots: 0x00007bdfe00dcdf0 points into unknown readable memory: 0x00007be084d35e48 | 48 5e d3 84 e0 7b 00 00
stack at sp + 7 slots: 0x0000000000000007 is an unknown value


Compiled method (n/a) 264  798     n 0       com.cadoodlecad.manifold.ManifoldBindings::jniUnion (native)
 total in heap  [0x00007be0d4dd4f90,0x00007be0d4dd5310] = 896
 relocation     [0x00007be0d4dd50f0,0x00007be0d4dd5120] = 48
 main code      [0x00007be0d4dd5120,0x00007be0d4dd5308] = 488
 oops           [0x00007be0d4dd5308,0x00007be0d4dd5310] = 8

[Constant Pool (empty)]

[MachCode]
[Entry Point]
  # {method} {0x00007be023413880} 'jniUnion' '(JJJ)J' in 'com/cadoodlecad/manifold/ManifoldBindings'
  # parm0:    rsi:rsi   = long
  # parm1:    rdx:rdx   = long
  # parm2:    rcx:rcx   = long
  #           [sp+0x50]  (sp of caller)
  0x00007be0d4dd5120: 448b 5608 | 49bb 0000 | 0027 e07b | 0000 4d03 | d349 3bc2 | 0f84 0600 

  0x00007be0d4dd5138: ;   {runtime_call ic_miss_stub}
  0x00007be0d4dd5138: 0000 e941 | ac8d ff90 
[Verified Entry Point]
  0x00007be0d4dd5140: 8984 2400 | c0fe ff55 | 488b ec48 | 83ec 404c | 8bc1 488b | ca48 8bd6 

  0x00007be0d4dd5158: ;   {oop(a 'java/lang/Class'{0x00000000f5058170} = 'com/cadoodlecad/manifold/ManifoldBindings')}
  0x00007be0d4dd5158: 49be 7081 | 05f5 0000 | 0000 4c89 | 7424 304c | 8d74 2430 | 498b f6c5 

  0x00007be0d4dd5170: ;   {internal_word}
  0x00007be0d4dd5170: f877 49ba | 6f51 ddd4 | e07b 0000 | 4d89 9798 | 0200 0049 | 89a7 9002 

  0x00007be0d4dd5188: ;   {external_word}
  0x00007be0d4dd5188: 0000 803d | f47f f316 | 000f 843a | 0000 0056 | 5251 4150 

  0x00007be0d4dd519c: ;   {metadata({method} {0x00007be023413880} 'jniUnion' '(JJJ)J' in 'com/cadoodlecad/manifold/ManifoldBindings')}
  0x00007be0d4dd519c: 48be 8038 | 4123 e07b | 0000 498b | fff7 c40f | 0000 000f | 8412 0000 | 0048 83ec 

  0x00007be0d4dd51b8: ;   {runtime_call SharedRuntime::dtrace_method_entry(JavaThread*, Method*)}
  0x00007be0d4dd51b8: 08e8 e2d8 | 9016 4883 | c408 e905 

  0x00007be0d4dd51c4: ;   {runtime_call SharedRuntime::dtrace_method_entry(JavaThread*, Method*)}
  0x00007be0d4dd51c4: 0000 00e8 | d4d8 9016 | 4158 595a | 5e49 8dbf | b002 0000 | 41c7 8738 | 0300 0004 

  0x00007be0d4dd51e0: ;   {runtime_call Java_com_cadoodlecad_manifold_ManifoldBindings_jniUnion}
  0x00007be0d4dd51e0: 0000 00e8 | a0cd 2313 | c5f8 7741 | c787 3803 | 0000 0500 | 0000 f083 | 4424 c000 | 493b af40 
  0x00007be0d4dd5200: 0300 000f | 8711 0000 | 0041 81bf | 2803 0000 | 0000 0000 | 0f84 2400 | 0000 c5f8 | 7748 8945 
  0x00007be0d4dd5220: f849 8bff | 4c8b e448 | 83ec 0048 

  0x00007be0d4dd522c: ;   {runtime_call JavaThread::check_special_condition_for_native_trans(JavaThread*)}
  0x00007be0d4dd522c: 83e4 f0e8 | 9c9d a916 | 498b e44d | 33e4 488b | 45f8 41c7 | 8738 0300 | 0008 0000 | 0041 81bf 
  0x00007be0d4dd524c: a803 0000 | 0200 0000 | 0f84 8400 

  0x00007be0d4dd5258: ;   {external_word}
  0x00007be0d4dd5258: 0000 803d | 247f f316 | 000f 8438 | 0000 0048 

  0x00007be0d4dd5268: ;   {metadata({method} {0x00007be023413880} 'jniUnion' '(JJJ)J' in 'com/cadoodlecad/manifold/ManifoldBindings')}
  0x00007be0d4dd5268: 8945 f848 | be80 3841 | 23e0 7b00 | 0049 8bff | f7c4 0f00 | 0000 0f84 | 1200 0000 | 4883 ec08 
  0x00007be0d4dd5288: ;   {runtime_call SharedRuntime::dtrace_method_exit(JavaThread*, Method*)}
  0x00007be0d4dd5288: e8c3 d890 | 1648 83c4 | 08e9 0500 

  0x00007be0d4dd5294: ;   {runtime_call SharedRuntime::dtrace_method_exit(JavaThread*, Method*)}
  0x00007be0d4dd5294: 0000 e8b5 | d890 1648 | 8b45 f849 | c787 9002 | 0000 0000 | 0000 49c7 | 8798 0200 | 0000 0000 
  0x00007be0d4dd52b4: 00c5 f877 | 498b 8fd8 | 0000 00c7 | 8100 0100 | 0000 0000 | 00c9 4981 | 7f08 0000 | 0000 0f85 
  0x00007be0d4dd52d4: 0100 0000 

  0x00007be0d4dd52d8: ;   {runtime_call StubRoutines (1)}
  0x00007be0d4dd52d8: c3e9 22a9 | 88ff c5f8 | 7748 8945 | f84c 8be4 | 4883 ec00 | 4883 e4f0 

  0x00007be0d4dd52f0: ;   {runtime_call SharedRuntime::reguard_yellow_pages()}
  0x00007be0d4dd52f0: e8cb e690 | 1649 8be4 | 4d33 e448 | 8b45 f8e9 | 56ff ffff | f4f4 f4f4 
[/MachCode]


Compiled method (c1) 269  870       3       com.cadoodlecad.manifold.ManifoldBindings::union (13 bytes)
 total in heap  [0x00007be0cd389b90,0x00007be0cd389f60] = 976
 relocation     [0x00007be0cd389cf0,0x00007be0cd389d38] = 72
 main code      [0x00007be0cd389d40,0x00007be0cd389e60] = 288
 stub code      [0x00007be0cd389e60,0x00007be0cd389eb0] = 80
 oops           [0x00007be0cd389eb0,0x00007be0cd389eb8] = 8
 metadata       [0x00007be0cd389eb8,0x00007be0cd389ec0] = 8
 scopes data    [0x00007be0cd389ec0,0x00007be0cd389f08] = 72
 scopes pcs     [0x00007be0cd389f08,0x00007be0cd389f58] = 80
 dependencies   [0x00007be0cd389f58,0x00007be0cd389f60] = 8

[Constant Pool (empty)]

[MachCode]
[Entry Point]
  # {method} {0x00007be023417908} 'union' '(JJ)J' in 'com/cadoodlecad/manifold/ManifoldBindings'
  # this:     rsi:rsi   = 'com/cadoodlecad/manifold/ManifoldBindings'
  # parm0:    rdx:rdx   = long
  # parm1:    rcx:rcx   = long
  #           [sp+0x60]  (sp of caller)
  0x00007be0cd389d40: 448b 5608 | 49bb 0000 | 0027 e07b | 0000 4d03 | d34c 3bd0 

  0x00007be0cd389d54: ;   {runtime_call ic_miss_stub}
  0x00007be0cd389d54: 0f85 2660 | 3207 660f | 1f44 0000 
[Verified Entry Point]
  0x00007be0cd389d60: 8984 2400 | c0fe ff55 | 4883 ec50 

  0x00007be0cd389d6c: ;   {metadata(method data for {method} {0x00007be023417908} 'union' '(JJ)J' in 'com/cadoodlecad/manifold/ManifoldBindings')}
  0x00007be0cd389d6c: 48bf d844 | 6b23 e07b | 0000 8b9f | f400 0000 | 83c3 0289 | 9ff4 0000 | 0081 e3fe | 0700 0083 
  0x00007be0cd389d8c: fb00 0f84 | 6300 0000 | 4889 4c24 | 4048 8954 

  0x00007be0cd389d9c: ;   {metadata(method data for {method} {0x00007be023417908} 'union' '(JJ)J' in 'com/cadoodlecad/manifold/ManifoldBindings')}
  0x00007be0cd389d9c: 2438 48be | d844 6b23 | e07b 0000 | 4883 8638 | 0100 0001 | 0f1f 8000 

  0x00007be0cd389db4: ;   {static_call}
  0x00007be0cd389db4: 0000 00e8 

  0x00007be0cd389db8: ; ImmutableOopMap {}
                      ;*invokestatic jniAllocManifold {reexecute=0 rethrow=0 return_oop=0}
                      ; - com.cadoodlecad.manifold.ManifoldBindings::union@0 (line 433)
  0x00007be0cd389db8: 048d a407 

  0x00007be0cd389dbc: ;   {metadata(method data for {method} {0x00007be023417908} 'union' '(JJ)J' in 'com/cadoodlecad/manifold/ManifoldBindings')}
  0x00007be0cd389dbc: 48be d844 | 6b23 e07b | 0000 4883 | 8648 0100 | 0001 488b | f048 8b54 | 2438 488b | 4c24 400f 
  0x00007be0cd389ddc: ;   {static_call}
  0x00007be0cd389ddc: 1f40 00e8 

  0x00007be0cd389de0: ; ImmutableOopMap {}
                      ;*invokestatic jniUnion {reexecute=0 rethrow=0 return_oop=0}
                      ; - com.cadoodlecad.manifold.ManifoldBindings::union@9 (line 434)
  0x00007be0cd389de0: 5cb3 a407 | 4883 c450 

  0x00007be0cd389de8: ;   {poll_return}
  0x00007be0cd389de8: 5d49 3ba7 | 4003 0000 | 0f87 2200 

  0x00007be0cd389df4: ;   {metadata({method} {0x00007be023417908} 'union' '(JJ)J' in 'com/cadoodlecad/manifold/ManifoldBindings')}
  0x00007be0cd389df4: 0000 c349 | ba08 7941 | 23e0 7b00 | 004c 8954 | 2408 48c7 | 0424 ffff 

  0x00007be0cd389e0c: ;   {runtime_call counter_overflow Runtime1 stub}
  0x00007be0cd389e0c: ffff e86d 

  0x00007be0cd389e10: ; ImmutableOopMap {rsi=Oop }
                      ;*synchronization entry
                      ; - com.cadoodlecad.manifold.ManifoldBindings::union@-1 (line 433)
  0x00007be0cd389e10: dd3c 07e9 | 7cff ffff 

  0x00007be0cd389e18: ;   {internal_word}
  0x00007be0cd389e18: 49ba e99d | 38cd e07b | 0000 4d89 | 9758 0300 

  0x00007be0cd389e28: ;   {runtime_call SafepointBlob}
  0x00007be0cd389e28: 00e9 d2c8 | 3207 9090 | 498b 87d0 | 0300 0049 | c787 d003 | 0000 0000 | 0000 49c7 | 87d8 0300 
  0x00007be0cd389e48: 0000 0000 | 0048 83c4 

  0x00007be0cd389e50: ;   {runtime_call unwind_exception Runtime1 stub}
  0x00007be0cd389e50: 505d e929 | 773c 07f4 | f4f4 f4f4 | f4f4 f4f4 
[Stub Code]
  0x00007be0cd389e60: ;   {no_reloc}
  0x00007be0cd389e60: 0f1f 4400 

  0x00007be0cd389e64: ;   {static_stub}
  0x00007be0cd389e64: 0048 bb00 | 0000 0000 

  0x00007be0cd389e6c: ;   {runtime_call}
  0x00007be0cd389e6c: 0000 00e9 | fbff ffff 

  0x00007be0cd389e74: ;   {static_stub}
  0x00007be0cd389e74: 9048 bb00 | 0000 0000 

  0x00007be0cd389e7c: ;   {runtime_call}
  0x00007be0cd389e7c: 0000 00e9 | fbff ffff 
[Exception Handler]
  0x00007be0cd389e84: ;   {runtime_call handle_exception_from_callee Runtime1 stub}
  0x00007be0cd389e84: e8f7 a33c 

  0x00007be0cd389e88: ;   {external_word}
  0x00007be0cd389e88: 0748 bf52 | 5799 ebe0 | 7b00 0048 

  0x00007be0cd389e94: ;   {runtime_call MacroAssembler::debug64(char*, long, long*)}
  0x00007be0cd389e94: 83e4 f0e8 | d40c 181e 

  0x00007be0cd389e9c: ;   {section_word}
  0x00007be0cd389e9c: f449 ba9d | 9e38 cde0 | 7b00 0041 

  0x00007be0cd389ea8: ;   {runtime_call DeoptimizationBlob}
  0x00007be0cd389ea8: 52e9 f2ba | 3207 f4f4 
[/MachCode]


Compiled method (c1) 271  817   !   3       eu.printingin3d.javascad.manifold.Manifold3dEngine::operateNative (113 bytes)
 total in heap  [0x00007be0cd371510,0x00007be0cd372008] = 2808
 relocation     [0x00007be0cd371670,0x00007be0cd371728] = 184
 main code      [0x00007be0cd371740,0x00007be0cd371be0] = 1184
 stub code      [0x00007be0cd371be0,0x00007be0cd371c70] = 144
 oops           [0x00007be0cd371c70,0x00007be0cd371c80] = 16
 metadata       [0x00007be0cd371c80,0x00007be0cd371c90] = 16
 scopes data    [0x00007be0cd371c90,0x00007be0cd371d80] = 240
 scopes pcs     [0x00007be0cd371d80,0x00007be0cd371ea0] = 288
 dependencies   [0x00007be0cd371ea0,0x00007be0cd371ea8] = 8
 handler table  [0x00007be0cd371ea8,0x00007be0cd371fe0] = 312
 nul chk table  [0x00007be0cd371fe0,0x00007be0cd372008] = 40

[Constant Pool (empty)]

[MachCode]
[Entry Point]
  # {method} {0x00007be02340b740} 'operateNative' '(JJI)J' in 'eu/printingin3d/javascad/manifold/Manifold3dEngine'
  # this:     rsi:rsi   = 'eu/printingin3d/javascad/manifold/Manifold3dEngine'
  # parm0:    rdx:rdx   = long
  # parm1:    rcx:rcx   = long
  # parm2:    r8        = int
  #           [sp+0x80]  (sp of caller)
  0x00007be0cd371740: 448b 5608 | 49bb 0000 | 0027 e07b | 0000 4d03 | d34c 3bd0 

  0x00007be0cd371754: ;   {runtime_call ic_miss_stub}
  0x00007be0cd371754: 0f85 26e6 | 3307 660f | 1f44 0000 
[Verified Entry Point]
  0x00007be0cd371760: 8984 2400 | c0fe ff55 | 4883 ec70 

  0x00007be0cd37176c: ;   {metadata(method data for {method} {0x00007be02340b740} 'operateNative' '(JJI)J' in 'eu/printingin3d/javascad/manifold/Manifold3dEngine')}
  0x00007be0cd37176c: 48b8 a041 | 6b23 e07b | 0000 8bb8 | f400 0000 | 83c7 0289 | b8f4 0000 | 0081 e7fe | 0700 0083 
  0x00007be0cd37178c: ff00 0f84 | 4d03 0000 

  0x00007be0cd371794: ;   {oop(a 'java/lang/Object'{0x00000000f505d360})}
  0x00007be0cd371794: 48be 60d3 | 05f5 0000 | 0000 488d | 7c24 5048 | 8977 0848 | 8b06 4883 | c801 4889 | 07f0 480f 
  0x00007be0cd3717b4: b13e 0f84 | 1300 0000 | 482b c448 | 81e0 07f0 | ffff 4889 | 070f 8538 | 0300 0044 | 8944 2430 
  0x00007be0cd3717d4: 4889 4c24 | 4048 8954 

  0x00007be0cd3717dc: ;   {oop(a 'eu/printingin3d/javascad/manifold/Manifold3dEngine'{0x00000000f50581f0})}
  0x00007be0cd3717dc: 2438 48be | f081 05f5 | 0000 0000 

  0x00007be0cd3717e8: ;   {metadata(method data for {method} {0x00007be02340b740} 'operateNative' '(JJI)J' in 'eu/printingin3d/javascad/manifold/Manifold3dEngine')}
  0x00007be0cd3717e8: 488b fe48 | bba0 416b | 23e0 7b00 | 0048 8383 | 3801 0000 

  0x00007be0cd3717fc: ;   {optimized virtual_call}
  0x00007be0cd3717fc: 0166 90e8 

  0x00007be0cd371800: ; ImmutableOopMap {[88]=Oop }
                      ;*invokespecial getBindings {reexecute=0 rethrow=0 return_oop=0}
                      ; - eu.printingin3d.javascad.manifold.Manifold3dEngine::operateNative@15 (line 222)
  0x00007be0cd371800: 3c7f feff 

  0x00007be0cd371804: ;   {metadata(method data for {method} {0x00007be02340b740} 'operateNative' '(JJI)J' in 'eu/printingin3d/javascad/manifold/Manifold3dEngine')}
  0x00007be0cd371804: 48ba a041 | 6b23 e07b | 0000 48c7 | c150 0100 | 0044 8b44 | 2430 4183 | f800 488b | f148 c7c1 
  0x00007be0cd371824: 6001 0000 | 480f 45ce | 4183 f801 | 488b f148 | c7c1 7001 | 0000 480f | 45ce 4183 | f802 488b 
  0x00007be0cd371844: f148 c7c1 | 8001 0000 | 480f 45ce | 488b 340a | 49c7 c201 | 0000 0049 | 03f2 4889 | 340a 4183 
  0x00007be0cd371864: f800 0f84 | b500 0000 | 4183 f801 | 0f84 5b00 | 0000 4183 | f802 0f85 | 3f01 0000 

  0x00007be0cd371880: ; implicit exception: dispatches to 0x00007be0cd371b1a
  0x00007be0cd371880: 483b 0048 

  0x00007be0cd371884: ;   {metadata(method data for {method} {0x00007be02340b740} 'operateNative' '(JJI)J' in 'eu/printingin3d/javascad/manifold/Manifold3dEngine')}
  0x00007be0cd371884: 8bd0 48b9 | a041 6b23 | e07b 0000 

  0x00007be0cd371890: ;   {metadata('com/cadoodlecad/manifold/ManifoldBindings')}
  0x00007be0cd371890: 49ba 0020 | 0028 e07b | 0000 4c89 | 9148 0200 | 0048 8381 | 5002 0000 | 0148 8b54 | 2438 488b 
  0x00007be0cd3718b0: 4c24 4048 

  0x00007be0cd3718b4: ;   {optimized virtual_call}
  0x00007be0cd3718b4: 8bf0 90e8 

  0x00007be0cd3718b8: ; ImmutableOopMap {[88]=Oop }
                      ;*invokevirtual intersection {reexecute=0 rethrow=0 return_oop=0}
                      ; - eu.printingin3d.javascad.manifold.Manifold3dEngine::operateNative@72 (line 226)
  0x00007be0cd3718b8: c4e7 3307 

  0x00007be0cd3718bc: ;   {metadata(method data for {method} {0x00007be02340b740} 'operateNative' '(JJI)J' in 'eu/printingin3d/javascad/manifold/Manifold3dEngine')}
  0x00007be0cd3718bc: 48ba a041 | 6b23 e07b | 0000 ff82 | 7002 0000 | e99b 0000 | 0048 3b00 

  0x00007be0cd3718d4: ;   {metadata(method data for {method} {0x00007be02340b740} 'operateNative' '(JJI)J' in 'eu/printingin3d/javascad/manifold/Manifold3dEngine')}
  0x00007be0cd3718d4: 488b d048 | b9a0 416b | 23e0 7b00 

  0x00007be0cd3718e0: ;   {metadata('com/cadoodlecad/manifold/ManifoldBindings')}
  0x00007be0cd3718e0: 0049 ba00 | 2000 28e0 | 7b00 004c | 8991 f801 | 0000 4883 | 8100 0200 | 0001 488b | 5424 3848 
  0x00007be0cd371900: 8b4c 2440 

  0x00007be0cd371904: ;   {optimized virtual_call}
  0x00007be0cd371904: 488b f0e8 

  0x00007be0cd371908: ; ImmutableOopMap {[88]=Oop }
                      ;*invokevirtual difference {reexecute=0 rethrow=0 return_oop=0}
                      ; - eu.printingin3d.javascad.manifold.Manifold3dEngine::operateNative@62 (line 225)
  0x00007be0cd371908: f902 0000 

  0x00007be0cd37190c: ;   {metadata(method data for {method} {0x00007be02340b740} 'operateNative' '(JJI)J' in 'eu/printingin3d/javascad/manifold/Manifold3dEngine')}
  0x00007be0cd37190c: 48ba a041 | 6b23 e07b | 0000 ff82 | 2002 0000 | e94b 0000 | 0048 8b4c | 2440 488b | 5424 3848 
  0x00007be0cd37192c: 3b00 488b 

  0x00007be0cd371930: ;   {metadata(method data for {method} {0x00007be02340b740} 'operateNative' '(JJI)J' in 'eu/printingin3d/javascad/manifold/Manifold3dEngine')}
  0x00007be0cd371930: f048 bfa0 | 416b 23e0 

  0x00007be0cd371938: ;   {metadata('com/cadoodlecad/manifold/ManifoldBindings')}
  0x00007be0cd371938: 7b00 0049 | ba00 2000 | 28e0 7b00 | 004c 8997 | a801 0000 | 4883 87b0 | 0100 0001 

  0x00007be0cd371954: ;   {optimized virtual_call}
  0x00007be0cd371954: 488b f0e8 

  0x00007be0cd371958: ; ImmutableOopMap {[88]=Oop }
                      ;*invokevirtual union {reexecute=0 rethrow=0 return_oop=0}
                      ; - eu.printingin3d.javascad.manifold.Manifold3dEngine::operateNative@52 (line 224)
  0x00007be0cd371958: 0484 0100 

  0x00007be0cd37195c: ;   {metadata(method data for {method} {0x00007be02340b740} 'operateNative' '(JJI)J' in 'eu/printingin3d/javascad/manifold/Manifold3dEngine')}
  0x00007be0cd37195c: 48ba a041 | 6b23 e07b | 0000 ff82 | d001 0000 

  0x00007be0cd37196c: ;   {oop(a 'java/lang/Object'{0x00000000f505d360})}
  0x00007be0cd37196c: 488b f048 | b860 d305 | f500 0000 | 0048 8d44 | 2450 488b | 1048 85d2 | 0f84 0f00 | 0000 488b 
  0x00007be0cd37198c: 7808 f048 | 0fb1 170f | 8590 0100 

  0x00007be0cd371998: ;   {metadata(method data for {method} {0x00007be02340b740} 'operateNative' '(JJI)J' in 'eu/printingin3d/javascad/manifold/Manifold3dEngine')}
  0x00007be0cd371998: 0048 b8a0 | 416b 23e0 | 7b00 00ff | 80b8 0200 | 0048 8bc6 | 4883 c470 

  0x00007be0cd3719b0: ;   {poll_return}
  0x00007be0cd3719b0: 5d49 3ba7 | 4003 0000 | 0f87 7e01 | 0000 c390 

  0x00007be0cd3719c0: ;   {no_reloc}
  0x00007be0cd3719c0: e99c 0100 | 0000 0000 | 0000 498b | 8708 0100 | 0048 8d78 | 2849 3bbf | 1801 0000 | 0f87 8901 
  0x00007be0cd3719e0: 0000 4989 | bf08 0100 | 0048 c700 | 0100 0000 | 488b ca49 | ba00 0000 | 27e0 7b00 | 0049 2bca 
  0x00007be0cd371a00: 8948 0848 | 33c9 8948 | 0c48 33c9 | 4889 4810 | 4889 4818 | 4889 4820 

  0x00007be0cd371a18: ;   {no_reloc}
  0x00007be0cd371a18: e96a 0100 | 0090 9090 | 9090 498b | f048 8944 | 2448 0f1f 

  0x00007be0cd371a2c: ;   {static_call}
  0x00007be0cd371a2c: 4400 00e8 

  0x00007be0cd371a30: ; ImmutableOopMap {[72]=Oop [88]=Oop }
                      ;*invokedynamic {reexecute=0 rethrow=0 return_oop=0}
                      ; - eu.printingin3d.javascad.manifold.Manifold3dEngine::operateNative@84 (line 227)
  0x00007be0cd371a30: 4cec 3307 

  0x00007be0cd371a34: ;   {metadata(method data for {method} {0x00007be02340b740} 'operateNative' '(JJI)J' in 'eu/printingin3d/javascad/manifold/Manifold3dEngine')}
  0x00007be0cd371a34: 48ba a041 | 6b23 e07b | 0000 488d | 9298 0200 | 0048 85c0 | 750e 48f7 | 0201 0000 | 0075 05f0 
  0x00007be0cd371a54: 4883 0a01 | 488b 5424 

  0x00007be0cd371a5c: ;   {metadata(method data for {method} {0x00007be02340b740} 'operateNative' '(JJI)J' in 'eu/printingin3d/javascad/manifold/Manifold3dEngine')}
  0x00007be0cd371a5c: 4848 bea0 | 416b 23e0 | 7b00 0048 | 8386 a802 | 0000 0148 | 8bd0 488b 

  0x00007be0cd371a74: ;   {optimized virtual_call}
  0x00007be0cd371a74: 7424 48e8 

  0x00007be0cd371a78: ; ImmutableOopMap {[72]=Oop [88]=Oop }
                      ;*invokespecial <init> {reexecute=0 rethrow=0 return_oop=0}
                      ; - eu.printingin3d.javascad.manifold.Manifold3dEngine::operateNative@89 (line 227)
  0x00007be0cd371a78: 04e6 3307 | 488b 4424 

  0x00007be0cd371a80: ; ImmutableOopMap {[88]=Oop rax=Oop }
                      ;*athrow {reexecute=1 rethrow=0 return_oop=0}
                      ; - (reexecute) eu.printingin3d.javascad.manifold.Manifold3dEngine::operateNative@92 (line 227)
                      ;   {section_word}
  0x00007be0cd371a80: 4848 ba81 | 1a37 cde0 

  0x00007be0cd371a88: ;   {runtime_call handle_exception_nofpu Runtime1 stub}
  0x00007be0cd371a88: 7b00 00e8 | f021 3e07 | 9049 8b87 | d003 0000 | 4d33 d24d | 8997 d003 | 0000 4d33 | d24d 8997 
  0x00007be0cd371aa8: d803 0000 

  0x00007be0cd371aac: ;   {oop(a 'java/lang/Object'{0x00000000f505d360})}
  0x00007be0cd371aac: 488b f048 | b860 d305 | f500 0000 | 0048 8d44 | 2450 488b | 3848 85ff | 0f84 0f00 | 0000 488b 
  0x00007be0cd371acc: 5808 f048 | 0fb1 3b0f | 85b8 0000 | 0048 8bc6 | e9e2 0000 

  0x00007be0cd371ae0: ;   {metadata({method} {0x00007be02340b740} 'operateNative' '(JJI)J' in 'eu/printingin3d/javascad/manifold/Manifold3dEngine')}
  0x00007be0cd371ae0: 0049 ba40 | b740 23e0 | 7b00 004c | 8954 2408 | 48c7 0424 | ffff ffff 

  0x00007be0cd371af8: ;   {runtime_call counter_overflow Runtime1 stub}
  0x00007be0cd371af8: e883 603e 

  0x00007be0cd371afc: ; ImmutableOopMap {rsi=Oop }
                      ;*synchronization entry
                      ; - eu.printingin3d.javascad.manifold.Manifold3dEngine::operateNative@-1 (line 221)
  0x00007be0cd371afc: 07e9 92fc 

  0x00007be0cd371b00: ;   {runtime_call throw_null_pointer_exception Runtime1 stub}
  0x00007be0cd371b00: ffff e819 

  0x00007be0cd371b04: ; ImmutableOopMap {rsi=Oop }
                      ;*monitorenter {reexecute=0 rethrow=0 return_oop=0}
                      ; - eu.printingin3d.javascad.manifold.Manifold3dEngine::operateNative@7 (line 221)
  0x00007be0cd371b04: 1b35 0748 | 8974 2408 | 4889 3c24 

  0x00007be0cd371b10: ;   {runtime_call monitorenter_nofpu Runtime1 stub}
  0x00007be0cd371b10: e86b 3f3e 

  0x00007be0cd371b14: ; ImmutableOopMap {rsi=Oop [88]=Oop }
                      ;*monitorenter {reexecute=0 rethrow=0 return_oop=0}
                      ; - eu.printingin3d.javascad.manifold.Manifold3dEngine::operateNative@7 (line 221)
  0x00007be0cd371b14: 07e9 b5fc 

  0x00007be0cd371b18: ;   {runtime_call throw_null_pointer_exception Runtime1 stub}
  0x00007be0cd371b18: ffff e801 

  0x00007be0cd371b1c: ; ImmutableOopMap {rax=Oop [88]=Oop }
                      ;*invokevirtual intersection {reexecute=0 rethrow=0 return_oop=0}
                      ; - eu.printingin3d.javascad.manifold.Manifold3dEngine::operateNative@72 (line 226)
                      ;   {runtime_call throw_null_pointer_exception Runtime1 stub}
  0x00007be0cd371b1c: 1b35 07e8 

  0x00007be0cd371b20: ; ImmutableOopMap {rax=Oop [88]=Oop }
                      ;*invokevirtual difference {reexecute=0 rethrow=0 return_oop=0}
                      ; - eu.printingin3d.javascad.manifold.Manifold3dEngine::operateNative@62 (line 225)
  0x00007be0cd371b20: fc1a 3507 

  0x00007be0cd371b24: ;   {runtime_call throw_null_pointer_exception Runtime1 stub}
  0x00007be0cd371b24: e8f7 1a35 

  0x00007be0cd371b28: ; ImmutableOopMap {rax=Oop [88]=Oop }
                      ;*invokevirtual union {reexecute=0 rethrow=0 return_oop=0}
                      ; - eu.printingin3d.javascad.manifold.Manifold3dEngine::operateNative@52 (line 224)
  0x00007be0cd371b28: 0748 8d44 | 2450 4889 

  0x00007be0cd371b30: ;   {runtime_call monitorexit_nofpu Runtime1 stub}
  0x00007be0cd371b30: 0424 e849 | 453e 07e9 | 5dfe ffff 

  0x00007be0cd371b3c: ;   {internal_word}
  0x00007be0cd371b3c: 49ba b119 | 37cd e07b | 0000 4d89 | 9758 0300 

  0x00007be0cd371b4c: ;   {runtime_call SafepointBlob}
  0x00007be0cd371b4c: 00e9 ae4b 

  0x00007be0cd371b50: ;   {metadata(NULL)}
  0x00007be0cd371b50: 3407 48ba | 0000 0000 | 0000 0000 | b800 0f05 

  0x00007be0cd371b60: ;   {runtime_call load_klass_patching Runtime1 stub}
  0x00007be0cd371b60: 0ae8 9a4f 

  0x00007be0cd371b64: ; ImmutableOopMap {[88]=Oop }
                      ;*new {reexecute=1 rethrow=0 return_oop=0}
                      ; - (reexecute) eu.printingin3d.javascad.manifold.Manifold3dEngine::operateNative@78 (line 227)
  0x00007be0cd371b64: 3e07 e955 | feff ff48 

  0x00007be0cd371b6c: ;   {runtime_call fast_new_instance Runtime1 stub}
  0x00007be0cd371b6c: 8bd2 e80d 

  0x00007be0cd371b70: ; ImmutableOopMap {[88]=Oop }
                      ;*new {reexecute=0 rethrow=0 return_oop=0}
                      ; - eu.printingin3d.javascad.manifold.Manifold3dEngine::operateNative@78 (line 227)
  0x00007be0cd371b70: 123e 07e9 | a0fe ffff | 48ba 0000 | 0000 0000 | 0000 b800 

  0x00007be0cd371b84: ;   {runtime_call load_appendix_patching Runtime1 stub}
  0x00007be0cd371b84: 0f05 0ae8 

  0x00007be0cd371b88: ; ImmutableOopMap {rax=Oop [88]=Oop }
                      ;*invokedynamic {reexecute=1 rethrow=0 return_oop=0}
                      ; - (reexecute) eu.printingin3d.javascad.manifold.Manifold3dEngine::operateNative@84 (line 227)
  0x00007be0cd371b88: 7458 3e07 | e987 feff | ff48 8d44 | 2450 4889 

  0x00007be0cd371b98: ;   {runtime_call monitorexit_nofpu Runtime1 stub}
  0x00007be0cd371b98: 0424 e8e1 | 443e 07e9 | 35ff ffff | 9090 498b | 87d0 0300 | 0049 c787 | d003 0000 | 0000 0000 
  0x00007be0cd371bb8: 49c7 87d8 | 0300 0000 | 0000 0048 | 83c4 705d 

  0x00007be0cd371bc8: ;   {runtime_call unwind_exception Runtime1 stub}
  0x00007be0cd371bc8: e9b3 f93d | 07f4 f4f4 | f4f4 f4f4 | f4f4 f4f4 | f4f4 f4f4 | f4f4 f4f4 
[Stub Code]
  0x00007be0cd371be0: ;   {no_reloc}
  0x00007be0cd371be0: 0f1f 4400 

  0x00007be0cd371be4: ;   {static_stub}
  0x00007be0cd371be4: 0048 bb00 | 0000 0000 

  0x00007be0cd371bec: ;   {runtime_call}
  0x00007be0cd371bec: 0000 00e9 | fbff ffff 

  0x00007be0cd371bf4: ;   {static_stub}
  0x00007be0cd371bf4: 9048 bb00 | 0000 0000 

  0x00007be0cd371bfc: ;   {runtime_call}
  0x00007be0cd371bfc: 0000 00e9 | fbff ffff 

  0x00007be0cd371c04: ;   {static_stub}
  0x00007be0cd371c04: 9048 bbd8 | 7941 23e0 

  0x00007be0cd371c0c: ;   {runtime_call I2C/C2I adapters}
  0x00007be0cd371c0c: 7b00 00e9 | cd83 3307 

  0x00007be0cd371c14: ;   {static_stub}
  0x00007be0cd371c14: 9048 bb08 | 7941 23e0 

  0x00007be0cd371c1c: ;   {runtime_call I2C/C2I adapters}
  0x00007be0cd371c1c: 7b00 00e9 | bd83 3307 

  0x00007be0cd371c24: ;   {static_stub}
  0x00007be0cd371c24: 9048 bb00 | 0000 0000 

  0x00007be0cd371c2c: ;   {runtime_call}
  0x00007be0cd371c2c: 0000 00e9 | fbff ffff 

  0x00007be0cd371c34: ;   {static_stub}
  0x00007be0cd371c34: 9048 bb00 | 0000 0000 

  0x00007be0cd371c3c: ;   {runtime_call}
  0x00007be0cd371c3c: 0000 00e9 | fbff ffff 
[Exception Handler]
  0x00007be0cd371c44: ;   {runtime_call handle_exception_from_callee Runtime1 stub}
  0x00007be0cd371c44: e837 263e 

  0x00007be0cd371c48: ;   {external_word}
  0x00007be0cd371c48: 0748 bf52 | 5799 ebe0 | 7b00 0048 

  0x00007be0cd371c54: ;   {runtime_call MacroAssembler::debug64(char*, long, long*)}
  0x00007be0cd371c54: 83e4 f0e8 | 148f 191e 

  0x00007be0cd371c5c: ;   {section_word}
  0x00007be0cd371c5c: f449 ba5d | 1c37 cde0 | 7b00 0041 

  0x00007be0cd371c68: ;   {runtime_call DeoptimizationBlob}
  0x00007be0cd371c68: 52e9 323d | 3407 f4f4 
[/MachCode]


---------------  P R O C E S S  ---------------

Threads class SMR info:
_java_thread_list=0x00007bdfcc07b880, length=22, elements={
0x00007be0e402aac0, 0x00007be0e41e9530, 0x00007be0e41ea910, 0x00007be0e41efea0,
0x00007be0e41f1250, 0x00007be0e41f2660, 0x00007be0e41f4090, 0x00007be0e41f55c0,
0x00007be0e41f6a30, 0x00007be0e41fe750, 0x00007be0e4201ee0, 0x00007be0040a6590,
0x00007be008142c50, 0x00007be008143da0, 0x00007be0e4459f30, 0x00007be0e445ab90,
0x00007bdfe805b4e0, 0x00007bdfe804d9c0, 0x00007bdfe80265d0, 0x00007bdfe8049ed0,
0x00007be008278120, 0x00007bdfcc00d970
}

Java Threads: ( => current thread )
  0x00007be0e402aac0 JavaThread "main" [_thread_blocked, id=77832, stack(0x00007be0ea817000,0x00007be0ea917000)]
  0x00007be0e41e9530 JavaThread "Reference Handler" daemon [_thread_blocked, id=77839, stack(0x00007be0e8117000,0x00007be0e8217000)]
  0x00007be0e41ea910 JavaThread "Finalizer" daemon [_thread_blocked, id=77840, stack(0x00007be0e8017000,0x00007be0e8117000)]
  0x00007be0e41efea0 JavaThread "Signal Dispatcher" daemon [_thread_blocked, id=77841, stack(0x00007be0e3f00000,0x00007be0e4000000)]
  0x00007be0e41f1250 JavaThread "Service Thread" daemon [_thread_blocked, id=77842, stack(0x00007be085e30000,0x00007be085f30000)]
  0x00007be0e41f2660 JavaThread "Monitor Deflation Thread" daemon [_thread_blocked, id=77843, stack(0x00007be085700000,0x00007be085800000)]
  0x00007be0e41f4090 JavaThread "C2 CompilerThread0" daemon [_thread_in_native, id=77844, stack(0x00007be085600000,0x00007be085700000)]
  0x00007be0e41f55c0 JavaThread "C1 CompilerThread0" daemon [_thread_blocked, id=77845, stack(0x00007be085500000,0x00007be085600000)]
  0x00007be0e41f6a30 JavaThread "Sweeper thread" daemon [_thread_blocked, id=77846, stack(0x00007be085400000,0x00007be085500000)]
  0x00007be0e41fe750 JavaThread "Notification Thread" daemon [_thread_blocked, id=77847, stack(0x00007be085300000,0x00007be085400000)]
  0x00007be0e4201ee0 JavaThread "Common-Cleaner" daemon [_thread_blocked, id=77849, stack(0x00007be0850ff000,0x00007be0851ff000)]
  0x00007be0040a6590 JavaThread "C1 CompilerThread1" daemon [_thread_blocked, id=77850, stack(0x00007be084fff000,0x00007be0850ff000)]
  0x00007be008142c50 JavaThread "C1 CompilerThread2" daemon [_thread_blocked, id=77851, stack(0x00007be084eff000,0x00007be084fff000)]
  0x00007be008143da0 JavaThread "C1 CompilerThread3" daemon [_thread_blocked, id=77852, stack(0x00007be084dff000,0x00007be084eff000)]
  0x00007be0e4459f30 JavaThread "DefaultDispatcher-worker-1" daemon [_thread_blocked, id=77853, stack(0x00007be084900000,0x00007be084a00000)]
  0x00007be0e445ab90 JavaThread "DefaultDispatcher-worker-2" daemon [_thread_blocked, id=77854, stack(0x00007be084500000,0x00007be084600000)]
=>0x00007bdfe805b4e0 JavaThread "DefaultDispatcher-worker-3" daemon [_thread_in_native, id=77855, stack(0x00007be084400000,0x00007be084500000)]
  0x00007bdfe804d9c0 JavaThread "DefaultDispatcher-worker-4" daemon [_thread_blocked, id=77856, stack(0x00007be084300000,0x00007be084400000)]
  0x00007bdfe80265d0 JavaThread "DefaultDispatcher-worker-5" daemon [_thread_blocked, id=77857, stack(0x00007be084200000,0x00007be084300000)]
  0x00007bdfe8049ed0 JavaThread "DefaultDispatcher-worker-6" daemon [_thread_blocked, id=77858, stack(0x00007be084100000,0x00007be084200000)]
  0x00007be008278120 JavaThread "C2 CompilerThread1" daemon [_thread_blocked, id=77874, stack(0x00007be084000000,0x00007be084100000)]
  0x00007bdfcc00d970 JavaThread "Thread-6" daemon [_thread_in_native, id=77875, stack(0x00007bdf93f00000,0x00007bdf94000000)]

Other Threads:
  0x00007be0e41e5560 VMThread "VM Thread" [stack: 0x00007be0e8218000,0x00007be0e8318000] [id=77838]
  0x00007be0e4200090 WatcherThread [stack: 0x00007be085200000,0x00007be085300000] [id=77848]
  0x00007be0e40605c0 GCTaskThread "GC Thread#0" [stack: 0x00007be0e9618000,0x00007be0e9718000] [id=77833]
  0x00007be06c0068e0 GCTaskThread "GC Thread#1" [stack: 0x00007bdf93e00000,0x00007bdf93f00000] [id=77876]
  0x00007be06c007360 GCTaskThread "GC Thread#2" [stack: 0x00007bdf93cff000,0x00007bdf93dff000] [id=77877]
  0x00007be06c007de0 GCTaskThread "GC Thread#3" [stack: 0x00007bdf93bfe000,0x00007bdf93cfe000] [id=77878]
  0x00007be06c008860 GCTaskThread "GC Thread#4" [stack: 0x00007bdf93afd000,0x00007bdf93bfd000] [id=77879]
  0x00007be06c0092e0 GCTaskThread "GC Thread#5" [stack: 0x00007bdf939fc000,0x00007bdf93afc000] [id=77880]
  0x00007be06c009d90 GCTaskThread "GC Thread#6" [stack: 0x00007bdf938fb000,0x00007bdf939fb000] [id=77881]
  0x00007be06c00ac30 GCTaskThread "GC Thread#7" [stack: 0x00007bdf937fa000,0x00007bdf938fa000] [id=77882]
  0x00007be06c00bad0 GCTaskThread "GC Thread#8" [stack: 0x00007bdf936f9000,0x00007bdf937f9000] [id=77883]
  0x00007be06c00c970 GCTaskThread "GC Thread#9" [stack: 0x00007bdf935f8000,0x00007bdf936f8000] [id=77884]
  0x00007be06c00d810 GCTaskThread "GC Thread#10" [stack: 0x00007bdf934f7000,0x00007bdf935f7000] [id=77885]
  0x00007be06c00e6b0 GCTaskThread "GC Thread#11" [stack: 0x00007bdf933f6000,0x00007bdf934f6000] [id=77886]
  0x00007be06c00f550 GCTaskThread "GC Thread#12" [stack: 0x00007bdf932f5000,0x00007bdf933f5000] [id=77887]
  0x00007be0e4070bb0 ConcurrentGCThread "G1 Main Marker" [stack: 0x00007be0e9517000,0x00007be0e9617000] [id=77834]
  0x00007be0e4071b20 ConcurrentGCThread "G1 Conc#0" [stack: 0x00007be0e9416000,0x00007be0e9516000] [id=77835]
  0x00007be0e41b26b0 ConcurrentGCThread "G1 Refine#0" [stack: 0x00007be0e8608000,0x00007be0e8708000] [id=77836]
  0x00007be0e41b35b0 ConcurrentGCThread "G1 Service" [stack: 0x00007be0e8507000,0x00007be0e8607000] [id=77837]

Threads with active compile tasks:
C2 CompilerThread0  280  777       4       eu.printingin3d.javascad.coords.Angles3d::rotate (392 bytes)

VM state: not at safepoint (normal execution)

VM Mutex/Monitor currently owned by a thread: None

Heap address: 0x0000000082000000, size: 30688 MB, Compressed Oops mode: Zero based, Oop shift amount: 3

CDS archive(s) mapped at: [0x00007be027000000-0x00007be027bca000-0x00007be027bca000), size 12361728, SharedBaseAddress: 0x00007be027000000, ArchiveRelocationMode: 1.
Compressed class space mapped at: 0x00007be028000000-0x00007be068000000, reserved size: 1073741824
Narrow klass base: 0x00007be027000000, Narrow klass shift: 0, Narrow klass range: 0x100000000

GC Precious Log:
 CPUs: 16 total, 16 available
 Memory: 121G
 Large Page Support: Disabled
 NUMA Support: Disabled
 Compressed Oops: Enabled (Zero based)
 Heap Region Size: 16M
 Heap Min Capacity: 16M
 Heap Initial Capacity: 1952M
 Heap Max Capacity: 30688M
 Pre-touch: Disabled
 Parallel Workers: 13
 Concurrent Workers: 3
 Concurrent Refinement Workers: 13
 Periodic GC: Disabled

Heap:
 garbage-first heap   total 2031616K, used 50678K [0x0000000082000000, 0x0000000800000000)
  region size 16384K, 4 young (65536K), 1 survivors (16384K)
 Metaspace       used 4871K, committed 5056K, reserved 1114112K
  class space    used 405K, committed 512K, reserved 1048576K

Heap Regions: E=young(eden), S=young(survivor), O=old, HS=humongous(starts), HC=humongous(continues), CS=collection set, F=free, OA=open archive, CA=closed archive, TAMS=top-at-mark-start (previous, next)
|   0|0x0000000082000000, 0x0000000082000000, 0x0000000083000000|  0%| F|  |TAMS 0x0000000082000000, 0x0000000082000000| Untracked 
|   1|0x0000000083000000, 0x0000000083000000, 0x0000000084000000|  0%| F|  |TAMS 0x0000000083000000, 0x0000000083000000| Untracked 
|   2|0x0000000084000000, 0x0000000084000000, 0x0000000085000000|  0%| F|  |TAMS 0x0000000084000000, 0x0000000084000000| Untracked 
|   3|0x0000000085000000, 0x0000000085000000, 0x0000000086000000|  0%| F|  |TAMS 0x0000000085000000, 0x0000000085000000| Untracked 
|   4|0x0000000086000000, 0x0000000086000000, 0x0000000087000000|  0%| F|  |TAMS 0x0000000086000000, 0x0000000086000000| Untracked 
|   5|0x0000000087000000, 0x0000000087000000, 0x0000000088000000|  0%| F|  |TAMS 0x0000000087000000, 0x0000000087000000| Untracked 
|   6|0x0000000088000000, 0x0000000088000000, 0x0000000089000000|  0%| F|  |TAMS 0x0000000088000000, 0x0000000088000000| Untracked 
|   7|0x0000000089000000, 0x0000000089000000, 0x000000008a000000|  0%| F|  |TAMS 0x0000000089000000, 0x0000000089000000| Untracked 
|   8|0x000000008a000000, 0x000000008a000000, 0x000000008b000000|  0%| F|  |TAMS 0x000000008a000000, 0x000000008a000000| Untracked 
|   9|0x000000008b000000, 0x000000008b000000, 0x000000008c000000|  0%| F|  |TAMS 0x000000008b000000, 0x000000008b000000| Untracked 
|  10|0x000000008c000000, 0x000000008c000000, 0x000000008d000000|  0%| F|  |TAMS 0x000000008c000000, 0x000000008c000000| Untracked 
|  11|0x000000008d000000, 0x000000008d000000, 0x000000008e000000|  0%| F|  |TAMS 0x000000008d000000, 0x000000008d000000| Untracked 
|  12|0x000000008e000000, 0x000000008e000000, 0x000000008f000000|  0%| F|  |TAMS 0x000000008e000000, 0x000000008e000000| Untracked 
|  13|0x000000008f000000, 0x000000008f000000, 0x0000000090000000|  0%| F|  |TAMS 0x000000008f000000, 0x000000008f000000| Untracked 
|  14|0x0000000090000000, 0x0000000090000000, 0x0000000091000000|  0%| F|  |TAMS 0x0000000090000000, 0x0000000090000000| Untracked 
|  15|0x0000000091000000, 0x0000000091000000, 0x0000000092000000|  0%| F|  |TAMS 0x0000000091000000, 0x0000000091000000| Untracked 
|  16|0x0000000092000000, 0x0000000092000000, 0x0000000093000000|  0%| F|  |TAMS 0x0000000092000000, 0x0000000092000000| Untracked 
|  17|0x0000000093000000, 0x0000000093000000, 0x0000000094000000|  0%| F|  |TAMS 0x0000000093000000, 0x0000000093000000| Untracked 
|  18|0x0000000094000000, 0x0000000094000000, 0x0000000095000000|  0%| F|  |TAMS 0x0000000094000000, 0x0000000094000000| Untracked 
|  19|0x0000000095000000, 0x0000000095000000, 0x0000000096000000|  0%| F|  |TAMS 0x0000000095000000, 0x0000000095000000| Untracked 
|  20|0x0000000096000000, 0x0000000096000000, 0x0000000097000000|  0%| F|  |TAMS 0x0000000096000000, 0x0000000096000000| Untracked 
|  21|0x0000000097000000, 0x0000000097000000, 0x0000000098000000|  0%| F|  |TAMS 0x0000000097000000, 0x0000000097000000| Untracked 
|  22|0x0000000098000000, 0x0000000098000000, 0x0000000099000000|  0%| F|  |TAMS 0x0000000098000000, 0x0000000098000000| Untracked 
|  23|0x0000000099000000, 0x0000000099000000, 0x000000009a000000|  0%| F|  |TAMS 0x0000000099000000, 0x0000000099000000| Untracked 
|  24|0x000000009a000000, 0x000000009a000000, 0x000000009b000000|  0%| F|  |TAMS 0x000000009a000000, 0x000000009a000000| Untracked 
|  25|0x000000009b000000, 0x000000009b000000, 0x000000009c000000|  0%| F|  |TAMS 0x000000009b000000, 0x000000009b000000| Untracked 
|  26|0x000000009c000000, 0x000000009c000000, 0x000000009d000000|  0%| F|  |TAMS 0x000000009c000000, 0x000000009c000000| Untracked 
|  27|0x000000009d000000, 0x000000009d000000, 0x000000009e000000|  0%| F|  |TAMS 0x000000009d000000, 0x000000009d000000| Untracked 
|  28|0x000000009e000000, 0x000000009e000000, 0x000000009f000000|  0%| F|  |TAMS 0x000000009e000000, 0x000000009e000000| Untracked 
|  29|0x000000009f000000, 0x000000009f000000, 0x00000000a0000000|  0%| F|  |TAMS 0x000000009f000000, 0x000000009f000000| Untracked 
|  30|0x00000000a0000000, 0x00000000a0000000, 0x00000000a1000000|  0%| F|  |TAMS 0x00000000a0000000, 0x00000000a0000000| Untracked 
|  31|0x00000000a1000000, 0x00000000a1000000, 0x00000000a2000000|  0%| F|  |TAMS 0x00000000a1000000, 0x00000000a1000000| Untracked 
|  32|0x00000000a2000000, 0x00000000a2000000, 0x00000000a3000000|  0%| F|  |TAMS 0x00000000a2000000, 0x00000000a2000000| Untracked 
|  33|0x00000000a3000000, 0x00000000a3000000, 0x00000000a4000000|  0%| F|  |TAMS 0x00000000a3000000, 0x00000000a3000000| Untracked 
|  34|0x00000000a4000000, 0x00000000a4000000, 0x00000000a5000000|  0%| F|  |TAMS 0x00000000a4000000, 0x00000000a4000000| Untracked 
|  35|0x00000000a5000000, 0x00000000a5000000, 0x00000000a6000000|  0%| F|  |TAMS 0x00000000a5000000, 0x00000000a5000000| Untracked 
|  36|0x00000000a6000000, 0x00000000a6000000, 0x00000000a7000000|  0%| F|  |TAMS 0x00000000a6000000, 0x00000000a6000000| Untracked 
|  37|0x00000000a7000000, 0x00000000a7000000, 0x00000000a8000000|  0%| F|  |TAMS 0x00000000a7000000, 0x00000000a7000000| Untracked 
|  38|0x00000000a8000000, 0x00000000a8000000, 0x00000000a9000000|  0%| F|  |TAMS 0x00000000a8000000, 0x00000000a8000000| Untracked 
|  39|0x00000000a9000000, 0x00000000a9000000, 0x00000000aa000000|  0%| F|  |TAMS 0x00000000a9000000, 0x00000000a9000000| Untracked 
|  40|0x00000000aa000000, 0x00000000aa000000, 0x00000000ab000000|  0%| F|  |TAMS 0x00000000aa000000, 0x00000000aa000000| Untracked 
|  41|0x00000000ab000000, 0x00000000ab000000, 0x00000000ac000000|  0%| F|  |TAMS 0x00000000ab000000, 0x00000000ab000000| Untracked 
|  42|0x00000000ac000000, 0x00000000ac000000, 0x00000000ad000000|  0%| F|  |TAMS 0x00000000ac000000, 0x00000000ac000000| Untracked 
|  43|0x00000000ad000000, 0x00000000ad000000, 0x00000000ae000000|  0%| F|  |TAMS 0x00000000ad000000, 0x00000000ad000000| Untracked 
|  44|0x00000000ae000000, 0x00000000ae000000, 0x00000000af000000|  0%| F|  |TAMS 0x00000000ae000000, 0x00000000ae000000| Untracked 
|  45|0x00000000af000000, 0x00000000af000000, 0x00000000b0000000|  0%| F|  |TAMS 0x00000000af000000, 0x00000000af000000| Untracked 
|  46|0x00000000b0000000, 0x00000000b0000000, 0x00000000b1000000|  0%| F|  |TAMS 0x00000000b0000000, 0x00000000b0000000| Untracked 
|  47|0x00000000b1000000, 0x00000000b1000000, 0x00000000b2000000|  0%| F|  |TAMS 0x00000000b1000000, 0x00000000b1000000| Untracked 
|  48|0x00000000b2000000, 0x00000000b2000000, 0x00000000b3000000|  0%| F|  |TAMS 0x00000000b2000000, 0x00000000b2000000| Untracked 
|  49|0x00000000b3000000, 0x00000000b3000000, 0x00000000b4000000|  0%| F|  |TAMS 0x00000000b3000000, 0x00000000b3000000| Untracked 
|  50|0x00000000b4000000, 0x00000000b4000000, 0x00000000b5000000|  0%| F|  |TAMS 0x00000000b4000000, 0x00000000b4000000| Untracked 
|  51|0x00000000b5000000, 0x00000000b5000000, 0x00000000b6000000|  0%| F|  |TAMS 0x00000000b5000000, 0x00000000b5000000| Untracked 
|  52|0x00000000b6000000, 0x00000000b6000000, 0x00000000b7000000|  0%| F|  |TAMS 0x00000000b6000000, 0x00000000b6000000| Untracked 
|  53|0x00000000b7000000, 0x00000000b7000000, 0x00000000b8000000|  0%| F|  |TAMS 0x00000000b7000000, 0x00000000b7000000| Untracked 
|  54|0x00000000b8000000, 0x00000000b8000000, 0x00000000b9000000|  0%| F|  |TAMS 0x00000000b8000000, 0x00000000b8000000| Untracked 
|  55|0x00000000b9000000, 0x00000000b9000000, 0x00000000ba000000|  0%| F|  |TAMS 0x00000000b9000000, 0x00000000b9000000| Untracked 
|  56|0x00000000ba000000, 0x00000000ba000000, 0x00000000bb000000|  0%| F|  |TAMS 0x00000000ba000000, 0x00000000ba000000| Untracked 
|  57|0x00000000bb000000, 0x00000000bb000000, 0x00000000bc000000|  0%| F|  |TAMS 0x00000000bb000000, 0x00000000bb000000| Untracked 
|  58|0x00000000bc000000, 0x00000000bc000000, 0x00000000bd000000|  0%| F|  |TAMS 0x00000000bc000000, 0x00000000bc000000| Untracked 
|  59|0x00000000bd000000, 0x00000000bd000000, 0x00000000be000000|  0%| F|  |TAMS 0x00000000bd000000, 0x00000000bd000000| Untracked 
|  60|0x00000000be000000, 0x00000000be000000, 0x00000000bf000000|  0%| F|  |TAMS 0x00000000be000000, 0x00000000be000000| Untracked 
|  61|0x00000000bf000000, 0x00000000bf000000, 0x00000000c0000000|  0%| F|  |TAMS 0x00000000bf000000, 0x00000000bf000000| Untracked 
|  62|0x00000000c0000000, 0x00000000c0000000, 0x00000000c1000000|  0%| F|  |TAMS 0x00000000c0000000, 0x00000000c0000000| Untracked 
|  63|0x00000000c1000000, 0x00000000c1000000, 0x00000000c2000000|  0%| F|  |TAMS 0x00000000c1000000, 0x00000000c1000000| Untracked 
|  64|0x00000000c2000000, 0x00000000c2000000, 0x00000000c3000000|  0%| F|  |TAMS 0x00000000c2000000, 0x00000000c2000000| Untracked 
|  65|0x00000000c3000000, 0x00000000c3000000, 0x00000000c4000000|  0%| F|  |TAMS 0x00000000c3000000, 0x00000000c3000000| Untracked 
|  66|0x00000000c4000000, 0x00000000c4000000, 0x00000000c5000000|  0%| F|  |TAMS 0x00000000c4000000, 0x00000000c4000000| Untracked 
|  67|0x00000000c5000000, 0x00000000c5000000, 0x00000000c6000000|  0%| F|  |TAMS 0x00000000c5000000, 0x00000000c5000000| Untracked 
|  68|0x00000000c6000000, 0x00000000c6000000, 0x00000000c7000000|  0%| F|  |TAMS 0x00000000c6000000, 0x00000000c6000000| Untracked 
|  69|0x00000000c7000000, 0x00000000c7000000, 0x00000000c8000000|  0%| F|  |TAMS 0x00000000c7000000, 0x00000000c7000000| Untracked 
|  70|0x00000000c8000000, 0x00000000c8000000, 0x00000000c9000000|  0%| F|  |TAMS 0x00000000c8000000, 0x00000000c8000000| Untracked 
|  71|0x00000000c9000000, 0x00000000c9000000, 0x00000000ca000000|  0%| F|  |TAMS 0x00000000c9000000, 0x00000000c9000000| Untracked 
|  72|0x00000000ca000000, 0x00000000ca000000, 0x00000000cb000000|  0%| F|  |TAMS 0x00000000ca000000, 0x00000000ca000000| Untracked 
|  73|0x00000000cb000000, 0x00000000cb000000, 0x00000000cc000000|  0%| F|  |TAMS 0x00000000cb000000, 0x00000000cb000000| Untracked 
|  74|0x00000000cc000000, 0x00000000cc000000, 0x00000000cd000000|  0%| F|  |TAMS 0x00000000cc000000, 0x00000000cc000000| Untracked 
|  75|0x00000000cd000000, 0x00000000cd000000, 0x00000000ce000000|  0%| F|  |TAMS 0x00000000cd000000, 0x00000000cd000000| Untracked 
|  76|0x00000000ce000000, 0x00000000ce000000, 0x00000000cf000000|  0%| F|  |TAMS 0x00000000ce000000, 0x00000000ce000000| Untracked 
|  77|0x00000000cf000000, 0x00000000cf000000, 0x00000000d0000000|  0%| F|  |TAMS 0x00000000cf000000, 0x00000000cf000000| Untracked 
|  78|0x00000000d0000000, 0x00000000d0000000, 0x00000000d1000000|  0%| F|  |TAMS 0x00000000d0000000, 0x00000000d0000000| Untracked 
|  79|0x00000000d1000000, 0x00000000d1000000, 0x00000000d2000000|  0%| F|  |TAMS 0x00000000d1000000, 0x00000000d1000000| Untracked 
|  80|0x00000000d2000000, 0x00000000d2000000, 0x00000000d3000000|  0%| F|  |TAMS 0x00000000d2000000, 0x00000000d2000000| Untracked 
|  81|0x00000000d3000000, 0x00000000d3000000, 0x00000000d4000000|  0%| F|  |TAMS 0x00000000d3000000, 0x00000000d3000000| Untracked 
|  82|0x00000000d4000000, 0x00000000d4000000, 0x00000000d5000000|  0%| F|  |TAMS 0x00000000d4000000, 0x00000000d4000000| Untracked 
|  83|0x00000000d5000000, 0x00000000d5000000, 0x00000000d6000000|  0%| F|  |TAMS 0x00000000d5000000, 0x00000000d5000000| Untracked 
|  84|0x00000000d6000000, 0x00000000d6000000, 0x00000000d7000000|  0%| F|  |TAMS 0x00000000d6000000, 0x00000000d6000000| Untracked 
|  85|0x00000000d7000000, 0x00000000d7000000, 0x00000000d8000000|  0%| F|  |TAMS 0x00000000d7000000, 0x00000000d7000000| Untracked 
|  86|0x00000000d8000000, 0x00000000d8000000, 0x00000000d9000000|  0%| F|  |TAMS 0x00000000d8000000, 0x00000000d8000000| Untracked 
|  87|0x00000000d9000000, 0x00000000d9000000, 0x00000000da000000|  0%| F|  |TAMS 0x00000000d9000000, 0x00000000d9000000| Untracked 
|  88|0x00000000da000000, 0x00000000da000000, 0x00000000db000000|  0%| F|  |TAMS 0x00000000da000000, 0x00000000da000000| Untracked 
|  89|0x00000000db000000, 0x00000000db000000, 0x00000000dc000000|  0%| F|  |TAMS 0x00000000db000000, 0x00000000db000000| Untracked 
|  90|0x00000000dc000000, 0x00000000dc000000, 0x00000000dd000000|  0%| F|  |TAMS 0x00000000dc000000, 0x00000000dc000000| Untracked 
|  91|0x00000000dd000000, 0x00000000dd000000, 0x00000000de000000|  0%| F|  |TAMS 0x00000000dd000000, 0x00000000dd000000| Untracked 
|  92|0x00000000de000000, 0x00000000de000000, 0x00000000df000000|  0%| F|  |TAMS 0x00000000de000000, 0x00000000de000000| Untracked 
|  93|0x00000000df000000, 0x00000000df000000, 0x00000000e0000000|  0%| F|  |TAMS 0x00000000df000000, 0x00000000df000000| Untracked 
|  94|0x00000000e0000000, 0x00000000e0000000, 0x00000000e1000000|  0%| F|  |TAMS 0x00000000e0000000, 0x00000000e0000000| Untracked 
|  95|0x00000000e1000000, 0x00000000e1000000, 0x00000000e2000000|  0%| F|  |TAMS 0x00000000e1000000, 0x00000000e1000000| Untracked 
|  96|0x00000000e2000000, 0x00000000e2000000, 0x00000000e3000000|  0%| F|  |TAMS 0x00000000e2000000, 0x00000000e2000000| Untracked 
|  97|0x00000000e3000000, 0x00000000e3000000, 0x00000000e4000000|  0%| F|  |TAMS 0x00000000e3000000, 0x00000000e3000000| Untracked 
|  98|0x00000000e4000000, 0x00000000e4000000, 0x00000000e5000000|  0%| F|  |TAMS 0x00000000e4000000, 0x00000000e4000000| Untracked 
|  99|0x00000000e5000000, 0x00000000e5000000, 0x00000000e6000000|  0%| F|  |TAMS 0x00000000e5000000, 0x00000000e5000000| Untracked 
| 100|0x00000000e6000000, 0x00000000e6000000, 0x00000000e7000000|  0%| F|  |TAMS 0x00000000e6000000, 0x00000000e6000000| Untracked 
| 101|0x00000000e7000000, 0x00000000e7000000, 0x00000000e8000000|  0%| F|  |TAMS 0x00000000e7000000, 0x00000000e7000000| Untracked 
| 102|0x00000000e8000000, 0x00000000e8000000, 0x00000000e9000000|  0%| F|  |TAMS 0x00000000e8000000, 0x00000000e8000000| Untracked 
| 103|0x00000000e9000000, 0x00000000e9000000, 0x00000000ea000000|  0%| F|  |TAMS 0x00000000e9000000, 0x00000000e9000000| Untracked 
| 104|0x00000000ea000000, 0x00000000ea000000, 0x00000000eb000000|  0%| F|  |TAMS 0x00000000ea000000, 0x00000000ea000000| Untracked 
| 105|0x00000000eb000000, 0x00000000eb000000, 0x00000000ec000000|  0%| F|  |TAMS 0x00000000eb000000, 0x00000000eb000000| Untracked 
| 106|0x00000000ec000000, 0x00000000ec000000, 0x00000000ed000000|  0%| F|  |TAMS 0x00000000ec000000, 0x00000000ec000000| Untracked 
| 107|0x00000000ed000000, 0x00000000ed000000, 0x00000000ee000000|  0%| F|  |TAMS 0x00000000ed000000, 0x00000000ed000000| Untracked 
| 108|0x00000000ee000000, 0x00000000ee000000, 0x00000000ef000000|  0%| F|  |TAMS 0x00000000ee000000, 0x00000000ee000000| Untracked 
| 109|0x00000000ef000000, 0x00000000ef000000, 0x00000000f0000000|  0%| F|  |TAMS 0x00000000ef000000, 0x00000000ef000000| Untracked 
| 110|0x00000000f0000000, 0x00000000f0000000, 0x00000000f1000000|  0%| F|  |TAMS 0x00000000f0000000, 0x00000000f0000000| Untracked 
| 111|0x00000000f1000000, 0x00000000f1000000, 0x00000000f2000000|  0%| F|  |TAMS 0x00000000f1000000, 0x00000000f1000000| Untracked 
| 112|0x00000000f2000000, 0x00000000f2000000, 0x00000000f3000000|  0%| F|  |TAMS 0x00000000f2000000, 0x00000000f2000000| Untracked 
| 113|0x00000000f3000000, 0x00000000f3000000, 0x00000000f4000000|  0%| F|  |TAMS 0x00000000f3000000, 0x00000000f3000000| Untracked 
| 114|0x00000000f4000000, 0x00000000f4000000, 0x00000000f5000000|  0%| F|  |TAMS 0x00000000f4000000, 0x00000000f4000000| Untracked 
| 115|0x00000000f5000000, 0x00000000f5190a80, 0x00000000f6000000|  9%| S|CS|TAMS 0x00000000f5000000, 0x00000000f5000000| Complete 
| 116|0x00000000f6000000, 0x00000000f6000000, 0x00000000f7000000|  0%| F|  |TAMS 0x00000000f6000000, 0x00000000f6000000| Untracked 
| 117|0x00000000f7000000, 0x00000000f7000000, 0x00000000f8000000|  0%| F|  |TAMS 0x00000000f7000000, 0x00000000f7000000| Untracked 
| 118|0x00000000f8000000, 0x00000000f8000000, 0x00000000f9000000|  0%| F|  |TAMS 0x00000000f8000000, 0x00000000f8000000| Untracked 
| 119|0x00000000f9000000, 0x00000000f9b554f0, 0x00000000fa000000| 70%| E|  |TAMS 0x00000000f9000000, 0x00000000f9000000| Complete 
| 120|0x00000000fa000000, 0x00000000fb000000, 0x00000000fb000000|100%| E|CS|TAMS 0x00000000fa000000, 0x00000000fa000000| Complete 
| 121|0x00000000fb000000, 0x00000000fc000000, 0x00000000fc000000|100%| E|CS|TAMS 0x00000000fb000000, 0x00000000fb000000| Complete 
|1916|0x00000007fe000000, 0x00000007fef75000, 0x00000007ff000000| 96%|OA|  |TAMS 0x00000007fe000000, 0x00000007fe000000| Untracked 
|1917|0x00000007ff000000, 0x00000007ff078000, 0x0000000800000000|  2%|CA|  |TAMS 0x00000007ff000000, 0x00000007ff000000| Untracked 

Card table byte_map: [0x00007be0c5a20000,0x00007be0c9610000] _byte_map_base: 0x00007be0c5610000

Marking Bits (Prev, Next): (CMBitMap*) 0x00007be0e4061050, (CMBitMap*) 0x00007be0e4061090
 Prev Bits: [0x00007be0a3eb0000, 0x00007be0c1e30000)
 Next Bits: [0x00007be085f30000, 0x00007be0a3eb0000)

Polling page: 0x00007be0ec039000

Metaspace:

Usage:
  Non-class:      4.36 MB used.
      Class:    405.08 KB used.
       Both:      4.76 MB used.

Virtual space:
  Non-class space:       64.00 MB reserved,       4.44 MB (  7%) committed,  1 nodes.
      Class space:        1.00 GB reserved,     512.00 KB ( <1%) committed,  1 nodes.
             Both:        1.06 GB reserved,       4.94 MB ( <1%) committed. 

Chunk freelists:
   Non-Class:  9.17 MB
       Class:  15.47 MB
        Both:  24.64 MB

MaxMetaspaceSize: unlimited
CompressedClassSpaceSize: 1.00 GB
Initial GC threshold: 21.00 MB
Current GC threshold: 21.00 MB
CDS: on
MetaspaceReclaimPolicy: balanced
 - commit_granule_bytes: 65536.
 - commit_granule_words: 8192.
 - virtual_space_node_default_size: 8388608.
 - enlarge_chunks_in_place: 1.
 - new_chunks_are_fully_committed: 0.
 - uncommit_free_chunks: 1.
 - use_allocation_guard: 0.
 - handle_deallocations: 1.


Internal statistics:

num_allocs_failed_limit: 0.
num_arena_births: 52.
num_arena_deaths: 0.
num_vsnodes_births: 2.
num_vsnodes_deaths: 0.
num_space_committed: 79.
num_space_uncommitted: 0.
num_chunks_returned_to_freelist: 0.
num_chunks_taken_from_freelist: 180.
num_chunk_merges: 0.
num_chunk_splits: 139.
num_chunks_enlarged: 114.
num_inconsistent_stats: 0.

CodeHeap 'non-profiled nmethods': size=119168Kb used=266Kb max_used=266Kb free=118902Kb
 bounds [0x00007be0d4da0000, 0x00007be0d5010000, 0x00007be0dc200000]
CodeHeap 'profiled nmethods': size=119164Kb used=1590Kb max_used=1590Kb free=117573Kb
 bounds [0x00007be0cd200000, 0x00007be0cd470000, 0x00007be0d465f000]
CodeHeap 'non-nmethods': size=7428Kb used=2915Kb max_used=2915Kb free=4512Kb
 bounds [0x00007be0d465f000, 0x00007be0d493f000, 0x00007be0d4da0000]
 total_blobs=1403 nmethods=890 adapters=422
 compilation: enabled
              stopped_count=0, restarted_count=0
 full_count=0

Compilation events (20 events):
Event: 0.248 Thread 0x00007be0040a6590  880       1       com.github.grishberg.cad3d.keyboard.casebody.Walls::access$getCfg$p (5 bytes)
Event: 0.248 Thread 0x00007be0040a6590 nmethod 880 0x00007be0d4de0110 code [0x00007be0d4de02a0, 0x00007be0d4de0350]
Event: 0.249 Thread 0x00007be008278120  882       4       jdk.internal.misc.Unsafe::allocateUninitializedArray (55 bytes)
Event: 0.250 Thread 0x00007be0040a6590  883       1       jdk.internal.loader.Resource::getManifest (2 bytes)
Event: 0.250 Thread 0x00007be0040a6590 nmethod 883 0x00007be0d4de0b90 code [0x00007be0d4de0d20, 0x00007be0d4de0df0]
Event: 0.250 Thread 0x00007be0e41f55c0  885       1       jdk.internal.loader.Resource::getCodeSigners (2 bytes)
Event: 0.250 Thread 0x00007be0e41f55c0 nmethod 885 0x00007be0d4de0e90 code [0x00007be0d4de1020, 0x00007be0d4de10f0]
Event: 0.250 Thread 0x00007be008278120 nmethod 882 0x00007be0d4de1190 code [0x00007be0d4de1320, 0x00007be0d4de14d8]
Event: 0.250 Thread 0x00007be008278120  886       4       java.lang.StringConcatHelper::mix (27 bytes)
Event: 0.251 Thread 0x00007be008278120 nmethod 886 0x00007be0d4de1610 code [0x00007be0d4de17a0, 0x00007be0d4de1858]
Event: 0.251 Thread 0x00007be008278120  887       4       jdk.internal.misc.Unsafe::allocateUninitializedArray0 (90 bytes)
Event: 0.251 Thread 0x00007be008278120 nmethod 887 0x00007be0d4de1990 code [0x00007be0d4de1b20, 0x00007be0d4de1cd8]
Event: 0.251 Thread 0x00007be008278120  888       4       jdk.internal.misc.Unsafe::allocateUninitializedArray (55 bytes)
Event: 0.252 Thread 0x00007be008278120 nmethod 888 0x00007be0d4de1d90 code [0x00007be0d4de1f20, 0x00007be0d4de20d8]
Event: 0.253 Thread 0x00007be0e41f55c0  889       3       java.util.Arrays::asList (9 bytes)
Event: 0.253 Thread 0x00007be008143da0  890       3       java.util.Arrays$ArrayList::<init> (16 bytes)
Event: 0.253 Thread 0x00007be008143da0 nmethod 890 0x00007be0cd38c990 code [0x00007be0cd38cb60, 0x00007be0cd38cf40]
Event: 0.253 Thread 0x00007be0e41f55c0 nmethod 889 0x00007be0cd38d090 code [0x00007be0cd38d260, 0x00007be0cd38d6e0]
Event: 0.258 Thread 0x00007be008278120  891       4       java.lang.StringUTF16::compress (50 bytes)
Event: 0.261 Thread 0x00007be008278120 nmethod 891 0x00007be0d4de2210 code [0x00007be0d4de23a0, 0x00007be0d4de2698]

GC Heap History (2 events):
Event: 0.223 GC heap before
{Heap before GC invocations=0 (full 0):
 garbage-first heap   total 2031616K, used 114612K [0x0000000082000000, 0x0000000800000000)
  region size 16384K, 6 young (98304K), 0 survivors (0K)
 Metaspace       used 4804K, committed 4992K, reserved 1114112K
  class space    used 393K, committed 512K, reserved 1048576K
}
Event: 0.224 GC heap after
{Heap after GC invocations=1 (full 0):
 garbage-first heap   total 2031616K, used 17910K [0x0000000082000000, 0x0000000800000000)
  region size 16384K, 1 young (16384K), 1 survivors (16384K)
 Metaspace       used 4804K, committed 4992K, reserved 1114112K
  class space    used 393K, committed 512K, reserved 1048576K
}

Dll operation events (9 events):
Event: 0.001 Loaded shared library /home/grishberg/.gradle/jdks/eclipse_adoptium-17-amd64-linux/jdk-17.0.19+10/lib/libjava.so
Event: 0.014 Loaded shared library /home/grishberg/.gradle/jdks/eclipse_adoptium-17-amd64-linux/jdk-17.0.19+10/lib/libjsvml.so
Event: 0.021 Loaded shared library /home/grishberg/.gradle/jdks/eclipse_adoptium-17-amd64-linux/jdk-17.0.19+10/lib/libnio.so
Event: 0.022 Loaded shared library /home/grishberg/.gradle/jdks/eclipse_adoptium-17-amd64-linux/jdk-17.0.19+10/lib/libzip.so
Event: 0.054 Loaded shared library /home/grishberg/.gradle/jdks/eclipse_adoptium-17-amd64-linux/jdk-17.0.19+10/lib/libjimage.so
Event: 0.057 Loaded shared library /home/grishberg/.gradle/jdks/eclipse_adoptium-17-amd64-linux/jdk-17.0.19+10/lib/libnet.so
Event: 0.077 Loaded shared library /tmp/manifold3d8082437737974534066/libmanifold.so.3
Event: 0.078 Loaded shared library /tmp/manifold3d8082437737974534066/libmanifoldc.so.3
Event: 0.079 Loaded shared library /tmp/manifold3d8082437737974534066/libmanifold_jni.so

Deoptimization events (20 events):
Event: 0.207 Thread 0x00007bdfe8049ed0 Uncommon trap: trap_request=0xffffff6e fr.pc=0x00007be0d4dbe83c relative=0x000000000000041c
Event: 0.207 Thread 0x00007bdfe8049ed0 Uncommon trap: reason=loop_limit_check action=maybe_recompile pc=0x00007be0d4dbe83c method=java.lang.StringLatin1.indexOf([BI[BII)I @ 37 c2
Event: 0.207 Thread 0x00007bdfe8049ed0 DEOPT PACKING pc=0x00007be0d4dbe83c sp=0x00007be0841fe1c0
Event: 0.207 Thread 0x00007bdfe8049ed0 DEOPT UNPACKING pc=0x00007be0d46b5699 sp=0x00007be0841fe140 mode 2
Event: 0.250 Thread 0x00007bdfe805b4e0 Uncommon trap: trap_request=0xffffffde fr.pc=0x00007be0d4de1428 relative=0x0000000000000108
Event: 0.250 Thread 0x00007bdfe805b4e0 Uncommon trap: reason=class_check action=maybe_recompile pc=0x00007be0d4de1428 method=jdk.internal.misc.Unsafe.allocateUninitializedArray(Ljava/lang/Class;I)Ljava/lang/Object; @ 51 c2
Event: 0.250 Thread 0x00007bdfe805b4e0 DEOPT PACKING pc=0x00007be0d4de1428 sp=0x00007be0844fdc50
Event: 0.250 Thread 0x00007bdfe805b4e0 DEOPT UNPACKING pc=0x00007be0d46b5699 sp=0x00007be0844fdbf8 mode 2
Event: 0.250 Thread 0x00007bdfe805b4e0 Uncommon trap: trap_request=0xffffffde fr.pc=0x00007be0d4de1428 relative=0x0000000000000108
Event: 0.250 Thread 0x00007bdfe805b4e0 Uncommon trap: reason=class_check action=maybe_recompile pc=0x00007be0d4de1428 method=jdk.internal.misc.Unsafe.allocateUninitializedArray(Ljava/lang/Class;I)Ljava/lang/Object; @ 51 c2
Event: 0.250 Thread 0x00007bdfe805b4e0 DEOPT PACKING pc=0x00007be0d4de1428 sp=0x00007be0844fdaf0
Event: 0.250 Thread 0x00007bdfe805b4e0 DEOPT UNPACKING pc=0x00007be0d46b5699 sp=0x00007be0844fda98 mode 2
Event: 0.250 Thread 0x00007bdfe805b4e0 Uncommon trap: trap_request=0xffffffde fr.pc=0x00007be0d4de1428 relative=0x0000000000000108
Event: 0.250 Thread 0x00007bdfe805b4e0 Uncommon trap: reason=class_check action=maybe_recompile pc=0x00007be0d4de1428 method=jdk.internal.misc.Unsafe.allocateUninitializedArray(Ljava/lang/Class;I)Ljava/lang/Object; @ 51 c2
Event: 0.250 Thread 0x00007bdfe805b4e0 DEOPT PACKING pc=0x00007be0d4de1428 sp=0x00007be0844fdc20
Event: 0.250 Thread 0x00007bdfe805b4e0 DEOPT UNPACKING pc=0x00007be0d46b5699 sp=0x00007be0844fdbc8 mode 2
Event: 0.250 Thread 0x00007bdfe805b4e0 Uncommon trap: trap_request=0xffffffde fr.pc=0x00007be0d4de1428 relative=0x0000000000000108
Event: 0.250 Thread 0x00007bdfe805b4e0 Uncommon trap: reason=class_check action=maybe_recompile pc=0x00007be0d4de1428 method=jdk.internal.misc.Unsafe.allocateUninitializedArray(Ljava/lang/Class;I)Ljava/lang/Object; @ 51 c2
Event: 0.250 Thread 0x00007bdfe805b4e0 DEOPT PACKING pc=0x00007be0d4de1428 sp=0x00007be0844fdbd0
Event: 0.250 Thread 0x00007bdfe805b4e0 DEOPT UNPACKING pc=0x00007be0d46b5699 sp=0x00007be0844fdb78 mode 2

Classes loaded (20 events):
Event: 0.104 Loading class java/util/concurrent/atomic/AtomicIntegerFieldUpdater$AtomicIntegerFieldUpdaterImpl
Event: 0.104 Loading class java/util/concurrent/atomic/AtomicIntegerFieldUpdater$AtomicIntegerFieldUpdaterImpl done
Event: 0.104 Loading class java/util/concurrent/atomic/AtomicIntegerFieldUpdater$AtomicIntegerFieldUpdaterImpl$1
Event: 0.104 Loading class java/util/concurrent/atomic/AtomicIntegerFieldUpdater$AtomicIntegerFieldUpdaterImpl$1 done
Event: 0.105 Loading class java/util/concurrent/atomic/AtomicReferenceFieldUpdater
Event: 0.105 Loading class java/util/concurrent/atomic/AtomicReferenceFieldUpdater done
Event: 0.105 Loading class java/util/concurrent/atomic/AtomicReferenceFieldUpdater$AtomicReferenceFieldUpdaterImpl
Event: 0.105 Loading class java/util/concurrent/atomic/AtomicReferenceFieldUpdater$AtomicReferenceFieldUpdaterImpl done
Event: 0.105 Loading class java/util/concurrent/atomic/AtomicReferenceFieldUpdater$AtomicReferenceFieldUpdaterImpl$1
Event: 0.105 Loading class java/util/concurrent/atomic/AtomicReferenceFieldUpdater$AtomicReferenceFieldUpdaterImpl$1 done
Event: 0.105 Loading class java/util/concurrent/atomic/AtomicReferenceArray
Event: 0.105 Loading class java/util/concurrent/atomic/AtomicReferenceArray done
Event: 0.116 Loading class java/lang/NoSuchFieldError
Event: 0.116 Loading class java/lang/NoSuchFieldError done
Event: 0.122 Loading class java/lang/StrictMath
Event: 0.122 Loading class java/lang/StrictMath done
Event: 0.135 Loading class java/util/concurrent/CancellationException
Event: 0.135 Loading class java/util/concurrent/CancellationException done
Event: 0.148 Loading class java/util/Collections$SingletonList
Event: 0.148 Loading class java/util/Collections$SingletonList done

Classes unloaded (0 events):
No events

Classes redefined (0 events):
No events

Internal exceptions (4 events):
Event: 0.057 Thread 0x00007be0e402aac0 Exception <a 'sun/nio/fs/UnixException'{0x00000000fb188460}> (0x00000000fb188460) 
thrown [src/hotspot/share/prims/jni.cpp, line 516]
Event: 0.077 Thread 0x00007be0e402aac0 Exception <a 'sun/nio/fs/UnixException'{0x00000000fb192158}> (0x00000000fb192158) 
thrown [src/hotspot/share/prims/jni.cpp, line 516]
Event: 0.079 Thread 0x00007be0e402aac0 Exception <a 'sun/nio/fs/UnixException'{0x00000000fb1a4858}> (0x00000000fb1a4858) 
thrown [src/hotspot/share/prims/jni.cpp, line 516]
Event: 0.208 Thread 0x00007bdfe8049ed0 Exception <a 'java/lang/NoSuchMethodError'{0x00000000f9f58848}: 'java.lang.Object java.lang.invoke.DirectMethodHandle$Holder.newInvokeSpecial(java.lang.Object, java.lang.Object, java.lang.Object, java.lang.Object, java.lang.Object, java.lang.Object)'> (0x00000000f9f58848) 
thrown [src/hotspot/share/interpreter/linkResolver.cpp, line 758]

VM Operations (2 events):
Event: 0.222 Executing VM operation: G1CollectForAllocation
Event: 0.224 Executing VM operation: G1CollectForAllocation done

Memory protections (20 events):
Event: 0.015 Protecting memory [0x00007be0e8017000,0x00007be0e801b000] with protection modes 0
Event: 0.017 Protecting memory [0x00007be0e3f00000,0x00007be0e3f04000] with protection modes 0
Event: 0.017 Protecting memory [0x00007be085e30000,0x00007be085e34000] with protection modes 0
Event: 0.017 Protecting memory [0x00007be085700000,0x00007be085704000] with protection modes 0
Event: 0.017 Protecting memory [0x00007be085600000,0x00007be085604000] with protection modes 0
Event: 0.017 Protecting memory [0x00007be085500000,0x00007be085504000] with protection modes 0
Event: 0.017 Protecting memory [0x00007be085400000,0x00007be085404000] with protection modes 0
Event: 0.019 Protecting memory [0x00007be085300000,0x00007be085304000] with protection modes 0
Event: 0.020 Protecting memory [0x00007be0850ff000,0x00007be085103000] with protection modes 0
Event: 0.043 Protecting memory [0x00007be084fff000,0x00007be085003000] with protection modes 0
Event: 0.070 Protecting memory [0x00007be084eff000,0x00007be084f03000] with protection modes 0
Event: 0.071 Protecting memory [0x00007be084dff000,0x00007be084e03000] with protection modes 0
Event: 0.135 Protecting memory [0x00007be084900000,0x00007be084904000] with protection modes 0
Event: 0.135 Protecting memory [0x00007be084500000,0x00007be084504000] with protection modes 0
Event: 0.143 Protecting memory [0x00007be084400000,0x00007be084404000] with protection modes 0
Event: 0.143 Protecting memory [0x00007be084300000,0x00007be084304000] with protection modes 0
Event: 0.143 Protecting memory [0x00007be084200000,0x00007be084204000] with protection modes 0
Event: 0.144 Protecting memory [0x00007be084100000,0x00007be084104000] with protection modes 0
Event: 0.157 Protecting memory [0x00007be084000000,0x00007be084004000] with protection modes 0
Event: 0.209 Protecting memory [0x00007bdf93f00000,0x00007bdf93f04000] with protection modes 0

Nmethod flushes (0 events):
No events

Events (20 events):
Event: 0.015 Thread 0x00007be0e402aac0 Thread added: 0x00007be0e41ea910
Event: 0.017 Thread 0x00007be0e402aac0 Thread added: 0x00007be0e41efea0
Event: 0.017 Thread 0x00007be0e402aac0 Thread added: 0x00007be0e41f1250
Event: 0.017 Thread 0x00007be0e402aac0 Thread added: 0x00007be0e41f2660
Event: 0.017 Thread 0x00007be0e402aac0 Thread added: 0x00007be0e41f4090
Event: 0.017 Thread 0x00007be0e402aac0 Thread added: 0x00007be0e41f55c0
Event: 0.017 Thread 0x00007be0e402aac0 Thread added: 0x00007be0e41f6a30
Event: 0.019 Thread 0x00007be0e402aac0 Thread added: 0x00007be0e41fe750
Event: 0.020 Thread 0x00007be0e402aac0 Thread added: 0x00007be0e4201ee0
Event: 0.043 Thread 0x00007be0e41f4090 Thread added: 0x00007be0040a6590
Event: 0.070 Thread 0x00007be0e41f55c0 Thread added: 0x00007be008142c50
Event: 0.071 Thread 0x00007be0e41f55c0 Thread added: 0x00007be008143da0
Event: 0.135 Thread 0x00007be0e402aac0 Thread added: 0x00007be0e4459f30
Event: 0.135 Thread 0x00007be0e402aac0 Thread added: 0x00007be0e445ab90
Event: 0.143 Thread 0x00007be0e4459f30 Thread added: 0x00007bdfe805b4e0
Event: 0.143 Thread 0x00007be0e4459f30 Thread added: 0x00007bdfe804d9c0
Event: 0.143 Thread 0x00007be0e4459f30 Thread added: 0x00007bdfe80265d0
Event: 0.144 Thread 0x00007be0e4459f30 Thread added: 0x00007bdfe8049ed0
Event: 0.157 Thread 0x00007be0e41f55c0 Thread added: 0x00007be008278120
Event: 0.208 Thread 0x00007bdfe8049ed0 Thread added: 0x00007bdfcc00d970


Dynamic libraries:
82000000-fc000000 rw-p 00000000 00:00 0 
fc000000-7fe000000 ---p 00000000 00:00 0 
7fe000000-7fef00000 rw-p 00000000 00:00 0 
7fef00000-7fef75000 rw-p 00c7a000 103:01 75498865                        /home/grishberg/.gradle/jdks/eclipse_adoptium-17-amd64-linux/jdk-17.0.19+10/lib/server/classes.jsa
7fef75000-7ff000000 rw-p 00000000 00:00 0 
7ff000000-7ff078000 rw-p 00c02000 103:01 75498865                        /home/grishberg/.gradle/jdks/eclipse_adoptium-17-amd64-linux/jdk-17.0.19+10/lib/server/classes.jsa
7ff078000-800000000 rw-p 00000000 00:00 0 
56604954c000-56604954d000 r--p 00000000 103:01 75498845                  /home/grishberg/.gradle/jdks/eclipse_adoptium-17-amd64-linux/jdk-17.0.19+10/bin/java
56604954d000-56604954e000 r-xp 00001000 103:01 75498845                  /home/grishberg/.gradle/jdks/eclipse_adoptium-17-amd64-linux/jdk-17.0.19+10/bin/java
56604954e000-56604954f000 r--p 00002000 103:01 75498845                  /home/grishberg/.gradle/jdks/eclipse_adoptium-17-amd64-linux/jdk-17.0.19+10/bin/java
56604954f000-566049550000 r--p 00002000 103:01 75498845                  /home/grishberg/.gradle/jdks/eclipse_adoptium-17-amd64-linux/jdk-17.0.19+10/bin/java
566049550000-566049551000 rw-p 00003000 103:01 75498845                  /home/grishberg/.gradle/jdks/eclipse_adoptium-17-amd64-linux/jdk-17.0.19+10/bin/java
56607ec25000-56607ec6e000 rw-p 00000000 00:00 0                          [heap]
7bdf58000000-7bdf58021000 rw-p 00000000 00:00 0 
7bdf58021000-7bdf5c000000 ---p 00000000 00:00 0 
7bdf5c000000-7bdf5c021000 rw-p 00000000 00:00 0 
7bdf5c021000-7bdf60000000 ---p 00000000 00:00 0 
7bdf60000000-7bdf60021000 rw-p 00000000 00:00 0 
7bdf60021000-7bdf64000000 ---p 00000000 00:00 0 
7bdf64000000-7bdf64021000 rw-p 00000000 00:00 0 
7bdf64021000-7bdf68000000 ---p 00000000 00:00 0 
7bdf68000000-7bdf68021000 rw-p 00000000 00:00 0 
7bdf68021000-7bdf6c000000 ---p 00000000 00:00 0 
7bdf6c000000-7bdf6c021000 rw-p 00000000 00:00 0 
7bdf6c021000-7bdf70000000 ---p 00000000 00:00 0 
7bdf70000000-7bdf70021000 rw-p 00000000 00:00 0 
7bdf70021000-7bdf74000000 ---p 00000000 00:00 0 
7bdf74000000-7bdf74021000 rw-p 00000000 00:00 0 
7bdf74021000-7bdf78000000 ---p 00000000 00:00 0 
7bdf78000000-7bdf78021000 rw-p 00000000 00:00 0 
7bdf78021000-7bdf7c000000 ---p 00000000 00:00 0 
7bdf7c000000-7bdf7c021000 rw-p 00000000 00:00 0 
7bdf7c021000-7bdf80000000 ---p 00000000 00:00 0 
7bdf80000000-7bdf80021000 rw-p 00000000 00:00 0 
7bdf80021000-7bdf84000000 ---p 00000000 00:00 0 
7bdf84000000-7bdf84021000 rw-p 00000000 00:00 0 
7bdf84021000-7bdf88000000 ---p 00000000 00:00 0 
7bdf88000000-7bdf8896f000 rw-p 00000000 00:00 0 
7bdf8896f000-7bdf8c000000 ---p 00000000 00:00 0 
7bdf8c000000-7bdf8c021000 rw-p 00000000 00:00 0 
7bdf8c021000-7bdf90000000 ---p 00000000 00:00 0 
7bdf92f0c000-7bdf932f4000 rw-p 00000000 00:00 0 
7bdf932f4000-7bdf932f5000 ---p 00000000 00:00 0 
7bdf932f5000-7bdf933f5000 rw-p 00000000 00:00 0 
7bdf933f5000-7bdf933f6000 ---p 00000000 00:00 0 
7bdf933f6000-7bdf934f6000 rw-p 00000000 00:00 0 
7bdf934f6000-7bdf934f7000 ---p 00000000 00:00 0 
7bdf934f7000-7bdf935f7000 rw-p 00000000 00:00 0 
7bdf935f7000-7bdf935f8000 ---p 00000000 00:00 0 
7bdf935f8000-7bdf936f8000 rw-p 00000000 00:00 0 
7bdf936f8000-7bdf936f9000 ---p 00000000 00:00 0 
7bdf936f9000-7bdf937f9000 rw-p 00000000 00:00 0 
7bdf937f9000-7bdf937fa000 ---p 00000000 00:00 0 
7bdf937fa000-7bdf938fa000 rw-p 00000000 00:00 0 
7bdf938fa000-7bdf938fb000 ---p 00000000 00:00 0 
7bdf938fb000-7bdf939fb000 rw-p 00000000 00:00 0 
7bdf939fb000-7bdf939fc000 ---p 00000000 00:00 0 
7bdf939fc000-7bdf93afc000 rw-p 00000000 00:00 0 
7bdf93afc000-7bdf93afd000 ---p 00000000 00:00 0 
7bdf93afd000-7bdf93bfd000 rw-p 00000000 00:00 0 
7bdf93bfd000-7bdf93bfe000 ---p 00000000 00:00 0 
7bdf93bfe000-7bdf93cfe000 rw-p 00000000 00:00 0 
7bdf93cfe000-7bdf93cff000 ---p 00000000 00:00 0 
7bdf93cff000-7bdf93dff000 rw-p 00000000 00:00 0 
7bdf93dff000-7bdf93e00000 ---p 00000000 00:00 0 
7bdf93e00000-7bdf93f00000 rw-p 00000000 00:00 0 
7bdf93f00000-7bdf93f04000 ---p 00000000 00:00 0 
7bdf93f04000-7bdf94000000 rw-p 00000000 00:00 0 
7bdf94000000-7bdf94021000 rw-p 00000000 00:00 0 
7bdf94021000-7bdf98000000 ---p 00000000 00:00 0 
7bdf98000000-7bdf98021000 rw-p 00000000 00:00 0 
7bdf98021000-7bdf9c000000 ---p 00000000 00:00 0 
7bdf9c000000-7bdf9c021000 rw-p 00000000 00:00 0 
7bdf9c021000-7bdfa0000000 ---p 00000000 00:00 0 
7bdfa0000000-7bdfa0021000 rw-p 00000000 00:00 0 
7bdfa0021000-7bdfa4000000 ---p 00000000 00:00 0 
7bdfa4000000-7bdfa4065000 rw-p 00000000 00:00 0 
7bdfa4065000-7bdfa8000000 ---p 00000000 00:00 0 
7bdfa8000000-7bdfa8021000 rw-p 00000000 00:00 0 
7bdfa8021000-7bdfac000000 ---p 00000000 00:00 0 
7bdfac000000-7bdfac021000 rw-p 00000000 00:00 0 
7bdfac021000-7bdfb0000000 ---p 00000000 00:00 0 
7bdfb0000000-7bdfb0330000 rw-p 00000000 00:00 0 
7bdfb0330000-7bdfb4000000 ---p 00000000 00:00 0 
7bdfb4000000-7bdfb4021000 rw-p 00000000 00:00 0 
7bdfb4021000-7bdfb8000000 ---p 00000000 00:00 0 
7bdfb8000000-7bdfb8021000 rw-p 00000000 00:00 0 
7bdfb8021000-7bdfbc000000 ---p 00000000 00:00 0 
7bdfbc000000-7bdfbc021000 rw-p 00000000 00:00 0 
7bdfbc021000-7bdfc0000000 ---p 00000000 00:00 0 
7bdfc0000000-7bdfc0021000 rw-p 00000000 00:00 0 
7bdfc0021000-7bdfc4000000 ---p 00000000 00:00 0 
7bdfc4000000-7bdfc4021000 rw-p 00000000 00:00 0 
7bdfc4021000-7bdfc8000000 ---p 00000000 00:00 0 
7bdfc8000000-7bdfc8021000 rw-p 00000000 00:00 0 
7bdfc8021000-7bdfcc000000 ---p 00000000 00:00 0 
7bdfcc000000-7bdfcc156000 rw-p 00000000 00:00 0 
7bdfcc156000-7bdfd0000000 ---p 00000000 00:00 0 
7bdfd0000000-7bdfd0021000 rw-p 00000000 00:00 0 
7bdfd0021000-7bdfd4000000 ---p 00000000 00:00 0 
7bdfd4000000-7bdfd409d000 rw-p 00000000 00:00 0 
7bdfd409d000-7bdfd8000000 ---p 00000000 00:00 0 
7bdfd8000000-7bdfd8024000 rw-p 00000000 00:00 0 
7bdfd8024000-7bdfdc000000 ---p 00000000 00:00 0 
7bdfdc000000-7bdfdc5b1000 rw-p 00000000 00:00 0 
7bdfdc5b1000-7bdfe0000000 ---p 00000000 00:00 0 
7bdfe0000000-7bdfe0126000 rw-p 00000000 00:00 0 
7bdfe0126000-7bdfe4000000 ---p 00000000 00:00 0 
7bdfe4000000-7bdfe40e5000 rw-p 00000000 00:00 0 
7bdfe40e5000-7bdfe8000000 ---p 00000000 00:00 0 
7bdfe8000000-7bdfe805d000 rw-p 00000000 00:00 0 
7bdfe805d000-7bdfec000000 ---p 00000000 00:00 0 
7bdfec000000-7bdfec149000 rw-p 00000000 00:00 0 
7bdfec149000-7bdff0000000 ---p 00000000 00:00 0 
7bdff0000000-7bdff0193000 rw-p 00000000 00:00 0 
7bdff0193000-7bdff4000000 ---p 00000000 00:00 0 
7bdff4000000-7bdff4021000 rw-p 00000000 00:00 0 
7bdff4021000-7bdff8000000 ---p 00000000 00:00 0 
7bdff8000000-7bdff8021000 rw-p 00000000 00:00 0 
7bdff8021000-7bdffc000000 ---p 00000000 00:00 0 
7bdffc000000-7bdffc021000 rw-p 00000000 00:00 0 
7bdffc021000-7be000000000 ---p 00000000 00:00 0 
7be000000000-7be000021000 rw-p 00000000 00:00 0 
7be000021000-7be004000000 ---p 00000000 00:00 0 
7be004000000-7be0047d9000 rw-p 00000000 00:00 0 
7be0047d9000-7be008000000 ---p 00000000 00:00 0 
7be008000000-7be0082b7000 rw-p 00000000 00:00 0 
7be0082b7000-7be00c000000 ---p 00000000 00:00 0 
7be00c000000-7be00c021000 rw-p 00000000 00:00 0 
7be00c021000-7be010000000 ---p 00000000 00:00 0 
7be010000000-7be010021000 rw-p 00000000 00:00 0 
7be010021000-7be014000000 ---p 00000000 00:00 0 
7be014000000-7be014021000 rw-p 00000000 00:00 0 
7be014021000-7be018000000 ---p 00000000 00:00 0 
7be018000000-7be018021000 rw-p 00000000 00:00 0 
7be018021000-7be01c000000 ---p 00000000 00:00 0 
7be01c000000-7be01c021000 rw-p 00000000 00:00 0 
7be01c021000-7be020000000 ---p 00000000 00:00 0 
7be0200f7000-7be020bf7000 rw-p 00000000 00:00 0 
7be020bf7000-7be020bf8000 ---p 00000000 00:00 0 
7be020bf8000-7be020ff8000 rw-p 00000000 00:00 0 
7be020ff8000-7be020ff9000 ---p 00000000 00:00 0 
7be020ff9000-7be0213f9000 rw-p 00000000 00:00 0 
7be0213f9000-7be0213fa000 ---p 00000000 00:00 0 
7be0213fa000-7be0217fa000 rw-p 00000000 00:00 0 
7be0217fa000-7be0217fb000 ---p 00000000 00:00 0 
7be0217fb000-7be021bfb000 rw-p 00000000 00:00 0 
7be021bfb000-7be021bfc000 ---p 00000000 00:00 0 
7be021bfc000-7be021ffc000 rw-p 00000000 00:00 0 
7be021ffc000-7be021ffd000 ---p 00000000 00:00 0 
7be021ffd000-7be0223fd000 rw-p 00000000 00:00 0 
7be0223fd000-7be0223fe000 ---p 00000000 00:00 0 
7be0223fe000-7be0227fe000 rw-p 00000000 00:00 0 
7be0227fe000-7be0227ff000 ---p 00000000 00:00 0 
7be0227ff000-7be022bff000 rw-p 00000000 00:00 0 
7be022bff000-7be022c00000 ---p 00000000 00:00 0 
7be022c00000-7be023000000 rw-p 00000000 00:00 0 
7be023000000-7be023190000 rw-p 00000000 00:00 0 
7be023190000-7be023400000 ---p 00000000 00:00 0 
7be023400000-7be0236e0000 rw-p 00000000 00:00 0 
7be0236e0000-7be027000000 ---p 00000000 00:00 0 
7be027000000-7be027bca000 rw-p 00001000 103:01 75498865                  /home/grishberg/.gradle/jdks/eclipse_adoptium-17-amd64-linux/jdk-17.0.19+10/lib/server/classes.jsa
7be027bca000-7be028000000 ---p 00000000 00:00 0 
7be028000000-7be028040000 rw-p 00000000 00:00 0 
7be028040000-7be028070000 rw-p 00000000 00:00 0 
7be028070000-7be028080000 ---p 00000000 00:00 0 
7be028080000-7be028090000 rw-p 00000000 00:00 0 
7be028090000-7be068000000 ---p 00000000 00:00 0 
7be068000000-7be068021000 rw-p 00000000 00:00 0 
7be068021000-7be06c000000 ---p 00000000 00:00 0 
7be06c000000-7be06c021000 rw-p 00000000 00:00 0 
7be06c021000-7be070000000 ---p 00000000 00:00 0 
7be070000000-7be070021000 rw-p 00000000 00:00 0 
7be070021000-7be074000000 ---p 00000000 00:00 0 
7be0740f6000-7be0741f6000 rw-p 00000000 00:00 0 
7be0741f6000-7be0741f7000 ---p 00000000 00:00 0 
7be0741f7000-7be0745f7000 rw-p 00000000 00:00 0 
7be0745f7000-7be0745f8000 ---p 00000000 00:00 0 
7be0745f8000-7be0749f8000 rw-p 00000000 00:00 0 
7be0749f8000-7be0749f9000 ---p 00000000 00:00 0 
7be0749f9000-7be074df9000 rw-p 00000000 00:00 0 
7be074df9000-7be074dfa000 ---p 00000000 00:00 0 
7be074dfa000-7be0751fa000 rw-p 00000000 00:00 0 
7be0751fa000-7be0751fb000 ---p 00000000 00:00 0 
7be0751fb000-7be0755fb000 rw-p 00000000 00:00 0 
7be0755fb000-7be0755fc000 ---p 00000000 00:00 0 
7be0755fc000-7be0759fc000 rw-p 00000000 00:00 0 
7be0759fc000-7be078021000 rw-p 00000000 00:00 0 
7be078021000-7be07c000000 ---p 00000000 00:00 0 
7be07c000000-7be07c021000 rw-p 00000000 00:00 0 
7be07c021000-7be080000000 ---p 00000000 00:00 0 
7be080000000-7be080021000 rw-p 00000000 00:00 0 
7be080021000-7be084004000 ---p 00000000 00:00 0 
7be084004000-7be084100000 rw-p 00000000 00:00 0 
7be084100000-7be084104000 ---p 00000000 00:00 0 
7be084104000-7be084200000 rw-p 00000000 00:00 0 
7be084200000-7be084204000 ---p 00000000 00:00 0 
7be084204000-7be084300000 rw-p 00000000 00:00 0 
7be084300000-7be084304000 ---p 00000000 00:00 0 
7be084304000-7be084400000 rw-p 00000000 00:00 0 
7be084400000-7be084404000 ---p 00000000 00:00 0 
7be084404000-7be084500000 rw-p 00000000 00:00 0 
7be084500000-7be084504000 ---p 00000000 00:00 0 
7be084504000-7be084600000 rw-p 00000000 00:00 0 
7be084600000-7be08469d000 r--p 00000000 103:01 90443236                  /usr/lib/x86_64-linux-gnu/libstdc++.so.6.0.33
7be08469d000-7be0847e5000 r-xp 0009d000 103:01 90443236                  /usr/lib/x86_64-linux-gnu/libstdc++.so.6.0.33
7be0847e5000-7be08486c000 r--p 001e5000 103:01 90443236                  /usr/lib/x86_64-linux-gnu/libstdc++.so.6.0.33
7be08486c000-7be084877000 r--p 0026b000 103:01 90443236                  /usr/lib/x86_64-linux-gnu/libstdc++.so.6.0.33
7be084877000-7be08487a000 rw-p 00276000 103:01 90443236                  /usr/lib/x86_64-linux-gnu/libstdc++.so.6.0.33
7be08487a000-7be08487e000 rw-p 00000000 00:00 0 
7be084900000-7be084904000 ---p 00000000 00:00 0 
7be084904000-7be084a00000 rw-p 00000000 00:00 0 
7be084a00000-7be084aaf000 r--p 00000000 103:01 51524698                  /tmp/manifold3d8082437737974534066/libmanifold.so.3
7be084aaf000-7be084cc7000 r-xp 000af000 103:01 51524698                  /tmp/manifold3d8082437737974534066/libmanifold.so.3
7be084cc7000-7be084d2e000 r--p 002c7000 103:01 51524698                  /tmp/manifold3d8082437737974534066/libmanifold.so.3
7be084d2e000-7be084d3b000 r--p 0032d000 103:01 51524698                  /tmp/manifold3d8082437737974534066/libmanifold.so.3
7be084d3b000-7be084d3d000 rw-p 0033a000 103:01 51524698                  /tmp/manifold3d8082437737974534066/libmanifold.so.3
7be084dff000-7be084e03000 ---p 00000000 00:00 0 
7be084e03000-7be084eff000 rw-p 00000000 00:00 0 
7be084eff000-7be084f03000 ---p 00000000 00:00 0 
7be084f03000-7be084fff000 rw-p 00000000 00:00 0 
7be084fff000-7be085003000 ---p 00000000 00:00 0 
7be085003000-7be0850ff000 rw-p 00000000 00:00 0 
7be0850ff000-7be085103000 ---p 00000000 00:00 0 
7be085103000-7be0851ff000 rw-p 00000000 00:00 0 
7be0851ff000-7be085200000 ---p 00000000 00:00 0 
7be085200000-7be085300000 rw-p 00000000 00:00 0 
7be085300000-7be085304000 ---p 00000000 00:00 0 
7be085304000-7be085400000 rw-p 00000000 00:00 0 
7be085400000-7be085404000 ---p 00000000 00:00 0 
7be085404000-7be085500000 rw-p 00000000 00:00 0 
7be085500000-7be085504000 ---p 00000000 00:00 0 
7be085504000-7be085600000 rw-p 00000000 00:00 0 
7be085600000-7be085604000 ---p 00000000 00:00 0 
7be085604000-7be085700000 rw-p 00000000 00:00 0 
7be085700000-7be085704000 ---p 00000000 00:00 0 
7be085704000-7be085800000 rw-p 00000000 00:00 0 
7be085800000-7be085d75000 r--p 00000000 103:01 90475490                  /usr/lib/locale/locale-archive
7be085d77000-7be085dc7000 rw-p 00000000 00:00 0 
7be085dc7000-7be085dcd000 r--p 00000000 103:01 90470234                  /usr/lib/x86_64-linux-gnu/libtbbmalloc.so.2.11
7be085dcd000-7be085ddf000 r-xp 00006000 103:01 90470234                  /usr/lib/x86_64-linux-gnu/libtbbmalloc.so.2.11
7be085ddf000-7be085de4000 r--p 00018000 103:01 90470234                  /usr/lib/x86_64-linux-gnu/libtbbmalloc.so.2.11
7be085de4000-7be085de5000 r--p 0001c000 103:01 90470234                  /usr/lib/x86_64-linux-gnu/libtbbmalloc.so.2.11
7be085de5000-7be085de7000 rw-p 0001d000 103:01 90470234                  /usr/lib/x86_64-linux-gnu/libtbbmalloc.so.2.11
7be085de7000-7be085e08000 rw-p 00000000 00:00 0 
7be085e08000-7be085e14000 r--p 00000000 103:01 51524699                  /tmp/manifold3d8082437737974534066/libmanifoldc.so.3
7be085e14000-7be085e27000 r-xp 0000c000 103:01 51524699                  /tmp/manifold3d8082437737974534066/libmanifoldc.so.3
7be085e27000-7be085e2e000 r--p 0001f000 103:01 51524699                  /tmp/manifold3d8082437737974534066/libmanifoldc.so.3
7be085e2e000-7be085e2f000 r--p 00025000 103:01 51524699                  /tmp/manifold3d8082437737974534066/libmanifoldc.so.3
7be085e2f000-7be085e30000 rw-p 00026000 103:01 51524699                  /tmp/manifold3d8082437737974534066/libmanifoldc.so.3
7be085e30000-7be085e34000 ---p 00000000 00:00 0 
7be085e34000-7be085f30000 rw-p 00000000 00:00 0 
7be085f30000-7be087db0000 rw-p 00000000 00:00 0 
7be087db0000-7be0a3e30000 ---p 00000000 00:00 0 
7be0a3e30000-7be0a5d30000 rw-p 00000000 00:00 0 
7be0a5d30000-7be0c1db0000 ---p 00000000 00:00 0 
7be0c1db0000-7be0c2200000 rw-p 00000000 00:00 0 
7be0c2200000-7be0c5a10000 ---p 00000000 00:00 0 
7be0c5a10000-7be0c5df0000 rw-p 00000000 00:00 0 
7be0c5df0000-7be0c9600000 ---p 00000000 00:00 0 
7be0c9600000-7be0c99e0000 rw-p 00000000 00:00 0 
7be0c99e0000-7be0cd1f0000 ---p 00000000 00:00 0 
7be0cd1f0000-7be0cd200000 rw-p 00000000 00:00 0 
7be0cd200000-7be0cd470000 rwxp 00000000 00:00 0 
7be0cd470000-7be0d465f000 ---p 00000000 00:00 0 
7be0d465f000-7be0d493f000 rwxp 00000000 00:00 0 
7be0d493f000-7be0d4da0000 ---p 00000000 00:00 0 
7be0d4da0000-7be0d5010000 rwxp 00000000 00:00 0 
7be0d5010000-7be0dc200000 ---p 00000000 00:00 0 
7be0dc200000-7be0e3e3b000 r--s 00000000 103:01 75498899                  /home/grishberg/.gradle/jdks/eclipse_adoptium-17-amd64-linux/jdk-17.0.19+10/lib/modules
7be0e3e4d000-7be0e3e51000 r--p 00000000 103:01 90443244                  /usr/lib/x86_64-linux-gnu/libgcc_s.so.1
7be0e3e51000-7be0e3e75000 r-xp 00004000 103:01 90443244                  /usr/lib/x86_64-linux-gnu/libgcc_s.so.1
7be0e3e75000-7be0e3e79000 r--p 00028000 103:01 90443244                  /usr/lib/x86_64-linux-gnu/libgcc_s.so.1
7be0e3e79000-7be0e3e7a000 r--p 0002b000 103:01 90443244                  /usr/lib/x86_64-linux-gnu/libgcc_s.so.1
7be0e3e7a000-7be0e3e7b000 rw-p 0002c000 103:01 90443244                  /usr/lib/x86_64-linux-gnu/libgcc_s.so.1
7be0e3e7b000-7be0e3e87000 r--p 00000000 103:01 90470240                  /usr/lib/x86_64-linux-gnu/libtbb.so.12.11
7be0e3e87000-7be0e3eaa000 r-xp 0000c000 103:01 90470240                  /usr/lib/x86_64-linux-gnu/libtbb.so.12.11
7be0e3eaa000-7be0e3eb4000 r--p 0002f000 103:01 90470240                  /usr/lib/x86_64-linux-gnu/libtbb.so.12.11
7be0e3eb4000-7be0e3eb6000 r--p 00039000 103:01 90470240                  /usr/lib/x86_64-linux-gnu/libtbb.so.12.11
7be0e3eb6000-7be0e3eb9000 rw-p 0003b000 103:01 90470240                  /usr/lib/x86_64-linux-gnu/libtbb.so.12.11
7be0e3eb9000-7be0e3f00000 rw-p 00000000 00:00 0 
7be0e3f00000-7be0e3f04000 ---p 00000000 00:00 0 
7be0e3f04000-7be0e4000000 rw-p 00000000 00:00 0 
7be0e4000000-7be0e447f000 rw-p 00000000 00:00 0 
7be0e447f000-7be0e8000000 ---p 00000000 00:00 0 
7be0e800c000-7be0e8011000 r--p 00000000 103:01 51524908                  /tmp/manifold3d8082437737974534066/libmanifold_jni.so
7be0e8011000-7be0e8014000 r-xp 00005000 103:01 51524908                  /tmp/manifold3d8082437737974534066/libmanifold_jni.so
7be0e8014000-7be0e8015000 r--p 00008000 103:01 51524908                  /tmp/manifold3d8082437737974534066/libmanifold_jni.so
7be0e8015000-7be0e8016000 r--p 00009000 103:01 51524908                  /tmp/manifold3d8082437737974534066/libmanifold_jni.so
7be0e8016000-7be0e8017000 rw-p 0000a000 103:01 51524908                  /tmp/manifold3d8082437737974534066/libmanifold_jni.so
7be0e8017000-7be0e801b000 ---p 00000000 00:00 0 
7be0e801b000-7be0e8117000 rw-p 00000000 00:00 0 
7be0e8117000-7be0e811b000 ---p 00000000 00:00 0 
7be0e811b000-7be0e8217000 rw-p 00000000 00:00 0 
7be0e8217000-7be0e8218000 ---p 00000000 00:00 0 
7be0e8218000-7be0e8318000 rw-p 00000000 00:00 0 
7be0e8318000-7be0e831d000 r--p 00000000 103:01 75498881                  /home/grishberg/.gradle/jdks/eclipse_adoptium-17-amd64-linux/jdk-17.0.19+10/lib/libjsvml.so
7be0e831d000-7be0e835e000 r-xp 00005000 103:01 75498881                  /home/grishberg/.gradle/jdks/eclipse_adoptium-17-amd64-linux/jdk-17.0.19+10/lib/libjsvml.so
7be0e835e000-7be0e83e7000 r--p 00046000 103:01 75498881                  /home/grishberg/.gradle/jdks/eclipse_adoptium-17-amd64-linux/jdk-17.0.19+10/lib/libjsvml.so
7be0e83e7000-7be0e83e8000 r--p 000ce000 103:01 75498881                  /home/grishberg/.gradle/jdks/eclipse_adoptium-17-amd64-linux/jdk-17.0.19+10/lib/libjsvml.so
7be0e83e8000-7be0e83e9000 rw-p 000cf000 103:01 75498881                  /home/grishberg/.gradle/jdks/eclipse_adoptium-17-amd64-linux/jdk-17.0.19+10/lib/libjsvml.so
7be0e83e9000-7be0e8506000 rw-p 00000000 00:00 0 
7be0e8506000-7be0e8507000 ---p 00000000 00:00 0 
7be0e8507000-7be0e8607000 rw-p 00000000 00:00 0 
7be0e8607000-7be0e8608000 ---p 00000000 00:00 0 
7be0e8608000-7be0e8708000 rw-p 00000000 00:00 0 
7be0e8708000-7be0e9415000 rw-p 00000000 00:00 0 
7be0e9415000-7be0e9416000 ---p 00000000 00:00 0 
7be0e9416000-7be0e9516000 rw-p 00000000 00:00 0 
7be0e9516000-7be0e9517000 ---p 00000000 00:00 0 
7be0e9517000-7be0e9617000 rw-p 00000000 00:00 0 
7be0e9617000-7be0e9618000 ---p 00000000 00:00 0 
7be0e9618000-7be0e9718000 rw-p 00000000 00:00 0 
7be0e9718000-7be0ea64a000 rw-p 00000000 00:00 0 
7be0ea64a000-7be0ea72e000 ---p 00000000 00:00 0 
7be0ea72e000-7be0ea733000 rw-p 00000000 00:00 0 
7be0ea733000-7be0ea817000 ---p 00000000 00:00 0 
7be0ea817000-7be0ea81b000 ---p 00000000 00:00 0 
7be0ea81b000-7be0ea917000 rw-p 00000000 00:00 0 
7be0ea917000-7be0ea927000 r--p 00000000 103:01 90442151                  /usr/lib/x86_64-linux-gnu/libm.so.6
7be0ea927000-7be0ea9a6000 r-xp 00010000 103:01 90442151                  /usr/lib/x86_64-linux-gnu/libm.so.6
7be0ea9a6000-7be0ea9fe000 r--p 0008f000 103:01 90442151                  /usr/lib/x86_64-linux-gnu/libm.so.6
7be0ea9fe000-7be0ea9ff000 r--p 000e7000 103:01 90442151                  /usr/lib/x86_64-linux-gnu/libm.so.6
7be0ea9ff000-7be0eaa00000 rw-p 000e8000 103:01 90442151                  /usr/lib/x86_64-linux-gnu/libm.so.6
7be0eaa00000-7be0eac53000 r--p 00000000 103:01 75498866                  /home/grishberg/.gradle/jdks/eclipse_adoptium-17-amd64-linux/jdk-17.0.19+10/lib/server/libjvm.so
7be0eac53000-7be0eb97b000 r-xp 00253000 103:01 75498866                  /home/grishberg/.gradle/jdks/eclipse_adoptium-17-amd64-linux/jdk-17.0.19+10/lib/server/libjvm.so
7be0eb97b000-7be0ebc08000 r--p 00f7b000 103:01 75498866                  /home/grishberg/.gradle/jdks/eclipse_adoptium-17-amd64-linux/jdk-17.0.19+10/lib/server/libjvm.so
7be0ebc08000-7be0ebc09000 ---p 01208000 103:01 75498866                  /home/grishberg/.gradle/jdks/eclipse_adoptium-17-amd64-linux/jdk-17.0.19+10/lib/server/libjvm.so
7be0ebc09000-7be0ebcc2000 r--p 01208000 103:01 75498866                  /home/grishberg/.gradle/jdks/eclipse_adoptium-17-amd64-linux/jdk-17.0.19+10/lib/server/libjvm.so
7be0ebcc2000-7be0ebcf7000 rw-p 012c1000 103:01 75498866                  /home/grishberg/.gradle/jdks/eclipse_adoptium-17-amd64-linux/jdk-17.0.19+10/lib/server/libjvm.so
7be0ebcf7000-7be0ebd52000 rw-p 00000000 00:00 0 
7be0ebd59000-7be0ebd5b000 r--p 00000000 103:01 75498880                  /home/grishberg/.gradle/jdks/eclipse_adoptium-17-amd64-linux/jdk-17.0.19+10/lib/libzip.so
7be0ebd5b000-7be0ebd6e000 r-xp 00002000 103:01 75498880                  /home/grishberg/.gradle/jdks/eclipse_adoptium-17-amd64-linux/jdk-17.0.19+10/lib/libzip.so
7be0ebd6e000-7be0ebd75000 r--p 00015000 103:01 75498880                  /home/grishberg/.gradle/jdks/eclipse_adoptium-17-amd64-linux/jdk-17.0.19+10/lib/libzip.so
7be0ebd75000-7be0ebd76000 ---p 0001c000 103:01 75498880                  /home/grishberg/.gradle/jdks/eclipse_adoptium-17-amd64-linux/jdk-17.0.19+10/lib/libzip.so
7be0ebd76000-7be0ebd77000 r--p 0001c000 103:01 75498880                  /home/grishberg/.gradle/jdks/eclipse_adoptium-17-amd64-linux/jdk-17.0.19+10/lib/libzip.so
7be0ebd77000-7be0ebd78000 rw-p 0001d000 103:01 75498880                  /home/grishberg/.gradle/jdks/eclipse_adoptium-17-amd64-linux/jdk-17.0.19+10/lib/libzip.so
7be0ebd78000-7be0ebd7c000 r--p 00000000 103:01 75498890                  /home/grishberg/.gradle/jdks/eclipse_adoptium-17-amd64-linux/jdk-17.0.19+10/lib/libnet.so
7be0ebd7c000-7be0ebd8a000 r-xp 00004000 103:01 75498890                  /home/grishberg/.gradle/jdks/eclipse_adoptium-17-amd64-linux/jdk-17.0.19+10/lib/libnet.so
7be0ebd8a000-7be0ebd8e000 r--p 00012000 103:01 75498890                  /home/grishberg/.gradle/jdks/eclipse_adoptium-17-amd64-linux/jdk-17.0.19+10/lib/libnet.so
7be0ebd8e000-7be0ebd8f000 r--p 00015000 103:01 75498890                  /home/grishberg/.gradle/jdks/eclipse_adoptium-17-amd64-linux/jdk-17.0.19+10/lib/libnet.so
7be0ebd8f000-7be0ebd90000 rw-p 00016000 103:01 75498890                  /home/grishberg/.gradle/jdks/eclipse_adoptium-17-amd64-linux/jdk-17.0.19+10/lib/libnet.so
7be0ebd90000-7be0ebd97000 r--p 00000000 103:01 75498910                  /home/grishberg/.gradle/jdks/eclipse_adoptium-17-amd64-linux/jdk-17.0.19+10/lib/libnio.so
7be0ebd97000-7be0ebda0000 r-xp 00007000 103:01 75498910                  /home/grishberg/.gradle/jdks/eclipse_adoptium-17-amd64-linux/jdk-17.0.19+10/lib/libnio.so
7be0ebda0000-7be0ebda4000 r--p 00010000 103:01 75498910                  /home/grishberg/.gradle/jdks/eclipse_adoptium-17-amd64-linux/jdk-17.0.19+10/lib/libnio.so
7be0ebda4000-7be0ebda5000 ---p 00014000 103:01 75498910                  /home/grishberg/.gradle/jdks/eclipse_adoptium-17-amd64-linux/jdk-17.0.19+10/lib/libnio.so
7be0ebda5000-7be0ebda6000 r--p 00014000 103:01 75498910                  /home/grishberg/.gradle/jdks/eclipse_adoptium-17-amd64-linux/jdk-17.0.19+10/lib/libnio.so
7be0ebda6000-7be0ebda7000 rw-p 00015000 103:01 75498910                  /home/grishberg/.gradle/jdks/eclipse_adoptium-17-amd64-linux/jdk-17.0.19+10/lib/libnio.so
7be0ebda7000-7be0ebdad000 rw-p 00000000 00:00 0 
7be0ebdad000-7be0ebdb6000 ---p 00000000 00:00 0 
7be0ebdb6000-7be0ebdc4000 r--p 00000000 103:01 75498920                  /home/grishberg/.gradle/jdks/eclipse_adoptium-17-amd64-linux/jdk-17.0.19+10/lib/libjava.so
7be0ebdc4000-7be0ebdd6000 r-xp 0000e000 103:01 75498920                  /home/grishberg/.gradle/jdks/eclipse_adoptium-17-amd64-linux/jdk-17.0.19+10/lib/libjava.so
7be0ebdd6000-7be0ebddc000 r--p 00020000 103:01 75498920                  /home/grishberg/.gradle/jdks/eclipse_adoptium-17-amd64-linux/jdk-17.0.19+10/lib/libjava.so
7be0ebddc000-7be0ebddd000 ---p 00026000 103:01 75498920                  /home/grishberg/.gradle/jdks/eclipse_adoptium-17-amd64-linux/jdk-17.0.19+10/lib/libjava.so
7be0ebddd000-7be0ebdde000 r--p 00026000 103:01 75498920                  /home/grishberg/.gradle/jdks/eclipse_adoptium-17-amd64-linux/jdk-17.0.19+10/lib/libjava.so
7be0ebdde000-7be0ebddf000 rw-p 00027000 103:01 75498920                  /home/grishberg/.gradle/jdks/eclipse_adoptium-17-amd64-linux/jdk-17.0.19+10/lib/libjava.so
7be0ebddf000-7be0ebde0000 rw-p 00000000 00:00 0 
7be0ebde0000-7be0ebde4000 r--p 00000000 103:01 75498904                  /home/grishberg/.gradle/jdks/eclipse_adoptium-17-amd64-linux/jdk-17.0.19+10/lib/libjimage.so
7be0ebde4000-7be0ebdf7000 r-xp 00004000 103:01 75498904                  /home/grishberg/.gradle/jdks/eclipse_adoptium-17-amd64-linux/jdk-17.0.19+10/lib/libjimage.so
7be0ebdf7000-7be0ebdfd000 r--p 00017000 103:01 75498904                  /home/grishberg/.gradle/jdks/eclipse_adoptium-17-amd64-linux/jdk-17.0.19+10/lib/libjimage.so
7be0ebdfd000-7be0ebdff000 r--p 0001c000 103:01 75498904                  /home/grishberg/.gradle/jdks/eclipse_adoptium-17-amd64-linux/jdk-17.0.19+10/lib/libjimage.so
7be0ebdff000-7be0ebe00000 rw-p 0001e000 103:01 75498904                  /home/grishberg/.gradle/jdks/eclipse_adoptium-17-amd64-linux/jdk-17.0.19+10/lib/libjimage.so
7be0ebe00000-7be0ebe28000 r--p 00000000 103:01 90442148                  /usr/lib/x86_64-linux-gnu/libc.so.6
7be0ebe28000-7be0ebfb0000 r-xp 00028000 103:01 90442148                  /usr/lib/x86_64-linux-gnu/libc.so.6
7be0ebfb0000-7be0ebfff000 r--p 001b0000 103:01 90442148                  /usr/lib/x86_64-linux-gnu/libc.so.6
7be0ebfff000-7be0ec003000 r--p 001fe000 103:01 90442148                  /usr/lib/x86_64-linux-gnu/libc.so.6
7be0ec003000-7be0ec005000 rw-p 00202000 103:01 90442148                  /usr/lib/x86_64-linux-gnu/libc.so.6
7be0ec005000-7be0ec012000 rw-p 00000000 00:00 0 
7be0ec018000-7be0ec019000 r--p 00000000 103:01 90442162                  /usr/lib/x86_64-linux-gnu/librt.so.1
7be0ec019000-7be0ec01a000 r-xp 00001000 103:01 90442162                  /usr/lib/x86_64-linux-gnu/librt.so.1
7be0ec01a000-7be0ec01b000 r--p 00002000 103:01 90442162                  /usr/lib/x86_64-linux-gnu/librt.so.1
7be0ec01b000-7be0ec01c000 r--p 00002000 103:01 90442162                  /usr/lib/x86_64-linux-gnu/librt.so.1
7be0ec01c000-7be0ec01d000 rw-p 00003000 103:01 90442162                  /usr/lib/x86_64-linux-gnu/librt.so.1
7be0ec01d000-7be0ec01f000 rw-p 00000000 00:00 0 
7be0ec01f000-7be0ec020000 r--p 00000000 103:01 90442150                  /usr/lib/x86_64-linux-gnu/libdl.so.2
7be0ec020000-7be0ec021000 r-xp 00001000 103:01 90442150                  /usr/lib/x86_64-linux-gnu/libdl.so.2
7be0ec021000-7be0ec022000 r--p 00002000 103:01 90442150                  /usr/lib/x86_64-linux-gnu/libdl.so.2
7be0ec022000-7be0ec023000 r--p 00002000 103:01 90442150                  /usr/lib/x86_64-linux-gnu/libdl.so.2
7be0ec023000-7be0ec024000 rw-p 00003000 103:01 90442150                  /usr/lib/x86_64-linux-gnu/libdl.so.2
7be0ec024000-7be0ec025000 r--p 00000000 103:01 90442160                  /usr/lib/x86_64-linux-gnu/libpthread.so.0
7be0ec025000-7be0ec026000 r-xp 00001000 103:01 90442160                  /usr/lib/x86_64-linux-gnu/libpthread.so.0
7be0ec026000-7be0ec027000 r--p 00002000 103:01 90442160                  /usr/lib/x86_64-linux-gnu/libpthread.so.0
7be0ec027000-7be0ec028000 r--p 00002000 103:01 90442160                  /usr/lib/x86_64-linux-gnu/libpthread.so.0
7be0ec028000-7be0ec029000 rw-p 00003000 103:01 90442160                  /usr/lib/x86_64-linux-gnu/libpthread.so.0
7be0ec02a000-7be0ec031000 r--s 00000000 103:01 90442137                  /usr/lib/x86_64-linux-gnu/gconv/gconv-modules.cache
7be0ec031000-7be0ec039000 rw-s 00000000 103:01 51524690                  /tmp/hsperfdata_grishberg/77831
7be0ec039000-7be0ec03a000 ---p 00000000 00:00 0 
7be0ec03a000-7be0ec03b000 r--p 00000000 00:00 0 
7be0ec03b000-7be0ec03c000 ---p 00000000 00:00 0 
7be0ec03c000-7be0ec03f000 r--p 00000000 103:01 75498874                  /home/grishberg/.gradle/jdks/eclipse_adoptium-17-amd64-linux/jdk-17.0.19+10/lib/libjli.so
7be0ec03f000-7be0ec04f000 r-xp 00003000 103:01 75498874                  /home/grishberg/.gradle/jdks/eclipse_adoptium-17-amd64-linux/jdk-17.0.19+10/lib/libjli.so
7be0ec04f000-7be0ec056000 r--p 00013000 103:01 75498874                  /home/grishberg/.gradle/jdks/eclipse_adoptium-17-amd64-linux/jdk-17.0.19+10/lib/libjli.so
7be0ec056000-7be0ec057000 r--p 00019000 103:01 75498874                  /home/grishberg/.gradle/jdks/eclipse_adoptium-17-amd64-linux/jdk-17.0.19+10/lib/libjli.so
7be0ec057000-7be0ec058000 rw-p 0001a000 103:01 75498874                  /home/grishberg/.gradle/jdks/eclipse_adoptium-17-amd64-linux/jdk-17.0.19+10/lib/libjli.so
7be0ec058000-7be0ec05a000 rw-p 00000000 00:00 0 
7be0ec05a000-7be0ec05e000 r--p 00000000 00:00 0                          [vvar]
7be0ec05e000-7be0ec060000 r--p 00000000 00:00 0                          [vvar_vclock]
7be0ec060000-7be0ec062000 r-xp 00000000 00:00 0                          [vdso]
7be0ec062000-7be0ec063000 r--p 00000000 103:01 90442145                  /usr/lib/x86_64-linux-gnu/ld-linux-x86-64.so.2
7be0ec063000-7be0ec08e000 r-xp 00001000 103:01 90442145                  /usr/lib/x86_64-linux-gnu/ld-linux-x86-64.so.2
7be0ec08e000-7be0ec098000 r--p 0002c000 103:01 90442145                  /usr/lib/x86_64-linux-gnu/ld-linux-x86-64.so.2
7be0ec098000-7be0ec09a000 r--p 00036000 103:01 90442145                  /usr/lib/x86_64-linux-gnu/ld-linux-x86-64.so.2
7be0ec09a000-7be0ec09c000 rw-p 00038000 103:01 90442145                  /usr/lib/x86_64-linux-gnu/ld-linux-x86-64.so.2
7fffa7191000-7fffa71b3000 rw-p 00000000 00:00 0                          [stack]
ffffffffff600000-ffffffffff601000 --xp 00000000 00:00 0                  [vsyscall]


VM Arguments:
jvm_args: -Djava.library.path=/home/grishberg/projects/java/opengl_kbd_render/cad3d/build/manifold-natives/manifold3d/natives/linux-x86_64 -Dfile.encoding=UTF-8 -Duser.country=US -Duser.language=en -Duser.variant 
java_command: com.github.grishberg.cad3d.cli.CliRunnerKt --model matrix_right
java_class_path (initial): /home/grishberg/projects/java/opengl_kbd_render/cad3d/build/classes/java/main:/home/grishberg/projects/java/opengl_kbd_render/cad3d/build/classes/kotlin/main:/home/grishberg/projects/java/opengl_kbd_render/cad3d/build/resources/main:/home/grishberg/projects/java/opengl_kbd_render/common/build/libs/common-1.0.1.jar:/home/grishberg/projects/java/opengl_kbd_render/kbd_core/build/libs/kbd_core-1.0.1.jar:/home/grishberg/projects/java/opengl_kbd_render/plugin/build/libs/plugin-1.0.jar:/home/grishberg/projects/java/opengl_kbd_render/javascad/build/libs/javascad-1.0.jar:/home/grishberg/projects/java/opengl_kbd_render/libs/manifold3d-3.2.13.jar:/home/grishberg/.gradle/caches/modules-2/files-2.1/org.jetbrains.kotlin/kotlin-stdlib-jdk8/1.9.22/dea0c11e2fa503ab891c8a090e3b54754472975d/kotlin-stdlib-jdk8-1.9.22.jar:/home/grishberg/.gradle/caches/modules-2/files-2.1/org.jetbrains.kotlinx/kotlinx-coroutines-core-jvm/1.8.0/ac1dc37a30a93150b704022f8d895ee1bd3a36b3/kotlinx-coroutines-core-jvm-1.8.0.jar:/home/grishberg/.gradle/caches/modules-2/files-2.1/org.jetbrains.kotlin/kotlin-stdlib-jdk7/1.9.22/c4b17283ad7939e778989663f8301d871987fa5e/kotlin-stdlib-jdk7-1.9.22.jar:/home/grishberg/.gradle/caches/modules-2/files-2.1/org.jetbrains.kotlinx/kotlinx-serialization-core-jvm/1.6.2/384c2492c987f1d92bfa186580de058c284b2ad9/kotlinx-serialization-core-jvm-1.6.2.jar:/home/grishberg/.gradle/caches/modules-2/files-2.1/org.jetbrains.kotlinx/kotlinx-serialization-json-jvm/1.6.2/8f4df208edf91a3012e7a27ccd02f386d4bfc8c6/kotlinx-serialization-json-jvm-1.6.2.jar:/home/grishberg/.gradle/caches/modules-2/files-2.1/org.jetbrains.kotlin/kotlin-stdlib/1.9.22/d6c44cd08d8f3f9bece8101216dbe6553365c6e3/kotlin-stdlib-1.9.22.jar:/home/grishberg/.gradle/caches/modules-2/files-2.1/org.jetbrains/annotations/23.0.0/8cc20c07506ec18e0834947b84a864bfc094484e/annotations-23.0.0.jar
Launcher Type: SUN_STANDARD

[Global flags]
     intx CICompilerCount                          = 12                                        {product} {ergonomic}
     uint ConcGCThreads                            = 3                                         {product} {ergonomic}
     uint G1ConcRefinementThreads                  = 13                                        {product} {ergonomic}
   size_t G1HeapRegionSize                         = 16777216                                  {product} {ergonomic}
    uintx GCDrainStackTargetSize                   = 64                                        {product} {ergonomic}
   size_t InitialHeapSize                          = 2046820352                                {product} {ergonomic}
   size_t MarkStackSize                            = 4194304                                   {product} {ergonomic}
   size_t MaxHeapSize                              = 32178700288                               {product} {ergonomic}
   size_t MaxNewSize                               = 19293798400                               {product} {ergonomic}
   size_t MinHeapDeltaBytes                        = 16777216                                  {product} {ergonomic}
   size_t MinHeapSize                              = 16777216                                  {product} {ergonomic}
    uintx NonNMethodCodeHeapSize                   = 7602480                                {pd product} {ergonomic}
    uintx NonProfiledCodeHeapSize                  = 122027880                              {pd product} {ergonomic}
    uintx ProfiledCodeHeapSize                     = 122027880                              {pd product} {ergonomic}
    uintx ReservedCodeCacheSize                    = 251658240                              {pd product} {ergonomic}
     bool SegmentedCodeCache                       = true                                      {product} {ergonomic}
   size_t SoftMaxHeapSize                          = 32178700288                            {manageable} {ergonomic}
     bool UseCompressedClassPointers               = true                           {product lp64_product} {ergonomic}
     bool UseCompressedOops                        = true                           {product lp64_product} {ergonomic}
     bool UseG1GC                                  = true                                      {product} {ergonomic}

Logging:
Log output configuration:
 #0: stdout all=warning uptime,level,tags
 #1: stderr all=off uptime,level,tags

Environment Variables:
PATH=/home/grishberg/projects/ts/opencode/bot/venv/bin:/home/grishberg/android-sdk/platform-tools:/home/grishberg/.local/bin:/usr/local/sbin:/usr/local/bin:/usr/sbin:/usr/bin:/sbin:/bin:/usr/games:/usr/local/games:/snap/bin:/snap/bin
USERNAME=grishberg
SHELL=/bin/bash
DISPLAY=:0
LANG=en_US.UTF-8

Active Locale:
LC_ALL=en_US.UTF-8
LC_COLLATE=en_US.UTF-8
LC_CTYPE=en_US.UTF-8
LC_MESSAGES=en_US.UTF-8
LC_MONETARY=en_US.UTF-8
LC_NUMERIC=en_US.UTF-8
LC_TIME=en_US.UTF-8

Signal Handlers:
   SIGSEGV: crash_handler in libjvm.so, mask=11100100010111111101111111111110, flags=SA_RESTART|SA_SIGINFO, unblocked
    SIGBUS: crash_handler in libjvm.so, mask=11100100010111111101111111111110, flags=SA_RESTART|SA_SIGINFO, unblocked
    SIGFPE: crash_handler in libjvm.so, mask=11100100010111111101111111111110, flags=SA_RESTART|SA_SIGINFO, unblocked
   SIGPIPE: javaSignalHandler in libjvm.so, mask=11100100010111111101111111111110, flags=SA_RESTART|SA_SIGINFO, blocked
   SIGXFSZ: javaSignalHandler in libjvm.so, mask=11100100010111111101111111111110, flags=SA_RESTART|SA_SIGINFO, blocked
    SIGILL: crash_handler in libjvm.so, mask=11100100010111111101111111111110, flags=SA_RESTART|SA_SIGINFO, unblocked
   SIGUSR2: SR_handler in libjvm.so, mask=00000000000000000000000000000000, flags=SA_RESTART|SA_SIGINFO, blocked
    SIGHUP: UserHandler in libjvm.so, mask=11100100010111111101111111111110, flags=SA_RESTART|SA_SIGINFO, blocked
    SIGINT: UserHandler in libjvm.so, mask=11100100010111111101111111111110, flags=SA_RESTART|SA_SIGINFO, blocked
   SIGTERM: UserHandler in libjvm.so, mask=11100100010111111101111111111110, flags=SA_RESTART|SA_SIGINFO, blocked
   SIGQUIT: UserHandler in libjvm.so, mask=11100100010111111101111111111110, flags=SA_RESTART|SA_SIGINFO, blocked
   SIGTRAP: crash_handler in libjvm.so, mask=11100100010111111101111111111110, flags=SA_RESTART|SA_SIGINFO, unblocked


Periodic native trim disabled


---------------  S Y S T E M  ---------------

OS:
DISTRIB_ID=Ubuntu
DISTRIB_RELEASE=24.04
DISTRIB_CODENAME=noble
DISTRIB_DESCRIPTION="Ubuntu 24.04.4 LTS"
uname: Linux 6.17.0-35-generic #35~24.04.1-Ubuntu SMP PREEMPT_DYNAMIC Tue May 26 19:30:42 UTC 2 x86_64
OS uptime: 0 days 6:46 hours
libc: glibc 2.39 NPTL 2.39 
rlimit (soft/hard): STACK 8192k/infinity , CORE 0k/infinity , NPROC 496841/496841 , NOFILE 1048576/1048576 , AS infinity/infinity , CPU infinity/infinity , DATA infinity/infinity , FSIZE infinity/infinity , MEMLOCK 15919580k/15919580k
load average: 2.22 1.67 1.27

/proc/meminfo:
MemTotal:       127356652 kB
MemFree:        48618288 kB
MemAvailable:   88212116 kB
Buffers:          174012 kB
Cached:         43314608 kB
SwapCached:            0 kB
Active:         37995872 kB
Inactive:       38321616 kB
Active(anon):   35865784 kB
Inactive(anon):        0 kB
Active(file):    2130088 kB
Inactive(file): 38321616 kB
Unevictable:           0 kB
Mlocked:               0 kB
SwapTotal:       8388604 kB
SwapFree:        8388604 kB
Zswap:                 0 kB
Zswapped:              0 kB
Dirty:              9636 kB
Writeback:             0 kB
AnonPages:      32829400 kB
Mapped:          4233136 kB
Shmem:           3036928 kB
KReclaimable:     324656 kB
Slab:             594684 kB
SReclaimable:     324656 kB
SUnreclaim:       270028 kB
KernelStack:       23536 kB
PageTables:       103256 kB
SecPageTables:      2180 kB
NFS_Unstable:          0 kB
Bounce:                0 kB
WritebackTmp:          0 kB
CommitLimit:    72066928 kB
Committed_AS:   52066616 kB
VmallocTotal:   34359738367 kB
VmallocUsed:      165836 kB
VmallocChunk:          0 kB
Percpu:            15232 kB
HardwareCorrupted:     0 kB
AnonHugePages:         0 kB
ShmemHugePages:        0 kB
ShmemPmdMapped:        0 kB
FileHugePages:    333824 kB
FilePmdMapped:      2048 kB
CmaTotal:              0 kB
CmaFree:               0 kB
Unaccepted:            0 kB
Balloon:               0 kB
HugePages_Total:       0
HugePages_Free:        0
HugePages_Rsvd:        0
HugePages_Surp:        0
Hugepagesize:       2048 kB
Hugetlb:               0 kB
DirectMap4k:      508068 kB
DirectMap2M:    13033472 kB
DirectMap1G:    121634816 kB

/sys/kernel/mm/transparent_hugepage/enabled: always [madvise] never
/sys/kernel/mm/transparent_hugepage/hpage_pmd_size: 2097152
/sys/kernel/mm/transparent_hugepage/defrag (defrag/compaction efforts parameter): always defer defer+madvise [madvise] never

Process Memory:
Virtual Size: 37993092K (peak: 37993092K)
Resident Set Size: 196600K (peak: 196912K) (anon: 170756K, file: 25844K, shmem: 0K)
Swapped out: 0K
C-Heap outstanding allocations: 56869K, retained: 20790K
glibc malloc tunables: (default)

/proc/sys/kernel/threads-max (system-wide limit on the number of threads): 993683
/proc/sys/vm/max_map_count (maximum number of memory map areas a process may have): 1048576
/proc/sys/vm/swappiness (control to define how aggressively the kernel swaps out anonymous memory): 60
/proc/sys/kernel/pid_max (system-wide limit on number of process identifiers): 4194304

container (cgroup) information:
container_type: cgroupv2
cpu_cpuset_cpus: not supported
cpu_memory_nodes: not supported
active_processor_count: 16
cpu_quota: not supported
cpu_period: not supported
cpu_shares: not supported
memory_limit_in_bytes: unlimited
memory_and_swap_limit_in_bytes: unlimited
memory_soft_limit_in_bytes: 0
memory_usage_in_bytes: 71382908 k
memory_max_usage_in_bytes: not supported
rss_usage_in_bytes: 31540156 k
cache_usage_in_bytes: 39674280 k
memory_swap_current_in_bytes: 0
memory_swap_max_limit_in_bytes: unlimited
maximum number of tasks: 149052
current number of tasks: 611

Steal ticks since vm start: 0
Steal ticks percentage since vm start:  0.000

CPU: total 16 (initial active 16) (16 cores per cpu, 2 threads per core) family 25 model 33 stepping 2 microcode 0xa201213, cx8, cmov, fxsr, ht, mmx, 3dnowpref, sse, sse2, sse3, ssse3, sse4a, sse4.1, sse4.2, popcnt, lzcnt, tsc, tscinvbit, avx, avx2, aes, erms, clmul, bmi1, bmi2, adx, sha, fma, vzeroupper, clflush, clflushopt
CPU Model and flags from /proc/cpuinfo:
model name	: AMD Ryzen 7 5800X3D 8-Core Processor
flags		: fpu vme de pse tsc msr pae mce cx8 apic sep mtrr pge mca cmov pat pse36 clflush mmx fxsr sse sse2 ht syscall nx mmxext fxsr_opt pdpe1gb rdtscp lm constant_tsc rep_good nopl xtopology nonstop_tsc cpuid extd_apicid aperfmperf rapl pni pclmulqdq monitor ssse3 fma cx16 sse4_1 sse4_2 x2apic movbe popcnt aes xsave avx f16c rdrand lahf_lm cmp_legacy svm extapic cr8_legacy abm sse4a misalignsse 3dnowprefetch osvw ibs skinit wdt tce topoext perfctr_core perfctr_nb bpext perfctr_llc mwaitx cpb cat_l3 cdp_l3 hw_pstate ssbd mba ibrs ibpb stibp vmmcall fsgsbase bmi1 avx2 smep bmi2 erms invpcid cqm rdt_a rdseed adx smap clflushopt clwb sha_ni xsaveopt xsavec xgetbv1 xsaves cqm_llc cqm_occup_llc cqm_mbm_total cqm_mbm_local user_shstk clzero irperf xsaveerptr rdpru wbnoinvd arat npt lbrv svm_lock nrip_save tsc_scale vmcb_clean flushbyasid decodeassists pausefilter pfthreshold avic v_vmsave_vmload vgif v_spec_ctrl umip pku ospke vaes vpclmulqdq rdpid overflow_recov succor smca fsrm debug_swap

Online cpus: 0-15
Offline cpus: 
BIOS frequency limitation: <Not Available>
Frequency switch latency (ns): 0
Available cpu frequencies: <Not Available>
Current governor: powersave
Core performance/turbo boost: 1

Memory: 4k page, physical 127356652k(48618288k free), swap 8388604k(8388604k free)
Page Sizes: 4k

vm_info: OpenJDK 64-Bit Server VM (17.0.19+10) for linux-amd64 JRE (17.0.19+10), built on Apr 21 2026 00:00:00 by "admin" with gcc 10.3.0

END.
