#
# A fatal error has been detected by the Java Runtime Environment:
#
#  SIGSEGV (0xb) at pc=0x0000741abca9fff4, pid=76864, tid=76889
#
# JRE version: OpenJDK Runtime Environment Temurin-17.0.19+10 (17.0.19+10) (build 17.0.19+10)
# Java VM: OpenJDK 64-Bit Server VM Temurin-17.0.19+10 (17.0.19+10, mixed mode, sharing, tiered, compressed oops, compressed class ptrs, g1 gc, linux-amd64)
# Problematic frame:
# C  [libc.so.6+0x9fff4]  pthread_mutex_lock+0x4
#
# Core dump will be written. Default location: Core dumps may be processed with "/usr/share/apport/apport -p%p -s%s -c%c -d%d -P%P -u%u -g%g -F%F -- %E" (or dumping to /home/grishberg/projects/java/opengl_kbd_render/cad3d/core.76864)
#
# If you would like to submit a bug report, please visit:
#   https://github.com/adoptium/adoptium-support/issues
# The crash happened outside the Java Virtual Machine in native code.
# See problematic frame for where to report the bug.
#

---------------  S U M M A R Y ------------

Command Line: -Djava.library.path=/home/grishberg/projects/java/opengl_kbd_render/cad3d/build/manifold-natives/manifold3d/natives/linux-x86_64 -Dfile.encoding=UTF-8 -Duser.country=US -Duser.language=en -Duser.variant com.github.grishberg.cad3d.cli.CliRunnerKt --model matrix_right

Host: AMD Ryzen 7 5800X3D 8-Core Processor, 16 cores, 121G, Ubuntu 24.04.4 LTS
Time: Wed Jul 15 14:06:10 2026 MSK elapsed time: 0.272630 seconds (0d 0h 0m 0s)

---------------  T H R E A D  ---------------

Current thread (0x00007419ac05b140):  JavaThread "DefaultDispatcher-worker-3" daemon [_thread_in_native, id=76889, stack(0x0000741a54f00000,0x0000741a55000000)]

Stack: [0x0000741a54f00000,0x0000741a55000000],  sp=0x0000741a54ffd948,  free space=1014k
Native frames: (J=compiled Java code, j=interpreted, Vv=VM code, C=native code)
C  [libc.so.6+0x9fff4]  pthread_mutex_lock+0x4
J 779  com.cadoodlecad.manifold.ManifoldBindings.jniDeleteManifold(J)V (0 bytes) @ 0x0000741aa4dd28dc [0x0000741aa4dd2820+0x00000000000000bc]

[error occurred during error reporting (printing native stack), id 0xb, SIGSEGV (0xb) at pc=0x0000741abbccc0d5]

Java frames: (J=compiled Java code, j=interpreted, Vv=VM code)
J 799  com.cadoodlecad.manifold.ManifoldBindings.jniUnion(JJJ)J (0 bytes) @ 0x0000741aa4dd426f [0x0000741aa4dd4220+0x000000000000004f]
J 869 c1 com.cadoodlecad.manifold.ManifoldBindings.union(JJ)J (13 bytes) @ 0x0000741a9d38b3e4 [0x0000741a9d38b340+0x00000000000000a4]
J 819 c1 eu.printingin3d.javascad.manifold.Manifold3dEngine.operateNative(JJI)J (113 bytes) @ 0x0000741a9d37185c [0x0000741a9d371640+0x000000000000021c]
J 820 c1 eu.printingin3d.javascad.manifold.Manifold3dEngine.unionNative(JJ)J (8 bytes) @ 0x0000741a9d3721bc [0x0000741a9d372140+0x000000000000007c]
j  eu.printingin3d.javascad.tranzitions.Union.toInnerNativeMesh(Leu/printingin3d/javascad/vrl/FacetGenerationContext;)J+61
J 796 c1 eu.printingin3d.javascad.models.Abstract3dModel.toNativeMesh(Leu/printingin3d/javascad/vrl/FacetGenerationContext;)J (160 bytes) @ 0x0000741a9d367d54 [0x0000741a9d367680+0x00000000000006d4]
j  eu.printingin3d.javascad.tranzitions.Difference.toInnerNativeMesh(Leu/printingin3d/javascad/vrl/FacetGenerationContext;)J+5
J 796 c1 eu.printingin3d.javascad.models.Abstract3dModel.toNativeMesh(Leu/printingin3d/javascad/vrl/FacetGenerationContext;)J (160 bytes) @ 0x0000741a9d367d54 [0x0000741a9d367680+0x00000000000006d4]
j  com.github.grishberg.cad3d.util.VertexHolderUtilsKt.fromModelNative(Leu/printingin3d/javascad/models/Abstract3dModel;I)Lcom/github/grishberg/cad3d/plugin/VertexHolder;+28
j  com.github.grishberg.cad3d.util.VertexHolderUtilsKt.fromModel(Leu/printingin3d/javascad/models/Abstract3dModel;I)Lcom/github/grishberg/cad3d/plugin/VertexHolder;+8
j  com.github.grishberg.cad3d.keyboard.ModelHolder$Companion.createVertexHolders(Lcom/github/grishberg/cad3d/keyboard/cfg/KeyboardConfig;Leu/printingin3d/javascad/models/Abstract3dModel;Ljava/util/List;)Ljava/util/List;+101
j  com.github.grishberg.cad3d.keyboard.ModelHolder.<init>(Lcom/github/grishberg/cad3d/keyboard/cfg/KeyboardConfig;Leu/printingin3d/javascad/models/Abstract3dModel;[Leu/printingin3d/javascad/models/Abstract3dModel;)V+29
j  com.github.grishberg.cad3d.KeyboardBuilder.createCaseModel(Lcom/github/grishberg/cad3d/keyboard/cfg/KeyboardConfig;Lcom/github/grishberg/cad3d/keyboard/KeyPlace;Lcom/github/grishberg/cad3d/keyboard/ThumbKeyPlace;Lcom/github/grishberg/cad3d/keyboard/screws/ScrewWallPlaces;Lcom/github/grishberg/cad3d/keyboard/casebody/Walls;Lcom/github/grishberg/cad3d/keyboard/casebody/controllers/ControllerPlace;Lcom/github/grishberg/cad3d/keyboard/casebody/controllers/SwitcherPlace;Lcom/github/grishberg/cad3d/keyboard/casebody/controllers/ControllerFactory;Lcom/github/grishberg/cad3d/keyboard/casebody/controllers/switcher/SwitcherFactory;Lcom/github/grishberg/cad3d/keyboard/casebody/controllers/Controller;Lcom/github/grishberg/cad3d/trackball/Trackball;Lcom/github/grishberg/cad3d/keyboard/casebody/thumb/ThumbBorders;Lcom/github/grishberg/cad3d/keyboard/casebody/thumb/ThumbWalls;)Lcom/github/grishberg/cad3d/keyboard/ModelHolder;+665
j  com.github.grishberg.cad3d.KeyboardBuilder.createCase(Lcom/github/grishberg/cad3d/keyboard/cfg/KeyboardConfig;Lcom/github/grishberg/cad3d/keyboard/KeyPlace;Lcom/github/grishberg/cad3d/keyboard/ThumbKeyPlace;Lcom/github/grishberg/cad3d/keyboard/screws/ScrewWallPlaces;Lcom/github/grishberg/cad3d/keyboard/casebody/Walls;Lcom/github/grishberg/cad3d/keyboard/casebody/controllers/ControllerPlace;Lcom/github/grishberg/cad3d/keyboard/casebody/controllers/SwitcherPlace;Lcom/github/grishberg/cad3d/keyboard/casebody/controllers/ControllerFactory;Lcom/github/grishberg/cad3d/keyboard/casebody/controllers/switcher/SwitcherFactory;Lcom/github/grishberg/cad3d/keyboard/casebody/controllers/Controller;Lcom/github/grishberg/cad3d/trackball/Trackball;Lcom/github/grishberg/cad3d/keyboard/casebody/thumb/ThumbBorders;Lcom/github/grishberg/cad3d/keyboard/casebody/thumb/ThumbWalls;)Ljava/util/List;+44
j  com.github.grishberg.cad3d.KeyboardBuilder.access$createCase(Lcom/github/grishberg/cad3d/KeyboardBuilder;Lcom/github/grishberg/cad3d/keyboard/cfg/KeyboardConfig;Lcom/github/grishberg/cad3d/keyboard/KeyPlace;Lcom/github/grishberg/cad3d/keyboard/ThumbKeyPlace;Lcom/github/grishberg/cad3d/keyboard/screws/ScrewWallPlaces;Lcom/github/grishberg/cad3d/keyboard/casebody/Walls;Lcom/github/grishberg/cad3d/keyboard/casebody/controllers/ControllerPlace;Lcom/github/grishberg/cad3d/keyboard/casebody/controllers/SwitcherPlace;Lcom/github/grishberg/cad3d/keyboard/casebody/controllers/ControllerFactory;Lcom/github/grishberg/cad3d/keyboard/casebody/controllers/switcher/SwitcherFactory;Lcom/github/grishberg/cad3d/keyboard/casebody/controllers/Controller;Lcom/github/grishberg/cad3d/trackball/Trackball;Lcom/github/grishberg/cad3d/keyboard/casebody/thumb/ThumbBorders;Lcom/github/grishberg/cad3d/keyboard/casebody/thumb/ThumbWalls;)Ljava/util/List;+24
j  com.github.grishberg.cad3d.KeyboardBuilder$exportStl$1$2.invokeSuspend(Ljava/lang/Object;)Ljava/lang/Object;+104
j  kotlin.coroutines.jvm.internal.BaseContinuationImpl.resumeWith(Ljava/lang/Object;)V+44
j  kotlinx.coroutines.DispatchedTask.run()V+317
j  kotlinx.coroutines.scheduling.CoroutineScheduler.runSafely(Lkotlinx/coroutines/scheduling/Task;)V+2
j  kotlinx.coroutines.scheduling.CoroutineScheduler$Worker.executeTask(Lkotlinx/coroutines/scheduling/Task;)V+30
j  kotlinx.coroutines.scheduling.CoroutineScheduler$Worker.runWorker()V+44
j  kotlinx.coroutines.scheduling.CoroutineScheduler$Worker.run()V+1
v  ~StubRoutines::call_stub

siginfo: si_signo: 11 (SIGSEGV), si_code: 1 (SEGV_MAPERR), si_addr: 0x0000741ee588fe0a

Registers:
RAX=0x0000741a55935d28, RBX=0x00007419a403aa00, RCX=0x0000000000000000, RDX=0x0000000000000000
RSP=0x0000741a54ffd948, RBP=0x0000741a54ffd980, RSI=0x00007419a403aa00, RDI=0x0000741ee588fdfa
R8 =0x00007419a403aa00, R9 =0x0000000000000000, R10=0x0000741aa4dd426f, R11=0x0000741a9d372160
R12=0x0000741ee588fdfa, R13=0x00007419a40a4c10, R14=0x0000741a54ffd980, R15=0x0000741a5574edb0
RIP=0x0000741abca9fff4, EFLAGS=0x0000000000010246, CSGSFS=0x002b000000000033, ERR=0x0000000000000004
  TRAPNO=0x000000000000000e

XMM[0]=0x00007419a40a4c00 0x00007419a40a4c10
XMM[1]=0x0000000000000000 0x0000000000000000
XMM[2]=0x0000000000000000 0x3f1a36e2eb1c432d
XMM[3]=0x0000000000000000 0x3ff0000000000000
XMM[4]=0x0000000000000000 0x0000000000000000
XMM[5]=0x0000000000000000 0x3ff0000000000000
XMM[6]=0x0000000000000000 0x40477c23087a6128
XMM[7]=0x0000000000000000 0x40477c23087a6128
XMM[8]=0x0000000000000000 0x0000000000000000
XMM[9]=0x0000000000000000 0x0000000000000000
XMM[10]=0x0000000000000000 0xc021334a2aee9cea
XMM[11]=0x0000000000000000 0x0000000000000000
XMM[12]=0x0000000000000000 0x0000000000000000
XMM[13]=0x0000000000000000 0x0000000000000000
XMM[14]=0x0000000000000000 0x0000000000000000
XMM[15]=0x0000000000000000 0x3ff0000000000000
  MXCSR=0x00001fa4


Register to memory mapping:

RAX=0x0000741a55935d28: _ZTVN8manifold9CsgOpNodeE+0x0000000000000010 in /tmp/manifold3d10772363740250260794/libmanifold.so.3 at 0x0000741a55600000
RBX=0x00007419a403aa00 points into unknown readable memory: 0x0000741ee588fdfa | fa fd 88 e5 1e 74 00 00
RCX=0x0 is NULL
RDX=0x0 is NULL
RSP=0x0000741a54ffd948 is pointing into the stack for thread: 0x00007419ac05b140
RBP=0x0000741a54ffd980 is pointing into the stack for thread: 0x00007419ac05b140
RSI=0x00007419a403aa00 points into unknown readable memory: 0x0000741ee588fdfa | fa fd 88 e5 1e 74 00 00
RDI=0x0000741ee588fdfa is an unknown value
R8 =0x00007419a403aa00 points into unknown readable memory: 0x0000741ee588fdfa | fa fd 88 e5 1e 74 00 00
R9 =0x0 is NULL
R10=0x0000741aa4dd426f is at entry_point+79 in (nmethod*)0x0000741aa4dd4090
Compiled method (n/a) 273  799     n 0       com.cadoodlecad.manifold.ManifoldBindings::jniUnion (native)
 total in heap  [0x0000741aa4dd4090,0x0000741aa4dd4410] = 896
 relocation     [0x0000741aa4dd41f0,0x0000741aa4dd4220] = 48
 main code      [0x0000741aa4dd4220,0x0000741aa4dd4408] = 488
 oops           [0x0000741aa4dd4408,0x0000741aa4dd4410] = 8
0x0000741aa4dd424f:   4c 8b c1 48 8b ca 48 8b d6 49 be 48 03 02 f5 00
0x0000741aa4dd425f:   00 00 00 4c 89 74 24 30 4c 8d 74 24 30 49 8b f6
0x0000741aa4dd426f:   c5 f8 77 
R11=0x0000741a9d372160 is at entry_point+32 in (nmethod*)0x0000741a9d371f90
Compiled method (c1) 273  820       3       eu.printingin3d.javascad.manifold.Manifold3dEngine::unionNative (8 bytes)
 total in heap  [0x0000741a9d371f90,0x0000741a9d372300] = 880
 relocation     [0x0000741a9d3720f0,0x0000741a9d372128] = 56
 main code      [0x0000741a9d372140,0x0000741a9d372240] = 256
 stub code      [0x0000741a9d372240,0x0000741a9d372280] = 64
 oops           [0x0000741a9d372280,0x0000741a9d372288] = 8
 metadata       [0x0000741a9d372288,0x0000741a9d372290] = 8
 scopes data    [0x0000741a9d372290,0x0000741a9d3722b8] = 40
 scopes pcs     [0x0000741a9d3722b8,0x0000741a9d3722f8] = 64
 dependencies   [0x0000741a9d3722f8,0x0000741a9d372300] = 8
0x0000741a9d372160:   89 84 24 00 c0 fe ff 55 48 83 ec 40 
R12=0x0000741ee588fdfa is an unknown value
R13=0x00007419a40a4c10 points into unknown readable memory: 0x0000741a55935d28 | 28 5d 93 55 1a 74 00 00
R14=0x0000741a54ffd980 is pointing into the stack for thread: 0x00007419ac05b140
R15=0x0000741a5574edb0: _ZN8manifold9CsgOpNode7BooleanERKSt10shared_ptrINS_7CsgNodeEENS_6OpTypeE+0x0000000000000000 in /tmp/manifold3d10772363740250260794/libmanifold.so.3 at 0x0000741a55600000


Top of Stack: (sp=0x0000741a54ffd948)
0x0000741a54ffd948:   0000741a557e45d9 0000741a54ffda10
0x0000741a54ffd958:   0000000000000000 00007419a403aa00
0x0000741a54ffd968:   0000741a557e61ee 00007419a40a4c10
0x0000741a54ffd978:   00007419a40a4c00 0000741a54ffd9d0
0x0000741a54ffd988:   0000741aa4dd28dc 0000741a54ffd978
0x0000741a54ffd998:   00007419a4050000 0000000000000000
0x0000741a54ffd9a8:   0205a068fc333a00 0000000000000002
0x0000741a54ffd9b8:   0000741a54ffda10 0000741a54ffda10
0x0000741a54ffd9c8:   00007419a403aa00 0000741a54ffdc38
0x0000741a54ffd9d8:   0000741a54ffdae0 00007419ac05b140
0x0000741a54ffd9e8:   0000741a557e6443 0000741aa4668260
0x0000741a54ffd9f8:   0205a068fc333a00 00007419a403aa00
0x0000741a54ffda08:   0000741ab8b9f2f6 00007419f3409ea3
0x0000741a54ffda18:   00007419a403aa00 0000000000000009
0x0000741a54ffda28:   00000000f50184d8 00000000f5020410
0x0000741a54ffda38:   0000000000000030 0000000000000000
0x0000741a54ffda48:   0205a068fc333a00 0000000000000156
0x0000741a54ffda58:   0000741a54ffdaa0 0000000000000000
0x0000741a54ffda68:   0000741abcc20fbf 0000741a54ffdaa0
0x0000741a54ffda78:   00007419a403aa00 00007419a405cb60
0x0000741a54ffda88:   00007419a403aa00 0000741a54ffdae0
0x0000741a54ffda98:   00007419ac05b3f0 0000741a54ffdaf0
0x0000741a54ffdaa8:   0000741aa4dd42e8 0000000000000007
0x0000741a54ffdab8:   00007419a40008e0 00000000f5020410
0x0000741a54ffdac8:   00007419a403aa00 0000741a54ffdb00
0x0000741a54ffdad8:   00007419a403aa00 00000000f5020348
0x0000741a54ffdae8:   ffffffff5b004002 0000741a54ffdca8
0x0000741a54ffdaf8:   0000741a9d38b3e4 0000741a54ffdca8
0x0000741a54ffdb08:   0000741a9d368e2b 0000741a54ffdc18
0x0000741a54ffdb18:   00000000f5020410 0000000000000000
0x0000741a54ffdb28:   0000000000000138 0000000000000000
0x0000741a54ffdb38:   00007419a405cb60 00007419a403aa00 

Instructions: (pc=0x0000741abca9fff4)
0x0000741abca9fef4:   ff ff ff 83 f8 92 0f 84 68 ff ff ff 8d 50 26 83
0x0000741abca9ff04:   f8 da 72 14 48 b8 09 00 00 08 2c 00 00 00 48 0f
0x0000741abca9ff14:   a3 d0 0f 82 4c ff ff ff 48 8d 3d d5 10 13 00 e8
0x0000741abca9ff24:   18 0b ff ff 83 f8 f5 0f 84 a9 fd ff ff 83 f8 fc
0x0000741abca9ff34:   0f 84 a0 fd ff ff eb e0 0f 1f 40 00 be 80 00 00
0x0000741abca9ff44:   00 48 89 df e8 73 90 ff ff e9 16 ff ff ff 64 48
0x0000741abca9ff54:   c7 04 25 f0 02 00 00 00 00 00 00 b8 23 00 00 00
0x0000741abca9ff64:   e9 97 fa ff ff b8 0b 00 00 00 e9 8d fa ff ff 41
0x0000741abca9ff74:   8b 04 24 83 e0 7f 83 f8 12 74 d3 83 f8 11 0f 85
0x0000741abca9ff84:   2f fd ff ff e9 06 ff ff ff e8 2e 7f 09 00 48 8d
0x0000741abca9ff94:   0d e7 4d 13 00 ba bd 01 00 00 48 8d 35 c0 c4 12
0x0000741abca9ffa4:   00 48 8d 3d 74 11 13 00 e8 3f b3 f9 ff 48 8d 0d
0x0000741abca9ffb4:   c8 4d 13 00 ba c2 01 00 00 48 8d 35 a1 c4 12 00
0x0000741abca9ffc4:   48 8d 3d af c4 12 00 e8 20 b3 f9 ff 48 8d 0d a9
0x0000741abca9ffd4:   4d 13 00 ba 5f 02 00 00 48 8d 35 82 c4 12 00 48
0x0000741abca9ffe4:   8d 3d a6 c4 12 00 e8 01 b3 f9 ff 90 f3 0f 1e fa
0x0000741abca9fff4:   8b 47 10 89 c2 81 e2 7f 01 00 00 90 83 e0 7c 0f
0x0000741abcaa0004:   85 a7 00 00 00 55 48 89 e5 53 48 83 ec 18 85 d2
0x0000741abcaa0014:   0f 85 9e 00 00 00 44 8b 0d 0f 57 16 00 45 85 c9
0x0000741abcaa0024:   75 5a 8b 77 10 81 e6 80 00 00 00 75 09 80 3d 08
0x0000741abcaa0034:   b0 16 00 00 75 36 31 c0 ba 01 00 00 00 f0 0f b1
0x0000741abcaa0044:   17 0f 85 ad 00 00 00 8b 4f 08 85 c9 0f 85 54 01
0x0000741abcaa0054:   00 00 64 8b 04 25 d0 02 00 00 89 47 08 83 47 0c
0x0000741abcaa0064:   01 90 31 c0 48 8b 5d f8 c9 c3 66 90 44 8b 07 45
0x0000741abcaa0074:   85 c0 75 c2 c7 07 01 00 00 00 eb cb 8b 47 10 f6
0x0000741abcaa0084:   c4 03 74 08 f6 c4 01 74 99 eb 07 90 80 cc 01 89
0x0000741abcaa0094:   47 10 8b 57 10 48 8b 5d f8 48 8d 77 16 c9 81 e2
0x0000741abcaa00a4:   80 00 00 00 e9 a3 88 ff ff 0f 1f 00 e9 5b f8 ff
0x0000741abcaa00b4:   ff 0f 1f 00 81 fa 00 01 00 00 74 d6 8b 57 10 83
0x0000741abcaa00c4:   e2 7f 83 fa 01 0f 85 8e 00 00 00 64 8b 04 25 d0
0x0000741abcaa00d4:   02 00 00 39 47 08 75 2e 8b 47 04 83 f8 ff 0f 84
0x0000741abcaa00e4:   b8 00 00 00 83 c0 01 89 47 04 e9 73 ff ff ff 0f 


Stack slot to memory mapping:
stack at sp + 0 slots: 0x0000741a557e45d9: _ZNK8manifold8Manifold9LoadPNodeEv+0x0000000000000019 in /tmp/manifold3d10772363740250260794/libmanifold.so.3 at 0x0000741a55600000
stack at sp + 1 slots: 0x0000741a54ffda10 is pointing into the stack for thread: 0x00007419ac05b140
stack at sp + 2 slots: 0x0 is NULL
stack at sp + 3 slots: 0x00007419a403aa00 points into unknown readable memory: 0x0000741ee588fdfa | fa fd 88 e5 1e 74 00 00
stack at sp + 4 slots: 0x0000741a557e61ee: _ZNK8manifold8Manifold7BooleanERKS0_NS_6OpTypeE+0x000000000000004e in /tmp/manifold3d10772363740250260794/libmanifold.so.3 at 0x0000741a55600000
stack at sp + 5 slots: 0x00007419a40a4c10 points into unknown readable memory: 0x0000741a55935d28 | 28 5d 93 55 1a 74 00 00
stack at sp + 6 slots: 0x00007419a40a4c00 points into unknown readable memory: 0x0000741a55935e48 | 48 5e 93 55 1a 74 00 00
stack at sp + 7 slots: 0x0000741a54ffd9d0 is pointing into the stack for thread: 0x00007419ac05b140


Compiled method (n/a) 276  799     n 0       com.cadoodlecad.manifold.ManifoldBindings::jniUnion (native)
 total in heap  [0x0000741aa4dd4090,0x0000741aa4dd4410] = 896
 relocation     [0x0000741aa4dd41f0,0x0000741aa4dd4220] = 48
 main code      [0x0000741aa4dd4220,0x0000741aa4dd4408] = 488
 oops           [0x0000741aa4dd4408,0x0000741aa4dd4410] = 8

[Constant Pool (empty)]

[MachCode]
[Entry Point]
  # {method} {0x00007419f3413880} 'jniUnion' '(JJJ)J' in 'com/cadoodlecad/manifold/ManifoldBindings'
  # parm0:    rsi:rsi   = long
  # parm1:    rdx:rdx   = long
  # parm2:    rcx:rcx   = long
  #           [sp+0x50]  (sp of caller)
  0x0000741aa4dd4220: 448b 5608 | 49bb 0000 | 00f7 1974 | 0000 4d03 | d349 3bc2 | 0f84 0600 

  0x0000741aa4dd4238: ;   {runtime_call ic_miss_stub}
  0x0000741aa4dd4238: 0000 e941 | bb8d ff90 
[Verified Entry Point]
  0x0000741aa4dd4240: 8984 2400 | c0fe ff55 | 488b ec48 | 83ec 404c | 8bc1 488b | ca48 8bd6 

  0x0000741aa4dd4258: ;   {oop(a 'java/lang/Class'{0x00000000f5020348} = 'com/cadoodlecad/manifold/ManifoldBindings')}
  0x0000741aa4dd4258: 49be 4803 | 02f5 0000 | 0000 4c89 | 7424 304c | 8d74 2430 | 498b f6c5 

  0x0000741aa4dd4270: ;   {internal_word}
  0x0000741aa4dd4270: f877 49ba | 6f42 dda4 | 1a74 0000 | 4d89 9798 | 0200 0049 | 89a7 9002 

  0x0000741aa4dd4288: ;   {external_word}
  0x0000741aa4dd4288: 0000 803d | f48e b317 | 000f 843a | 0000 0056 | 5251 4150 

  0x0000741aa4dd429c: ;   {metadata({method} {0x00007419f3413880} 'jniUnion' '(JJJ)J' in 'com/cadoodlecad/manifold/ManifoldBindings')}
  0x0000741aa4dd429c: 48be 8038 | 41f3 1974 | 0000 498b | fff7 c40f | 0000 000f | 8412 0000 | 0048 83ec 

  0x0000741aa4dd42b8: ;   {runtime_call SharedRuntime::dtrace_method_entry(JavaThread*, Method*)}
  0x0000741aa4dd42b8: 08e8 e2e7 | 5017 4883 | c408 e905 

  0x0000741aa4dd42c4: ;   {runtime_call SharedRuntime::dtrace_method_entry(JavaThread*, Method*)}
  0x0000741aa4dd42c4: 0000 00e8 | d4e7 5017 | 4158 595a | 5e49 8dbf | b002 0000 | 41c7 8738 | 0300 0004 

  0x0000741aa4dd42e0: ;   {runtime_call Java_com_cadoodlecad_manifold_ManifoldBindings_jniUnion}
  0x0000741aa4dd42e0: 0000 00e8 | a0cc e417 | c5f8 7741 | c787 3803 | 0000 0500 | 0000 f083 | 4424 c000 | 493b af40 
  0x0000741aa4dd4300: 0300 000f | 8711 0000 | 0041 81bf | 2803 0000 | 0000 0000 | 0f84 2400 | 0000 c5f8 | 7748 8945 
  0x0000741aa4dd4320: f849 8bff | 4c8b e448 | 83ec 0048 

  0x0000741aa4dd432c: ;   {runtime_call JavaThread::check_special_condition_for_native_trans(JavaThread*)}
  0x0000741aa4dd432c: 83e4 f0e8 | 9cac 6917 | 498b e44d | 33e4 488b | 45f8 41c7 | 8738 0300 | 0008 0000 | 0041 81bf 
  0x0000741aa4dd434c: a803 0000 | 0200 0000 | 0f84 8400 

  0x0000741aa4dd4358: ;   {external_word}
  0x0000741aa4dd4358: 0000 803d | 248e b317 | 000f 8438 | 0000 0048 

  0x0000741aa4dd4368: ;   {metadata({method} {0x00007419f3413880} 'jniUnion' '(JJJ)J' in 'com/cadoodlecad/manifold/ManifoldBindings')}
  0x0000741aa4dd4368: 8945 f848 | be80 3841 | f319 7400 | 0049 8bff | f7c4 0f00 | 0000 0f84 | 1200 0000 | 4883 ec08 
  0x0000741aa4dd4388: ;   {runtime_call SharedRuntime::dtrace_method_exit(JavaThread*, Method*)}
  0x0000741aa4dd4388: e8c3 e750 | 1748 83c4 | 08e9 0500 

  0x0000741aa4dd4394: ;   {runtime_call SharedRuntime::dtrace_method_exit(JavaThread*, Method*)}
  0x0000741aa4dd4394: 0000 e8b5 | e750 1748 | 8b45 f849 | c787 9002 | 0000 0000 | 0000 49c7 | 8798 0200 | 0000 0000 
  0x0000741aa4dd43b4: 00c5 f877 | 498b 8fd8 | 0000 00c7 | 8100 0100 | 0000 0000 | 00c9 4981 | 7f08 0000 | 0000 0f85 
  0x0000741aa4dd43d4: 0100 0000 

  0x0000741aa4dd43d8: ;   {runtime_call StubRoutines (1)}
  0x0000741aa4dd43d8: c3e9 22b8 | 88ff c5f8 | 7748 8945 | f84c 8be4 | 4883 ec00 | 4883 e4f0 

  0x0000741aa4dd43f0: ;   {runtime_call SharedRuntime::reguard_yellow_pages()}
  0x0000741aa4dd43f0: e8cb f550 | 1749 8be4 | 4d33 e448 | 8b45 f8e9 | 56ff ffff | f4f4 f4f4 
[/MachCode]


Compiled method (c1) 282  869       3       com.cadoodlecad.manifold.ManifoldBindings::union (13 bytes)
 total in heap  [0x0000741a9d38b190,0x0000741a9d38b560] = 976
 relocation     [0x0000741a9d38b2f0,0x0000741a9d38b338] = 72
 main code      [0x0000741a9d38b340,0x0000741a9d38b460] = 288
 stub code      [0x0000741a9d38b460,0x0000741a9d38b4b0] = 80
 oops           [0x0000741a9d38b4b0,0x0000741a9d38b4b8] = 8
 metadata       [0x0000741a9d38b4b8,0x0000741a9d38b4c0] = 8
 scopes data    [0x0000741a9d38b4c0,0x0000741a9d38b508] = 72
 scopes pcs     [0x0000741a9d38b508,0x0000741a9d38b558] = 80
 dependencies   [0x0000741a9d38b558,0x0000741a9d38b560] = 8

[Constant Pool (empty)]

[MachCode]
[Entry Point]
  # {method} {0x00007419f3417908} 'union' '(JJ)J' in 'com/cadoodlecad/manifold/ManifoldBindings'
  # this:     rsi:rsi   = 'com/cadoodlecad/manifold/ManifoldBindings'
  # parm0:    rdx:rdx   = long
  # parm1:    rcx:rcx   = long
  #           [sp+0x60]  (sp of caller)
  0x0000741a9d38b340: 448b 5608 | 49bb 0000 | 00f7 1974 | 0000 4d03 | d34c 3bd0 

  0x0000741a9d38b354: ;   {runtime_call ic_miss_stub}
  0x0000741a9d38b354: 0f85 264a | 3207 660f | 1f44 0000 
[Verified Entry Point]
  0x0000741a9d38b360: 8984 2400 | c0fe ff55 | 4883 ec50 

  0x0000741a9d38b36c: ;   {metadata(method data for {method} {0x00007419f3417908} 'union' '(JJ)J' in 'com/cadoodlecad/manifold/ManifoldBindings')}
  0x0000741a9d38b36c: 48bf c02e | 6bf3 1974 | 0000 8b9f | f400 0000 | 83c3 0289 | 9ff4 0000 | 0081 e3fe | 0700 0083 
  0x0000741a9d38b38c: fb00 0f84 | 6300 0000 | 4889 4c24 | 4048 8954 

  0x0000741a9d38b39c: ;   {metadata(method data for {method} {0x00007419f3417908} 'union' '(JJ)J' in 'com/cadoodlecad/manifold/ManifoldBindings')}
  0x0000741a9d38b39c: 2438 48be | c02e 6bf3 | 1974 0000 | 4883 8638 | 0100 0001 | 0f1f 8000 

  0x0000741a9d38b3b4: ;   {static_call}
  0x0000741a9d38b3b4: 0000 00e8 

  0x0000741a9d38b3b8: ; ImmutableOopMap {}
                      ;*invokestatic jniAllocManifold {reexecute=0 rethrow=0 return_oop=0}
                      ; - com.cadoodlecad.manifold.ManifoldBindings::union@0 (line 433)
  0x0000741a9d38b3b8: 0471 a407 

  0x0000741a9d38b3bc: ;   {metadata(method data for {method} {0x00007419f3417908} 'union' '(JJ)J' in 'com/cadoodlecad/manifold/ManifoldBindings')}
  0x0000741a9d38b3bc: 48be c02e | 6bf3 1974 | 0000 4883 | 8648 0100 | 0001 488b | f048 8b54 | 2438 488b | 4c24 400f 
  0x0000741a9d38b3dc: ;   {static_call}
  0x0000741a9d38b3dc: 1f40 00e8 

  0x0000741a9d38b3e0: ; ImmutableOopMap {}
                      ;*invokestatic jniUnion {reexecute=0 rethrow=0 return_oop=0}
                      ; - com.cadoodlecad.manifold.ManifoldBindings::union@9 (line 434)
  0x0000741a9d38b3e0: 5c8e a407 | 4883 c450 

  0x0000741a9d38b3e8: ;   {poll_return}
  0x0000741a9d38b3e8: 5d49 3ba7 | 4003 0000 | 0f87 2200 

  0x0000741a9d38b3f4: ;   {metadata({method} {0x00007419f3417908} 'union' '(JJ)J' in 'com/cadoodlecad/manifold/ManifoldBindings')}
  0x0000741a9d38b3f4: 0000 c349 | ba08 7941 | f319 7400 | 004c 8954 | 2408 48c7 | 0424 ffff 

  0x0000741a9d38b40c: ;   {runtime_call counter_overflow Runtime1 stub}
  0x0000741a9d38b40c: ffff e86d 

  0x0000741a9d38b410: ; ImmutableOopMap {rsi=Oop }
                      ;*synchronization entry
                      ; - com.cadoodlecad.manifold.ManifoldBindings::union@-1 (line 433)
  0x0000741a9d38b410: c13c 07e9 | 7cff ffff 

  0x0000741a9d38b418: ;   {internal_word}
  0x0000741a9d38b418: 49ba e9b3 | 389d 1a74 | 0000 4d89 | 9758 0300 

  0x0000741a9d38b428: ;   {runtime_call SafepointBlob}
  0x0000741a9d38b428: 00e9 d2b2 | 3207 9090 | 498b 87d0 | 0300 0049 | c787 d003 | 0000 0000 | 0000 49c7 | 87d8 0300 
  0x0000741a9d38b448: 0000 0000 | 0048 83c4 

  0x0000741a9d38b450: ;   {runtime_call unwind_exception Runtime1 stub}
  0x0000741a9d38b450: 505d e929 | 5b3c 07f4 | f4f4 f4f4 | f4f4 f4f4 
[Stub Code]
  0x0000741a9d38b460: ;   {no_reloc}
  0x0000741a9d38b460: 0f1f 4400 

  0x0000741a9d38b464: ;   {static_stub}
  0x0000741a9d38b464: 0048 bb00 | 0000 0000 

  0x0000741a9d38b46c: ;   {runtime_call}
  0x0000741a9d38b46c: 0000 00e9 | fbff ffff 

  0x0000741a9d38b474: ;   {static_stub}
  0x0000741a9d38b474: 9048 bb00 | 0000 0000 

  0x0000741a9d38b47c: ;   {runtime_call}
  0x0000741a9d38b47c: 0000 00e9 | fbff ffff 
[Exception Handler]
  0x0000741a9d38b484: ;   {runtime_call handle_exception_from_callee Runtime1 stub}
  0x0000741a9d38b484: e8f7 8a3c 

  0x0000741a9d38b488: ;   {external_word}
  0x0000741a9d38b488: 0748 bf52 | 5759 bc1a | 7400 0048 

  0x0000741a9d38b494: ;   {runtime_call MacroAssembler::debug64(char*, long, long*)}
  0x0000741a9d38b494: 83e4 f0e8 | d4f6 d71e 

  0x0000741a9d38b49c: ;   {section_word}
  0x0000741a9d38b49c: f449 ba9d | b438 9d1a | 7400 0041 

  0x0000741a9d38b4a8: ;   {runtime_call DeoptimizationBlob}
  0x0000741a9d38b4a8: 52e9 f2a4 | 3207 f4f4 
[/MachCode]


Compiled method (c1) 284  819   !   3       eu.printingin3d.javascad.manifold.Manifold3dEngine::operateNative (113 bytes)
 total in heap  [0x0000741a9d371410,0x0000741a9d371f08] = 2808
 relocation     [0x0000741a9d371570,0x0000741a9d371628] = 184
 main code      [0x0000741a9d371640,0x0000741a9d371ae0] = 1184
 stub code      [0x0000741a9d371ae0,0x0000741a9d371b70] = 144
 oops           [0x0000741a9d371b70,0x0000741a9d371b80] = 16
 metadata       [0x0000741a9d371b80,0x0000741a9d371b90] = 16
 scopes data    [0x0000741a9d371b90,0x0000741a9d371c80] = 240
 scopes pcs     [0x0000741a9d371c80,0x0000741a9d371da0] = 288
 dependencies   [0x0000741a9d371da0,0x0000741a9d371da8] = 8
 handler table  [0x0000741a9d371da8,0x0000741a9d371ee0] = 312
 nul chk table  [0x0000741a9d371ee0,0x0000741a9d371f08] = 40

[Constant Pool (empty)]

[MachCode]
[Entry Point]
  # {method} {0x00007419f340b740} 'operateNative' '(JJI)J' in 'eu/printingin3d/javascad/manifold/Manifold3dEngine'
  # this:     rsi:rsi   = 'eu/printingin3d/javascad/manifold/Manifold3dEngine'
  # parm0:    rdx:rdx   = long
  # parm1:    rcx:rcx   = long
  # parm2:    r8        = int
  #           [sp+0x80]  (sp of caller)
  0x0000741a9d371640: 448b 5608 | 49bb 0000 | 00f7 1974 | 0000 4d03 | d34c 3bd0 

  0x0000741a9d371654: ;   {runtime_call ic_miss_stub}
  0x0000741a9d371654: 0f85 26e7 | 3307 660f | 1f44 0000 
[Verified Entry Point]
  0x0000741a9d371660: 8984 2400 | c0fe ff55 | 4883 ec70 

  0x0000741a9d37166c: ;   {metadata(method data for {method} {0x00007419f340b740} 'operateNative' '(JJI)J' in 'eu/printingin3d/javascad/manifold/Manifold3dEngine')}
  0x0000741a9d37166c: 48b8 882b | 6bf3 1974 | 0000 8bb8 | f400 0000 | 83c7 0289 | b8f4 0000 | 0081 e7fe | 0700 0083 
  0x0000741a9d37168c: ff00 0f84 | 4d03 0000 

  0x0000741a9d371694: ;   {oop(a 'java/lang/Object'{0x00000000f50184d8})}
  0x0000741a9d371694: 48be d884 | 01f5 0000 | 0000 488d | 7c24 5048 | 8977 0848 | 8b06 4883 | c801 4889 | 07f0 480f 
  0x0000741a9d3716b4: b13e 0f84 | 1300 0000 | 482b c448 | 81e0 07f0 | ffff 4889 | 070f 8538 | 0300 0044 | 8944 2430 
  0x0000741a9d3716d4: 4889 4c24 | 4048 8954 

  0x0000741a9d3716dc: ;   {oop(a 'eu/printingin3d/javascad/manifold/Manifold3dEngine'{0x00000000f50203c8})}
  0x0000741a9d3716dc: 2438 48be | c803 02f5 | 0000 0000 

  0x0000741a9d3716e8: ;   {metadata(method data for {method} {0x00007419f340b740} 'operateNative' '(JJI)J' in 'eu/printingin3d/javascad/manifold/Manifold3dEngine')}
  0x0000741a9d3716e8: 488b fe48 | bb88 2b6b | f319 7400 | 0048 8383 | 3801 0000 

  0x0000741a9d3716fc: ;   {optimized virtual_call}
  0x0000741a9d3716fc: 0166 90e8 

  0x0000741a9d371700: ; ImmutableOopMap {[88]=Oop }
                      ;*invokespecial getBindings {reexecute=0 rethrow=0 return_oop=0}
                      ; - eu.printingin3d.javascad.manifold.Manifold3dEngine::operateNative@15 (line 222)
  0x0000741a9d371700: bc92 feff 

  0x0000741a9d371704: ;   {metadata(method data for {method} {0x00007419f340b740} 'operateNative' '(JJI)J' in 'eu/printingin3d/javascad/manifold/Manifold3dEngine')}
  0x0000741a9d371704: 48ba 882b | 6bf3 1974 | 0000 48c7 | c150 0100 | 0044 8b44 | 2430 4183 | f800 488b | f148 c7c1 
  0x0000741a9d371724: 6001 0000 | 480f 45ce | 4183 f801 | 488b f148 | c7c1 7001 | 0000 480f | 45ce 4183 | f802 488b 
  0x0000741a9d371744: f148 c7c1 | 8001 0000 | 480f 45ce | 488b 340a | 49c7 c201 | 0000 0049 | 03f2 4889 | 340a 4183 
  0x0000741a9d371764: f800 0f84 | b500 0000 | 4183 f801 | 0f84 5b00 | 0000 4183 | f802 0f85 | 3f01 0000 

  0x0000741a9d371780: ; implicit exception: dispatches to 0x0000741a9d371a1a
  0x0000741a9d371780: 483b 0048 

  0x0000741a9d371784: ;   {metadata(method data for {method} {0x00007419f340b740} 'operateNative' '(JJI)J' in 'eu/printingin3d/javascad/manifold/Manifold3dEngine')}
  0x0000741a9d371784: 8bd0 48b9 | 882b 6bf3 | 1974 0000 

  0x0000741a9d371790: ;   {metadata('com/cadoodlecad/manifold/ManifoldBindings')}
  0x0000741a9d371790: 49ba 0020 | 00f8 1974 | 0000 4c89 | 9148 0200 | 0048 8381 | 5002 0000 | 0148 8b54 | 2438 488b 
  0x0000741a9d3717b0: 4c24 4048 

  0x0000741a9d3717b4: ;   {optimized virtual_call}
  0x0000741a9d3717b4: 8bf0 90e8 

  0x0000741a9d3717b8: ; ImmutableOopMap {[88]=Oop }
                      ;*invokevirtual intersection {reexecute=0 rethrow=0 return_oop=0}
                      ; - eu.printingin3d.javascad.manifold.Manifold3dEngine::operateNative@72 (line 226)
  0x0000741a9d3717b8: c4e8 3307 

  0x0000741a9d3717bc: ;   {metadata(method data for {method} {0x00007419f340b740} 'operateNative' '(JJI)J' in 'eu/printingin3d/javascad/manifold/Manifold3dEngine')}
  0x0000741a9d3717bc: 48ba 882b | 6bf3 1974 | 0000 ff82 | 7002 0000 | e99b 0000 | 0048 3b00 

  0x0000741a9d3717d4: ;   {metadata(method data for {method} {0x00007419f340b740} 'operateNative' '(JJI)J' in 'eu/printingin3d/javascad/manifold/Manifold3dEngine')}
  0x0000741a9d3717d4: 488b d048 | b988 2b6b | f319 7400 

  0x0000741a9d3717e0: ;   {metadata('com/cadoodlecad/manifold/ManifoldBindings')}
  0x0000741a9d3717e0: 0049 ba00 | 2000 f819 | 7400 004c | 8991 f801 | 0000 4883 | 8100 0200 | 0001 488b | 5424 3848 
  0x0000741a9d371800: 8b4c 2440 

  0x0000741a9d371804: ;   {optimized virtual_call}
  0x0000741a9d371804: 488b f0e8 

  0x0000741a9d371808: ; ImmutableOopMap {[88]=Oop }
                      ;*invokevirtual difference {reexecute=0 rethrow=0 return_oop=0}
                      ; - eu.printingin3d.javascad.manifold.Manifold3dEngine::operateNative@62 (line 225)
  0x0000741a9d371808: f902 0000 

  0x0000741a9d37180c: ;   {metadata(method data for {method} {0x00007419f340b740} 'operateNative' '(JJI)J' in 'eu/printingin3d/javascad/manifold/Manifold3dEngine')}
  0x0000741a9d37180c: 48ba 882b | 6bf3 1974 | 0000 ff82 | 2002 0000 | e94b 0000 | 0048 8b4c | 2440 488b | 5424 3848 
  0x0000741a9d37182c: 3b00 488b 

  0x0000741a9d371830: ;   {metadata(method data for {method} {0x00007419f340b740} 'operateNative' '(JJI)J' in 'eu/printingin3d/javascad/manifold/Manifold3dEngine')}
  0x0000741a9d371830: f048 bf88 | 2b6b f319 

  0x0000741a9d371838: ;   {metadata('com/cadoodlecad/manifold/ManifoldBindings')}
  0x0000741a9d371838: 7400 0049 | ba00 2000 | f819 7400 | 004c 8997 | a801 0000 | 4883 87b0 | 0100 0001 

  0x0000741a9d371854: ;   {optimized virtual_call}
  0x0000741a9d371854: 488b f0e8 

  0x0000741a9d371858: ; ImmutableOopMap {[88]=Oop }
                      ;*invokevirtual union {reexecute=0 rethrow=0 return_oop=0}
                      ; - eu.printingin3d.javascad.manifold.Manifold3dEngine::operateNative@52 (line 224)
  0x0000741a9d371858: 049b 0100 

  0x0000741a9d37185c: ;   {metadata(method data for {method} {0x00007419f340b740} 'operateNative' '(JJI)J' in 'eu/printingin3d/javascad/manifold/Manifold3dEngine')}
  0x0000741a9d37185c: 48ba 882b | 6bf3 1974 | 0000 ff82 | d001 0000 

  0x0000741a9d37186c: ;   {oop(a 'java/lang/Object'{0x00000000f50184d8})}
  0x0000741a9d37186c: 488b f048 | b8d8 8401 | f500 0000 | 0048 8d44 | 2450 488b | 1048 85d2 | 0f84 0f00 | 0000 488b 
  0x0000741a9d37188c: 7808 f048 | 0fb1 170f | 8590 0100 

  0x0000741a9d371898: ;   {metadata(method data for {method} {0x00007419f340b740} 'operateNative' '(JJI)J' in 'eu/printingin3d/javascad/manifold/Manifold3dEngine')}
  0x0000741a9d371898: 0048 b888 | 2b6b f319 | 7400 00ff | 80b8 0200 | 0048 8bc6 | 4883 c470 

  0x0000741a9d3718b0: ;   {poll_return}
  0x0000741a9d3718b0: 5d49 3ba7 | 4003 0000 | 0f87 7e01 | 0000 c390 

  0x0000741a9d3718c0: ;   {no_reloc}
  0x0000741a9d3718c0: e99c 0100 | 0000 0000 | 0000 498b | 8708 0100 | 0048 8d78 | 2849 3bbf | 1801 0000 | 0f87 8901 
  0x0000741a9d3718e0: 0000 4989 | bf08 0100 | 0048 c700 | 0100 0000 | 488b ca49 | ba00 0000 | f719 7400 | 0049 2bca 
  0x0000741a9d371900: 8948 0848 | 33c9 8948 | 0c48 33c9 | 4889 4810 | 4889 4818 | 4889 4820 

  0x0000741a9d371918: ;   {no_reloc}
  0x0000741a9d371918: e96a 0100 | 0090 9090 | 9090 498b | f048 8944 | 2448 0f1f 

  0x0000741a9d37192c: ;   {static_call}
  0x0000741a9d37192c: 4400 00e8 

  0x0000741a9d371930: ; ImmutableOopMap {[72]=Oop [88]=Oop }
                      ;*invokedynamic {reexecute=0 rethrow=0 return_oop=0}
                      ; - eu.printingin3d.javascad.manifold.Manifold3dEngine::operateNative@84 (line 227)
  0x0000741a9d371930: 4ced 3307 

  0x0000741a9d371934: ;   {metadata(method data for {method} {0x00007419f340b740} 'operateNative' '(JJI)J' in 'eu/printingin3d/javascad/manifold/Manifold3dEngine')}
  0x0000741a9d371934: 48ba 882b | 6bf3 1974 | 0000 488d | 9298 0200 | 0048 85c0 | 750e 48f7 | 0201 0000 | 0075 05f0 
  0x0000741a9d371954: 4883 0a01 | 488b 5424 

  0x0000741a9d37195c: ;   {metadata(method data for {method} {0x00007419f340b740} 'operateNative' '(JJI)J' in 'eu/printingin3d/javascad/manifold/Manifold3dEngine')}
  0x0000741a9d37195c: 4848 be88 | 2b6b f319 | 7400 0048 | 8386 a802 | 0000 0148 | 8bd0 488b 

  0x0000741a9d371974: ;   {optimized virtual_call}
  0x0000741a9d371974: 7424 48e8 

  0x0000741a9d371978: ; ImmutableOopMap {[72]=Oop [88]=Oop }
                      ;*invokespecial <init> {reexecute=0 rethrow=0 return_oop=0}
                      ; - eu.printingin3d.javascad.manifold.Manifold3dEngine::operateNative@89 (line 227)
  0x0000741a9d371978: 04e7 3307 | 488b 4424 

  0x0000741a9d371980: ; ImmutableOopMap {[88]=Oop rax=Oop }
                      ;*athrow {reexecute=1 rethrow=0 return_oop=0}
                      ; - (reexecute) eu.printingin3d.javascad.manifold.Manifold3dEngine::operateNative@92 (line 227)
                      ;   {section_word}
  0x0000741a9d371980: 4848 ba81 | 1937 9d1a 

  0x0000741a9d371988: ;   {runtime_call handle_exception_nofpu Runtime1 stub}
  0x0000741a9d371988: 7400 00e8 | f01f 3e07 | 9049 8b87 | d003 0000 | 4d33 d24d | 8997 d003 | 0000 4d33 | d24d 8997 
  0x0000741a9d3719a8: d803 0000 

  0x0000741a9d3719ac: ;   {oop(a 'java/lang/Object'{0x00000000f50184d8})}
  0x0000741a9d3719ac: 488b f048 | b8d8 8401 | f500 0000 | 0048 8d44 | 2450 488b | 3848 85ff | 0f84 0f00 | 0000 488b 
  0x0000741a9d3719cc: 5808 f048 | 0fb1 3b0f | 85b8 0000 | 0048 8bc6 | e9e2 0000 

  0x0000741a9d3719e0: ;   {metadata({method} {0x00007419f340b740} 'operateNative' '(JJI)J' in 'eu/printingin3d/javascad/manifold/Manifold3dEngine')}
  0x0000741a9d3719e0: 0049 ba40 | b740 f319 | 7400 004c | 8954 2408 | 48c7 0424 | ffff ffff 

  0x0000741a9d3719f8: ;   {runtime_call counter_overflow Runtime1 stub}
  0x0000741a9d3719f8: e883 5b3e 

  0x0000741a9d3719fc: ; ImmutableOopMap {rsi=Oop }
                      ;*synchronization entry
                      ; - eu.printingin3d.javascad.manifold.Manifold3dEngine::operateNative@-1 (line 221)
  0x0000741a9d3719fc: 07e9 92fc 

  0x0000741a9d371a00: ;   {runtime_call throw_null_pointer_exception Runtime1 stub}
  0x0000741a9d371a00: ffff e899 

  0x0000741a9d371a04: ; ImmutableOopMap {rsi=Oop }
                      ;*monitorenter {reexecute=0 rethrow=0 return_oop=0}
                      ; - eu.printingin3d.javascad.manifold.Manifold3dEngine::operateNative@7 (line 221)
  0x0000741a9d371a04: fb3d 0748 | 8974 2408 | 4889 3c24 

  0x0000741a9d371a10: ;   {runtime_call monitorenter_nofpu Runtime1 stub}
  0x0000741a9d371a10: e86b 373e 

  0x0000741a9d371a14: ; ImmutableOopMap {rsi=Oop [88]=Oop }
                      ;*monitorenter {reexecute=0 rethrow=0 return_oop=0}
                      ; - eu.printingin3d.javascad.manifold.Manifold3dEngine::operateNative@7 (line 221)
  0x0000741a9d371a14: 07e9 b5fc 

  0x0000741a9d371a18: ;   {runtime_call throw_null_pointer_exception Runtime1 stub}
  0x0000741a9d371a18: ffff e881 

  0x0000741a9d371a1c: ; ImmutableOopMap {rax=Oop [88]=Oop }
                      ;*invokevirtual intersection {reexecute=0 rethrow=0 return_oop=0}
                      ; - eu.printingin3d.javascad.manifold.Manifold3dEngine::operateNative@72 (line 226)
                      ;   {runtime_call throw_null_pointer_exception Runtime1 stub}
  0x0000741a9d371a1c: fb3d 07e8 

  0x0000741a9d371a20: ; ImmutableOopMap {rax=Oop [88]=Oop }
                      ;*invokevirtual difference {reexecute=0 rethrow=0 return_oop=0}
                      ; - eu.printingin3d.javascad.manifold.Manifold3dEngine::operateNative@62 (line 225)
  0x0000741a9d371a20: 7cfb 3d07 

  0x0000741a9d371a24: ;   {runtime_call throw_null_pointer_exception Runtime1 stub}
  0x0000741a9d371a24: e877 fb3d 

  0x0000741a9d371a28: ; ImmutableOopMap {rax=Oop [88]=Oop }
                      ;*invokevirtual union {reexecute=0 rethrow=0 return_oop=0}
                      ; - eu.printingin3d.javascad.manifold.Manifold3dEngine::operateNative@52 (line 224)
  0x0000741a9d371a28: 0748 8d44 | 2450 4889 

  0x0000741a9d371a30: ;   {runtime_call monitorexit_nofpu Runtime1 stub}
  0x0000741a9d371a30: 0424 e849 | 3d3e 07e9 | 5dfe ffff 

  0x0000741a9d371a3c: ;   {internal_word}
  0x0000741a9d371a3c: 49ba b118 | 379d 1a74 | 0000 4d89 | 9758 0300 

  0x0000741a9d371a4c: ;   {runtime_call SafepointBlob}
  0x0000741a9d371a4c: 00e9 ae4c 

  0x0000741a9d371a50: ;   {metadata(NULL)}
  0x0000741a9d371a50: 3407 48ba | 0000 0000 | 0000 0000 | b800 0f05 

  0x0000741a9d371a60: ;   {runtime_call load_klass_patching Runtime1 stub}
  0x0000741a9d371a60: 0ae8 9a47 

  0x0000741a9d371a64: ; ImmutableOopMap {[88]=Oop }
                      ;*new {reexecute=1 rethrow=0 return_oop=0}
                      ; - (reexecute) eu.printingin3d.javascad.manifold.Manifold3dEngine::operateNative@78 (line 227)
  0x0000741a9d371a64: 3e07 e955 | feff ff48 

  0x0000741a9d371a6c: ;   {runtime_call fast_new_instance Runtime1 stub}
  0x0000741a9d371a6c: 8bd2 e80d 

  0x0000741a9d371a70: ; ImmutableOopMap {[88]=Oop }
                      ;*new {reexecute=0 rethrow=0 return_oop=0}
                      ; - eu.printingin3d.javascad.manifold.Manifold3dEngine::operateNative@78 (line 227)
  0x0000741a9d371a70: 043e 07e9 | a0fe ffff | 48ba 0000 | 0000 0000 | 0000 b800 

  0x0000741a9d371a84: ;   {runtime_call load_appendix_patching Runtime1 stub}
  0x0000741a9d371a84: 0f05 0ae8 

  0x0000741a9d371a88: ; ImmutableOopMap {rax=Oop [88]=Oop }
                      ;*invokedynamic {reexecute=1 rethrow=0 return_oop=0}
                      ; - (reexecute) eu.printingin3d.javascad.manifold.Manifold3dEngine::operateNative@84 (line 227)
  0x0000741a9d371a88: 7453 3e07 | e987 feff | ff48 8d44 | 2450 4889 

  0x0000741a9d371a98: ;   {runtime_call monitorexit_nofpu Runtime1 stub}
  0x0000741a9d371a98: 0424 e8e1 | 3c3e 07e9 | 35ff ffff | 9090 498b | 87d0 0300 | 0049 c787 | d003 0000 | 0000 0000 
  0x0000741a9d371ab8: 49c7 87d8 | 0300 0000 | 0000 0048 | 83c4 705d 

  0x0000741a9d371ac8: ;   {runtime_call unwind_exception Runtime1 stub}
  0x0000741a9d371ac8: e9b3 f43d | 07f4 f4f4 | f4f4 f4f4 | f4f4 f4f4 | f4f4 f4f4 | f4f4 f4f4 
[Stub Code]
  0x0000741a9d371ae0: ;   {no_reloc}
  0x0000741a9d371ae0: 0f1f 4400 

  0x0000741a9d371ae4: ;   {static_stub}
  0x0000741a9d371ae4: 0048 bb00 | 0000 0000 

  0x0000741a9d371aec: ;   {runtime_call}
  0x0000741a9d371aec: 0000 00e9 | fbff ffff 

  0x0000741a9d371af4: ;   {static_stub}
  0x0000741a9d371af4: 9048 bb00 | 0000 0000 

  0x0000741a9d371afc: ;   {runtime_call}
  0x0000741a9d371afc: 0000 00e9 | fbff ffff 

  0x0000741a9d371b04: ;   {static_stub}
  0x0000741a9d371b04: 9048 bbd8 | 7941 f319 

  0x0000741a9d371b0c: ;   {runtime_call I2C/C2I adapters}
  0x0000741a9d371b0c: 7400 00e9 | cd84 3307 

  0x0000741a9d371b14: ;   {static_stub}
  0x0000741a9d371b14: 9048 bb08 | 7941 f319 

  0x0000741a9d371b1c: ;   {runtime_call I2C/C2I adapters}
  0x0000741a9d371b1c: 7400 00e9 | bd84 3307 

  0x0000741a9d371b24: ;   {static_stub}
  0x0000741a9d371b24: 9048 bb00 | 0000 0000 

  0x0000741a9d371b2c: ;   {runtime_call}
  0x0000741a9d371b2c: 0000 00e9 | fbff ffff 

  0x0000741a9d371b34: ;   {static_stub}
  0x0000741a9d371b34: 9048 bb00 | 0000 0000 

  0x0000741a9d371b3c: ;   {runtime_call}
  0x0000741a9d371b3c: 0000 00e9 | fbff ffff 
[Exception Handler]
  0x0000741a9d371b44: ;   {runtime_call handle_exception_from_callee Runtime1 stub}
  0x0000741a9d371b44: e837 243e 

  0x0000741a9d371b48: ;   {external_word}
  0x0000741a9d371b48: 0748 bf52 | 5759 bc1a | 7400 0048 

  0x0000741a9d371b54: ;   {runtime_call MacroAssembler::debug64(char*, long, long*)}
  0x0000741a9d371b54: 83e4 f0e8 | 1490 d91e 

  0x0000741a9d371b5c: ;   {section_word}
  0x0000741a9d371b5c: f449 ba5d | 1b37 9d1a | 7400 0041 

  0x0000741a9d371b68: ;   {runtime_call DeoptimizationBlob}
  0x0000741a9d371b68: 52e9 323e | 3407 f4f4 
[/MachCode]


---------------  P R O C E S S  ---------------

Threads class SMR info:
_java_thread_list=0x00007419a0000ce0, length=22, elements={
0x0000741ab402aac0, 0x0000741ab41e9530, 0x0000741ab41ea910, 0x0000741ab41efea0,
0x0000741ab41f1250, 0x0000741ab41f2660, 0x0000741ab41f4090, 0x0000741ab41f55c0,
0x0000741ab41f6a30, 0x0000741ab41fe730, 0x0000741ab4201ec0, 0x00007419d808f4a0,
0x00007419d80e3d60, 0x00007419d80e4eb0, 0x00007419b4055dc0, 0x0000741ab4471e10,
0x0000741ab4472a20, 0x00007419ac05b140, 0x00007419ac04d620, 0x00007419ac026250,
0x00007419ac049c40, 0x00007419a00339c0
}

Java Threads: ( => current thread )
  0x0000741ab402aac0 JavaThread "main" [_thread_blocked, id=76865, stack(0x0000741abb417000,0x0000741abb517000)]
  0x0000741ab41e9530 JavaThread "Reference Handler" daemon [_thread_blocked, id=76872, stack(0x0000741ab8d58000,0x0000741ab8e58000)]
  0x0000741ab41ea910 JavaThread "Finalizer" daemon [_thread_blocked, id=76873, stack(0x0000741ab8c58000,0x0000741ab8d58000)]
  0x0000741ab41efea0 JavaThread "Signal Dispatcher" daemon [_thread_blocked, id=76874, stack(0x0000741ab8500000,0x0000741ab8600000)]
  0x0000741ab41f1250 JavaThread "Service Thread" daemon [_thread_blocked, id=76875, stack(0x0000741ab8400000,0x0000741ab8500000)]
  0x0000741ab41f2660 JavaThread "Monitor Deflation Thread" daemon [_thread_blocked, id=76876, stack(0x0000741ab8300000,0x0000741ab8400000)]
  0x0000741ab41f4090 JavaThread "C2 CompilerThread0" daemon [_thread_blocked, id=76877, stack(0x0000741ab8200000,0x0000741ab8300000)]
  0x0000741ab41f55c0 JavaThread "C1 CompilerThread0" daemon [_thread_blocked, id=76878, stack(0x0000741ab8100000,0x0000741ab8200000)]
  0x0000741ab41f6a30 JavaThread "Sweeper thread" daemon [_thread_blocked, id=76879, stack(0x0000741ab8000000,0x0000741ab8100000)]
  0x0000741ab41fe730 JavaThread "Notification Thread" daemon [_thread_blocked, id=76880, stack(0x0000741ab3f00000,0x0000741ab4000000)]
  0x0000741ab4201ec0 JavaThread "Common-Cleaner" daemon [_thread_blocked, id=76882, stack(0x0000741a55d2f000,0x0000741a55e2f000)]
  0x00007419d808f4a0 JavaThread "C1 CompilerThread1" daemon [_thread_blocked, id=76883, stack(0x0000741a55c2f000,0x0000741a55d2f000)]
  0x00007419d80e3d60 JavaThread "C1 CompilerThread2" daemon [_thread_blocked, id=76884, stack(0x0000741a55b2f000,0x0000741a55c2f000)]
  0x00007419d80e4eb0 JavaThread "C1 CompilerThread3" daemon [_thread_blocked, id=76885, stack(0x0000741a55a2f000,0x0000741a55b2f000)]
  0x00007419b4055dc0 JavaThread "C2 CompilerThread1" daemon [_thread_in_native, id=76886, stack(0x0000741a55500000,0x0000741a55600000)]
  0x0000741ab4471e10 JavaThread "DefaultDispatcher-worker-1" daemon [_thread_blocked, id=76887, stack(0x0000741a55100000,0x0000741a55200000)]
  0x0000741ab4472a20 JavaThread "DefaultDispatcher-worker-2" daemon [_thread_blocked, id=76888, stack(0x0000741a55000000,0x0000741a55100000)]
=>0x00007419ac05b140 JavaThread "DefaultDispatcher-worker-3" daemon [_thread_in_native, id=76889, stack(0x0000741a54f00000,0x0000741a55000000)]
  0x00007419ac04d620 JavaThread "DefaultDispatcher-worker-4" daemon [_thread_blocked, id=76890, stack(0x0000741a54e00000,0x0000741a54f00000)]
  0x00007419ac026250 JavaThread "DefaultDispatcher-worker-5" daemon [_thread_blocked, id=76891, stack(0x0000741a54d00000,0x0000741a54e00000)]
  0x00007419ac049c40 JavaThread "DefaultDispatcher-worker-6" daemon [_thread_blocked, id=76892, stack(0x0000741a54c00000,0x0000741a54d00000)]
  0x00007419a00339c0 JavaThread "Thread-6" daemon [_thread_in_native, id=76908, stack(0x00007419f0af9000,0x00007419f0bf9000)]

Other Threads:
  0x0000741ab41e5560 VMThread "VM Thread" [stack: 0x0000741ab8e59000,0x0000741ab8f59000] [id=76871]
  0x0000741ab4200070 WatcherThread [stack: 0x0000741a55e30000,0x0000741a55f30000] [id=76881]
  0x0000741ab40605c0 GCTaskThread "GC Thread#0" [stack: 0x0000741aba290000,0x0000741aba390000] [id=76866]
  0x0000741a3c0068e0 GCTaskThread "GC Thread#1" [stack: 0x00007419f09f9000,0x00007419f0af9000] [id=76909]
  0x0000741a3c007320 GCTaskThread "GC Thread#2" [stack: 0x00007419f08f8000,0x00007419f09f8000] [id=76910]
  0x0000741a3c007da0 GCTaskThread "GC Thread#3" [stack: 0x00007419f07f7000,0x00007419f08f7000] [id=76911]
  0x0000741a3c008820 GCTaskThread "GC Thread#4" [stack: 0x00007419f06f6000,0x00007419f07f6000] [id=76912]
  0x0000741a3c0092a0 GCTaskThread "GC Thread#5" [stack: 0x00007419f05f5000,0x00007419f06f5000] [id=76913]
  0x0000741a3c009d50 GCTaskThread "GC Thread#6" [stack: 0x00007419f04f4000,0x00007419f05f4000] [id=76914]
  0x0000741a3c00abf0 GCTaskThread "GC Thread#7" [stack: 0x00007419f03f3000,0x00007419f04f3000] [id=76915]
  0x0000741a3c00ba90 GCTaskThread "GC Thread#8" [stack: 0x00007419f02f2000,0x00007419f03f2000] [id=76916]
  0x0000741a3c00c930 GCTaskThread "GC Thread#9" [stack: 0x00007419f01f1000,0x00007419f02f1000] [id=76917]
  0x0000741a3c00d7d0 GCTaskThread "GC Thread#10" [stack: 0x00007419f00f0000,0x00007419f01f0000] [id=76918]
  0x0000741a3c00e670 GCTaskThread "GC Thread#11" [stack: 0x0000741973f00000,0x0000741974000000] [id=76919]
  0x0000741a3c00f510 GCTaskThread "GC Thread#12" [stack: 0x0000741973dff000,0x0000741973eff000] [id=76920]
  0x0000741ab4070bb0 ConcurrentGCThread "G1 Main Marker" [stack: 0x0000741aba18f000,0x0000741aba28f000] [id=76867]
  0x0000741ab4071b20 ConcurrentGCThread "G1 Conc#0" [stack: 0x0000741aba08e000,0x0000741aba18e000] [id=76868]
  0x0000741ab41b26b0 ConcurrentGCThread "G1 Refine#0" [stack: 0x0000741ab9280000,0x0000741ab9380000] [id=76869]
  0x0000741ab41b35b0 ConcurrentGCThread "G1 Service" [stack: 0x0000741ab917f000,0x0000741ab927f000] [id=76870]

Threads with active compile tasks:
C2 CompilerThread1  293  783       4       eu.printingin3d.javascad.coords.Angles3d::rotate (392 bytes)

VM state: not at safepoint (normal execution)

VM Mutex/Monitor currently owned by a thread: None

Heap address: 0x0000000082000000, size: 30688 MB, Compressed Oops mode: Zero based, Oop shift amount: 3

CDS archive(s) mapped at: [0x00007419f7000000-0x00007419f7bca000-0x00007419f7bca000), size 12361728, SharedBaseAddress: 0x00007419f7000000, ArchiveRelocationMode: 1.
Compressed class space mapped at: 0x00007419f8000000-0x0000741a38000000, reserved size: 1073741824
Narrow klass base: 0x00007419f7000000, Narrow klass shift: 0, Narrow klass range: 0x100000000

GC Precious Log:
 CPUs: 16 total, 16 available
 Memory: 121G
 Large Page Support: Disabled
 NUMA Support: Disabled
 Compressed Oops: Enabled (Zero based)
 Heap Region Size: 16M
 Heap Min Capacity: 16M
 Heap Initial Capacity: 1952M
 Heap Max Capacity: 30688M
 Pre-touch: Disabled
 Parallel Workers: 13
 Concurrent Workers: 3
 Concurrent Refinement Workers: 13
 Periodic GC: Disabled

Heap:
 garbage-first heap   total 2031616K, used 50687K [0x0000000082000000, 0x0000000800000000)
  region size 16384K, 4 young (65536K), 1 survivors (16384K)
 Metaspace       used 4875K, committed 5056K, reserved 1114112K
  class space    used 405K, committed 512K, reserved 1048576K

Heap Regions: E=young(eden), S=young(survivor), O=old, HS=humongous(starts), HC=humongous(continues), CS=collection set, F=free, OA=open archive, CA=closed archive, TAMS=top-at-mark-start (previous, next)
|   0|0x0000000082000000, 0x0000000082000000, 0x0000000083000000|  0%| F|  |TAMS 0x0000000082000000, 0x0000000082000000| Untracked 
|   1|0x0000000083000000, 0x0000000083000000, 0x0000000084000000|  0%| F|  |TAMS 0x0000000083000000, 0x0000000083000000| Untracked 
|   2|0x0000000084000000, 0x0000000084000000, 0x0000000085000000|  0%| F|  |TAMS 0x0000000084000000, 0x0000000084000000| Untracked 
|   3|0x0000000085000000, 0x0000000085000000, 0x0000000086000000|  0%| F|  |TAMS 0x0000000085000000, 0x0000000085000000| Untracked 
|   4|0x0000000086000000, 0x0000000086000000, 0x0000000087000000|  0%| F|  |TAMS 0x0000000086000000, 0x0000000086000000| Untracked 
|   5|0x0000000087000000, 0x0000000087000000, 0x0000000088000000|  0%| F|  |TAMS 0x0000000087000000, 0x0000000087000000| Untracked 
|   6|0x0000000088000000, 0x0000000088000000, 0x0000000089000000|  0%| F|  |TAMS 0x0000000088000000, 0x0000000088000000| Untracked 
|   7|0x0000000089000000, 0x0000000089000000, 0x000000008a000000|  0%| F|  |TAMS 0x0000000089000000, 0x0000000089000000| Untracked 
|   8|0x000000008a000000, 0x000000008a000000, 0x000000008b000000|  0%| F|  |TAMS 0x000000008a000000, 0x000000008a000000| Untracked 
|   9|0x000000008b000000, 0x000000008b000000, 0x000000008c000000|  0%| F|  |TAMS 0x000000008b000000, 0x000000008b000000| Untracked 
|  10|0x000000008c000000, 0x000000008c000000, 0x000000008d000000|  0%| F|  |TAMS 0x000000008c000000, 0x000000008c000000| Untracked 
|  11|0x000000008d000000, 0x000000008d000000, 0x000000008e000000|  0%| F|  |TAMS 0x000000008d000000, 0x000000008d000000| Untracked 
|  12|0x000000008e000000, 0x000000008e000000, 0x000000008f000000|  0%| F|  |TAMS 0x000000008e000000, 0x000000008e000000| Untracked 
|  13|0x000000008f000000, 0x000000008f000000, 0x0000000090000000|  0%| F|  |TAMS 0x000000008f000000, 0x000000008f000000| Untracked 
|  14|0x0000000090000000, 0x0000000090000000, 0x0000000091000000|  0%| F|  |TAMS 0x0000000090000000, 0x0000000090000000| Untracked 
|  15|0x0000000091000000, 0x0000000091000000, 0x0000000092000000|  0%| F|  |TAMS 0x0000000091000000, 0x0000000091000000| Untracked 
|  16|0x0000000092000000, 0x0000000092000000, 0x0000000093000000|  0%| F|  |TAMS 0x0000000092000000, 0x0000000092000000| Untracked 
|  17|0x0000000093000000, 0x0000000093000000, 0x0000000094000000|  0%| F|  |TAMS 0x0000000093000000, 0x0000000093000000| Untracked 
|  18|0x0000000094000000, 0x0000000094000000, 0x0000000095000000|  0%| F|  |TAMS 0x0000000094000000, 0x0000000094000000| Untracked 
|  19|0x0000000095000000, 0x0000000095000000, 0x0000000096000000|  0%| F|  |TAMS 0x0000000095000000, 0x0000000095000000| Untracked 
|  20|0x0000000096000000, 0x0000000096000000, 0x0000000097000000|  0%| F|  |TAMS 0x0000000096000000, 0x0000000096000000| Untracked 
|  21|0x0000000097000000, 0x0000000097000000, 0x0000000098000000|  0%| F|  |TAMS 0x0000000097000000, 0x0000000097000000| Untracked 
|  22|0x0000000098000000, 0x0000000098000000, 0x0000000099000000|  0%| F|  |TAMS 0x0000000098000000, 0x0000000098000000| Untracked 
|  23|0x0000000099000000, 0x0000000099000000, 0x000000009a000000|  0%| F|  |TAMS 0x0000000099000000, 0x0000000099000000| Untracked 
|  24|0x000000009a000000, 0x000000009a000000, 0x000000009b000000|  0%| F|  |TAMS 0x000000009a000000, 0x000000009a000000| Untracked 
|  25|0x000000009b000000, 0x000000009b000000, 0x000000009c000000|  0%| F|  |TAMS 0x000000009b000000, 0x000000009b000000| Untracked 
|  26|0x000000009c000000, 0x000000009c000000, 0x000000009d000000|  0%| F|  |TAMS 0x000000009c000000, 0x000000009c000000| Untracked 
|  27|0x000000009d000000, 0x000000009d000000, 0x000000009e000000|  0%| F|  |TAMS 0x000000009d000000, 0x000000009d000000| Untracked 
|  28|0x000000009e000000, 0x000000009e000000, 0x000000009f000000|  0%| F|  |TAMS 0x000000009e000000, 0x000000009e000000| Untracked 
|  29|0x000000009f000000, 0x000000009f000000, 0x00000000a0000000|  0%| F|  |TAMS 0x000000009f000000, 0x000000009f000000| Untracked 
|  30|0x00000000a0000000, 0x00000000a0000000, 0x00000000a1000000|  0%| F|  |TAMS 0x00000000a0000000, 0x00000000a0000000| Untracked 
|  31|0x00000000a1000000, 0x00000000a1000000, 0x00000000a2000000|  0%| F|  |TAMS 0x00000000a1000000, 0x00000000a1000000| Untracked 
|  32|0x00000000a2000000, 0x00000000a2000000, 0x00000000a3000000|  0%| F|  |TAMS 0x00000000a2000000, 0x00000000a2000000| Untracked 
|  33|0x00000000a3000000, 0x00000000a3000000, 0x00000000a4000000|  0%| F|  |TAMS 0x00000000a3000000, 0x00000000a3000000| Untracked 
|  34|0x00000000a4000000, 0x00000000a4000000, 0x00000000a5000000|  0%| F|  |TAMS 0x00000000a4000000, 0x00000000a4000000| Untracked 
|  35|0x00000000a5000000, 0x00000000a5000000, 0x00000000a6000000|  0%| F|  |TAMS 0x00000000a5000000, 0x00000000a5000000| Untracked 
|  36|0x00000000a6000000, 0x00000000a6000000, 0x00000000a7000000|  0%| F|  |TAMS 0x00000000a6000000, 0x00000000a6000000| Untracked 
|  37|0x00000000a7000000, 0x00000000a7000000, 0x00000000a8000000|  0%| F|  |TAMS 0x00000000a7000000, 0x00000000a7000000| Untracked 
|  38|0x00000000a8000000, 0x00000000a8000000, 0x00000000a9000000|  0%| F|  |TAMS 0x00000000a8000000, 0x00000000a8000000| Untracked 
|  39|0x00000000a9000000, 0x00000000a9000000, 0x00000000aa000000|  0%| F|  |TAMS 0x00000000a9000000, 0x00000000a9000000| Untracked 
|  40|0x00000000aa000000, 0x00000000aa000000, 0x00000000ab000000|  0%| F|  |TAMS 0x00000000aa000000, 0x00000000aa000000| Untracked 
|  41|0x00000000ab000000, 0x00000000ab000000, 0x00000000ac000000|  0%| F|  |TAMS 0x00000000ab000000, 0x00000000ab000000| Untracked 
|  42|0x00000000ac000000, 0x00000000ac000000, 0x00000000ad000000|  0%| F|  |TAMS 0x00000000ac000000, 0x00000000ac000000| Untracked 
|  43|0x00000000ad000000, 0x00000000ad000000, 0x00000000ae000000|  0%| F|  |TAMS 0x00000000ad000000, 0x00000000ad000000| Untracked 
|  44|0x00000000ae000000, 0x00000000ae000000, 0x00000000af000000|  0%| F|  |TAMS 0x00000000ae000000, 0x00000000ae000000| Untracked 
|  45|0x00000000af000000, 0x00000000af000000, 0x00000000b0000000|  0%| F|  |TAMS 0x00000000af000000, 0x00000000af000000| Untracked 
|  46|0x00000000b0000000, 0x00000000b0000000, 0x00000000b1000000|  0%| F|  |TAMS 0x00000000b0000000, 0x00000000b0000000| Untracked 
|  47|0x00000000b1000000, 0x00000000b1000000, 0x00000000b2000000|  0%| F|  |TAMS 0x00000000b1000000, 0x00000000b1000000| Untracked 
|  48|0x00000000b2000000, 0x00000000b2000000, 0x00000000b3000000|  0%| F|  |TAMS 0x00000000b2000000, 0x00000000b2000000| Untracked 
|  49|0x00000000b3000000, 0x00000000b3000000, 0x00000000b4000000|  0%| F|  |TAMS 0x00000000b3000000, 0x00000000b3000000| Untracked 
|  50|0x00000000b4000000, 0x00000000b4000000, 0x00000000b5000000|  0%| F|  |TAMS 0x00000000b4000000, 0x00000000b4000000| Untracked 
|  51|0x00000000b5000000, 0x00000000b5000000, 0x00000000b6000000|  0%| F|  |TAMS 0x00000000b5000000, 0x00000000b5000000| Untracked 
|  52|0x00000000b6000000, 0x00000000b6000000, 0x00000000b7000000|  0%| F|  |TAMS 0x00000000b6000000, 0x00000000b6000000| Untracked 
|  53|0x00000000b7000000, 0x00000000b7000000, 0x00000000b8000000|  0%| F|  |TAMS 0x00000000b7000000, 0x00000000b7000000| Untracked 
|  54|0x00000000b8000000, 0x00000000b8000000, 0x00000000b9000000|  0%| F|  |TAMS 0x00000000b8000000, 0x00000000b8000000| Untracked 
|  55|0x00000000b9000000, 0x00000000b9000000, 0x00000000ba000000|  0%| F|  |TAMS 0x00000000b9000000, 0x00000000b9000000| Untracked 
|  56|0x00000000ba000000, 0x00000000ba000000, 0x00000000bb000000|  0%| F|  |TAMS 0x00000000ba000000, 0x00000000ba000000| Untracked 
|  57|0x00000000bb000000, 0x00000000bb000000, 0x00000000bc000000|  0%| F|  |TAMS 0x00000000bb000000, 0x00000000bb000000| Untracked 
|  58|0x00000000bc000000, 0x00000000bc000000, 0x00000000bd000000|  0%| F|  |TAMS 0x00000000bc000000, 0x00000000bc000000| Untracked 
|  59|0x00000000bd000000, 0x00000000bd000000, 0x00000000be000000|  0%| F|  |TAMS 0x00000000bd000000, 0x00000000bd000000| Untracked 
|  60|0x00000000be000000, 0x00000000be000000, 0x00000000bf000000|  0%| F|  |TAMS 0x00000000be000000, 0x00000000be000000| Untracked 
|  61|0x00000000bf000000, 0x00000000bf000000, 0x00000000c0000000|  0%| F|  |TAMS 0x00000000bf000000, 0x00000000bf000000| Untracked 
|  62|0x00000000c0000000, 0x00000000c0000000, 0x00000000c1000000|  0%| F|  |TAMS 0x00000000c0000000, 0x00000000c0000000| Untracked 
|  63|0x00000000c1000000, 0x00000000c1000000, 0x00000000c2000000|  0%| F|  |TAMS 0x00000000c1000000, 0x00000000c1000000| Untracked 
|  64|0x00000000c2000000, 0x00000000c2000000, 0x00000000c3000000|  0%| F|  |TAMS 0x00000000c2000000, 0x00000000c2000000| Untracked 
|  65|0x00000000c3000000, 0x00000000c3000000, 0x00000000c4000000|  0%| F|  |TAMS 0x00000000c3000000, 0x00000000c3000000| Untracked 
|  66|0x00000000c4000000, 0x00000000c4000000, 0x00000000c5000000|  0%| F|  |TAMS 0x00000000c4000000, 0x00000000c4000000| Untracked 
|  67|0x00000000c5000000, 0x00000000c5000000, 0x00000000c6000000|  0%| F|  |TAMS 0x00000000c5000000, 0x00000000c5000000| Untracked 
|  68|0x00000000c6000000, 0x00000000c6000000, 0x00000000c7000000|  0%| F|  |TAMS 0x00000000c6000000, 0x00000000c6000000| Untracked 
|  69|0x00000000c7000000, 0x00000000c7000000, 0x00000000c8000000|  0%| F|  |TAMS 0x00000000c7000000, 0x00000000c7000000| Untracked 
|  70|0x00000000c8000000, 0x00000000c8000000, 0x00000000c9000000|  0%| F|  |TAMS 0x00000000c8000000, 0x00000000c8000000| Untracked 
|  71|0x00000000c9000000, 0x00000000c9000000, 0x00000000ca000000|  0%| F|  |TAMS 0x00000000c9000000, 0x00000000c9000000| Untracked 
|  72|0x00000000ca000000, 0x00000000ca000000, 0x00000000cb000000|  0%| F|  |TAMS 0x00000000ca000000, 0x00000000ca000000| Untracked 
|  73|0x00000000cb000000, 0x00000000cb000000, 0x00000000cc000000|  0%| F|  |TAMS 0x00000000cb000000, 0x00000000cb000000| Untracked 
|  74|0x00000000cc000000, 0x00000000cc000000, 0x00000000cd000000|  0%| F|  |TAMS 0x00000000cc000000, 0x00000000cc000000| Untracked 
|  75|0x00000000cd000000, 0x00000000cd000000, 0x00000000ce000000|  0%| F|  |TAMS 0x00000000cd000000, 0x00000000cd000000| Untracked 
|  76|0x00000000ce000000, 0x00000000ce000000, 0x00000000cf000000|  0%| F|  |TAMS 0x00000000ce000000, 0x00000000ce000000| Untracked 
|  77|0x00000000cf000000, 0x00000000cf000000, 0x00000000d0000000|  0%| F|  |TAMS 0x00000000cf000000, 0x00000000cf000000| Untracked 
|  78|0x00000000d0000000, 0x00000000d0000000, 0x00000000d1000000|  0%| F|  |TAMS 0x00000000d0000000, 0x00000000d0000000| Untracked 
|  79|0x00000000d1000000, 0x00000000d1000000, 0x00000000d2000000|  0%| F|  |TAMS 0x00000000d1000000, 0x00000000d1000000| Untracked 
|  80|0x00000000d2000000, 0x00000000d2000000, 0x00000000d3000000|  0%| F|  |TAMS 0x00000000d2000000, 0x00000000d2000000| Untracked 
|  81|0x00000000d3000000, 0x00000000d3000000, 0x00000000d4000000|  0%| F|  |TAMS 0x00000000d3000000, 0x00000000d3000000| Untracked 
|  82|0x00000000d4000000, 0x00000000d4000000, 0x00000000d5000000|  0%| F|  |TAMS 0x00000000d4000000, 0x00000000d4000000| Untracked 
|  83|0x00000000d5000000, 0x00000000d5000000, 0x00000000d6000000|  0%| F|  |TAMS 0x00000000d5000000, 0x00000000d5000000| Untracked 
|  84|0x00000000d6000000, 0x00000000d6000000, 0x00000000d7000000|  0%| F|  |TAMS 0x00000000d6000000, 0x00000000d6000000| Untracked 
|  85|0x00000000d7000000, 0x00000000d7000000, 0x00000000d8000000|  0%| F|  |TAMS 0x00000000d7000000, 0x00000000d7000000| Untracked 
|  86|0x00000000d8000000, 0x00000000d8000000, 0x00000000d9000000|  0%| F|  |TAMS 0x00000000d8000000, 0x00000000d8000000| Untracked 
|  87|0x00000000d9000000, 0x00000000d9000000, 0x00000000da000000|  0%| F|  |TAMS 0x00000000d9000000, 0x00000000d9000000| Untracked 
|  88|0x00000000da000000, 0x00000000da000000, 0x00000000db000000|  0%| F|  |TAMS 0x00000000da000000, 0x00000000da000000| Untracked 
|  89|0x00000000db000000, 0x00000000db000000, 0x00000000dc000000|  0%| F|  |TAMS 0x00000000db000000, 0x00000000db000000| Untracked 
|  90|0x00000000dc000000, 0x00000000dc000000, 0x00000000dd000000|  0%| F|  |TAMS 0x00000000dc000000, 0x00000000dc000000| Untracked 
|  91|0x00000000dd000000, 0x00000000dd000000, 0x00000000de000000|  0%| F|  |TAMS 0x00000000dd000000, 0x00000000dd000000| Untracked 
|  92|0x00000000de000000, 0x00000000de000000, 0x00000000df000000|  0%| F|  |TAMS 0x00000000de000000, 0x00000000de000000| Untracked 
|  93|0x00000000df000000, 0x00000000df000000, 0x00000000e0000000|  0%| F|  |TAMS 0x00000000df000000, 0x00000000df000000| Untracked 
|  94|0x00000000e0000000, 0x00000000e0000000, 0x00000000e1000000|  0%| F|  |TAMS 0x00000000e0000000, 0x00000000e0000000| Untracked 
|  95|0x00000000e1000000, 0x00000000e1000000, 0x00000000e2000000|  0%| F|  |TAMS 0x00000000e1000000, 0x00000000e1000000| Untracked 
|  96|0x00000000e2000000, 0x00000000e2000000, 0x00000000e3000000|  0%| F|  |TAMS 0x00000000e2000000, 0x00000000e2000000| Untracked 
|  97|0x00000000e3000000, 0x00000000e3000000, 0x00000000e4000000|  0%| F|  |TAMS 0x00000000e3000000, 0x00000000e3000000| Untracked 
|  98|0x00000000e4000000, 0x00000000e4000000, 0x00000000e5000000|  0%| F|  |TAMS 0x00000000e4000000, 0x00000000e4000000| Untracked 
|  99|0x00000000e5000000, 0x00000000e5000000, 0x00000000e6000000|  0%| F|  |TAMS 0x00000000e5000000, 0x00000000e5000000| Untracked 
| 100|0x00000000e6000000, 0x00000000e6000000, 0x00000000e7000000|  0%| F|  |TAMS 0x00000000e6000000, 0x00000000e6000000| Untracked 
| 101|0x00000000e7000000, 0x00000000e7000000, 0x00000000e8000000|  0%| F|  |TAMS 0x00000000e7000000, 0x00000000e7000000| Untracked 
| 102|0x00000000e8000000, 0x00000000e8000000, 0x00000000e9000000|  0%| F|  |TAMS 0x00000000e8000000, 0x00000000e8000000| Untracked 
| 103|0x00000000e9000000, 0x00000000e9000000, 0x00000000ea000000|  0%| F|  |TAMS 0x00000000e9000000, 0x00000000e9000000| Untracked 
| 104|0x00000000ea000000, 0x00000000ea000000, 0x00000000eb000000|  0%| F|  |TAMS 0x00000000ea000000, 0x00000000ea000000| Untracked 
| 105|0x00000000eb000000, 0x00000000eb000000, 0x00000000ec000000|  0%| F|  |TAMS 0x00000000eb000000, 0x00000000eb000000| Untracked 
| 106|0x00000000ec000000, 0x00000000ec000000, 0x00000000ed000000|  0%| F|  |TAMS 0x00000000ec000000, 0x00000000ec000000| Untracked 
| 107|0x00000000ed000000, 0x00000000ed000000, 0x00000000ee000000|  0%| F|  |TAMS 0x00000000ed000000, 0x00000000ed000000| Untracked 
| 108|0x00000000ee000000, 0x00000000ee000000, 0x00000000ef000000|  0%| F|  |TAMS 0x00000000ee000000, 0x00000000ee000000| Untracked 
| 109|0x00000000ef000000, 0x00000000ef000000, 0x00000000f0000000|  0%| F|  |TAMS 0x00000000ef000000, 0x00000000ef000000| Untracked 
| 110|0x00000000f0000000, 0x00000000f0000000, 0x00000000f1000000|  0%| F|  |TAMS 0x00000000f0000000, 0x00000000f0000000| Untracked 
| 111|0x00000000f1000000, 0x00000000f1000000, 0x00000000f2000000|  0%| F|  |TAMS 0x00000000f1000000, 0x00000000f1000000| Untracked 
| 112|0x00000000f2000000, 0x00000000f2000000, 0x00000000f3000000|  0%| F|  |TAMS 0x00000000f2000000, 0x00000000f2000000| Untracked 
| 113|0x00000000f3000000, 0x00000000f3000000, 0x00000000f4000000|  0%| F|  |TAMS 0x00000000f3000000, 0x00000000f3000000| Untracked 
| 114|0x00000000f4000000, 0x00000000f4000000, 0x00000000f5000000|  0%| F|  |TAMS 0x00000000f4000000, 0x00000000f4000000| Untracked 
| 115|0x00000000f5000000, 0x00000000f5192d40, 0x00000000f6000000|  9%| S|CS|TAMS 0x00000000f5000000, 0x00000000f5000000| Complete 
| 116|0x00000000f6000000, 0x00000000f6000000, 0x00000000f7000000|  0%| F|  |TAMS 0x00000000f6000000, 0x00000000f6000000| Untracked 
| 117|0x00000000f7000000, 0x00000000f7000000, 0x00000000f8000000|  0%| F|  |TAMS 0x00000000f7000000, 0x00000000f7000000| Untracked 
| 118|0x00000000f8000000, 0x00000000f8000000, 0x00000000f9000000|  0%| F|  |TAMS 0x00000000f8000000, 0x00000000f8000000| Untracked 
| 119|0x00000000f9000000, 0x00000000f983e110, 0x00000000fa000000| 51%| E|  |TAMS 0x00000000f9000000, 0x00000000f9000000| Complete 
| 120|0x00000000fa000000, 0x00000000fb000000, 0x00000000fb000000|100%| E|CS|TAMS 0x00000000fa000000, 0x00000000fa000000| Complete 
| 121|0x00000000fb000000, 0x00000000fc000000, 0x00000000fc000000|100%| E|CS|TAMS 0x00000000fb000000, 0x00000000fb000000| Complete 
|1916|0x00000007fe000000, 0x00000007fef75000, 0x00000007ff000000| 96%|OA|  |TAMS 0x00000007fe000000, 0x00000007fe000000| Untracked 
|1917|0x00000007ff000000, 0x00000007ff078000, 0x0000000800000000|  2%|CA|  |TAMS 0x00000007ff000000, 0x00000007ff000000| Untracked 

Card table byte_map: [0x0000741a95a20000,0x0000741a99610000] _byte_map_base: 0x0000741a95610000

Marking Bits (Prev, Next): (CMBitMap*) 0x0000741ab4061050, (CMBitMap*) 0x0000741ab4061090
 Prev Bits: [0x0000741a73eb0000, 0x0000741a91e30000)
 Next Bits: [0x0000741a55f30000, 0x0000741a73eb0000)

Polling page: 0x0000741abcca0000

Metaspace:

Usage:
  Non-class:      4.37 MB used.
      Class:    405.08 KB used.
       Both:      4.76 MB used.

Virtual space:
  Non-class space:       64.00 MB reserved,       4.44 MB (  7%) committed,  1 nodes.
      Class space:        1.00 GB reserved,     512.00 KB ( <1%) committed,  1 nodes.
             Both:        1.06 GB reserved,       4.94 MB ( <1%) committed. 

Chunk freelists:
   Non-Class:  9.17 MB
       Class:  15.47 MB
        Both:  24.64 MB

MaxMetaspaceSize: unlimited
CompressedClassSpaceSize: 1.00 GB
Initial GC threshold: 21.00 MB
Current GC threshold: 21.00 MB
CDS: on
MetaspaceReclaimPolicy: balanced
 - commit_granule_bytes: 65536.
 - commit_granule_words: 8192.
 - virtual_space_node_default_size: 8388608.
 - enlarge_chunks_in_place: 1.
 - new_chunks_are_fully_committed: 0.
 - uncommit_free_chunks: 1.
 - use_allocation_guard: 0.
 - handle_deallocations: 1.


Internal statistics:

num_allocs_failed_limit: 0.
num_arena_births: 52.
num_arena_deaths: 0.
num_vsnodes_births: 2.
num_vsnodes_deaths: 0.
num_space_committed: 79.
num_space_uncommitted: 0.
num_chunks_returned_to_freelist: 0.
num_chunks_taken_from_freelist: 181.
num_chunk_merges: 0.
num_chunk_splits: 138.
num_chunks_enlarged: 115.
num_inconsistent_stats: 0.

CodeHeap 'non-profiled nmethods': size=119168Kb used=295Kb max_used=295Kb free=118872Kb
 bounds [0x0000741aa4da0000, 0x0000741aa5010000, 0x0000741aac200000]
CodeHeap 'profiled nmethods': size=119164Kb used=1599Kb max_used=1599Kb free=117564Kb
 bounds [0x0000741a9d200000, 0x0000741a9d470000, 0x0000741aa465f000]
CodeHeap 'non-nmethods': size=7428Kb used=2892Kb max_used=2917Kb free=4535Kb
 bounds [0x0000741aa465f000, 0x0000741aa493f000, 0x0000741aa4da0000]
 total_blobs=1407 nmethods=896 adapters=422
 compilation: enabled
              stopped_count=0, restarted_count=0
 full_count=0

Compilation events (20 events):
Event: 0.261 Thread 0x0000741ab41f55c0 nmethod 885 0x0000741aa4ddfe10 code [0x0000741aa4ddffa0, 0x0000741aa4de0070]
Event: 0.261 Thread 0x00007419d80e3d60 nmethod 887 0x0000741aa4de0110 code [0x0000741aa4de02a0, 0x0000741aa4de0370]
Event: 0.262 Thread 0x0000741ab41f4090  888       4       jdk.internal.misc.Unsafe::allocateUninitializedArray (55 bytes)
Event: 0.262 Thread 0x0000741ab41f4090 nmethod 888 0x0000741aa4de0410 code [0x0000741aa4de05a0, 0x0000741aa4de0758]
Event: 0.263 Thread 0x0000741ab41f4090  889       4       java.lang.StringConcatHelper::mix (27 bytes)
Event: 0.263 Thread 0x0000741ab41f4090 nmethod 889 0x0000741aa4de0890 code [0x0000741aa4de0a20, 0x0000741aa4de0ad8]
Event: 0.263 Thread 0x0000741ab41f4090  890       4       jdk.internal.misc.Unsafe::allocateUninitializedArray0 (90 bytes)
Event: 0.264 Thread 0x0000741ab41f4090 nmethod 890 0x0000741aa4de0c10 code [0x0000741aa4de0da0, 0x0000741aa4de0f58]
Event: 0.264 Thread 0x0000741ab41f4090  891       4       java.lang.ThreadLocal::get (38 bytes)
Event: 0.264 Thread 0x0000741ab41f55c0  893       1       com.github.grishberg.cad3d.keyboard.casebody.Walls::access$getCfg$p (5 bytes)
Event: 0.264 Thread 0x0000741ab41f55c0 nmethod 893 0x0000741aa4de1010 code [0x0000741aa4de11a0, 0x0000741aa4de1250]
Event: 0.264 Thread 0x00007419d80e4eb0  894       3       java.util.Arrays::asList (9 bytes)
Event: 0.264 Thread 0x00007419d80e3d60  895       3       java.util.Arrays$ArrayList::<init> (16 bytes)
Event: 0.264 Thread 0x00007419d80e3d60 nmethod 895 0x0000741a9d38df90 code [0x0000741a9d38e160, 0x0000741a9d38e540]
Event: 0.264 Thread 0x00007419d80e4eb0 nmethod 894 0x0000741a9d38e690 code [0x0000741a9d38e860, 0x0000741a9d38ece0]
Event: 0.265 Thread 0x0000741ab41f4090 nmethod 891 0x0000741aa4de1310 code [0x0000741aa4de14a0, 0x0000741aa4de15f8]
Event: 0.265 Thread 0x00007419d808f4a0  896       3       java.util.Arrays::rangeCheck (74 bytes)
Event: 0.265 Thread 0x0000741ab41f4090  892       4       jdk.internal.misc.Unsafe::allocateUninitializedArray (55 bytes)
Event: 0.265 Thread 0x00007419d808f4a0 nmethod 896 0x0000741a9d38ee90 code [0x0000741a9d38f140, 0x0000741a9d38fb40]
Event: 0.265 Thread 0x0000741ab41f4090 nmethod 892 0x0000741aa4de1790 code [0x0000741aa4de1920, 0x0000741aa4de1ad8]

GC Heap History (2 events):
Event: 0.237 GC heap before
{Heap before GC invocations=0 (full 0):
 garbage-first heap   total 2031616K, used 114612K [0x0000000082000000, 0x0000000800000000)
  region size 16384K, 6 young (98304K), 0 survivors (0K)
 Metaspace       used 4808K, committed 4992K, reserved 1114112K
  class space    used 393K, committed 512K, reserved 1048576K
}
Event: 0.238 GC heap after
{Heap after GC invocations=1 (full 0):
 garbage-first heap   total 2031616K, used 17919K [0x0000000082000000, 0x0000000800000000)
  region size 16384K, 1 young (16384K), 1 survivors (16384K)
 Metaspace       used 4808K, committed 4992K, reserved 1114112K
  class space    used 393K, committed 512K, reserved 1048576K
}

Dll operation events (9 events):
Event: 0.001 Loaded shared library /home/grishberg/.gradle/jdks/eclipse_adoptium-17-amd64-linux/jdk-17.0.19+10/lib/libjava.so
Event: 0.014 Loaded shared library /home/grishberg/.gradle/jdks/eclipse_adoptium-17-amd64-linux/jdk-17.0.19+10/lib/libjsvml.so
Event: 0.023 Loaded shared library /home/grishberg/.gradle/jdks/eclipse_adoptium-17-amd64-linux/jdk-17.0.19+10/lib/libnio.so
Event: 0.024 Loaded shared library /home/grishberg/.gradle/jdks/eclipse_adoptium-17-amd64-linux/jdk-17.0.19+10/lib/libzip.so
Event: 0.057 Loaded shared library /home/grishberg/.gradle/jdks/eclipse_adoptium-17-amd64-linux/jdk-17.0.19+10/lib/libjimage.so
Event: 0.060 Loaded shared library /home/grishberg/.gradle/jdks/eclipse_adoptium-17-amd64-linux/jdk-17.0.19+10/lib/libnet.so
Event: 0.084 Loaded shared library /tmp/manifold3d10772363740250260794/libmanifold.so.3
Event: 0.086 Loaded shared library /tmp/manifold3d10772363740250260794/libmanifoldc.so.3
Event: 0.087 Loaded shared library /tmp/manifold3d10772363740250260794/libmanifold_jni.so

Deoptimization events (20 events):
Event: 0.214 Thread 0x00007419ac049c40 Uncommon trap: trap_request=0xffffff6e fr.pc=0x0000741aa4dbc440 relative=0x0000000000000420
Event: 0.214 Thread 0x00007419ac049c40 Uncommon trap: reason=loop_limit_check action=maybe_recompile pc=0x0000741aa4dbc440 method=java.lang.StringLatin1.indexOf([BI[BII)I @ 37 c2
Event: 0.214 Thread 0x00007419ac049c40 DEOPT PACKING pc=0x0000741aa4dbc440 sp=0x0000741a54cfe1c0
Event: 0.214 Thread 0x00007419ac049c40 DEOPT UNPACKING pc=0x0000741aa46b5699 sp=0x0000741a54cfe140 mode 2
Event: 0.262 Thread 0x00007419ac05b140 Uncommon trap: trap_request=0xffffffde fr.pc=0x0000741aa4de06a8 relative=0x0000000000000108
Event: 0.262 Thread 0x00007419ac05b140 Uncommon trap: reason=class_check action=maybe_recompile pc=0x0000741aa4de06a8 method=jdk.internal.misc.Unsafe.allocateUninitializedArray(Ljava/lang/Class;I)Ljava/lang/Object; @ 51 c2
Event: 0.262 Thread 0x00007419ac05b140 DEOPT PACKING pc=0x0000741aa4de06a8 sp=0x0000741a54ffdb70
Event: 0.263 Thread 0x00007419ac05b140 DEOPT UNPACKING pc=0x0000741aa46b5699 sp=0x0000741a54ffdb18 mode 2
Event: 0.263 Thread 0x00007419ac05b140 Uncommon trap: trap_request=0xffffffde fr.pc=0x0000741aa4de06a8 relative=0x0000000000000108
Event: 0.263 Thread 0x00007419ac05b140 Uncommon trap: reason=class_check action=maybe_recompile pc=0x0000741aa4de06a8 method=jdk.internal.misc.Unsafe.allocateUninitializedArray(Ljava/lang/Class;I)Ljava/lang/Object; @ 51 c2
Event: 0.263 Thread 0x00007419ac05b140 DEOPT PACKING pc=0x0000741aa4de06a8 sp=0x0000741a54ffdb70
Event: 0.263 Thread 0x00007419ac05b140 DEOPT UNPACKING pc=0x0000741aa46b5699 sp=0x0000741a54ffdb18 mode 2
Event: 0.263 Thread 0x00007419ac05b140 Uncommon trap: trap_request=0xffffffde fr.pc=0x0000741aa4de06a8 relative=0x0000000000000108
Event: 0.263 Thread 0x00007419ac05b140 Uncommon trap: reason=class_check action=maybe_recompile pc=0x0000741aa4de06a8 method=jdk.internal.misc.Unsafe.allocateUninitializedArray(Ljava/lang/Class;I)Ljava/lang/Object; @ 51 c2
Event: 0.263 Thread 0x00007419ac05b140 DEOPT PACKING pc=0x0000741aa4de06a8 sp=0x0000741a54ffdb70
Event: 0.263 Thread 0x00007419ac05b140 DEOPT UNPACKING pc=0x0000741aa46b5699 sp=0x0000741a54ffdb18 mode 2
Event: 0.263 Thread 0x0000741ab4472a20 Uncommon trap: trap_request=0xffffffde fr.pc=0x0000741aa4de06a8 relative=0x0000000000000108
Event: 0.263 Thread 0x0000741ab4472a20 Uncommon trap: reason=class_check action=maybe_recompile pc=0x0000741aa4de06a8 method=jdk.internal.misc.Unsafe.allocateUninitializedArray(Ljava/lang/Class;I)Ljava/lang/Object; @ 51 c2
Event: 0.263 Thread 0x0000741ab4472a20 DEOPT PACKING pc=0x0000741aa4de06a8 sp=0x0000741a550fddf0
Event: 0.263 Thread 0x0000741ab4472a20 DEOPT UNPACKING pc=0x0000741aa46b5699 sp=0x0000741a550fdd98 mode 2

Classes loaded (20 events):
Event: 0.113 Loading class java/util/concurrent/atomic/AtomicIntegerFieldUpdater$AtomicIntegerFieldUpdaterImpl
Event: 0.113 Loading class java/util/concurrent/atomic/AtomicIntegerFieldUpdater$AtomicIntegerFieldUpdaterImpl done
Event: 0.113 Loading class java/util/concurrent/atomic/AtomicIntegerFieldUpdater$AtomicIntegerFieldUpdaterImpl$1
Event: 0.113 Loading class java/util/concurrent/atomic/AtomicIntegerFieldUpdater$AtomicIntegerFieldUpdaterImpl$1 done
Event: 0.113 Loading class java/util/concurrent/atomic/AtomicReferenceFieldUpdater
Event: 0.113 Loading class java/util/concurrent/atomic/AtomicReferenceFieldUpdater done
Event: 0.113 Loading class java/util/concurrent/atomic/AtomicReferenceFieldUpdater$AtomicReferenceFieldUpdaterImpl
Event: 0.113 Loading class java/util/concurrent/atomic/AtomicReferenceFieldUpdater$AtomicReferenceFieldUpdaterImpl done
Event: 0.113 Loading class java/util/concurrent/atomic/AtomicReferenceFieldUpdater$AtomicReferenceFieldUpdaterImpl$1
Event: 0.113 Loading class java/util/concurrent/atomic/AtomicReferenceFieldUpdater$AtomicReferenceFieldUpdaterImpl$1 done
Event: 0.114 Loading class java/util/concurrent/atomic/AtomicReferenceArray
Event: 0.114 Loading class java/util/concurrent/atomic/AtomicReferenceArray done
Event: 0.125 Loading class java/lang/NoSuchFieldError
Event: 0.125 Loading class java/lang/NoSuchFieldError done
Event: 0.131 Loading class java/lang/StrictMath
Event: 0.131 Loading class java/lang/StrictMath done
Event: 0.146 Loading class java/util/concurrent/CancellationException
Event: 0.146 Loading class java/util/concurrent/CancellationException done
Event: 0.161 Loading class java/util/Collections$SingletonList
Event: 0.161 Loading class java/util/Collections$SingletonList done

Classes unloaded (0 events):
No events

Classes redefined (0 events):
No events

Internal exceptions (4 events):
Event: 0.059 Thread 0x0000741ab402aac0 Exception <a 'sun/nio/fs/UnixException'{0x00000000fb188510}> (0x00000000fb188510) 
thrown [src/hotspot/share/prims/jni.cpp, line 516]
Event: 0.085 Thread 0x0000741ab402aac0 Exception <a 'sun/nio/fs/UnixException'{0x00000000fb192208}> (0x00000000fb192208) 
thrown [src/hotspot/share/prims/jni.cpp, line 516]
Event: 0.086 Thread 0x0000741ab402aac0 Exception <a 'sun/nio/fs/UnixException'{0x00000000fb1a4908}> (0x00000000fb1a4908) 
thrown [src/hotspot/share/prims/jni.cpp, line 516]
Event: 0.215 Thread 0x00007419ac049c40 Exception <a 'java/lang/NoSuchMethodError'{0x00000000f7f6fc58}: 'java.lang.Object java.lang.invoke.DirectMethodHandle$Holder.newInvokeSpecial(java.lang.Object, java.lang.Object, java.lang.Object, java.lang.Object, java.lang.Object, java.lang.Object)'> (0x00000000f7f6fc58) 
thrown [src/hotspot/share/interpreter/linkResolver.cpp, line 758]

VM Operations (2 events):
Event: 0.236 Executing VM operation: G1CollectForAllocation
Event: 0.238 Executing VM operation: G1CollectForAllocation done

Memory protections (20 events):
Event: 0.016 Protecting memory [0x0000741ab8c58000,0x0000741ab8c5c000] with protection modes 0
Event: 0.017 Protecting memory [0x0000741ab8500000,0x0000741ab8504000] with protection modes 0
Event: 0.017 Protecting memory [0x0000741ab8400000,0x0000741ab8404000] with protection modes 0
Event: 0.017 Protecting memory [0x0000741ab8300000,0x0000741ab8304000] with protection modes 0
Event: 0.017 Protecting memory [0x0000741ab8200000,0x0000741ab8204000] with protection modes 0
Event: 0.017 Protecting memory [0x0000741ab8100000,0x0000741ab8104000] with protection modes 0
Event: 0.017 Protecting memory [0x0000741ab8000000,0x0000741ab8004000] with protection modes 0
Event: 0.020 Protecting memory [0x0000741ab3f00000,0x0000741ab3f04000] with protection modes 0
Event: 0.021 Protecting memory [0x0000741a55d2f000,0x0000741a55d33000] with protection modes 0
Event: 0.046 Protecting memory [0x0000741a55c2f000,0x0000741a55c33000] with protection modes 0
Event: 0.074 Protecting memory [0x0000741a55b2f000,0x0000741a55b33000] with protection modes 0
Event: 0.074 Protecting memory [0x0000741a55a2f000,0x0000741a55a33000] with protection modes 0
Event: 0.118 Protecting memory [0x0000741a55500000,0x0000741a55504000] with protection modes 0
Event: 0.146 Protecting memory [0x0000741a55100000,0x0000741a55104000] with protection modes 0
Event: 0.146 Protecting memory [0x0000741a55000000,0x0000741a55004000] with protection modes 0
Event: 0.154 Protecting memory [0x0000741a54f00000,0x0000741a54f04000] with protection modes 0
Event: 0.154 Protecting memory [0x0000741a54e00000,0x0000741a54e04000] with protection modes 0
Event: 0.154 Protecting memory [0x0000741a54d00000,0x0000741a54d04000] with protection modes 0
Event: 0.155 Protecting memory [0x0000741a54c00000,0x0000741a54c04000] with protection modes 0
Event: 0.216 Protecting memory [0x00007419f0af9000,0x00007419f0afd000] with protection modes 0

Nmethod flushes (0 events):
No events

Events (20 events):
Event: 0.016 Thread 0x0000741ab402aac0 Thread added: 0x0000741ab41ea910
Event: 0.017 Thread 0x0000741ab402aac0 Thread added: 0x0000741ab41efea0
Event: 0.017 Thread 0x0000741ab402aac0 Thread added: 0x0000741ab41f1250
Event: 0.017 Thread 0x0000741ab402aac0 Thread added: 0x0000741ab41f2660
Event: 0.017 Thread 0x0000741ab402aac0 Thread added: 0x0000741ab41f4090
Event: 0.017 Thread 0x0000741ab402aac0 Thread added: 0x0000741ab41f55c0
Event: 0.017 Thread 0x0000741ab402aac0 Thread added: 0x0000741ab41f6a30
Event: 0.020 Thread 0x0000741ab402aac0 Thread added: 0x0000741ab41fe730
Event: 0.021 Thread 0x0000741ab402aac0 Thread added: 0x0000741ab4201ec0
Event: 0.045 Thread 0x0000741ab41f55c0 Thread added: 0x00007419d808f4a0
Event: 0.074 Thread 0x0000741ab41f55c0 Thread added: 0x00007419d80e3d60
Event: 0.074 Thread 0x0000741ab41f55c0 Thread added: 0x00007419d80e4eb0
Event: 0.118 Thread 0x00007419d80e4eb0 Thread added: 0x00007419b4055dc0
Event: 0.146 Thread 0x0000741ab402aac0 Thread added: 0x0000741ab4471e10
Event: 0.146 Thread 0x0000741ab402aac0 Thread added: 0x0000741ab4472a20
Event: 0.154 Thread 0x0000741ab4471e10 Thread added: 0x00007419ac05b140
Event: 0.154 Thread 0x0000741ab4471e10 Thread added: 0x00007419ac04d620
Event: 0.154 Thread 0x0000741ab4471e10 Thread added: 0x00007419ac026250
Event: 0.155 Thread 0x0000741ab4471e10 Thread added: 0x00007419ac049c40
Event: 0.216 Thread 0x00007419ac049c40 Thread added: 0x00007419a00339c0


Dynamic libraries:
82000000-fc000000 rw-p 00000000 00:00 0 
fc000000-7fe000000 ---p 00000000 00:00 0 
7fe000000-7fef00000 rw-p 00000000 00:00 0 
7fef00000-7fef75000 rw-p 00c7a000 103:01 75498865                        /home/grishberg/.gradle/jdks/eclipse_adoptium-17-amd64-linux/jdk-17.0.19+10/lib/server/classes.jsa
7fef75000-7ff000000 rw-p 00000000 00:00 0 
7ff000000-7ff078000 rw-p 00c02000 103:01 75498865                        /home/grishberg/.gradle/jdks/eclipse_adoptium-17-amd64-linux/jdk-17.0.19+10/lib/server/classes.jsa
7ff078000-800000000 rw-p 00000000 00:00 0 
5f64b3fc2000-5f64b3fc3000 r--p 00000000 103:01 75498845                  /home/grishberg/.gradle/jdks/eclipse_adoptium-17-amd64-linux/jdk-17.0.19+10/bin/java
5f64b3fc3000-5f64b3fc4000 r-xp 00001000 103:01 75498845                  /home/grishberg/.gradle/jdks/eclipse_adoptium-17-amd64-linux/jdk-17.0.19+10/bin/java
5f64b3fc4000-5f64b3fc5000 r--p 00002000 103:01 75498845                  /home/grishberg/.gradle/jdks/eclipse_adoptium-17-amd64-linux/jdk-17.0.19+10/bin/java
5f64b3fc5000-5f64b3fc6000 r--p 00002000 103:01 75498845                  /home/grishberg/.gradle/jdks/eclipse_adoptium-17-amd64-linux/jdk-17.0.19+10/bin/java
5f64b3fc6000-5f64b3fc7000 rw-p 00003000 103:01 75498845                  /home/grishberg/.gradle/jdks/eclipse_adoptium-17-amd64-linux/jdk-17.0.19+10/bin/java
5f64b9f27000-5f64b9f70000 rw-p 00000000 00:00 0                          [heap]
741924000000-741924021000 rw-p 00000000 00:00 0 
741924021000-741928000000 ---p 00000000 00:00 0 
741928000000-741928021000 rw-p 00000000 00:00 0 
741928021000-74192c000000 ---p 00000000 00:00 0 
74192c000000-74192c021000 rw-p 00000000 00:00 0 
74192c021000-741930000000 ---p 00000000 00:00 0 
741930000000-741930021000 rw-p 00000000 00:00 0 
741930021000-741934000000 ---p 00000000 00:00 0 
741934000000-741934021000 rw-p 00000000 00:00 0 
741934021000-741938000000 ---p 00000000 00:00 0 
741938000000-741938021000 rw-p 00000000 00:00 0 
741938021000-74193c000000 ---p 00000000 00:00 0 
74193c000000-74193c021000 rw-p 00000000 00:00 0 
74193c021000-741940000000 ---p 00000000 00:00 0 
741940000000-741940021000 rw-p 00000000 00:00 0 
741940021000-741944000000 ---p 00000000 00:00 0 
741944000000-741944021000 rw-p 00000000 00:00 0 
741944021000-741948000000 ---p 00000000 00:00 0 
741948000000-741948021000 rw-p 00000000 00:00 0 
741948021000-74194c000000 ---p 00000000 00:00 0 
74194c000000-74194c021000 rw-p 00000000 00:00 0 
74194c021000-741950000000 ---p 00000000 00:00 0 
741950000000-741950021000 rw-p 00000000 00:00 0 
741950021000-741954000000 ---p 00000000 00:00 0 
741954000000-741954021000 rw-p 00000000 00:00 0 
741954021000-741958000000 ---p 00000000 00:00 0 
741958000000-74195897c000 rw-p 00000000 00:00 0 
74195897c000-74195c000000 ---p 00000000 00:00 0 
74195c000000-74195c021000 rw-p 00000000 00:00 0 
74195c021000-741960000000 ---p 00000000 00:00 0 
741964000000-741964021000 rw-p 00000000 00:00 0 
741964021000-741968000000 ---p 00000000 00:00 0 
741968000000-741968021000 rw-p 00000000 00:00 0 
741968021000-74196c000000 ---p 00000000 00:00 0 
74196c000000-74196c021000 rw-p 00000000 00:00 0 
74196c021000-741970000000 ---p 00000000 00:00 0 
741973a16000-741973dfe000 rw-p 00000000 00:00 0 
741973dfe000-741973dff000 ---p 00000000 00:00 0 
741973dff000-741973eff000 rw-p 00000000 00:00 0 
741973eff000-741973f00000 ---p 00000000 00:00 0 
741973f00000-741974000000 rw-p 00000000 00:00 0 
741974000000-741974060000 rw-p 00000000 00:00 0 
741974060000-741978000000 ---p 00000000 00:00 0 
741978000000-741978021000 rw-p 00000000 00:00 0 
741978021000-74197c000000 ---p 00000000 00:00 0 
74197c000000-74197c021000 rw-p 00000000 00:00 0 
74197c021000-741980000000 ---p 00000000 00:00 0 
741980000000-741980021000 rw-p 00000000 00:00 0 
741980021000-741984000000 ---p 00000000 00:00 0 
741984000000-741984021000 rw-p 00000000 00:00 0 
741984021000-741988000000 ---p 00000000 00:00 0 
741988000000-741988021000 rw-p 00000000 00:00 0 
741988021000-74198c000000 ---p 00000000 00:00 0 
74198c000000-74198c021000 rw-p 00000000 00:00 0 
74198c021000-741990000000 ---p 00000000 00:00 0 
741990000000-741990021000 rw-p 00000000 00:00 0 
741990021000-741994000000 ---p 00000000 00:00 0 
741994000000-741994021000 rw-p 00000000 00:00 0 
741994021000-741998000000 ---p 00000000 00:00 0 
741998000000-741998064000 rw-p 00000000 00:00 0 
741998064000-74199c000000 ---p 00000000 00:00 0 
74199c000000-74199c024000 rw-p 00000000 00:00 0 
74199c024000-7419a0000000 ---p 00000000 00:00 0 
7419a0000000-7419a0152000 rw-p 00000000 00:00 0 
7419a0152000-7419a4000000 ---p 00000000 00:00 0 
7419a4000000-7419a414f000 rw-p 00000000 00:00 0 
7419a414f000-7419a8000000 ---p 00000000 00:00 0 
7419a8000000-7419a809d000 rw-p 00000000 00:00 0 
7419a809d000-7419ac000000 ---p 00000000 00:00 0 
7419ac000000-7419ac05d000 rw-p 00000000 00:00 0 
7419ac05d000-7419b0000000 ---p 00000000 00:00 0 
7419b0000000-7419b05b1000 rw-p 00000000 00:00 0 
7419b05b1000-7419b4000000 ---p 00000000 00:00 0 
7419b4000000-7419b40d5000 rw-p 00000000 00:00 0 
7419b40d5000-7419b8000000 ---p 00000000 00:00 0 
7419b8000000-7419b85c5000 rw-p 00000000 00:00 0 
7419b85c5000-7419bc000000 ---p 00000000 00:00 0 
7419bc000000-7419bc2b8000 rw-p 00000000 00:00 0 
7419bc2b8000-7419c0000000 ---p 00000000 00:00 0 
7419c0000000-7419c00f6000 rw-p 00000000 00:00 0 
7419c00f6000-7419c4000000 ---p 00000000 00:00 0 
7419c4000000-7419c4021000 rw-p 00000000 00:00 0 
7419c4021000-7419c8000000 ---p 00000000 00:00 0 
7419c8000000-7419c8021000 rw-p 00000000 00:00 0 
7419c8021000-7419cc000000 ---p 00000000 00:00 0 
7419cc000000-7419cc021000 rw-p 00000000 00:00 0 
7419cc021000-7419d0000000 ---p 00000000 00:00 0 
7419d0000000-7419d0021000 rw-p 00000000 00:00 0 
7419d0021000-7419d4000000 ---p 00000000 00:00 0 
7419d4000000-7419d4478000 rw-p 00000000 00:00 0 
7419d4478000-7419d8000000 ---p 00000000 00:00 0 
7419d8000000-7419d81ce000 rw-p 00000000 00:00 0 
7419d81ce000-7419dc000000 ---p 00000000 00:00 0 
7419dc000000-7419dc021000 rw-p 00000000 00:00 0 
7419dc021000-7419e0000000 ---p 00000000 00:00 0 
7419e0000000-7419e0021000 rw-p 00000000 00:00 0 
7419e0021000-7419e4000000 ---p 00000000 00:00 0 
7419e4000000-7419e4021000 rw-p 00000000 00:00 0 
7419e4021000-7419e8000000 ---p 00000000 00:00 0 
7419e8000000-7419e8021000 rw-p 00000000 00:00 0 
7419e8021000-7419ec000000 ---p 00000000 00:00 0 
7419ec000000-7419ec021000 rw-p 00000000 00:00 0 
7419ec021000-7419f0000000 ---p 00000000 00:00 0 
7419f00ef000-7419f00f0000 ---p 00000000 00:00 0 
7419f00f0000-7419f01f0000 rw-p 00000000 00:00 0 
7419f01f0000-7419f01f1000 ---p 00000000 00:00 0 
7419f01f1000-7419f02f1000 rw-p 00000000 00:00 0 
7419f02f1000-7419f02f2000 ---p 00000000 00:00 0 
7419f02f2000-7419f03f2000 rw-p 00000000 00:00 0 
7419f03f2000-7419f03f3000 ---p 00000000 00:00 0 
7419f03f3000-7419f04f3000 rw-p 00000000 00:00 0 
7419f04f3000-7419f04f4000 ---p 00000000 00:00 0 
7419f04f4000-7419f05f4000 rw-p 00000000 00:00 0 
7419f05f4000-7419f05f5000 ---p 00000000 00:00 0 
7419f05f5000-7419f06f5000 rw-p 00000000 00:00 0 
7419f06f5000-7419f06f6000 ---p 00000000 00:00 0 
7419f06f6000-7419f07f6000 rw-p 00000000 00:00 0 
7419f07f6000-7419f07f7000 ---p 00000000 00:00 0 
7419f07f7000-7419f08f7000 rw-p 00000000 00:00 0 
7419f08f7000-7419f08f8000 ---p 00000000 00:00 0 
7419f08f8000-7419f09f8000 rw-p 00000000 00:00 0 
7419f09f8000-7419f09f9000 ---p 00000000 00:00 0 
7419f09f9000-7419f0af9000 rw-p 00000000 00:00 0 
7419f0af9000-7419f0afd000 ---p 00000000 00:00 0 
7419f0afd000-7419f0bf9000 rw-p 00000000 00:00 0 
7419f0bf9000-7419f13f9000 rw-p 00000000 00:00 0 
7419f13f9000-7419f13fa000 ---p 00000000 00:00 0 
7419f13fa000-7419f17fa000 rw-p 00000000 00:00 0 
7419f17fa000-7419f17fb000 ---p 00000000 00:00 0 
7419f17fb000-7419f1bfb000 rw-p 00000000 00:00 0 
7419f1bfb000-7419f1bfc000 ---p 00000000 00:00 0 
7419f1bfc000-7419f1ffc000 rw-p 00000000 00:00 0 
7419f1ffc000-7419f1ffd000 ---p 00000000 00:00 0 
7419f1ffd000-7419f23fd000 rw-p 00000000 00:00 0 
7419f23fd000-7419f23fe000 ---p 00000000 00:00 0 
7419f23fe000-7419f27fe000 rw-p 00000000 00:00 0 
7419f27fe000-7419f27ff000 ---p 00000000 00:00 0 
7419f27ff000-7419f2bff000 rw-p 00000000 00:00 0 
7419f2bff000-7419f2c00000 ---p 00000000 00:00 0 
7419f2c00000-7419f3000000 rw-p 00000000 00:00 0 
7419f3000000-7419f3190000 rw-p 00000000 00:00 0 
7419f3190000-7419f3400000 ---p 00000000 00:00 0 
7419f3400000-7419f36e0000 rw-p 00000000 00:00 0 
7419f36e0000-7419f7000000 ---p 00000000 00:00 0 
7419f7000000-7419f7bca000 rw-p 00001000 103:01 75498865                  /home/grishberg/.gradle/jdks/eclipse_adoptium-17-amd64-linux/jdk-17.0.19+10/lib/server/classes.jsa
7419f7bca000-7419f8000000 ---p 00000000 00:00 0 
7419f8000000-7419f8040000 rw-p 00000000 00:00 0 
7419f8040000-7419f8070000 rw-p 00000000 00:00 0 
7419f8070000-7419f8080000 ---p 00000000 00:00 0 
7419f8080000-7419f8090000 rw-p 00000000 00:00 0 
7419f8090000-741a38000000 ---p 00000000 00:00 0 
741a38000000-741a38021000 rw-p 00000000 00:00 0 
741a38021000-741a3c000000 ---p 00000000 00:00 0 
741a3c000000-741a3c021000 rw-p 00000000 00:00 0 
741a3c021000-741a40000000 ---p 00000000 00:00 0 
741a40000000-741a40021000 rw-p 00000000 00:00 0 
741a40021000-741a44000000 ---p 00000000 00:00 0 
741a440f9000-741a443f9000 rw-p 00000000 00:00 0 
741a443f9000-741a443fa000 ---p 00000000 00:00 0 
741a443fa000-741a447fa000 rw-p 00000000 00:00 0 
741a447fa000-741a447fb000 ---p 00000000 00:00 0 
741a447fb000-741a44bfb000 rw-p 00000000 00:00 0 
741a44bfb000-741a44bfc000 ---p 00000000 00:00 0 
741a44bfc000-741a44ffc000 rw-p 00000000 00:00 0 
741a44ffc000-741a44ffd000 ---p 00000000 00:00 0 
741a44ffd000-741a453fd000 rw-p 00000000 00:00 0 
741a453fd000-741a453fe000 ---p 00000000 00:00 0 
741a453fe000-741a457fe000 rw-p 00000000 00:00 0 
741a457fe000-741a457ff000 ---p 00000000 00:00 0 
741a457ff000-741a45bff000 rw-p 00000000 00:00 0 
741a45bff000-741a45c00000 ---p 00000000 00:00 0 
741a45c00000-741a46000000 rw-p 00000000 00:00 0 
741a46000000-741a48021000 rw-p 00000000 00:00 0 
741a48021000-741a4c000000 ---p 00000000 00:00 0 
741a4c000000-741a4c021000 rw-p 00000000 00:00 0 
741a4c021000-741a50000000 ---p 00000000 00:00 0 
741a50000000-741a50021000 rw-p 00000000 00:00 0 
741a50021000-741a54000000 ---p 00000000 00:00 0 
741a540fb000-741a541fb000 rw-p 00000000 00:00 0 
741a541fb000-741a541fc000 ---p 00000000 00:00 0 
741a541fc000-741a545fc000 rw-p 00000000 00:00 0 
741a545fc000-741a54c00000 rw-p 00000000 00:00 0 
741a54c00000-741a54c04000 ---p 00000000 00:00 0 
741a54c04000-741a54d00000 rw-p 00000000 00:00 0 
741a54d00000-741a54d04000 ---p 00000000 00:00 0 
741a54d04000-741a54e00000 rw-p 00000000 00:00 0 
741a54e00000-741a54e04000 ---p 00000000 00:00 0 
741a54e04000-741a54f00000 rw-p 00000000 00:00 0 
741a54f00000-741a54f04000 ---p 00000000 00:00 0 
741a54f04000-741a55000000 rw-p 00000000 00:00 0 
741a55000000-741a55004000 ---p 00000000 00:00 0 
741a55004000-741a55100000 rw-p 00000000 00:00 0 
741a55100000-741a55104000 ---p 00000000 00:00 0 
741a55104000-741a55200000 rw-p 00000000 00:00 0 
741a55200000-741a5529d000 r--p 00000000 103:01 90443236                  /usr/lib/x86_64-linux-gnu/libstdc++.so.6.0.33
741a5529d000-741a553e5000 r-xp 0009d000 103:01 90443236                  /usr/lib/x86_64-linux-gnu/libstdc++.so.6.0.33
741a553e5000-741a5546c000 r--p 001e5000 103:01 90443236                  /usr/lib/x86_64-linux-gnu/libstdc++.so.6.0.33
741a5546c000-741a55477000 r--p 0026b000 103:01 90443236                  /usr/lib/x86_64-linux-gnu/libstdc++.so.6.0.33
741a55477000-741a5547a000 rw-p 00276000 103:01 90443236                  /usr/lib/x86_64-linux-gnu/libstdc++.so.6.0.33
741a5547a000-741a5547e000 rw-p 00000000 00:00 0 
741a55500000-741a55504000 ---p 00000000 00:00 0 
741a55504000-741a55600000 rw-p 00000000 00:00 0 
741a55600000-741a556af000 r--p 00000000 103:01 51524698                  /tmp/manifold3d10772363740250260794/libmanifold.so.3
741a556af000-741a558c7000 r-xp 000af000 103:01 51524698                  /tmp/manifold3d10772363740250260794/libmanifold.so.3
741a558c7000-741a5592e000 r--p 002c7000 103:01 51524698                  /tmp/manifold3d10772363740250260794/libmanifold.so.3
741a5592e000-741a5593b000 r--p 0032d000 103:01 51524698                  /tmp/manifold3d10772363740250260794/libmanifold.so.3
741a5593b000-741a5593d000 rw-p 0033a000 103:01 51524698                  /tmp/manifold3d10772363740250260794/libmanifold.so.3
741a55a2f000-741a55a33000 ---p 00000000 00:00 0 
741a55a33000-741a55b2f000 rw-p 00000000 00:00 0 
741a55b2f000-741a55b33000 ---p 00000000 00:00 0 
741a55b33000-741a55c2f000 rw-p 00000000 00:00 0 
741a55c2f000-741a55c33000 ---p 00000000 00:00 0 
741a55c33000-741a55d2f000 rw-p 00000000 00:00 0 
741a55d2f000-741a55d33000 ---p 00000000 00:00 0 
741a55d33000-741a55e2f000 rw-p 00000000 00:00 0 
741a55e2f000-741a55e30000 ---p 00000000 00:00 0 
741a55e30000-741a55f30000 rw-p 00000000 00:00 0 
741a55f30000-741a57db0000 rw-p 00000000 00:00 0 
741a57db0000-741a73e30000 ---p 00000000 00:00 0 
741a73e30000-741a75d30000 rw-p 00000000 00:00 0 
741a75d30000-741a91db0000 ---p 00000000 00:00 0 
741a91db0000-741a92200000 rw-p 00000000 00:00 0 
741a92200000-741a95a10000 ---p 00000000 00:00 0 
741a95a10000-741a95df0000 rw-p 00000000 00:00 0 
741a95df0000-741a99600000 ---p 00000000 00:00 0 
741a99600000-741a999e0000 rw-p 00000000 00:00 0 
741a999e0000-741a9d1f0000 ---p 00000000 00:00 0 
741a9d1f0000-741a9d200000 rw-p 00000000 00:00 0 
741a9d200000-741a9d470000 rwxp 00000000 00:00 0 
741a9d470000-741aa465f000 ---p 00000000 00:00 0 
741aa465f000-741aa493f000 rwxp 00000000 00:00 0 
741aa493f000-741aa4da0000 ---p 00000000 00:00 0 
741aa4da0000-741aa5010000 rwxp 00000000 00:00 0 
741aa5010000-741aac200000 ---p 00000000 00:00 0 
741aac200000-741ab3e3b000 r--s 00000000 103:01 75498899                  /home/grishberg/.gradle/jdks/eclipse_adoptium-17-amd64-linux/jdk-17.0.19+10/lib/modules
741ab3e6f000-741ab3ebf000 rw-p 00000000 00:00 0 
741ab3ebf000-741ab3ec5000 r--p 00000000 103:01 90470234                  /usr/lib/x86_64-linux-gnu/libtbbmalloc.so.2.11
741ab3ec5000-741ab3ed7000 r-xp 00006000 103:01 90470234                  /usr/lib/x86_64-linux-gnu/libtbbmalloc.so.2.11
741ab3ed7000-741ab3edc000 r--p 00018000 103:01 90470234                  /usr/lib/x86_64-linux-gnu/libtbbmalloc.so.2.11
741ab3edc000-741ab3edd000 r--p 0001c000 103:01 90470234                  /usr/lib/x86_64-linux-gnu/libtbbmalloc.so.2.11
741ab3edd000-741ab3edf000 rw-p 0001d000 103:01 90470234                  /usr/lib/x86_64-linux-gnu/libtbbmalloc.so.2.11
741ab3edf000-741ab3f00000 rw-p 00000000 00:00 0 
741ab3f00000-741ab3f04000 ---p 00000000 00:00 0 
741ab3f04000-741ab4000000 rw-p 00000000 00:00 0 
741ab4000000-741ab448f000 rw-p 00000000 00:00 0 
741ab448f000-741ab8004000 ---p 00000000 00:00 0 
741ab8004000-741ab8100000 rw-p 00000000 00:00 0 
741ab8100000-741ab8104000 ---p 00000000 00:00 0 
741ab8104000-741ab8200000 rw-p 00000000 00:00 0 
741ab8200000-741ab8204000 ---p 00000000 00:00 0 
741ab8204000-741ab8300000 rw-p 00000000 00:00 0 
741ab8300000-741ab8304000 ---p 00000000 00:00 0 
741ab8304000-741ab8400000 rw-p 00000000 00:00 0 
741ab8400000-741ab8404000 ---p 00000000 00:00 0 
741ab8404000-741ab8500000 rw-p 00000000 00:00 0 
741ab8500000-741ab8504000 ---p 00000000 00:00 0 
741ab8504000-741ab8600000 rw-p 00000000 00:00 0 
741ab8600000-741ab8b75000 r--p 00000000 103:01 90475490                  /usr/lib/locale/locale-archive
741ab8b8f000-741ab8b9b000 r--p 00000000 103:01 51524699                  /tmp/manifold3d10772363740250260794/libmanifoldc.so.3
741ab8b9b000-741ab8bae000 r-xp 0000c000 103:01 51524699                  /tmp/manifold3d10772363740250260794/libmanifoldc.so.3
741ab8bae000-741ab8bb5000 r--p 0001f000 103:01 51524699                  /tmp/manifold3d10772363740250260794/libmanifoldc.so.3
741ab8bb5000-741ab8bb6000 r--p 00025000 103:01 51524699                  /tmp/manifold3d10772363740250260794/libmanifoldc.so.3
741ab8bb6000-741ab8bb7000 rw-p 00026000 103:01 51524699                  /tmp/manifold3d10772363740250260794/libmanifoldc.so.3
741ab8bb7000-741ab8bbb000 r--p 00000000 103:01 90443244                  /usr/lib/x86_64-linux-gnu/libgcc_s.so.1
741ab8bbb000-741ab8bdf000 r-xp 00004000 103:01 90443244                  /usr/lib/x86_64-linux-gnu/libgcc_s.so.1
741ab8bdf000-741ab8be3000 r--p 00028000 103:01 90443244                  /usr/lib/x86_64-linux-gnu/libgcc_s.so.1
741ab8be3000-741ab8be4000 r--p 0002b000 103:01 90443244                  /usr/lib/x86_64-linux-gnu/libgcc_s.so.1
741ab8be4000-741ab8be5000 rw-p 0002c000 103:01 90443244                  /usr/lib/x86_64-linux-gnu/libgcc_s.so.1
741ab8be5000-741ab8bf1000 r--p 00000000 103:01 90470240                  /usr/lib/x86_64-linux-gnu/libtbb.so.12.11
741ab8bf1000-741ab8c14000 r-xp 0000c000 103:01 90470240                  /usr/lib/x86_64-linux-gnu/libtbb.so.12.11
741ab8c14000-741ab8c1e000 r--p 0002f000 103:01 90470240                  /usr/lib/x86_64-linux-gnu/libtbb.so.12.11
741ab8c1e000-741ab8c20000 r--p 00039000 103:01 90470240                  /usr/lib/x86_64-linux-gnu/libtbb.so.12.11
741ab8c20000-741ab8c23000 rw-p 0003b000 103:01 90470240                  /usr/lib/x86_64-linux-gnu/libtbb.so.12.11
741ab8c23000-741ab8c39000 rw-p 00000000 00:00 0 
741ab8c39000-741ab8c3b000 r--p 00000000 103:01 75498880                  /home/grishberg/.gradle/jdks/eclipse_adoptium-17-amd64-linux/jdk-17.0.19+10/lib/libzip.so
741ab8c3b000-741ab8c4e000 r-xp 00002000 103:01 75498880                  /home/grishberg/.gradle/jdks/eclipse_adoptium-17-amd64-linux/jdk-17.0.19+10/lib/libzip.so
741ab8c4e000-741ab8c55000 r--p 00015000 103:01 75498880                  /home/grishberg/.gradle/jdks/eclipse_adoptium-17-amd64-linux/jdk-17.0.19+10/lib/libzip.so
741ab8c55000-741ab8c56000 ---p 0001c000 103:01 75498880                  /home/grishberg/.gradle/jdks/eclipse_adoptium-17-amd64-linux/jdk-17.0.19+10/lib/libzip.so
741ab8c56000-741ab8c57000 r--p 0001c000 103:01 75498880                  /home/grishberg/.gradle/jdks/eclipse_adoptium-17-amd64-linux/jdk-17.0.19+10/lib/libzip.so
741ab8c57000-741ab8c58000 rw-p 0001d000 103:01 75498880                  /home/grishberg/.gradle/jdks/eclipse_adoptium-17-amd64-linux/jdk-17.0.19+10/lib/libzip.so
741ab8c58000-741ab8c5c000 ---p 00000000 00:00 0 
741ab8c5c000-741ab8d58000 rw-p 00000000 00:00 0 
741ab8d58000-741ab8d5c000 ---p 00000000 00:00 0 
741ab8d5c000-741ab8e58000 rw-p 00000000 00:00 0 
741ab8e58000-741ab8e59000 ---p 00000000 00:00 0 
741ab8e59000-741ab8f59000 rw-p 00000000 00:00 0 
741ab8f59000-741ab8f5e000 r--p 00000000 103:01 75498881                  /home/grishberg/.gradle/jdks/eclipse_adoptium-17-amd64-linux/jdk-17.0.19+10/lib/libjsvml.so
741ab8f5e000-741ab8f9f000 r-xp 00005000 103:01 75498881                  /home/grishberg/.gradle/jdks/eclipse_adoptium-17-amd64-linux/jdk-17.0.19+10/lib/libjsvml.so
741ab8f9f000-741ab9028000 r--p 00046000 103:01 75498881                  /home/grishberg/.gradle/jdks/eclipse_adoptium-17-amd64-linux/jdk-17.0.19+10/lib/libjsvml.so
741ab9028000-741ab9029000 r--p 000ce000 103:01 75498881                  /home/grishberg/.gradle/jdks/eclipse_adoptium-17-amd64-linux/jdk-17.0.19+10/lib/libjsvml.so
741ab9029000-741ab902a000 rw-p 000cf000 103:01 75498881                  /home/grishberg/.gradle/jdks/eclipse_adoptium-17-amd64-linux/jdk-17.0.19+10/lib/libjsvml.so
741ab902a000-741ab9147000 rw-p 00000000 00:00 0 
741ab914d000-741ab917e000 rw-p 00000000 00:00 0 
741ab917e000-741ab917f000 ---p 00000000 00:00 0 
741ab917f000-741ab927f000 rw-p 00000000 00:00 0 
741ab927f000-741ab9280000 ---p 00000000 00:00 0 
741ab9280000-741ab9380000 rw-p 00000000 00:00 0 
741ab9380000-741aba08d000 rw-p 00000000 00:00 0 
741aba08d000-741aba08e000 ---p 00000000 00:00 0 
741aba08e000-741aba18e000 rw-p 00000000 00:00 0 
741aba18e000-741aba18f000 ---p 00000000 00:00 0 
741aba18f000-741aba28f000 rw-p 00000000 00:00 0 
741aba28f000-741aba290000 ---p 00000000 00:00 0 
741aba290000-741aba390000 rw-p 00000000 00:00 0 
741aba390000-741abb24a000 rw-p 00000000 00:00 0 
741abb24a000-741abb32e000 ---p 00000000 00:00 0 
741abb32e000-741abb333000 rw-p 00000000 00:00 0 
741abb333000-741abb417000 ---p 00000000 00:00 0 
741abb417000-741abb41b000 ---p 00000000 00:00 0 
741abb41b000-741abb517000 rw-p 00000000 00:00 0 
741abb517000-741abb527000 r--p 00000000 103:01 90442151                  /usr/lib/x86_64-linux-gnu/libm.so.6
741abb527000-741abb5a6000 r-xp 00010000 103:01 90442151                  /usr/lib/x86_64-linux-gnu/libm.so.6
741abb5a6000-741abb5fe000 r--p 0008f000 103:01 90442151                  /usr/lib/x86_64-linux-gnu/libm.so.6
741abb5fe000-741abb5ff000 r--p 000e7000 103:01 90442151                  /usr/lib/x86_64-linux-gnu/libm.so.6
741abb5ff000-741abb600000 rw-p 000e8000 103:01 90442151                  /usr/lib/x86_64-linux-gnu/libm.so.6
741abb600000-741abb853000 r--p 00000000 103:01 75498866                  /home/grishberg/.gradle/jdks/eclipse_adoptium-17-amd64-linux/jdk-17.0.19+10/lib/server/libjvm.so
741abb853000-741abc57b000 r-xp 00253000 103:01 75498866                  /home/grishberg/.gradle/jdks/eclipse_adoptium-17-amd64-linux/jdk-17.0.19+10/lib/server/libjvm.so
741abc57b000-741abc808000 r--p 00f7b000 103:01 75498866                  /home/grishberg/.gradle/jdks/eclipse_adoptium-17-amd64-linux/jdk-17.0.19+10/lib/server/libjvm.so
741abc808000-741abc809000 ---p 01208000 103:01 75498866                  /home/grishberg/.gradle/jdks/eclipse_adoptium-17-amd64-linux/jdk-17.0.19+10/lib/server/libjvm.so
741abc809000-741abc8c2000 r--p 01208000 103:01 75498866                  /home/grishberg/.gradle/jdks/eclipse_adoptium-17-amd64-linux/jdk-17.0.19+10/lib/server/libjvm.so
741abc8c2000-741abc8f7000 rw-p 012c1000 103:01 75498866                  /home/grishberg/.gradle/jdks/eclipse_adoptium-17-amd64-linux/jdk-17.0.19+10/lib/server/libjvm.so
741abc8f7000-741abc952000 rw-p 00000000 00:00 0 
741abc959000-741abc95d000 r--p 00000000 103:01 75498890                  /home/grishberg/.gradle/jdks/eclipse_adoptium-17-amd64-linux/jdk-17.0.19+10/lib/libnet.so
741abc95d000-741abc96b000 r-xp 00004000 103:01 75498890                  /home/grishberg/.gradle/jdks/eclipse_adoptium-17-amd64-linux/jdk-17.0.19+10/lib/libnet.so
741abc96b000-741abc96f000 r--p 00012000 103:01 75498890                  /home/grishberg/.gradle/jdks/eclipse_adoptium-17-amd64-linux/jdk-17.0.19+10/lib/libnet.so
741abc96f000-741abc970000 r--p 00015000 103:01 75498890                  /home/grishberg/.gradle/jdks/eclipse_adoptium-17-amd64-linux/jdk-17.0.19+10/lib/libnet.so
741abc970000-741abc971000 rw-p 00016000 103:01 75498890                  /home/grishberg/.gradle/jdks/eclipse_adoptium-17-amd64-linux/jdk-17.0.19+10/lib/libnet.so
741abc971000-741abc978000 r--p 00000000 103:01 75498910                  /home/grishberg/.gradle/jdks/eclipse_adoptium-17-amd64-linux/jdk-17.0.19+10/lib/libnio.so
741abc978000-741abc981000 r-xp 00007000 103:01 75498910                  /home/grishberg/.gradle/jdks/eclipse_adoptium-17-amd64-linux/jdk-17.0.19+10/lib/libnio.so
741abc981000-741abc985000 r--p 00010000 103:01 75498910                  /home/grishberg/.gradle/jdks/eclipse_adoptium-17-amd64-linux/jdk-17.0.19+10/lib/libnio.so
741abc985000-741abc986000 ---p 00014000 103:01 75498910                  /home/grishberg/.gradle/jdks/eclipse_adoptium-17-amd64-linux/jdk-17.0.19+10/lib/libnio.so
741abc986000-741abc987000 r--p 00014000 103:01 75498910                  /home/grishberg/.gradle/jdks/eclipse_adoptium-17-amd64-linux/jdk-17.0.19+10/lib/libnio.so
741abc987000-741abc988000 rw-p 00015000 103:01 75498910                  /home/grishberg/.gradle/jdks/eclipse_adoptium-17-amd64-linux/jdk-17.0.19+10/lib/libnio.so
741abc988000-741abca00000 rw-p 00000000 00:00 0 
741abca00000-741abca28000 r--p 00000000 103:01 90442148                  /usr/lib/x86_64-linux-gnu/libc.so.6
741abca28000-741abcbb0000 r-xp 00028000 103:01 90442148                  /usr/lib/x86_64-linux-gnu/libc.so.6
741abcbb0000-741abcbff000 r--p 001b0000 103:01 90442148                  /usr/lib/x86_64-linux-gnu/libc.so.6
741abcbff000-741abcc03000 r--p 001fe000 103:01 90442148                  /usr/lib/x86_64-linux-gnu/libc.so.6
741abcc03000-741abcc05000 rw-p 00202000 103:01 90442148                  /usr/lib/x86_64-linux-gnu/libc.so.6
741abcc05000-741abcc12000 rw-p 00000000 00:00 0 
741abcc1b000-741abcc20000 r--p 00000000 103:01 51524908                  /tmp/manifold3d10772363740250260794/libmanifold_jni.so
741abcc20000-741abcc23000 r-xp 00005000 103:01 51524908                  /tmp/manifold3d10772363740250260794/libmanifold_jni.so
741abcc23000-741abcc24000 r--p 00008000 103:01 51524908                  /tmp/manifold3d10772363740250260794/libmanifold_jni.so
741abcc24000-741abcc25000 r--p 00009000 103:01 51524908                  /tmp/manifold3d10772363740250260794/libmanifold_jni.so
741abcc25000-741abcc26000 rw-p 0000a000 103:01 51524908                  /tmp/manifold3d10772363740250260794/libmanifold_jni.so
741abcc26000-741abcc2c000 rw-p 00000000 00:00 0 
741abcc2c000-741abcc35000 ---p 00000000 00:00 0 
741abcc35000-741abcc43000 r--p 00000000 103:01 75498920                  /home/grishberg/.gradle/jdks/eclipse_adoptium-17-amd64-linux/jdk-17.0.19+10/lib/libjava.so
741abcc43000-741abcc55000 r-xp 0000e000 103:01 75498920                  /home/grishberg/.gradle/jdks/eclipse_adoptium-17-amd64-linux/jdk-17.0.19+10/lib/libjava.so
741abcc55000-741abcc5b000 r--p 00020000 103:01 75498920                  /home/grishberg/.gradle/jdks/eclipse_adoptium-17-amd64-linux/jdk-17.0.19+10/lib/libjava.so
741abcc5b000-741abcc5c000 ---p 00026000 103:01 75498920                  /home/grishberg/.gradle/jdks/eclipse_adoptium-17-amd64-linux/jdk-17.0.19+10/lib/libjava.so
741abcc5c000-741abcc5d000 r--p 00026000 103:01 75498920                  /home/grishberg/.gradle/jdks/eclipse_adoptium-17-amd64-linux/jdk-17.0.19+10/lib/libjava.so
741abcc5d000-741abcc5e000 rw-p 00027000 103:01 75498920                  /home/grishberg/.gradle/jdks/eclipse_adoptium-17-amd64-linux/jdk-17.0.19+10/lib/libjava.so
741abcc5e000-741abcc5f000 rw-p 00000000 00:00 0 
741abcc5f000-741abcc63000 r--p 00000000 103:01 75498904                  /home/grishberg/.gradle/jdks/eclipse_adoptium-17-amd64-linux/jdk-17.0.19+10/lib/libjimage.so
741abcc63000-741abcc76000 r-xp 00004000 103:01 75498904                  /home/grishberg/.gradle/jdks/eclipse_adoptium-17-amd64-linux/jdk-17.0.19+10/lib/libjimage.so
741abcc76000-741abcc7c000 r--p 00017000 103:01 75498904                  /home/grishberg/.gradle/jdks/eclipse_adoptium-17-amd64-linux/jdk-17.0.19+10/lib/libjimage.so
741abcc7c000-741abcc7e000 r--p 0001c000 103:01 75498904                  /home/grishberg/.gradle/jdks/eclipse_adoptium-17-amd64-linux/jdk-17.0.19+10/lib/libjimage.so
741abcc7e000-741abcc7f000 rw-p 0001e000 103:01 75498904                  /home/grishberg/.gradle/jdks/eclipse_adoptium-17-amd64-linux/jdk-17.0.19+10/lib/libjimage.so
741abcc7f000-741abcc80000 r--p 00000000 103:01 90442162                  /usr/lib/x86_64-linux-gnu/librt.so.1
741abcc80000-741abcc81000 r-xp 00001000 103:01 90442162                  /usr/lib/x86_64-linux-gnu/librt.so.1
741abcc81000-741abcc82000 r--p 00002000 103:01 90442162                  /usr/lib/x86_64-linux-gnu/librt.so.1
741abcc82000-741abcc83000 r--p 00002000 103:01 90442162                  /usr/lib/x86_64-linux-gnu/librt.so.1
741abcc83000-741abcc84000 rw-p 00003000 103:01 90442162                  /usr/lib/x86_64-linux-gnu/librt.so.1
741abcc84000-741abcc86000 rw-p 00000000 00:00 0 
741abcc86000-741abcc87000 r--p 00000000 103:01 90442150                  /usr/lib/x86_64-linux-gnu/libdl.so.2
741abcc87000-741abcc88000 r-xp 00001000 103:01 90442150                  /usr/lib/x86_64-linux-gnu/libdl.so.2
741abcc88000-741abcc89000 r--p 00002000 103:01 90442150                  /usr/lib/x86_64-linux-gnu/libdl.so.2
741abcc89000-741abcc8a000 r--p 00002000 103:01 90442150                  /usr/lib/x86_64-linux-gnu/libdl.so.2
741abcc8a000-741abcc8b000 rw-p 00003000 103:01 90442150                  /usr/lib/x86_64-linux-gnu/libdl.so.2
741abcc8b000-741abcc8c000 r--p 00000000 103:01 90442160                  /usr/lib/x86_64-linux-gnu/libpthread.so.0
741abcc8c000-741abcc8d000 r-xp 00001000 103:01 90442160                  /usr/lib/x86_64-linux-gnu/libpthread.so.0
741abcc8d000-741abcc8e000 r--p 00002000 103:01 90442160                  /usr/lib/x86_64-linux-gnu/libpthread.so.0
741abcc8e000-741abcc8f000 r--p 00002000 103:01 90442160                  /usr/lib/x86_64-linux-gnu/libpthread.so.0
741abcc8f000-741abcc90000 rw-p 00003000 103:01 90442160                  /usr/lib/x86_64-linux-gnu/libpthread.so.0
741abcc91000-741abcc98000 r--s 00000000 103:01 90442137                  /usr/lib/x86_64-linux-gnu/gconv/gconv-modules.cache
741abcc98000-741abcca0000 rw-s 00000000 103:01 51524690                  /tmp/hsperfdata_grishberg/76864
741abcca0000-741abcca1000 ---p 00000000 00:00 0 
741abcca1000-741abcca2000 r--p 00000000 00:00 0 
741abcca2000-741abcca3000 ---p 00000000 00:00 0 
741abcca3000-741abcca6000 r--p 00000000 103:01 75498874                  /home/grishberg/.gradle/jdks/eclipse_adoptium-17-amd64-linux/jdk-17.0.19+10/lib/libjli.so
741abcca6000-741abccb6000 r-xp 00003000 103:01 75498874                  /home/grishberg/.gradle/jdks/eclipse_adoptium-17-amd64-linux/jdk-17.0.19+10/lib/libjli.so
741abccb6000-741abccbd000 r--p 00013000 103:01 75498874                  /home/grishberg/.gradle/jdks/eclipse_adoptium-17-amd64-linux/jdk-17.0.19+10/lib/libjli.so
741abccbd000-741abccbe000 r--p 00019000 103:01 75498874                  /home/grishberg/.gradle/jdks/eclipse_adoptium-17-amd64-linux/jdk-17.0.19+10/lib/libjli.so
741abccbe000-741abccbf000 rw-p 0001a000 103:01 75498874                  /home/grishberg/.gradle/jdks/eclipse_adoptium-17-amd64-linux/jdk-17.0.19+10/lib/libjli.so
741abccbf000-741abccc1000 rw-p 00000000 00:00 0 
741abccc1000-741abccc5000 r--p 00000000 00:00 0                          [vvar]
741abccc5000-741abccc7000 r--p 00000000 00:00 0                          [vvar_vclock]
741abccc7000-741abccc9000 r-xp 00000000 00:00 0                          [vdso]
741abccc9000-741abccca000 r--p 00000000 103:01 90442145                  /usr/lib/x86_64-linux-gnu/ld-linux-x86-64.so.2
741abccca000-741abccf5000 r-xp 00001000 103:01 90442145                  /usr/lib/x86_64-linux-gnu/ld-linux-x86-64.so.2
741abccf5000-741abccff000 r--p 0002c000 103:01 90442145                  /usr/lib/x86_64-linux-gnu/ld-linux-x86-64.so.2
741abccff000-741abcd01000 r--p 00036000 103:01 90442145                  /usr/lib/x86_64-linux-gnu/ld-linux-x86-64.so.2
741abcd01000-741abcd03000 rw-p 00038000 103:01 90442145                  /usr/lib/x86_64-linux-gnu/ld-linux-x86-64.so.2
7ffd9344c000-7ffd9346e000 rw-p 00000000 00:00 0                          [stack]
ffffffffff600000-ffffffffff601000 --xp 00000000 00:00 0                  [vsyscall]


VM Arguments:
jvm_args: -Djava.library.path=/home/grishberg/projects/java/opengl_kbd_render/cad3d/build/manifold-natives/manifold3d/natives/linux-x86_64 -Dfile.encoding=UTF-8 -Duser.country=US -Duser.language=en -Duser.variant 
java_command: com.github.grishberg.cad3d.cli.CliRunnerKt --model matrix_right
java_class_path (initial): /home/grishberg/projects/java/opengl_kbd_render/cad3d/build/classes/java/main:/home/grishberg/projects/java/opengl_kbd_render/cad3d/build/classes/kotlin/main:/home/grishberg/projects/java/opengl_kbd_render/cad3d/build/resources/main:/home/grishberg/projects/java/opengl_kbd_render/common/build/libs/common-1.0.1.jar:/home/grishberg/projects/java/opengl_kbd_render/kbd_core/build/libs/kbd_core-1.0.1.jar:/home/grishberg/projects/java/opengl_kbd_render/plugin/build/libs/plugin-1.0.jar:/home/grishberg/projects/java/opengl_kbd_render/javascad/build/libs/javascad-1.0.jar:/home/grishberg/projects/java/opengl_kbd_render/libs/manifold3d-3.2.13.jar:/home/grishberg/.gradle/caches/modules-2/files-2.1/org.jetbrains.kotlin/kotlin-stdlib-jdk8/1.9.22/dea0c11e2fa503ab891c8a090e3b54754472975d/kotlin-stdlib-jdk8-1.9.22.jar:/home/grishberg/.gradle/caches/modules-2/files-2.1/org.jetbrains.kotlinx/kotlinx-coroutines-core-jvm/1.8.0/ac1dc37a30a93150b704022f8d895ee1bd3a36b3/kotlinx-coroutines-core-jvm-1.8.0.jar:/home/grishberg/.gradle/caches/modules-2/files-2.1/org.jetbrains.kotlin/kotlin-stdlib-jdk7/1.9.22/c4b17283ad7939e778989663f8301d871987fa5e/kotlin-stdlib-jdk7-1.9.22.jar:/home/grishberg/.gradle/caches/modules-2/files-2.1/org.jetbrains.kotlinx/kotlinx-serialization-core-jvm/1.6.2/384c2492c987f1d92bfa186580de058c284b2ad9/kotlinx-serialization-core-jvm-1.6.2.jar:/home/grishberg/.gradle/caches/modules-2/files-2.1/org.jetbrains.kotlinx/kotlinx-serialization-json-jvm/1.6.2/8f4df208edf91a3012e7a27ccd02f386d4bfc8c6/kotlinx-serialization-json-jvm-1.6.2.jar:/home/grishberg/.gradle/caches/modules-2/files-2.1/org.jetbrains.kotlin/kotlin-stdlib/1.9.22/d6c44cd08d8f3f9bece8101216dbe6553365c6e3/kotlin-stdlib-1.9.22.jar:/home/grishberg/.gradle/caches/modules-2/files-2.1/org.jetbrains/annotations/23.0.0/8cc20c07506ec18e0834947b84a864bfc094484e/annotations-23.0.0.jar
Launcher Type: SUN_STANDARD

[Global flags]
     intx CICompilerCount                          = 12                                        {product} {ergonomic}
     uint ConcGCThreads                            = 3                                         {product} {ergonomic}
     uint G1ConcRefinementThreads                  = 13                                        {product} {ergonomic}
   size_t G1HeapRegionSize                         = 16777216                                  {product} {ergonomic}
    uintx GCDrainStackTargetSize                   = 64                                        {product} {ergonomic}
   size_t InitialHeapSize                          = 2046820352                                {product} {ergonomic}
   size_t MarkStackSize                            = 4194304                                   {product} {ergonomic}
   size_t MaxHeapSize                              = 32178700288                               {product} {ergonomic}
   size_t MaxNewSize                               = 19293798400                               {product} {ergonomic}
   size_t MinHeapDeltaBytes                        = 16777216                                  {product} {ergonomic}
   size_t MinHeapSize                              = 16777216                                  {product} {ergonomic}
    uintx NonNMethodCodeHeapSize                   = 7602480                                {pd product} {ergonomic}
    uintx NonProfiledCodeHeapSize                  = 122027880                              {pd product} {ergonomic}
    uintx ProfiledCodeHeapSize                     = 122027880                              {pd product} {ergonomic}
    uintx ReservedCodeCacheSize                    = 251658240                              {pd product} {ergonomic}
     bool SegmentedCodeCache                       = true                                      {product} {ergonomic}
   size_t SoftMaxHeapSize                          = 32178700288                            {manageable} {ergonomic}
     bool UseCompressedClassPointers               = true                           {product lp64_product} {ergonomic}
     bool UseCompressedOops                        = true                           {product lp64_product} {ergonomic}
     bool UseG1GC                                  = true                                      {product} {ergonomic}

Logging:
Log output configuration:
 #0: stdout all=warning uptime,level,tags
 #1: stderr all=off uptime,level,tags

Environment Variables:
PATH=/home/grishberg/projects/ts/opencode/bot/venv/bin:/home/grishberg/android-sdk/platform-tools:/home/grishberg/.local/bin:/usr/local/sbin:/usr/local/bin:/usr/sbin:/usr/bin:/sbin:/bin:/usr/games:/usr/local/games:/snap/bin:/snap/bin
USERNAME=grishberg
SHELL=/bin/bash
DISPLAY=:0
LANG=en_US.UTF-8

Active Locale:
LC_ALL=en_US.UTF-8
LC_COLLATE=en_US.UTF-8
LC_CTYPE=en_US.UTF-8
LC_MESSAGES=en_US.UTF-8
LC_MONETARY=en_US.UTF-8
LC_NUMERIC=en_US.UTF-8
LC_TIME=en_US.UTF-8

Signal Handlers:
   SIGSEGV: crash_handler in libjvm.so, mask=11100100010111111101111111111110, flags=SA_RESTART|SA_SIGINFO, unblocked
    SIGBUS: crash_handler in libjvm.so, mask=11100100010111111101111111111110, flags=SA_RESTART|SA_SIGINFO, unblocked
    SIGFPE: crash_handler in libjvm.so, mask=11100100010111111101111111111110, flags=SA_RESTART|SA_SIGINFO, unblocked
   SIGPIPE: javaSignalHandler in libjvm.so, mask=11100100010111111101111111111110, flags=SA_RESTART|SA_SIGINFO, blocked
   SIGXFSZ: javaSignalHandler in libjvm.so, mask=11100100010111111101111111111110, flags=SA_RESTART|SA_SIGINFO, blocked
    SIGILL: crash_handler in libjvm.so, mask=11100100010111111101111111111110, flags=SA_RESTART|SA_SIGINFO, unblocked
   SIGUSR2: SR_handler in libjvm.so, mask=00000000000000000000000000000000, flags=SA_RESTART|SA_SIGINFO, blocked
    SIGHUP: UserHandler in libjvm.so, mask=11100100010111111101111111111110, flags=SA_RESTART|SA_SIGINFO, blocked
    SIGINT: UserHandler in libjvm.so, mask=11100100010111111101111111111110, flags=SA_RESTART|SA_SIGINFO, blocked
   SIGTERM: UserHandler in libjvm.so, mask=11100100010111111101111111111110, flags=SA_RESTART|SA_SIGINFO, blocked
   SIGQUIT: UserHandler in libjvm.so, mask=11100100010111111101111111111110, flags=SA_RESTART|SA_SIGINFO, blocked
   SIGTRAP: crash_handler in libjvm.so, mask=11100100010111111101111111111110, flags=SA_RESTART|SA_SIGINFO, unblocked


Periodic native trim disabled


---------------  S Y S T E M  ---------------

OS:
DISTRIB_ID=Ubuntu
DISTRIB_RELEASE=24.04
DISTRIB_CODENAME=noble
DISTRIB_DESCRIPTION="Ubuntu 24.04.4 LTS"
uname: Linux 6.17.0-35-generic #35~24.04.1-Ubuntu SMP PREEMPT_DYNAMIC Tue May 26 19:30:42 UTC 2 x86_64
OS uptime: 0 days 6:44 hours
libc: glibc 2.39 NPTL 2.39 
rlimit (soft/hard): STACK 8192k/infinity , CORE 0k/infinity , NPROC 496841/496841 , NOFILE 1048576/1048576 , AS infinity/infinity , CPU infinity/infinity , DATA infinity/infinity , FSIZE infinity/infinity , MEMLOCK 15919580k/15919580k
load average: 2.37 1.65 1.23

/proc/meminfo:
MemTotal:       127356652 kB
MemFree:        49172204 kB
MemAvailable:   88758900 kB
Buffers:          173764 kB
Cached:         43307940 kB
SwapCached:            0 kB
Active:         37502516 kB
Inactive:       38314652 kB
Active(anon):   35372428 kB
Inactive(anon):        0 kB
Active(file):    2130088 kB
Inactive(file): 38314652 kB
Unevictable:           0 kB
Mlocked:               0 kB
SwapTotal:       8388604 kB
SwapFree:        8388604 kB
Zswap:                 0 kB
Zswapped:              0 kB
Dirty:             61484 kB
Writeback:             0 kB
AnonPages:      32336244 kB
Mapped:          4233168 kB
Shmem:           3036928 kB
KReclaimable:     324316 kB
Slab:             594408 kB
SReclaimable:     324316 kB
SUnreclaim:       270092 kB
KernelStack:       23520 kB
PageTables:       102188 kB
SecPageTables:      2180 kB
NFS_Unstable:          0 kB
Bounce:                0 kB
WritebackTmp:          0 kB
CommitLimit:    72066928 kB
Committed_AS:   51524680 kB
VmallocTotal:   34359738367 kB
VmallocUsed:      165788 kB
VmallocChunk:          0 kB
Percpu:            15232 kB
HardwareCorrupted:     0 kB
AnonHugePages:         0 kB
ShmemHugePages:        0 kB
ShmemPmdMapped:        0 kB
FileHugePages:    333824 kB
FilePmdMapped:      2048 kB
CmaTotal:              0 kB
CmaFree:               0 kB
Unaccepted:            0 kB
Balloon:               0 kB
HugePages_Total:       0
HugePages_Free:        0
HugePages_Rsvd:        0
HugePages_Surp:        0
Hugepagesize:       2048 kB
Hugetlb:               0 kB
DirectMap4k:      508068 kB
DirectMap2M:    13033472 kB
DirectMap1G:    121634816 kB

/sys/kernel/mm/transparent_hugepage/enabled: always [madvise] never
/sys/kernel/mm/transparent_hugepage/hpage_pmd_size: 2097152
/sys/kernel/mm/transparent_hugepage/defrag (defrag/compaction efforts parameter): always defer defer+madvise [madvise] never

Process Memory:
Virtual Size: 37993092K (peak: 37993092K)
Resident Set Size: 197196K (peak: 197196K) (anon: 171352K, file: 25844K, shmem: 0K)
Swapped out: 0K
C-Heap outstanding allocations: 58755K, retained: 18684K
glibc malloc tunables: (default)

/proc/sys/kernel/threads-max (system-wide limit on the number of threads): 993683
/proc/sys/vm/max_map_count (maximum number of memory map areas a process may have): 1048576
/proc/sys/vm/swappiness (control to define how aggressively the kernel swaps out anonymous memory): 60
/proc/sys/kernel/pid_max (system-wide limit on number of process identifiers): 4194304

container (cgroup) information:
container_type: cgroupv2
cpu_cpuset_cpus: not supported
cpu_memory_nodes: not supported
active_processor_count: 16
cpu_quota: not supported
cpu_period: not supported
cpu_shares: not supported
memory_limit_in_bytes: unlimited
memory_and_swap_limit_in_bytes: unlimited
memory_soft_limit_in_bytes: 0
memory_usage_in_bytes: 70881744 k
memory_max_usage_in_bytes: not supported
rss_usage_in_bytes: 31046404 k
cache_usage_in_bytes: 39667560 k
memory_swap_current_in_bytes: 0
memory_swap_max_limit_in_bytes: unlimited
maximum number of tasks: 149052
current number of tasks: 612

Steal ticks since vm start: 0
Steal ticks percentage since vm start:  0.000

CPU: total 16 (initial active 16) (16 cores per cpu, 2 threads per core) family 25 model 33 stepping 2 microcode 0xa201213, cx8, cmov, fxsr, ht, mmx, 3dnowpref, sse, sse2, sse3, ssse3, sse4a, sse4.1, sse4.2, popcnt, lzcnt, tsc, tscinvbit, avx, avx2, aes, erms, clmul, bmi1, bmi2, adx, sha, fma, vzeroupper, clflush, clflushopt
CPU Model and flags from /proc/cpuinfo:
model name	: AMD Ryzen 7 5800X3D 8-Core Processor
flags		: fpu vme de pse tsc msr pae mce cx8 apic sep mtrr pge mca cmov pat pse36 clflush mmx fxsr sse sse2 ht syscall nx mmxext fxsr_opt pdpe1gb rdtscp lm constant_tsc rep_good nopl xtopology nonstop_tsc cpuid extd_apicid aperfmperf rapl pni pclmulqdq monitor ssse3 fma cx16 sse4_1 sse4_2 x2apic movbe popcnt aes xsave avx f16c rdrand lahf_lm cmp_legacy svm extapic cr8_legacy abm sse4a misalignsse 3dnowprefetch osvw ibs skinit wdt tce topoext perfctr_core perfctr_nb bpext perfctr_llc mwaitx cpb cat_l3 cdp_l3 hw_pstate ssbd mba ibrs ibpb stibp vmmcall fsgsbase bmi1 avx2 smep bmi2 erms invpcid cqm rdt_a rdseed adx smap clflushopt clwb sha_ni xsaveopt xsavec xgetbv1 xsaves cqm_llc cqm_occup_llc cqm_mbm_total cqm_mbm_local user_shstk clzero irperf xsaveerptr rdpru wbnoinvd arat npt lbrv svm_lock nrip_save tsc_scale vmcb_clean flushbyasid decodeassists pausefilter pfthreshold avic v_vmsave_vmload vgif v_spec_ctrl umip pku ospke vaes vpclmulqdq rdpid overflow_recov succor smca fsrm debug_swap

Online cpus: 0-15
Offline cpus: 
BIOS frequency limitation: <Not Available>
Frequency switch latency (ns): 0
Available cpu frequencies: <Not Available>
Current governor: powersave
Core performance/turbo boost: 1

Memory: 4k page, physical 127356652k(49172204k free), swap 8388604k(8388604k free)
Page Sizes: 4k

vm_info: OpenJDK 64-Bit Server VM (17.0.19+10) for linux-amd64 JRE (17.0.19+10), built on Apr 21 2026 00:00:00 by "admin" with gcc 10.3.0

END.
